ISO-10303-21;
HEADER;
/* Generated by software containing ST-Developer
 * from STEP Tools, Inc. (www.steptools.com) 
 */

FILE_DESCRIPTION(
/* description */ (''),
/* implementation_level */ '2;1');

FILE_NAME(
/* name */ 'GCDP_design_1_current.step',
/* time_stamp */ '2026-08-03T11:08:48+09:00',
/* author */ (''),
/* organization */ (''),
/* preprocessor_version */ 'ST-DEVELOPER v20.1',
/* originating_system */ 'Autodesk Translation Framework v15.8.0.0',
/* authorisation */ '');

FILE_SCHEMA (('AUTOMOTIVE_DESIGN { 1 0 10303 214 3 1 1 }'));
ENDSEC;

DATA;
#10=MECHANICAL_DESIGN_GEOMETRIC_PRESENTATION_REPRESENTATION('',(#13,#14,
#15,#16,#17,#18,#19,#20,#21,#22,#23,#24,#25,#26,#27,#28,#29),#9660);
#11=SHAPE_REPRESENTATION_RELATIONSHIP('SRR','None',#9667,#12);
#12=ADVANCED_BREP_SHAPE_REPRESENTATION('',(#30,#31,#32,#33,#34,#35,#36,
#37,#38,#39,#40,#41,#42,#43,#44,#45,#46),#9659);
#13=STYLED_ITEM('',(#9676),#30);
#14=STYLED_ITEM('',(#9676),#31);
#15=STYLED_ITEM('',(#9676),#32);
#16=STYLED_ITEM('',(#9676),#33);
#17=STYLED_ITEM('',(#9676),#34);
#18=STYLED_ITEM('',(#9676),#35);
#19=STYLED_ITEM('',(#9676),#36);
#20=STYLED_ITEM('',(#9676),#37);
#21=STYLED_ITEM('',(#9676),#38);
#22=STYLED_ITEM('',(#9676),#39);
#23=STYLED_ITEM('',(#9676),#40);
#24=STYLED_ITEM('',(#9676),#41);
#25=STYLED_ITEM('',(#9676),#42);
#26=STYLED_ITEM('',(#9676),#43);
#27=STYLED_ITEM('',(#9676),#44);
#28=STYLED_ITEM('',(#9676),#45);
#29=STYLED_ITEM('',(#9676),#46);
#30=MANIFOLD_SOLID_BREP('hinge_mid_2',#5852);
#31=MANIFOLD_SOLID_BREP('hinge_mid_1',#5853);
#32=MANIFOLD_SOLID_BREP('hinge_mid_3',#5854);
#33=MANIFOLD_SOLID_BREP('hinge_mid_4',#5855);
#34=MANIFOLD_SOLID_BREP('hinge_mid_9',#5856);
#35=MANIFOLD_SOLID_BREP('ESP32+BAT',#5857);
#36=MANIFOLD_SOLID_BREP('hinge_mid_10',#5858);
#37=MANIFOLD_SOLID_BREP('LTE ',#5859);
#38=MANIFOLD_SOLID_BREP('hinge_mid_6',#5860);
#39=MANIFOLD_SOLID_BREP('hinge_mid_5',#5861);
#40=MANIFOLD_SOLID_BREP('BE220',#5862);
#41=MANIFOLD_SOLID_BREP('MAX30102',#5863);
#42=MANIFOLD_SOLID_BREP('hinge_mid_7',#5864);
#43=MANIFOLD_SOLID_BREP('hinge_TMP',#5865);
#44=MANIFOLD_SOLID_BREP('hinge_MAX',#5866);
#45=MANIFOLD_SOLID_BREP('hinge_mid_8',#5867);
#46=MANIFOLD_SOLID_BREP('TMP117 ',#5868);
#47=CYLINDRICAL_SURFACE('',#5893,1.);
#48=CYLINDRICAL_SURFACE('',#5894,1.);
#49=CYLINDRICAL_SURFACE('',#5895,1.99999995529652);
#50=CYLINDRICAL_SURFACE('',#5896,1.99999995529652);
#51=CYLINDRICAL_SURFACE('',#5909,1.);
#52=CYLINDRICAL_SURFACE('',#5910,1.);
#53=CYLINDRICAL_SURFACE('',#5911,1.99999995529652);
#54=CYLINDRICAL_SURFACE('',#5912,1.99999995529652);
#55=CYLINDRICAL_SURFACE('',#5925,1.);
#56=CYLINDRICAL_SURFACE('',#5926,1.);
#57=CYLINDRICAL_SURFACE('',#5927,1.99999995529652);
#58=CYLINDRICAL_SURFACE('',#5928,1.99999995529652);
#59=CYLINDRICAL_SURFACE('',#5941,1.);
#60=CYLINDRICAL_SURFACE('',#5942,1.);
#61=CYLINDRICAL_SURFACE('',#5943,1.99999995529652);
#62=CYLINDRICAL_SURFACE('',#5944,1.99999995529652);
#63=CYLINDRICAL_SURFACE('',#5957,1.);
#64=CYLINDRICAL_SURFACE('',#5958,1.);
#65=CYLINDRICAL_SURFACE('',#5959,1.99999995529652);
#66=CYLINDRICAL_SURFACE('',#5960,1.99999995529652);
#67=CYLINDRICAL_SURFACE('',#5971,0.999999999999996);
#68=CYLINDRICAL_SURFACE('',#5973,0.999999999999996);
#69=CYLINDRICAL_SURFACE('',#5975,0.999999999999996);
#70=CYLINDRICAL_SURFACE('',#5978,1.99999999999999);
#71=CYLINDRICAL_SURFACE('',#5980,1.99999999999999);
#72=CYLINDRICAL_SURFACE('',#5982,1.99999999999999);
#73=CYLINDRICAL_SURFACE('',#6021,0.999999999999996);
#74=CYLINDRICAL_SURFACE('',#6023,0.999999999999996);
#75=CYLINDRICAL_SURFACE('',#6025,0.999999999999996);
#76=CYLINDRICAL_SURFACE('',#6026,1.99999999999999);
#77=CYLINDRICAL_SURFACE('',#6028,1.99999999999999);
#78=CYLINDRICAL_SURFACE('',#6030,1.99999999999999);
#79=CYLINDRICAL_SURFACE('',#6044,1.);
#80=CYLINDRICAL_SURFACE('',#6045,1.);
#81=CYLINDRICAL_SURFACE('',#6046,1.99999995529652);
#82=CYLINDRICAL_SURFACE('',#6047,1.99999995529652);
#83=CYLINDRICAL_SURFACE('',#6058,0.999999999999996);
#84=CYLINDRICAL_SURFACE('',#6060,0.999999999999996);
#85=CYLINDRICAL_SURFACE('',#6062,0.999999999999996);
#86=CYLINDRICAL_SURFACE('',#6065,1.99999999999999);
#87=CYLINDRICAL_SURFACE('',#6067,1.99999999999999);
#88=CYLINDRICAL_SURFACE('',#6069,1.99999999999999);
#89=CYLINDRICAL_SURFACE('',#6084,0.999999999999996);
#90=CYLINDRICAL_SURFACE('',#6086,0.999999999999996);
#91=CYLINDRICAL_SURFACE('',#6089,0.999999999999996);
#92=CYLINDRICAL_SURFACE('',#6091,1.99999999999999);
#93=CYLINDRICAL_SURFACE('',#6093,1.99999999999999);
#94=CYLINDRICAL_SURFACE('',#6096,1.99999999999999);
#95=CYLINDRICAL_SURFACE('',#6121,1.);
#96=CYLINDRICAL_SURFACE('',#6122,1.);
#97=CYLINDRICAL_SURFACE('',#6123,1.99999995529652);
#98=CYLINDRICAL_SURFACE('',#6124,1.99999995529652);
#99=CYLINDRICAL_SURFACE('',#6137,1.);
#100=CYLINDRICAL_SURFACE('',#6138,1.);
#101=CYLINDRICAL_SURFACE('',#6139,1.99999995529652);
#102=CYLINDRICAL_SURFACE('',#6140,1.99999995529652);
#103=CYLINDRICAL_SURFACE('',#6151,0.999999999999996);
#104=CYLINDRICAL_SURFACE('',#6153,0.999999999999996);
#105=CYLINDRICAL_SURFACE('',#6156,0.999999999999996);
#106=CYLINDRICAL_SURFACE('',#6158,1.99999999999999);
#107=CYLINDRICAL_SURFACE('',#6160,1.99999999999999);
#108=CYLINDRICAL_SURFACE('',#6163,1.99999999999999);
#109=CYLINDRICAL_SURFACE('',#6191,0.999999999999996);
#110=CYLINDRICAL_SURFACE('',#6193,0.999999999999996);
#111=CYLINDRICAL_SURFACE('',#6194,0.999999999999996);
#112=CYLINDRICAL_SURFACE('',#6196,1.99999999999999);
#113=CYLINDRICAL_SURFACE('',#6197,1.99999999999999);
#114=CYLINDRICAL_SURFACE('',#6199,1.99999999999999);
#115=CYLINDRICAL_SURFACE('',#6212,0.999999999999996);
#116=CYLINDRICAL_SURFACE('',#6214,0.999999999999996);
#117=CYLINDRICAL_SURFACE('',#6216,0.999999999999996);
#118=CYLINDRICAL_SURFACE('',#6219,1.99999999999999);
#119=CYLINDRICAL_SURFACE('',#6221,1.99999999999999);
#120=CYLINDRICAL_SURFACE('',#6223,1.99999999999999);
#121=CYLINDRICAL_SURFACE('',#6253,1.);
#122=CYLINDRICAL_SURFACE('',#6254,1.);
#123=CYLINDRICAL_SURFACE('',#6255,1.99999995529652);
#124=CYLINDRICAL_SURFACE('',#6256,1.99999995529652);
#125=CYLINDRICAL_SURFACE('',#6277,0.999999999999996);
#126=CYLINDRICAL_SURFACE('',#6280,0.999999999999996);
#127=CYLINDRICAL_SURFACE('',#6282,0.999999999999996);
#128=CYLINDRICAL_SURFACE('',#6284,1.99999999999999);
#129=CYLINDRICAL_SURFACE('',#6286,1.99999999999999);
#130=CYLINDRICAL_SURFACE('',#6289,1.99999999999999);
#131=CYLINDRICAL_SURFACE('',#6314,0.999999999999996);
#132=CYLINDRICAL_SURFACE('',#6317,0.999999999999996);
#133=CYLINDRICAL_SURFACE('',#6319,0.999999999999996);
#134=CYLINDRICAL_SURFACE('',#6321,1.99999999999999);
#135=CYLINDRICAL_SURFACE('',#6324,1.99999999999999);
#136=CYLINDRICAL_SURFACE('',#6326,1.99999999999999);
#137=CYLINDRICAL_SURFACE('',#6343,1.);
#138=CYLINDRICAL_SURFACE('',#6344,1.);
#139=CYLINDRICAL_SURFACE('',#6345,1.99999995529652);
#140=CYLINDRICAL_SURFACE('',#6346,1.99999995529652);
#141=CYLINDRICAL_SURFACE('',#6357,0.999999999999996);
#142=CYLINDRICAL_SURFACE('',#6359,0.999999999999996);
#143=CYLINDRICAL_SURFACE('',#6362,0.999999999999996);
#144=CYLINDRICAL_SURFACE('',#6364,1.99999999999999);
#145=CYLINDRICAL_SURFACE('',#6366,1.99999999999999);
#146=CYLINDRICAL_SURFACE('',#6369,1.99999999999999);
#147=FACE_BOUND('',#559,.T.);
#148=FACE_BOUND('',#560,.T.);
#149=FACE_BOUND('',#562,.T.);
#150=FACE_BOUND('',#563,.T.);
#151=FACE_BOUND('',#571,.T.);
#152=FACE_BOUND('',#572,.T.);
#153=FACE_BOUND('',#574,.T.);
#154=FACE_BOUND('',#575,.T.);
#155=FACE_BOUND('',#583,.T.);
#156=FACE_BOUND('',#584,.T.);
#157=FACE_BOUND('',#586,.T.);
#158=FACE_BOUND('',#587,.T.);
#159=FACE_BOUND('',#595,.T.);
#160=FACE_BOUND('',#596,.T.);
#161=FACE_BOUND('',#598,.T.);
#162=FACE_BOUND('',#599,.T.);
#163=FACE_BOUND('',#607,.T.);
#164=FACE_BOUND('',#608,.T.);
#165=FACE_BOUND('',#610,.T.);
#166=FACE_BOUND('',#611,.T.);
#167=FACE_BOUND('',#619,.T.);
#168=FACE_BOUND('',#621,.T.);
#169=FACE_BOUND('',#632,.T.);
#170=FACE_BOUND('',#634,.T.);
#171=FACE_BOUND('',#650,.T.);
#172=FACE_BOUND('',#654,.T.);
#173=FACE_BOUND('',#656,.T.);
#174=FACE_BOUND('',#658,.T.);
#175=FACE_BOUND('',#659,.T.);
#176=FACE_BOUND('',#660,.T.);
#177=FACE_BOUND('',#662,.T.);
#178=FACE_BOUND('',#667,.T.);
#179=FACE_BOUND('',#669,.T.);
#180=FACE_BOUND('',#670,.T.);
#181=FACE_BOUND('',#678,.T.);
#182=FACE_BOUND('',#680,.T.);
#183=FACE_BOUND('',#682,.T.);
#184=FACE_BOUND('',#683,.T.);
#185=FACE_BOUND('',#685,.T.);
#186=FACE_BOUND('',#686,.T.);
#187=FACE_BOUND('',#694,.T.);
#188=FACE_BOUND('',#696,.T.);
#189=FACE_BOUND('',#707,.T.);
#190=FACE_BOUND('',#709,.T.);
#191=FACE_BOUND('',#712,.T.);
#192=FACE_BOUND('',#716,.T.);
#193=FACE_BOUND('',#725,.T.);
#194=FACE_BOUND('',#727,.T.);
#195=FACE_BOUND('',#729,.T.);
#196=FACE_BOUND('',#730,.T.);
#197=FACE_BOUND('',#739,.T.);
#198=FACE_BOUND('',#740,.T.);
#199=FACE_BOUND('',#742,.T.);
#200=FACE_BOUND('',#744,.T.);
#201=FACE_BOUND('',#745,.T.);
#202=FACE_BOUND('',#747,.T.);
#203=FACE_BOUND('',#748,.T.);
#204=FACE_BOUND('',#756,.T.);
#205=FACE_BOUND('',#757,.T.);
#206=FACE_BOUND('',#759,.T.);
#207=FACE_BOUND('',#760,.T.);
#208=FACE_BOUND('',#768,.T.);
#209=FACE_BOUND('',#772,.T.);
#210=FACE_BOUND('',#781,.T.);
#211=FACE_BOUND('',#783,.T.);
#212=FACE_BOUND('',#785,.T.);
#213=FACE_BOUND('',#786,.T.);
#214=FACE_BOUND('',#790,.T.);
#215=FACE_BOUND('',#797,.T.);
#216=FACE_BOUND('',#799,.T.);
#217=FACE_BOUND('',#800,.T.);
#218=FACE_BOUND('',#805,.T.);
#219=FACE_BOUND('',#814,.T.);
#220=FACE_BOUND('',#816,.T.);
#221=FACE_BOUND('',#818,.T.);
#222=FACE_BOUND('',#820,.T.);
#223=FACE_BOUND('',#831,.T.);
#224=FACE_BOUND('',#833,.T.);
#225=FACE_BOUND('',#835,.T.);
#226=FACE_BOUND('',#837,.T.);
#227=FACE_BOUND('',#851,.T.);
#228=FACE_BOUND('',#852,.T.);
#229=FACE_BOUND('',#854,.T.);
#230=FACE_BOUND('',#855,.T.);
#231=FACE_BOUND('',#873,.T.);
#232=FACE_BOUND('',#878,.T.);
#233=FACE_BOUND('',#886,.T.);
#234=FACE_BOUND('',#888,.T.);
#235=FACE_BOUND('',#890,.T.);
#236=FACE_BOUND('',#892,.T.);
#237=FACE_BOUND('',#904,.T.);
#238=FACE_BOUND('',#909,.T.);
#239=FACE_BOUND('',#917,.T.);
#240=FACE_BOUND('',#919,.T.);
#241=FACE_BOUND('',#921,.T.);
#242=FACE_BOUND('',#923,.T.);
#243=FACE_BOUND('',#925,.T.);
#244=FACE_BOUND('',#926,.T.);
#245=FACE_BOUND('',#928,.T.);
#246=FACE_BOUND('',#929,.T.);
#247=FACE_BOUND('',#937,.T.);
#248=FACE_BOUND('',#941,.T.);
#249=FACE_BOUND('',#950,.T.);
#250=FACE_BOUND('',#952,.T.);
#251=FACE_BOUND('',#954,.T.);
#252=FACE_BOUND('',#966,.T.);
#253=FACE_OUTER_BOUND('',#558,.T.);
#254=FACE_OUTER_BOUND('',#561,.T.);
#255=FACE_OUTER_BOUND('',#564,.T.);
#256=FACE_OUTER_BOUND('',#565,.T.);
#257=FACE_OUTER_BOUND('',#566,.T.);
#258=FACE_OUTER_BOUND('',#567,.T.);
#259=FACE_OUTER_BOUND('',#568,.T.);
#260=FACE_OUTER_BOUND('',#569,.T.);
#261=FACE_OUTER_BOUND('',#570,.T.);
#262=FACE_OUTER_BOUND('',#573,.T.);
#263=FACE_OUTER_BOUND('',#576,.T.);
#264=FACE_OUTER_BOUND('',#577,.T.);
#265=FACE_OUTER_BOUND('',#578,.T.);
#266=FACE_OUTER_BOUND('',#579,.T.);
#267=FACE_OUTER_BOUND('',#580,.T.);
#268=FACE_OUTER_BOUND('',#581,.T.);
#269=FACE_OUTER_BOUND('',#582,.T.);
#270=FACE_OUTER_BOUND('',#585,.T.);
#271=FACE_OUTER_BOUND('',#588,.T.);
#272=FACE_OUTER_BOUND('',#589,.T.);
#273=FACE_OUTER_BOUND('',#590,.T.);
#274=FACE_OUTER_BOUND('',#591,.T.);
#275=FACE_OUTER_BOUND('',#592,.T.);
#276=FACE_OUTER_BOUND('',#593,.T.);
#277=FACE_OUTER_BOUND('',#594,.T.);
#278=FACE_OUTER_BOUND('',#597,.T.);
#279=FACE_OUTER_BOUND('',#600,.T.);
#280=FACE_OUTER_BOUND('',#601,.T.);
#281=FACE_OUTER_BOUND('',#602,.T.);
#282=FACE_OUTER_BOUND('',#603,.T.);
#283=FACE_OUTER_BOUND('',#604,.T.);
#284=FACE_OUTER_BOUND('',#605,.T.);
#285=FACE_OUTER_BOUND('',#606,.T.);
#286=FACE_OUTER_BOUND('',#609,.T.);
#287=FACE_OUTER_BOUND('',#612,.T.);
#288=FACE_OUTER_BOUND('',#613,.T.);
#289=FACE_OUTER_BOUND('',#614,.T.);
#290=FACE_OUTER_BOUND('',#615,.T.);
#291=FACE_OUTER_BOUND('',#616,.T.);
#292=FACE_OUTER_BOUND('',#617,.T.);
#293=FACE_OUTER_BOUND('',#618,.T.);
#294=FACE_OUTER_BOUND('',#620,.T.);
#295=FACE_OUTER_BOUND('',#622,.T.);
#296=FACE_OUTER_BOUND('',#623,.T.);
#297=FACE_OUTER_BOUND('',#624,.T.);
#298=FACE_OUTER_BOUND('',#625,.T.);
#299=FACE_OUTER_BOUND('',#626,.T.);
#300=FACE_OUTER_BOUND('',#627,.T.);
#301=FACE_OUTER_BOUND('',#628,.T.);
#302=FACE_OUTER_BOUND('',#629,.T.);
#303=FACE_OUTER_BOUND('',#630,.T.);
#304=FACE_OUTER_BOUND('',#631,.T.);
#305=FACE_OUTER_BOUND('',#633,.T.);
#306=FACE_OUTER_BOUND('',#635,.T.);
#307=FACE_OUTER_BOUND('',#636,.T.);
#308=FACE_OUTER_BOUND('',#637,.T.);
#309=FACE_OUTER_BOUND('',#638,.T.);
#310=FACE_OUTER_BOUND('',#639,.T.);
#311=FACE_OUTER_BOUND('',#640,.T.);
#312=FACE_OUTER_BOUND('',#641,.T.);
#313=FACE_OUTER_BOUND('',#642,.T.);
#314=FACE_OUTER_BOUND('',#643,.T.);
#315=FACE_OUTER_BOUND('',#644,.T.);
#316=FACE_OUTER_BOUND('',#645,.T.);
#317=FACE_OUTER_BOUND('',#646,.T.);
#318=FACE_OUTER_BOUND('',#647,.T.);
#319=FACE_OUTER_BOUND('',#648,.T.);
#320=FACE_OUTER_BOUND('',#649,.T.);
#321=FACE_OUTER_BOUND('',#651,.T.);
#322=FACE_OUTER_BOUND('',#652,.T.);
#323=FACE_OUTER_BOUND('',#653,.T.);
#324=FACE_OUTER_BOUND('',#655,.T.);
#325=FACE_OUTER_BOUND('',#657,.T.);
#326=FACE_OUTER_BOUND('',#661,.T.);
#327=FACE_OUTER_BOUND('',#663,.T.);
#328=FACE_OUTER_BOUND('',#664,.T.);
#329=FACE_OUTER_BOUND('',#665,.T.);
#330=FACE_OUTER_BOUND('',#666,.T.);
#331=FACE_OUTER_BOUND('',#668,.T.);
#332=FACE_OUTER_BOUND('',#671,.T.);
#333=FACE_OUTER_BOUND('',#672,.T.);
#334=FACE_OUTER_BOUND('',#673,.T.);
#335=FACE_OUTER_BOUND('',#674,.T.);
#336=FACE_OUTER_BOUND('',#675,.T.);
#337=FACE_OUTER_BOUND('',#676,.T.);
#338=FACE_OUTER_BOUND('',#677,.T.);
#339=FACE_OUTER_BOUND('',#679,.T.);
#340=FACE_OUTER_BOUND('',#681,.T.);
#341=FACE_OUTER_BOUND('',#684,.T.);
#342=FACE_OUTER_BOUND('',#687,.T.);
#343=FACE_OUTER_BOUND('',#688,.T.);
#344=FACE_OUTER_BOUND('',#689,.T.);
#345=FACE_OUTER_BOUND('',#690,.T.);
#346=FACE_OUTER_BOUND('',#691,.T.);
#347=FACE_OUTER_BOUND('',#692,.T.);
#348=FACE_OUTER_BOUND('',#693,.T.);
#349=FACE_OUTER_BOUND('',#695,.T.);
#350=FACE_OUTER_BOUND('',#697,.T.);
#351=FACE_OUTER_BOUND('',#698,.T.);
#352=FACE_OUTER_BOUND('',#699,.T.);
#353=FACE_OUTER_BOUND('',#700,.T.);
#354=FACE_OUTER_BOUND('',#701,.T.);
#355=FACE_OUTER_BOUND('',#702,.T.);
#356=FACE_OUTER_BOUND('',#703,.T.);
#357=FACE_OUTER_BOUND('',#704,.T.);
#358=FACE_OUTER_BOUND('',#705,.T.);
#359=FACE_OUTER_BOUND('',#706,.T.);
#360=FACE_OUTER_BOUND('',#708,.T.);
#361=FACE_OUTER_BOUND('',#710,.T.);
#362=FACE_OUTER_BOUND('',#711,.T.);
#363=FACE_OUTER_BOUND('',#713,.T.);
#364=FACE_OUTER_BOUND('',#714,.T.);
#365=FACE_OUTER_BOUND('',#715,.T.);
#366=FACE_OUTER_BOUND('',#717,.T.);
#367=FACE_OUTER_BOUND('',#718,.T.);
#368=FACE_OUTER_BOUND('',#719,.T.);
#369=FACE_OUTER_BOUND('',#720,.T.);
#370=FACE_OUTER_BOUND('',#721,.T.);
#371=FACE_OUTER_BOUND('',#722,.T.);
#372=FACE_OUTER_BOUND('',#723,.T.);
#373=FACE_OUTER_BOUND('',#724,.T.);
#374=FACE_OUTER_BOUND('',#726,.T.);
#375=FACE_OUTER_BOUND('',#728,.T.);
#376=FACE_OUTER_BOUND('',#731,.T.);
#377=FACE_OUTER_BOUND('',#732,.T.);
#378=FACE_OUTER_BOUND('',#733,.T.);
#379=FACE_OUTER_BOUND('',#734,.T.);
#380=FACE_OUTER_BOUND('',#735,.T.);
#381=FACE_OUTER_BOUND('',#736,.T.);
#382=FACE_OUTER_BOUND('',#737,.T.);
#383=FACE_OUTER_BOUND('',#738,.T.);
#384=FACE_OUTER_BOUND('',#741,.T.);
#385=FACE_OUTER_BOUND('',#743,.T.);
#386=FACE_OUTER_BOUND('',#746,.T.);
#387=FACE_OUTER_BOUND('',#749,.T.);
#388=FACE_OUTER_BOUND('',#750,.T.);
#389=FACE_OUTER_BOUND('',#751,.T.);
#390=FACE_OUTER_BOUND('',#752,.T.);
#391=FACE_OUTER_BOUND('',#753,.T.);
#392=FACE_OUTER_BOUND('',#754,.T.);
#393=FACE_OUTER_BOUND('',#755,.T.);
#394=FACE_OUTER_BOUND('',#758,.T.);
#395=FACE_OUTER_BOUND('',#761,.T.);
#396=FACE_OUTER_BOUND('',#762,.T.);
#397=FACE_OUTER_BOUND('',#763,.T.);
#398=FACE_OUTER_BOUND('',#764,.T.);
#399=FACE_OUTER_BOUND('',#765,.T.);
#400=FACE_OUTER_BOUND('',#766,.T.);
#401=FACE_OUTER_BOUND('',#767,.T.);
#402=FACE_OUTER_BOUND('',#769,.T.);
#403=FACE_OUTER_BOUND('',#770,.T.);
#404=FACE_OUTER_BOUND('',#771,.T.);
#405=FACE_OUTER_BOUND('',#773,.T.);
#406=FACE_OUTER_BOUND('',#774,.T.);
#407=FACE_OUTER_BOUND('',#775,.T.);
#408=FACE_OUTER_BOUND('',#776,.T.);
#409=FACE_OUTER_BOUND('',#777,.T.);
#410=FACE_OUTER_BOUND('',#778,.T.);
#411=FACE_OUTER_BOUND('',#779,.T.);
#412=FACE_OUTER_BOUND('',#780,.T.);
#413=FACE_OUTER_BOUND('',#782,.T.);
#414=FACE_OUTER_BOUND('',#784,.T.);
#415=FACE_OUTER_BOUND('',#787,.T.);
#416=FACE_OUTER_BOUND('',#788,.T.);
#417=FACE_OUTER_BOUND('',#789,.T.);
#418=FACE_OUTER_BOUND('',#791,.T.);
#419=FACE_OUTER_BOUND('',#792,.T.);
#420=FACE_OUTER_BOUND('',#793,.T.);
#421=FACE_OUTER_BOUND('',#794,.T.);
#422=FACE_OUTER_BOUND('',#795,.T.);
#423=FACE_OUTER_BOUND('',#796,.T.);
#424=FACE_OUTER_BOUND('',#798,.T.);
#425=FACE_OUTER_BOUND('',#801,.T.);
#426=FACE_OUTER_BOUND('',#802,.T.);
#427=FACE_OUTER_BOUND('',#803,.T.);
#428=FACE_OUTER_BOUND('',#804,.T.);
#429=FACE_OUTER_BOUND('',#806,.T.);
#430=FACE_OUTER_BOUND('',#807,.T.);
#431=FACE_OUTER_BOUND('',#808,.T.);
#432=FACE_OUTER_BOUND('',#809,.T.);
#433=FACE_OUTER_BOUND('',#810,.T.);
#434=FACE_OUTER_BOUND('',#811,.T.);
#435=FACE_OUTER_BOUND('',#812,.T.);
#436=FACE_OUTER_BOUND('',#813,.T.);
#437=FACE_OUTER_BOUND('',#815,.T.);
#438=FACE_OUTER_BOUND('',#817,.T.);
#439=FACE_OUTER_BOUND('',#819,.T.);
#440=FACE_OUTER_BOUND('',#821,.T.);
#441=FACE_OUTER_BOUND('',#822,.T.);
#442=FACE_OUTER_BOUND('',#823,.T.);
#443=FACE_OUTER_BOUND('',#824,.T.);
#444=FACE_OUTER_BOUND('',#825,.T.);
#445=FACE_OUTER_BOUND('',#826,.T.);
#446=FACE_OUTER_BOUND('',#827,.T.);
#447=FACE_OUTER_BOUND('',#828,.T.);
#448=FACE_OUTER_BOUND('',#829,.T.);
#449=FACE_OUTER_BOUND('',#830,.T.);
#450=FACE_OUTER_BOUND('',#832,.T.);
#451=FACE_OUTER_BOUND('',#834,.T.);
#452=FACE_OUTER_BOUND('',#836,.T.);
#453=FACE_OUTER_BOUND('',#838,.T.);
#454=FACE_OUTER_BOUND('',#839,.T.);
#455=FACE_OUTER_BOUND('',#840,.T.);
#456=FACE_OUTER_BOUND('',#841,.T.);
#457=FACE_OUTER_BOUND('',#842,.T.);
#458=FACE_OUTER_BOUND('',#843,.T.);
#459=FACE_OUTER_BOUND('',#844,.T.);
#460=FACE_OUTER_BOUND('',#845,.T.);
#461=FACE_OUTER_BOUND('',#846,.T.);
#462=FACE_OUTER_BOUND('',#847,.T.);
#463=FACE_OUTER_BOUND('',#848,.T.);
#464=FACE_OUTER_BOUND('',#849,.T.);
#465=FACE_OUTER_BOUND('',#850,.T.);
#466=FACE_OUTER_BOUND('',#853,.T.);
#467=FACE_OUTER_BOUND('',#856,.T.);
#468=FACE_OUTER_BOUND('',#857,.T.);
#469=FACE_OUTER_BOUND('',#858,.T.);
#470=FACE_OUTER_BOUND('',#859,.T.);
#471=FACE_OUTER_BOUND('',#860,.T.);
#472=FACE_OUTER_BOUND('',#861,.T.);
#473=FACE_OUTER_BOUND('',#862,.T.);
#474=FACE_OUTER_BOUND('',#863,.T.);
#475=FACE_OUTER_BOUND('',#864,.T.);
#476=FACE_OUTER_BOUND('',#865,.T.);
#477=FACE_OUTER_BOUND('',#866,.T.);
#478=FACE_OUTER_BOUND('',#867,.T.);
#479=FACE_OUTER_BOUND('',#868,.T.);
#480=FACE_OUTER_BOUND('',#869,.T.);
#481=FACE_OUTER_BOUND('',#870,.T.);
#482=FACE_OUTER_BOUND('',#871,.T.);
#483=FACE_OUTER_BOUND('',#872,.T.);
#484=FACE_OUTER_BOUND('',#874,.T.);
#485=FACE_OUTER_BOUND('',#875,.T.);
#486=FACE_OUTER_BOUND('',#876,.T.);
#487=FACE_OUTER_BOUND('',#877,.T.);
#488=FACE_OUTER_BOUND('',#879,.T.);
#489=FACE_OUTER_BOUND('',#880,.T.);
#490=FACE_OUTER_BOUND('',#881,.T.);
#491=FACE_OUTER_BOUND('',#882,.T.);
#492=FACE_OUTER_BOUND('',#883,.T.);
#493=FACE_OUTER_BOUND('',#884,.T.);
#494=FACE_OUTER_BOUND('',#885,.T.);
#495=FACE_OUTER_BOUND('',#887,.T.);
#496=FACE_OUTER_BOUND('',#889,.T.);
#497=FACE_OUTER_BOUND('',#891,.T.);
#498=FACE_OUTER_BOUND('',#893,.T.);
#499=FACE_OUTER_BOUND('',#894,.T.);
#500=FACE_OUTER_BOUND('',#895,.T.);
#501=FACE_OUTER_BOUND('',#896,.T.);
#502=FACE_OUTER_BOUND('',#897,.T.);
#503=FACE_OUTER_BOUND('',#898,.T.);
#504=FACE_OUTER_BOUND('',#899,.T.);
#505=FACE_OUTER_BOUND('',#900,.T.);
#506=FACE_OUTER_BOUND('',#901,.T.);
#507=FACE_OUTER_BOUND('',#902,.T.);
#508=FACE_OUTER_BOUND('',#903,.T.);
#509=FACE_OUTER_BOUND('',#905,.T.);
#510=FACE_OUTER_BOUND('',#906,.T.);
#511=FACE_OUTER_BOUND('',#907,.T.);
#512=FACE_OUTER_BOUND('',#908,.T.);
#513=FACE_OUTER_BOUND('',#910,.T.);
#514=FACE_OUTER_BOUND('',#911,.T.);
#515=FACE_OUTER_BOUND('',#912,.T.);
#516=FACE_OUTER_BOUND('',#913,.T.);
#517=FACE_OUTER_BOUND('',#914,.T.);
#518=FACE_OUTER_BOUND('',#915,.T.);
#519=FACE_OUTER_BOUND('',#916,.T.);
#520=FACE_OUTER_BOUND('',#918,.T.);
#521=FACE_OUTER_BOUND('',#920,.T.);
#522=FACE_OUTER_BOUND('',#922,.T.);
#523=FACE_OUTER_BOUND('',#924,.T.);
#524=FACE_OUTER_BOUND('',#927,.T.);
#525=FACE_OUTER_BOUND('',#930,.T.);
#526=FACE_OUTER_BOUND('',#931,.T.);
#527=FACE_OUTER_BOUND('',#932,.T.);
#528=FACE_OUTER_BOUND('',#933,.T.);
#529=FACE_OUTER_BOUND('',#934,.T.);
#530=FACE_OUTER_BOUND('',#935,.T.);
#531=FACE_OUTER_BOUND('',#936,.T.);
#532=FACE_OUTER_BOUND('',#938,.T.);
#533=FACE_OUTER_BOUND('',#939,.T.);
#534=FACE_OUTER_BOUND('',#940,.T.);
#535=FACE_OUTER_BOUND('',#942,.T.);
#536=FACE_OUTER_BOUND('',#943,.T.);
#537=FACE_OUTER_BOUND('',#944,.T.);
#538=FACE_OUTER_BOUND('',#945,.T.);
#539=FACE_OUTER_BOUND('',#946,.T.);
#540=FACE_OUTER_BOUND('',#947,.T.);
#541=FACE_OUTER_BOUND('',#948,.T.);
#542=FACE_OUTER_BOUND('',#949,.T.);
#543=FACE_OUTER_BOUND('',#951,.T.);
#544=FACE_OUTER_BOUND('',#953,.T.);
#545=FACE_OUTER_BOUND('',#955,.T.);
#546=FACE_OUTER_BOUND('',#956,.T.);
#547=FACE_OUTER_BOUND('',#957,.T.);
#548=FACE_OUTER_BOUND('',#958,.T.);
#549=FACE_OUTER_BOUND('',#959,.T.);
#550=FACE_OUTER_BOUND('',#960,.T.);
#551=FACE_OUTER_BOUND('',#961,.T.);
#552=FACE_OUTER_BOUND('',#962,.T.);
#553=FACE_OUTER_BOUND('',#963,.T.);
#554=FACE_OUTER_BOUND('',#964,.T.);
#555=FACE_OUTER_BOUND('',#965,.T.);
#556=FACE_OUTER_BOUND('',#967,.T.);
#557=FACE_OUTER_BOUND('',#968,.T.);
#558=EDGE_LOOP('',(#3728,#3729,#3730,#3731));
#559=EDGE_LOOP('',(#3732));
#560=EDGE_LOOP('',(#3733));
#561=EDGE_LOOP('',(#3734,#3735,#3736,#3737));
#562=EDGE_LOOP('',(#3738));
#563=EDGE_LOOP('',(#3739));
#564=EDGE_LOOP('',(#3740,#3741,#3742,#3743));
#565=EDGE_LOOP('',(#3744,#3745,#3746,#3747));
#566=EDGE_LOOP('',(#3748,#3749,#3750,#3751));
#567=EDGE_LOOP('',(#3752,#3753,#3754,#3755));
#568=EDGE_LOOP('',(#3756,#3757,#3758,#3759));
#569=EDGE_LOOP('',(#3760,#3761,#3762,#3763));
#570=EDGE_LOOP('',(#3764,#3765,#3766,#3767));
#571=EDGE_LOOP('',(#3768));
#572=EDGE_LOOP('',(#3769));
#573=EDGE_LOOP('',(#3770,#3771,#3772,#3773));
#574=EDGE_LOOP('',(#3774));
#575=EDGE_LOOP('',(#3775));
#576=EDGE_LOOP('',(#3776,#3777,#3778,#3779));
#577=EDGE_LOOP('',(#3780,#3781,#3782,#3783));
#578=EDGE_LOOP('',(#3784,#3785,#3786,#3787));
#579=EDGE_LOOP('',(#3788,#3789,#3790,#3791));
#580=EDGE_LOOP('',(#3792,#3793,#3794,#3795));
#581=EDGE_LOOP('',(#3796,#3797,#3798,#3799));
#582=EDGE_LOOP('',(#3800,#3801,#3802,#3803));
#583=EDGE_LOOP('',(#3804));
#584=EDGE_LOOP('',(#3805));
#585=EDGE_LOOP('',(#3806,#3807,#3808,#3809));
#586=EDGE_LOOP('',(#3810));
#587=EDGE_LOOP('',(#3811));
#588=EDGE_LOOP('',(#3812,#3813,#3814,#3815));
#589=EDGE_LOOP('',(#3816,#3817,#3818,#3819));
#590=EDGE_LOOP('',(#3820,#3821,#3822,#3823));
#591=EDGE_LOOP('',(#3824,#3825,#3826,#3827));
#592=EDGE_LOOP('',(#3828,#3829,#3830,#3831));
#593=EDGE_LOOP('',(#3832,#3833,#3834,#3835));
#594=EDGE_LOOP('',(#3836,#3837,#3838,#3839));
#595=EDGE_LOOP('',(#3840));
#596=EDGE_LOOP('',(#3841));
#597=EDGE_LOOP('',(#3842,#3843,#3844,#3845));
#598=EDGE_LOOP('',(#3846));
#599=EDGE_LOOP('',(#3847));
#600=EDGE_LOOP('',(#3848,#3849,#3850,#3851));
#601=EDGE_LOOP('',(#3852,#3853,#3854,#3855));
#602=EDGE_LOOP('',(#3856,#3857,#3858,#3859));
#603=EDGE_LOOP('',(#3860,#3861,#3862,#3863));
#604=EDGE_LOOP('',(#3864,#3865,#3866,#3867));
#605=EDGE_LOOP('',(#3868,#3869,#3870,#3871));
#606=EDGE_LOOP('',(#3872,#3873,#3874,#3875));
#607=EDGE_LOOP('',(#3876));
#608=EDGE_LOOP('',(#3877));
#609=EDGE_LOOP('',(#3878,#3879,#3880,#3881));
#610=EDGE_LOOP('',(#3882));
#611=EDGE_LOOP('',(#3883));
#612=EDGE_LOOP('',(#3884,#3885,#3886,#3887));
#613=EDGE_LOOP('',(#3888,#3889,#3890,#3891));
#614=EDGE_LOOP('',(#3892,#3893,#3894,#3895));
#615=EDGE_LOOP('',(#3896,#3897,#3898,#3899));
#616=EDGE_LOOP('',(#3900,#3901,#3902,#3903));
#617=EDGE_LOOP('',(#3904,#3905,#3906,#3907));
#618=EDGE_LOOP('',(#3908,#3909,#3910,#3911));
#619=EDGE_LOOP('',(#3912));
#620=EDGE_LOOP('',(#3913,#3914,#3915,#3916));
#621=EDGE_LOOP('',(#3917));
#622=EDGE_LOOP('',(#3918,#3919,#3920,#3921));
#623=EDGE_LOOP('',(#3922,#3923,#3924,#3925));
#624=EDGE_LOOP('',(#3926,#3927,#3928,#3929));
#625=EDGE_LOOP('',(#3930,#3931,#3932,#3933));
#626=EDGE_LOOP('',(#3934,#3935,#3936,#3937));
#627=EDGE_LOOP('',(#3938,#3939,#3940,#3941));
#628=EDGE_LOOP('',(#3942,#3943,#3944,#3945));
#629=EDGE_LOOP('',(#3946,#3947,#3948,#3949));
#630=EDGE_LOOP('',(#3950,#3951,#3952,#3953));
#631=EDGE_LOOP('',(#3954,#3955,#3956,#3957));
#632=EDGE_LOOP('',(#3958));
#633=EDGE_LOOP('',(#3959,#3960,#3961,#3962));
#634=EDGE_LOOP('',(#3963));
#635=EDGE_LOOP('',(#3964,#3965,#3966,#3967,#3968,#3969,#3970,#3971,#3972,
#3973,#3974,#3975,#3976,#3977,#3978,#3979,#3980,#3981,#3982,#3983));
#636=EDGE_LOOP('',(#3984,#3985,#3986,#3987,#3988,#3989,#3990,#3991,#3992,
#3993,#3994,#3995));
#637=EDGE_LOOP('',(#3996,#3997,#3998,#3999));
#638=EDGE_LOOP('',(#4000,#4001,#4002,#4003));
#639=EDGE_LOOP('',(#4004,#4005,#4006,#4007));
#640=EDGE_LOOP('',(#4008,#4009,#4010,#4011));
#641=EDGE_LOOP('',(#4012,#4013,#4014,#4015,#4016,#4017,#4018,#4019,#4020,
#4021));
#642=EDGE_LOOP('',(#4022,#4023,#4024,#4025));
#643=EDGE_LOOP('',(#4026,#4027,#4028,#4029));
#644=EDGE_LOOP('',(#4030,#4031,#4032,#4033));
#645=EDGE_LOOP('',(#4034,#4035,#4036,#4037));
#646=EDGE_LOOP('',(#4038,#4039,#4040,#4041));
#647=EDGE_LOOP('',(#4042,#4043,#4044,#4045));
#648=EDGE_LOOP('',(#4046,#4047,#4048,#4049,#4050,#4051));
#649=EDGE_LOOP('',(#4052,#4053,#4054,#4055));
#650=EDGE_LOOP('',(#4056,#4057,#4058,#4059));
#651=EDGE_LOOP('',(#4060,#4061,#4062,#4063));
#652=EDGE_LOOP('',(#4064,#4065,#4066,#4067,#4068,#4069));
#653=EDGE_LOOP('',(#4070,#4071,#4072,#4073,#4074,#4075,#4076,#4077,#4078,
#4079,#4080,#4081));
#654=EDGE_LOOP('',(#4082,#4083,#4084,#4085));
#655=EDGE_LOOP('',(#4086,#4087,#4088,#4089));
#656=EDGE_LOOP('',(#4090,#4091,#4092,#4093,#4094,#4095,#4096,#4097));
#657=EDGE_LOOP('',(#4098,#4099,#4100,#4101,#4102,#4103,#4104,#4105));
#658=EDGE_LOOP('',(#4106));
#659=EDGE_LOOP('',(#4107,#4108,#4109,#4110));
#660=EDGE_LOOP('',(#4111));
#661=EDGE_LOOP('',(#4112,#4113,#4114,#4115));
#662=EDGE_LOOP('',(#4116));
#663=EDGE_LOOP('',(#4117,#4118,#4119,#4120));
#664=EDGE_LOOP('',(#4121,#4122,#4123,#4124));
#665=EDGE_LOOP('',(#4125,#4126,#4127,#4128));
#666=EDGE_LOOP('',(#4129,#4130,#4131,#4132));
#667=EDGE_LOOP('',(#4133));
#668=EDGE_LOOP('',(#4134,#4135,#4136,#4137,#4138,#4139,#4140,#4141));
#669=EDGE_LOOP('',(#4142));
#670=EDGE_LOOP('',(#4143));
#671=EDGE_LOOP('',(#4144,#4145,#4146,#4147));
#672=EDGE_LOOP('',(#4148,#4149,#4150,#4151));
#673=EDGE_LOOP('',(#4152,#4153,#4154,#4155));
#674=EDGE_LOOP('',(#4156,#4157,#4158,#4159));
#675=EDGE_LOOP('',(#4160,#4161,#4162,#4163));
#676=EDGE_LOOP('',(#4164,#4165,#4166,#4167));
#677=EDGE_LOOP('',(#4168,#4169,#4170,#4171));
#678=EDGE_LOOP('',(#4172));
#679=EDGE_LOOP('',(#4173,#4174,#4175,#4176));
#680=EDGE_LOOP('',(#4177));
#681=EDGE_LOOP('',(#4178,#4179,#4180,#4181));
#682=EDGE_LOOP('',(#4182));
#683=EDGE_LOOP('',(#4183));
#684=EDGE_LOOP('',(#4184,#4185,#4186,#4187));
#685=EDGE_LOOP('',(#4188));
#686=EDGE_LOOP('',(#4189));
#687=EDGE_LOOP('',(#4190,#4191,#4192,#4193));
#688=EDGE_LOOP('',(#4194,#4195,#4196,#4197));
#689=EDGE_LOOP('',(#4198,#4199,#4200,#4201));
#690=EDGE_LOOP('',(#4202,#4203,#4204,#4205));
#691=EDGE_LOOP('',(#4206,#4207,#4208,#4209));
#692=EDGE_LOOP('',(#4210,#4211,#4212,#4213));
#693=EDGE_LOOP('',(#4214,#4215,#4216,#4217));
#694=EDGE_LOOP('',(#4218));
#695=EDGE_LOOP('',(#4219,#4220,#4221,#4222));
#696=EDGE_LOOP('',(#4223));
#697=EDGE_LOOP('',(#4224,#4225,#4226,#4227));
#698=EDGE_LOOP('',(#4228,#4229,#4230,#4231));
#699=EDGE_LOOP('',(#4232,#4233,#4234,#4235));
#700=EDGE_LOOP('',(#4236,#4237,#4238,#4239));
#701=EDGE_LOOP('',(#4240,#4241,#4242,#4243));
#702=EDGE_LOOP('',(#4244,#4245,#4246,#4247));
#703=EDGE_LOOP('',(#4248,#4249,#4250,#4251));
#704=EDGE_LOOP('',(#4252,#4253,#4254,#4255));
#705=EDGE_LOOP('',(#4256,#4257,#4258,#4259));
#706=EDGE_LOOP('',(#4260,#4261,#4262,#4263));
#707=EDGE_LOOP('',(#4264));
#708=EDGE_LOOP('',(#4265,#4266,#4267,#4268));
#709=EDGE_LOOP('',(#4269));
#710=EDGE_LOOP('',(#4270,#4271,#4272,#4273,#4274,#4275,#4276,#4277,#4278,
#4279,#4280,#4281,#4282,#4283,#4284,#4285,#4286,#4287,#4288,#4289));
#711=EDGE_LOOP('',(#4290,#4291,#4292,#4293));
#712=EDGE_LOOP('',(#4294));
#713=EDGE_LOOP('',(#4295,#4296,#4297,#4298));
#714=EDGE_LOOP('',(#4299,#4300,#4301,#4302));
#715=EDGE_LOOP('',(#4303,#4304,#4305,#4306));
#716=EDGE_LOOP('',(#4307));
#717=EDGE_LOOP('',(#4308,#4309,#4310,#4311));
#718=EDGE_LOOP('',(#4312,#4313,#4314,#4315));
#719=EDGE_LOOP('',(#4316,#4317,#4318,#4319));
#720=EDGE_LOOP('',(#4320,#4321,#4322,#4323));
#721=EDGE_LOOP('',(#4324,#4325,#4326,#4327));
#722=EDGE_LOOP('',(#4328,#4329,#4330,#4331));
#723=EDGE_LOOP('',(#4332,#4333,#4334,#4335));
#724=EDGE_LOOP('',(#4336,#4337,#4338,#4339));
#725=EDGE_LOOP('',(#4340));
#726=EDGE_LOOP('',(#4341,#4342,#4343,#4344));
#727=EDGE_LOOP('',(#4345));
#728=EDGE_LOOP('',(#4346,#4347,#4348,#4349,#4350,#4351,#4352,#4353));
#729=EDGE_LOOP('',(#4354));
#730=EDGE_LOOP('',(#4355));
#731=EDGE_LOOP('',(#4356,#4357,#4358,#4359,#4360,#4361,#4362,#4363,#4364,
#4365,#4366,#4367));
#732=EDGE_LOOP('',(#4368,#4369,#4370,#4371));
#733=EDGE_LOOP('',(#4372,#4373,#4374,#4375));
#734=EDGE_LOOP('',(#4376,#4377,#4378,#4379));
#735=EDGE_LOOP('',(#4380,#4381,#4382,#4383));
#736=EDGE_LOOP('',(#4384,#4385,#4386,#4387));
#737=EDGE_LOOP('',(#4388,#4389,#4390,#4391,#4392,#4393,#4394,#4395,#4396,
#4397,#4398,#4399));
#738=EDGE_LOOP('',(#4400,#4401,#4402,#4403,#4404,#4405,#4406,#4407));
#739=EDGE_LOOP('',(#4408));
#740=EDGE_LOOP('',(#4409));
#741=EDGE_LOOP('',(#4410,#4411,#4412,#4413));
#742=EDGE_LOOP('',(#4414,#4415,#4416,#4417));
#743=EDGE_LOOP('',(#4418,#4419,#4420,#4421));
#744=EDGE_LOOP('',(#4422));
#745=EDGE_LOOP('',(#4423));
#746=EDGE_LOOP('',(#4424,#4425,#4426,#4427));
#747=EDGE_LOOP('',(#4428));
#748=EDGE_LOOP('',(#4429));
#749=EDGE_LOOP('',(#4430,#4431,#4432,#4433));
#750=EDGE_LOOP('',(#4434,#4435,#4436,#4437));
#751=EDGE_LOOP('',(#4438,#4439,#4440,#4441));
#752=EDGE_LOOP('',(#4442,#4443,#4444,#4445));
#753=EDGE_LOOP('',(#4446,#4447,#4448,#4449));
#754=EDGE_LOOP('',(#4450,#4451,#4452,#4453));
#755=EDGE_LOOP('',(#4454,#4455,#4456,#4457));
#756=EDGE_LOOP('',(#4458));
#757=EDGE_LOOP('',(#4459));
#758=EDGE_LOOP('',(#4460,#4461,#4462,#4463));
#759=EDGE_LOOP('',(#4464));
#760=EDGE_LOOP('',(#4465));
#761=EDGE_LOOP('',(#4466,#4467,#4468,#4469));
#762=EDGE_LOOP('',(#4470,#4471,#4472,#4473));
#763=EDGE_LOOP('',(#4474,#4475,#4476,#4477));
#764=EDGE_LOOP('',(#4478,#4479,#4480,#4481));
#765=EDGE_LOOP('',(#4482,#4483,#4484,#4485));
#766=EDGE_LOOP('',(#4486,#4487,#4488,#4489));
#767=EDGE_LOOP('',(#4490,#4491,#4492,#4493));
#768=EDGE_LOOP('',(#4494));
#769=EDGE_LOOP('',(#4495,#4496,#4497,#4498));
#770=EDGE_LOOP('',(#4499,#4500,#4501,#4502));
#771=EDGE_LOOP('',(#4503,#4504,#4505,#4506));
#772=EDGE_LOOP('',(#4507));
#773=EDGE_LOOP('',(#4508,#4509,#4510,#4511));
#774=EDGE_LOOP('',(#4512,#4513,#4514,#4515));
#775=EDGE_LOOP('',(#4516,#4517,#4518,#4519));
#776=EDGE_LOOP('',(#4520,#4521,#4522,#4523));
#777=EDGE_LOOP('',(#4524,#4525,#4526,#4527));
#778=EDGE_LOOP('',(#4528,#4529,#4530,#4531));
#779=EDGE_LOOP('',(#4532,#4533,#4534,#4535));
#780=EDGE_LOOP('',(#4536,#4537,#4538,#4539));
#781=EDGE_LOOP('',(#4540));
#782=EDGE_LOOP('',(#4541,#4542,#4543,#4544));
#783=EDGE_LOOP('',(#4545));
#784=EDGE_LOOP('',(#4546,#4547,#4548,#4549,#4550,#4551,#4552,#4553));
#785=EDGE_LOOP('',(#4554));
#786=EDGE_LOOP('',(#4555));
#787=EDGE_LOOP('',(#4556,#4557,#4558,#4559,#4560,#4561,#4562,#4563,#4564,
#4565,#4566,#4567));
#788=EDGE_LOOP('',(#4568,#4569,#4570,#4571));
#789=EDGE_LOOP('',(#4572,#4573,#4574,#4575));
#790=EDGE_LOOP('',(#4576,#4577,#4578,#4579));
#791=EDGE_LOOP('',(#4580,#4581,#4582,#4583));
#792=EDGE_LOOP('',(#4584,#4585,#4586,#4587));
#793=EDGE_LOOP('',(#4588,#4589,#4590,#4591));
#794=EDGE_LOOP('',(#4592,#4593,#4594,#4595,#4596,#4597,#4598,#4599,#4600,
#4601,#4602,#4603));
#795=EDGE_LOOP('',(#4604,#4605,#4606,#4607));
#796=EDGE_LOOP('',(#4608,#4609,#4610,#4611));
#797=EDGE_LOOP('',(#4612));
#798=EDGE_LOOP('',(#4613,#4614,#4615,#4616,#4617,#4618,#4619,#4620));
#799=EDGE_LOOP('',(#4621));
#800=EDGE_LOOP('',(#4622));
#801=EDGE_LOOP('',(#4623,#4624,#4625,#4626));
#802=EDGE_LOOP('',(#4627,#4628,#4629,#4630));
#803=EDGE_LOOP('',(#4631,#4632,#4633,#4634));
#804=EDGE_LOOP('',(#4635,#4636,#4637,#4638));
#805=EDGE_LOOP('',(#4639));
#806=EDGE_LOOP('',(#4640,#4641,#4642,#4643,#4644,#4645,#4646,#4647,#4648,
#4649,#4650,#4651,#4652,#4653,#4654,#4655,#4656,#4657,#4658,#4659));
#807=EDGE_LOOP('',(#4660,#4661,#4662,#4663));
#808=EDGE_LOOP('',(#4664,#4665,#4666,#4667));
#809=EDGE_LOOP('',(#4668,#4669,#4670,#4671));
#810=EDGE_LOOP('',(#4672,#4673,#4674,#4675));
#811=EDGE_LOOP('',(#4676,#4677,#4678,#4679));
#812=EDGE_LOOP('',(#4680,#4681,#4682,#4683));
#813=EDGE_LOOP('',(#4684,#4685,#4686,#4687));
#814=EDGE_LOOP('',(#4688));
#815=EDGE_LOOP('',(#4689,#4690,#4691,#4692));
#816=EDGE_LOOP('',(#4693));
#817=EDGE_LOOP('',(#4694,#4695,#4696,#4697));
#818=EDGE_LOOP('',(#4698));
#819=EDGE_LOOP('',(#4699,#4700,#4701,#4702));
#820=EDGE_LOOP('',(#4703));
#821=EDGE_LOOP('',(#4704,#4705,#4706,#4707));
#822=EDGE_LOOP('',(#4708,#4709,#4710,#4711));
#823=EDGE_LOOP('',(#4712,#4713,#4714,#4715));
#824=EDGE_LOOP('',(#4716,#4717,#4718,#4719));
#825=EDGE_LOOP('',(#4720,#4721,#4722,#4723));
#826=EDGE_LOOP('',(#4724,#4725,#4726,#4727));
#827=EDGE_LOOP('',(#4728,#4729,#4730,#4731));
#828=EDGE_LOOP('',(#4732,#4733,#4734,#4735));
#829=EDGE_LOOP('',(#4736,#4737,#4738,#4739));
#830=EDGE_LOOP('',(#4740,#4741,#4742,#4743));
#831=EDGE_LOOP('',(#4744));
#832=EDGE_LOOP('',(#4745,#4746,#4747,#4748));
#833=EDGE_LOOP('',(#4749));
#834=EDGE_LOOP('',(#4750,#4751,#4752,#4753,#4754,#4755));
#835=EDGE_LOOP('',(#4756));
#836=EDGE_LOOP('',(#4757,#4758,#4759,#4760,#4761,#4762));
#837=EDGE_LOOP('',(#4763));
#838=EDGE_LOOP('',(#4764,#4765,#4766,#4767,#4768,#4769,#4770,#4771,#4772,
#4773,#4774,#4775,#4776,#4777,#4778,#4779));
#839=EDGE_LOOP('',(#4780,#4781,#4782,#4783,#4784,#4785,#4786,#4787,#4788,
#4789,#4790,#4791));
#840=EDGE_LOOP('',(#4792,#4793,#4794,#4795));
#841=EDGE_LOOP('',(#4796,#4797,#4798,#4799));
#842=EDGE_LOOP('',(#4800,#4801,#4802,#4803));
#843=EDGE_LOOP('',(#4804,#4805,#4806,#4807));
#844=EDGE_LOOP('',(#4808,#4809,#4810,#4811));
#845=EDGE_LOOP('',(#4812,#4813,#4814,#4815));
#846=EDGE_LOOP('',(#4816,#4817,#4818,#4819));
#847=EDGE_LOOP('',(#4820,#4821,#4822,#4823));
#848=EDGE_LOOP('',(#4824,#4825,#4826,#4827,#4828,#4829,#4830,#4831));
#849=EDGE_LOOP('',(#4832,#4833,#4834,#4835,#4836,#4837,#4838,#4839,#4840,
#4841,#4842,#4843));
#850=EDGE_LOOP('',(#4844,#4845,#4846,#4847));
#851=EDGE_LOOP('',(#4848));
#852=EDGE_LOOP('',(#4849));
#853=EDGE_LOOP('',(#4850,#4851,#4852,#4853));
#854=EDGE_LOOP('',(#4854));
#855=EDGE_LOOP('',(#4855));
#856=EDGE_LOOP('',(#4856,#4857,#4858,#4859));
#857=EDGE_LOOP('',(#4860,#4861,#4862,#4863));
#858=EDGE_LOOP('',(#4864,#4865,#4866,#4867));
#859=EDGE_LOOP('',(#4868,#4869,#4870,#4871));
#860=EDGE_LOOP('',(#4872,#4873,#4874,#4875));
#861=EDGE_LOOP('',(#4876,#4877,#4878,#4879));
#862=EDGE_LOOP('',(#4880,#4881,#4882,#4883));
#863=EDGE_LOOP('',(#4884,#4885,#4886,#4887));
#864=EDGE_LOOP('',(#4888,#4889,#4890,#4891));
#865=EDGE_LOOP('',(#4892,#4893,#4894,#4895));
#866=EDGE_LOOP('',(#4896,#4897,#4898,#4899));
#867=EDGE_LOOP('',(#4900,#4901,#4902,#4903));
#868=EDGE_LOOP('',(#4904,#4905,#4906,#4907));
#869=EDGE_LOOP('',(#4908,#4909,#4910,#4911,#4912,#4913,#4914,#4915,#4916,
#4917,#4918,#4919));
#870=EDGE_LOOP('',(#4920,#4921,#4922,#4923,#4924,#4925,#4926,#4927));
#871=EDGE_LOOP('',(#4928,#4929,#4930,#4931,#4932,#4933,#4934,#4935,#4936,
#4937,#4938,#4939,#4940,#4941,#4942,#4943));
#872=EDGE_LOOP('',(#4944,#4945,#4946,#4947));
#873=EDGE_LOOP('',(#4948));
#874=EDGE_LOOP('',(#4949,#4950,#4951,#4952));
#875=EDGE_LOOP('',(#4953,#4954,#4955,#4956));
#876=EDGE_LOOP('',(#4957,#4958,#4959,#4960,#4961,#4962,#4963,#4964,#4965,
#4966,#4967,#4968));
#877=EDGE_LOOP('',(#4969,#4970,#4971,#4972));
#878=EDGE_LOOP('',(#4973));
#879=EDGE_LOOP('',(#4974,#4975,#4976,#4977));
#880=EDGE_LOOP('',(#4978,#4979,#4980,#4981));
#881=EDGE_LOOP('',(#4982,#4983,#4984,#4985));
#882=EDGE_LOOP('',(#4986,#4987,#4988,#4989));
#883=EDGE_LOOP('',(#4990,#4991,#4992,#4993));
#884=EDGE_LOOP('',(#4994,#4995,#4996,#4997));
#885=EDGE_LOOP('',(#4998,#4999,#5000,#5001));
#886=EDGE_LOOP('',(#5002));
#887=EDGE_LOOP('',(#5003,#5004,#5005,#5006));
#888=EDGE_LOOP('',(#5007));
#889=EDGE_LOOP('',(#5008,#5009,#5010,#5011));
#890=EDGE_LOOP('',(#5012));
#891=EDGE_LOOP('',(#5013,#5014,#5015,#5016));
#892=EDGE_LOOP('',(#5017));
#893=EDGE_LOOP('',(#5018,#5019,#5020,#5021));
#894=EDGE_LOOP('',(#5022,#5023,#5024,#5025));
#895=EDGE_LOOP('',(#5026,#5027,#5028,#5029));
#896=EDGE_LOOP('',(#5030,#5031,#5032,#5033));
#897=EDGE_LOOP('',(#5034,#5035,#5036,#5037));
#898=EDGE_LOOP('',(#5038,#5039,#5040,#5041));
#899=EDGE_LOOP('',(#5042,#5043,#5044,#5045));
#900=EDGE_LOOP('',(#5046,#5047,#5048,#5049,#5050,#5051,#5052,#5053,#5054,
#5055,#5056,#5057));
#901=EDGE_LOOP('',(#5058,#5059,#5060,#5061,#5062,#5063,#5064,#5065));
#902=EDGE_LOOP('',(#5066,#5067,#5068,#5069,#5070,#5071,#5072,#5073,#5074,
#5075,#5076,#5077));
#903=EDGE_LOOP('',(#5078,#5079,#5080,#5081));
#904=EDGE_LOOP('',(#5082));
#905=EDGE_LOOP('',(#5083,#5084,#5085,#5086));
#906=EDGE_LOOP('',(#5087,#5088,#5089,#5090));
#907=EDGE_LOOP('',(#5091,#5092,#5093,#5094,#5095,#5096,#5097,#5098,#5099,
#5100,#5101,#5102,#5103,#5104,#5105,#5106));
#908=EDGE_LOOP('',(#5107,#5108,#5109,#5110));
#909=EDGE_LOOP('',(#5111));
#910=EDGE_LOOP('',(#5112,#5113,#5114,#5115));
#911=EDGE_LOOP('',(#5116,#5117,#5118,#5119));
#912=EDGE_LOOP('',(#5120,#5121,#5122,#5123));
#913=EDGE_LOOP('',(#5124,#5125,#5126,#5127));
#914=EDGE_LOOP('',(#5128,#5129,#5130,#5131));
#915=EDGE_LOOP('',(#5132,#5133,#5134,#5135));
#916=EDGE_LOOP('',(#5136,#5137,#5138,#5139));
#917=EDGE_LOOP('',(#5140));
#918=EDGE_LOOP('',(#5141,#5142,#5143,#5144));
#919=EDGE_LOOP('',(#5145));
#920=EDGE_LOOP('',(#5146,#5147,#5148,#5149));
#921=EDGE_LOOP('',(#5150));
#922=EDGE_LOOP('',(#5151,#5152,#5153,#5154));
#923=EDGE_LOOP('',(#5155));
#924=EDGE_LOOP('',(#5156,#5157,#5158,#5159));
#925=EDGE_LOOP('',(#5160));
#926=EDGE_LOOP('',(#5161));
#927=EDGE_LOOP('',(#5162,#5163,#5164,#5165));
#928=EDGE_LOOP('',(#5166));
#929=EDGE_LOOP('',(#5167));
#930=EDGE_LOOP('',(#5168,#5169,#5170,#5171));
#931=EDGE_LOOP('',(#5172,#5173,#5174,#5175));
#932=EDGE_LOOP('',(#5176,#5177,#5178,#5179));
#933=EDGE_LOOP('',(#5180,#5181,#5182,#5183));
#934=EDGE_LOOP('',(#5184,#5185,#5186,#5187));
#935=EDGE_LOOP('',(#5188,#5189,#5190,#5191));
#936=EDGE_LOOP('',(#5192,#5193,#5194,#5195));
#937=EDGE_LOOP('',(#5196));
#938=EDGE_LOOP('',(#5197,#5198,#5199,#5200));
#939=EDGE_LOOP('',(#5201,#5202,#5203,#5204));
#940=EDGE_LOOP('',(#5205,#5206,#5207,#5208));
#941=EDGE_LOOP('',(#5209));
#942=EDGE_LOOP('',(#5210,#5211,#5212,#5213));
#943=EDGE_LOOP('',(#5214,#5215,#5216,#5217));
#944=EDGE_LOOP('',(#5218,#5219,#5220,#5221));
#945=EDGE_LOOP('',(#5222,#5223,#5224,#5225));
#946=EDGE_LOOP('',(#5226,#5227,#5228,#5229));
#947=EDGE_LOOP('',(#5230,#5231,#5232,#5233));
#948=EDGE_LOOP('',(#5234,#5235,#5236,#5237));
#949=EDGE_LOOP('',(#5238,#5239,#5240,#5241));
#950=EDGE_LOOP('',(#5242));
#951=EDGE_LOOP('',(#5243,#5244,#5245,#5246));
#952=EDGE_LOOP('',(#5247));
#953=EDGE_LOOP('',(#5248,#5249,#5250,#5251,#5252,#5253));
#954=EDGE_LOOP('',(#5254));
#955=EDGE_LOOP('',(#5255,#5256,#5257,#5258,#5259,#5260,#5261,#5262,#5263,
#5264,#5265,#5266));
#956=EDGE_LOOP('',(#5267,#5268,#5269,#5270,#5271,#5272,#5273,#5274));
#957=EDGE_LOOP('',(#5275,#5276,#5277,#5278));
#958=EDGE_LOOP('',(#5279,#5280,#5281,#5282));
#959=EDGE_LOOP('',(#5283,#5284,#5285,#5286));
#960=EDGE_LOOP('',(#5287,#5288,#5289,#5290));
#961=EDGE_LOOP('',(#5291,#5292,#5293,#5294));
#962=EDGE_LOOP('',(#5295,#5296,#5297,#5298));
#963=EDGE_LOOP('',(#5299,#5300,#5301,#5302));
#964=EDGE_LOOP('',(#5303,#5304,#5305,#5306,#5307,#5308,#5309,#5310,#5311,
#5312,#5313,#5314,#5315,#5316,#5317,#5318));
#965=EDGE_LOOP('',(#5319,#5320,#5321,#5322,#5323,#5324));
#966=EDGE_LOOP('',(#5325));
#967=EDGE_LOOP('',(#5326,#5327,#5328,#5329));
#968=EDGE_LOOP('',(#5330,#5331,#5332,#5333,#5334,#5335,#5336,#5337,#5338,
#5339,#5340,#5341));
#969=LINE('',#8012,#1576);
#970=LINE('',#8015,#1577);
#971=LINE('',#8025,#1578);
#972=LINE('',#8028,#1579);
#973=LINE('',#8034,#1580);
#974=LINE('',#8035,#1581);
#975=LINE('',#8037,#1582);
#976=LINE('',#8039,#1583);
#977=LINE('',#8041,#1584);
#978=LINE('',#8043,#1585);
#979=LINE('',#8050,#1586);
#980=LINE('',#8053,#1587);
#981=LINE('',#8063,#1588);
#982=LINE('',#8066,#1589);
#983=LINE('',#8072,#1590);
#984=LINE('',#8073,#1591);
#985=LINE('',#8075,#1592);
#986=LINE('',#8077,#1593);
#987=LINE('',#8079,#1594);
#988=LINE('',#8081,#1595);
#989=LINE('',#8088,#1596);
#990=LINE('',#8091,#1597);
#991=LINE('',#8101,#1598);
#992=LINE('',#8104,#1599);
#993=LINE('',#8110,#1600);
#994=LINE('',#8111,#1601);
#995=LINE('',#8113,#1602);
#996=LINE('',#8115,#1603);
#997=LINE('',#8117,#1604);
#998=LINE('',#8119,#1605);
#999=LINE('',#8126,#1606);
#1000=LINE('',#8129,#1607);
#1001=LINE('',#8139,#1608);
#1002=LINE('',#8142,#1609);
#1003=LINE('',#8148,#1610);
#1004=LINE('',#8149,#1611);
#1005=LINE('',#8151,#1612);
#1006=LINE('',#8153,#1613);
#1007=LINE('',#8155,#1614);
#1008=LINE('',#8157,#1615);
#1009=LINE('',#8164,#1616);
#1010=LINE('',#8167,#1617);
#1011=LINE('',#8177,#1618);
#1012=LINE('',#8180,#1619);
#1013=LINE('',#8186,#1620);
#1014=LINE('',#8187,#1621);
#1015=LINE('',#8189,#1622);
#1016=LINE('',#8191,#1623);
#1017=LINE('',#8193,#1624);
#1018=LINE('',#8195,#1625);
#1019=LINE('',#8200,#1626);
#1020=LINE('',#8202,#1627);
#1021=LINE('',#8205,#1628);
#1022=LINE('',#8211,#1629);
#1023=LINE('',#8213,#1630);
#1024=LINE('',#8216,#1631);
#1025=LINE('',#8221,#1632);
#1026=LINE('',#8223,#1633);
#1027=LINE('',#8224,#1634);
#1028=LINE('',#8228,#1635);
#1029=LINE('',#8230,#1636);
#1030=LINE('',#8232,#1637);
#1031=LINE('',#8233,#1638);
#1032=LINE('',#8236,#1639);
#1033=LINE('',#8238,#1640);
#1034=LINE('',#8239,#1641);
#1035=LINE('',#8243,#1642);
#1036=LINE('',#8246,#1643);
#1037=LINE('',#8252,#1644);
#1038=LINE('',#8256,#1645);
#1039=LINE('',#8261,#1646);
#1040=LINE('',#8267,#1647);
#1041=LINE('',#8270,#1648);
#1042=LINE('',#8271,#1649);
#1043=LINE('',#8274,#1650);
#1044=LINE('',#8275,#1651);
#1045=LINE('',#8278,#1652);
#1046=LINE('',#8280,#1653);
#1047=LINE('',#8282,#1654);
#1048=LINE('',#8284,#1655);
#1049=LINE('',#8286,#1656);
#1050=LINE('',#8288,#1657);
#1051=LINE('',#8290,#1658);
#1052=LINE('',#8292,#1659);
#1053=LINE('',#8294,#1660);
#1054=LINE('',#8296,#1661);
#1055=LINE('',#8297,#1662);
#1056=LINE('',#8298,#1663);
#1057=LINE('',#8299,#1664);
#1058=LINE('',#8303,#1665);
#1059=LINE('',#8304,#1666);
#1060=LINE('',#8306,#1667);
#1061=LINE('',#8308,#1668);
#1062=LINE('',#8309,#1669);
#1063=LINE('',#8311,#1670);
#1064=LINE('',#8313,#1671);
#1065=LINE('',#8315,#1672);
#1066=LINE('',#8317,#1673);
#1067=LINE('',#8318,#1674);
#1068=LINE('',#8322,#1675);
#1069=LINE('',#8324,#1676);
#1070=LINE('',#8326,#1677);
#1071=LINE('',#8327,#1678);
#1072=LINE('',#8330,#1679);
#1073=LINE('',#8332,#1680);
#1074=LINE('',#8333,#1681);
#1075=LINE('',#8336,#1682);
#1076=LINE('',#8338,#1683);
#1077=LINE('',#8339,#1684);
#1078=LINE('',#8341,#1685);
#1079=LINE('',#8344,#1686);
#1080=LINE('',#8346,#1687);
#1081=LINE('',#8348,#1688);
#1082=LINE('',#8350,#1689);
#1083=LINE('',#8352,#1690);
#1084=LINE('',#8354,#1691);
#1085=LINE('',#8355,#1692);
#1086=LINE('',#8359,#1693);
#1087=LINE('',#8361,#1694);
#1088=LINE('',#8363,#1695);
#1089=LINE('',#8364,#1696);
#1090=LINE('',#8367,#1697);
#1091=LINE('',#8369,#1698);
#1092=LINE('',#8370,#1699);
#1093=LINE('',#8373,#1700);
#1094=LINE('',#8375,#1701);
#1095=LINE('',#8376,#1702);
#1096=LINE('',#8378,#1703);
#1097=LINE('',#8379,#1704);
#1098=LINE('',#8382,#1705);
#1099=LINE('',#8384,#1706);
#1100=LINE('',#8385,#1707);
#1101=LINE('',#8388,#1708);
#1102=LINE('',#8390,#1709);
#1103=LINE('',#8391,#1710);
#1104=LINE('',#8394,#1711);
#1105=LINE('',#8396,#1712);
#1106=LINE('',#8397,#1713);
#1107=LINE('',#8400,#1714);
#1108=LINE('',#8402,#1715);
#1109=LINE('',#8403,#1716);
#1110=LINE('',#8405,#1717);
#1111=LINE('',#8406,#1718);
#1112=LINE('',#8408,#1719);
#1113=LINE('',#8411,#1720);
#1114=LINE('',#8413,#1721);
#1115=LINE('',#8414,#1722);
#1116=LINE('',#8416,#1723);
#1117=LINE('',#8417,#1724);
#1118=LINE('',#8421,#1725);
#1119=LINE('',#8427,#1726);
#1120=LINE('',#8432,#1727);
#1121=LINE('',#8434,#1728);
#1122=LINE('',#8435,#1729);
#1123=LINE('',#8438,#1730);
#1124=LINE('',#8439,#1731);
#1125=LINE('',#8442,#1732);
#1126=LINE('',#8443,#1733);
#1127=LINE('',#8455,#1734);
#1128=LINE('',#8459,#1735);
#1129=LINE('',#8461,#1736);
#1130=LINE('',#8474,#1737);
#1131=LINE('',#8477,#1738);
#1132=LINE('',#8487,#1739);
#1133=LINE('',#8490,#1740);
#1134=LINE('',#8496,#1741);
#1135=LINE('',#8497,#1742);
#1136=LINE('',#8499,#1743);
#1137=LINE('',#8501,#1744);
#1138=LINE('',#8503,#1745);
#1139=LINE('',#8505,#1746);
#1140=LINE('',#8510,#1747);
#1141=LINE('',#8512,#1748);
#1142=LINE('',#8515,#1749);
#1143=LINE('',#8521,#1750);
#1144=LINE('',#8523,#1751);
#1145=LINE('',#8526,#1752);
#1146=LINE('',#8531,#1753);
#1147=LINE('',#8533,#1754);
#1148=LINE('',#8534,#1755);
#1149=LINE('',#8538,#1756);
#1150=LINE('',#8540,#1757);
#1151=LINE('',#8542,#1758);
#1152=LINE('',#8543,#1759);
#1153=LINE('',#8546,#1760);
#1154=LINE('',#8548,#1761);
#1155=LINE('',#8549,#1762);
#1156=LINE('',#8553,#1763);
#1157=LINE('',#8556,#1764);
#1158=LINE('',#8562,#1765);
#1159=LINE('',#8566,#1766);
#1160=LINE('',#8571,#1767);
#1161=LINE('',#8577,#1768);
#1162=LINE('',#8580,#1769);
#1163=LINE('',#8581,#1770);
#1164=LINE('',#8584,#1771);
#1165=LINE('',#8585,#1772);
#1166=LINE('',#8588,#1773);
#1167=LINE('',#8590,#1774);
#1168=LINE('',#8592,#1775);
#1169=LINE('',#8594,#1776);
#1170=LINE('',#8596,#1777);
#1171=LINE('',#8598,#1778);
#1172=LINE('',#8600,#1779);
#1173=LINE('',#8602,#1780);
#1174=LINE('',#8604,#1781);
#1175=LINE('',#8606,#1782);
#1176=LINE('',#8607,#1783);
#1177=LINE('',#8608,#1784);
#1178=LINE('',#8609,#1785);
#1179=LINE('',#8612,#1786);
#1180=LINE('',#8615,#1787);
#1181=LINE('',#8621,#1788);
#1182=LINE('',#8623,#1789);
#1183=LINE('',#8625,#1790);
#1184=LINE('',#8626,#1791);
#1185=LINE('',#8629,#1792);
#1186=LINE('',#8631,#1793);
#1187=LINE('',#8632,#1794);
#1188=LINE('',#8634,#1795);
#1189=LINE('',#8641,#1796);
#1190=LINE('',#8643,#1797);
#1191=LINE('',#8645,#1798);
#1192=LINE('',#8646,#1799);
#1193=LINE('',#8650,#1800);
#1194=LINE('',#8655,#1801);
#1195=LINE('',#8660,#1802);
#1196=LINE('',#8669,#1803);
#1197=LINE('',#8671,#1804);
#1198=LINE('',#8674,#1805);
#1199=LINE('',#8676,#1806);
#1200=LINE('',#8677,#1807);
#1201=LINE('',#8680,#1808);
#1202=LINE('',#8681,#1809);
#1203=LINE('',#8685,#1810);
#1204=LINE('',#8687,#1811);
#1205=LINE('',#8689,#1812);
#1206=LINE('',#8690,#1813);
#1207=LINE('',#8693,#1814);
#1208=LINE('',#8695,#1815);
#1209=LINE('',#8696,#1816);
#1210=LINE('',#8699,#1817);
#1211=LINE('',#8701,#1818);
#1212=LINE('',#8702,#1819);
#1213=LINE('',#8704,#1820);
#1214=LINE('',#8705,#1821);
#1215=LINE('',#8709,#1822);
#1216=LINE('',#8710,#1823);
#1217=LINE('',#8712,#1824);
#1218=LINE('',#8719,#1825);
#1219=LINE('',#8722,#1826);
#1220=LINE('',#8732,#1827);
#1221=LINE('',#8735,#1828);
#1222=LINE('',#8741,#1829);
#1223=LINE('',#8742,#1830);
#1224=LINE('',#8744,#1831);
#1225=LINE('',#8746,#1832);
#1226=LINE('',#8748,#1833);
#1227=LINE('',#8750,#1834);
#1228=LINE('',#8757,#1835);
#1229=LINE('',#8760,#1836);
#1230=LINE('',#8770,#1837);
#1231=LINE('',#8773,#1838);
#1232=LINE('',#8779,#1839);
#1233=LINE('',#8780,#1840);
#1234=LINE('',#8782,#1841);
#1235=LINE('',#8784,#1842);
#1236=LINE('',#8786,#1843);
#1237=LINE('',#8788,#1844);
#1238=LINE('',#8793,#1845);
#1239=LINE('',#8795,#1846);
#1240=LINE('',#8798,#1847);
#1241=LINE('',#8804,#1848);
#1242=LINE('',#8806,#1849);
#1243=LINE('',#8808,#1850);
#1244=LINE('',#8809,#1851);
#1245=LINE('',#8812,#1852);
#1246=LINE('',#8814,#1853);
#1247=LINE('',#8815,#1854);
#1248=LINE('',#8818,#1855);
#1249=LINE('',#8820,#1856);
#1250=LINE('',#8827,#1857);
#1251=LINE('',#8829,#1858);
#1252=LINE('',#8831,#1859);
#1253=LINE('',#8832,#1860);
#1254=LINE('',#8836,#1861);
#1255=LINE('',#8841,#1862);
#1256=LINE('',#8846,#1863);
#1257=LINE('',#8849,#1864);
#1258=LINE('',#8856,#1865);
#1259=LINE('',#8859,#1866);
#1260=LINE('',#8863,#1867);
#1261=LINE('',#8864,#1868);
#1262=LINE('',#8867,#1869);
#1263=LINE('',#8868,#1870);
#1264=LINE('',#8871,#1871);
#1265=LINE('',#8873,#1872);
#1266=LINE('',#8875,#1873);
#1267=LINE('',#8877,#1874);
#1268=LINE('',#8879,#1875);
#1269=LINE('',#8884,#1876);
#1270=LINE('',#8885,#1877);
#1271=LINE('',#8887,#1878);
#1272=LINE('',#8888,#1879);
#1273=LINE('',#8892,#1880);
#1274=LINE('',#8894,#1881);
#1275=LINE('',#8896,#1882);
#1276=LINE('',#8897,#1883);
#1277=LINE('',#8900,#1884);
#1278=LINE('',#8901,#1885);
#1279=LINE('',#8903,#1886);
#1280=LINE('',#8905,#1887);
#1281=LINE('',#8906,#1888);
#1282=LINE('',#8910,#1889);
#1283=LINE('',#8911,#1890);
#1284=LINE('',#8912,#1891);
#1285=LINE('',#8914,#1892);
#1286=LINE('',#8916,#1893);
#1287=LINE('',#8919,#1894);
#1288=LINE('',#8921,#1895);
#1289=LINE('',#8923,#1896);
#1290=LINE('',#8925,#1897);
#1291=LINE('',#8927,#1898);
#1292=LINE('',#8929,#1899);
#1293=LINE('',#8931,#1900);
#1294=LINE('',#8933,#1901);
#1295=LINE('',#8935,#1902);
#1296=LINE('',#8936,#1903);
#1297=LINE('',#8940,#1904);
#1298=LINE('',#8943,#1905);
#1299=LINE('',#8948,#1906);
#1300=LINE('',#8951,#1907);
#1301=LINE('',#8956,#1908);
#1302=LINE('',#8958,#1909);
#1303=LINE('',#8959,#1910);
#1304=LINE('',#8962,#1911);
#1305=LINE('',#8963,#1912);
#1306=LINE('',#8965,#1913);
#1307=LINE('',#8968,#1914);
#1308=LINE('',#8973,#1915);
#1309=LINE('',#8975,#1916);
#1310=LINE('',#8976,#1917);
#1311=LINE('',#8978,#1918);
#1312=LINE('',#8979,#1919);
#1313=LINE('',#8982,#1920);
#1314=LINE('',#8985,#1921);
#1315=LINE('',#8988,#1922);
#1316=LINE('',#9000,#1923);
#1317=LINE('',#9002,#1924);
#1318=LINE('',#9005,#1925);
#1319=LINE('',#9011,#1926);
#1320=LINE('',#9013,#1927);
#1321=LINE('',#9016,#1928);
#1322=LINE('',#9021,#1929);
#1323=LINE('',#9023,#1930);
#1324=LINE('',#9024,#1931);
#1325=LINE('',#9028,#1932);
#1326=LINE('',#9030,#1933);
#1327=LINE('',#9032,#1934);
#1328=LINE('',#9033,#1935);
#1329=LINE('',#9036,#1936);
#1330=LINE('',#9038,#1937);
#1331=LINE('',#9039,#1938);
#1332=LINE('',#9043,#1939);
#1333=LINE('',#9046,#1940);
#1334=LINE('',#9052,#1941);
#1335=LINE('',#9056,#1942);
#1336=LINE('',#9061,#1943);
#1337=LINE('',#9067,#1944);
#1338=LINE('',#9070,#1945);
#1339=LINE('',#9071,#1946);
#1340=LINE('',#9074,#1947);
#1341=LINE('',#9075,#1948);
#1342=LINE('',#9078,#1949);
#1343=LINE('',#9080,#1950);
#1344=LINE('',#9082,#1951);
#1345=LINE('',#9083,#1952);
#1346=LINE('',#9086,#1953);
#1347=LINE('',#9088,#1954);
#1348=LINE('',#9090,#1955);
#1349=LINE('',#9091,#1956);
#1350=LINE('',#9094,#1957);
#1351=LINE('',#9096,#1958);
#1352=LINE('',#9098,#1959);
#1353=LINE('',#9100,#1960);
#1354=LINE('',#9101,#1961);
#1355=LINE('',#9102,#1962);
#1356=LINE('',#9103,#1963);
#1357=LINE('',#9106,#1964);
#1358=LINE('',#9107,#1965);
#1359=LINE('',#9109,#1966);
#1360=LINE('',#9111,#1967);
#1361=LINE('',#9113,#1968);
#1362=LINE('',#9115,#1969);
#1363=LINE('',#9117,#1970);
#1364=LINE('',#9118,#1971);
#1365=LINE('',#9120,#1972);
#1366=LINE('',#9123,#1973);
#1367=LINE('',#9124,#1974);
#1368=LINE('',#9127,#1975);
#1369=LINE('',#9128,#1976);
#1370=LINE('',#9131,#1977);
#1371=LINE('',#9132,#1978);
#1372=LINE('',#9135,#1979);
#1373=LINE('',#9136,#1980);
#1374=LINE('',#9139,#1981);
#1375=LINE('',#9140,#1982);
#1376=LINE('',#9143,#1983);
#1377=LINE('',#9144,#1984);
#1378=LINE('',#9146,#1985);
#1379=LINE('',#9154,#1986);
#1380=LINE('',#9157,#1987);
#1381=LINE('',#9167,#1988);
#1382=LINE('',#9170,#1989);
#1383=LINE('',#9176,#1990);
#1384=LINE('',#9177,#1991);
#1385=LINE('',#9179,#1992);
#1386=LINE('',#9181,#1993);
#1387=LINE('',#9183,#1994);
#1388=LINE('',#9185,#1995);
#1389=LINE('',#9190,#1996);
#1390=LINE('',#9192,#1997);
#1391=LINE('',#9194,#1998);
#1392=LINE('',#9195,#1999);
#1393=LINE('',#9198,#2000);
#1394=LINE('',#9200,#2001);
#1395=LINE('',#9201,#2002);
#1396=LINE('',#9204,#2003);
#1397=LINE('',#9206,#2004);
#1398=LINE('',#9207,#2005);
#1399=LINE('',#9210,#2006);
#1400=LINE('',#9212,#2007);
#1401=LINE('',#9213,#2008);
#1402=LINE('',#9216,#2009);
#1403=LINE('',#9218,#2010);
#1404=LINE('',#9219,#2011);
#1405=LINE('',#9222,#2012);
#1406=LINE('',#9224,#2013);
#1407=LINE('',#9225,#2014);
#1408=LINE('',#9228,#2015);
#1409=LINE('',#9230,#2016);
#1410=LINE('',#9231,#2017);
#1411=LINE('',#9235,#2018);
#1412=LINE('',#9237,#2019);
#1413=LINE('',#9238,#2020);
#1414=LINE('',#9240,#2021);
#1415=LINE('',#9241,#2022);
#1416=LINE('',#9243,#2023);
#1417=LINE('',#9246,#2024);
#1418=LINE('',#9248,#2025);
#1419=LINE('',#9250,#2026);
#1420=LINE('',#9252,#2027);
#1421=LINE('',#9254,#2028);
#1422=LINE('',#9256,#2029);
#1423=LINE('',#9258,#2030);
#1424=LINE('',#9260,#2031);
#1425=LINE('',#9262,#2032);
#1426=LINE('',#9264,#2033);
#1427=LINE('',#9265,#2034);
#1428=LINE('',#9268,#2035);
#1429=LINE('',#9274,#2036);
#1430=LINE('',#9276,#2037);
#1431=LINE('',#9277,#2038);
#1432=LINE('',#9280,#2039);
#1433=LINE('',#9282,#2040);
#1434=LINE('',#9283,#2041);
#1435=LINE('',#9286,#2042);
#1436=LINE('',#9288,#2043);
#1437=LINE('',#9289,#2044);
#1438=LINE('',#9291,#2045);
#1439=LINE('',#9293,#2046);
#1440=LINE('',#9294,#2047);
#1441=LINE('',#9296,#2048);
#1442=LINE('',#9297,#2049);
#1443=LINE('',#9306,#2050);
#1444=LINE('',#9311,#2051);
#1445=LINE('',#9314,#2052);
#1446=LINE('',#9330,#2053);
#1447=LINE('',#9332,#2054);
#1448=LINE('',#9334,#2055);
#1449=LINE('',#9335,#2056);
#1450=LINE('',#9338,#2057);
#1451=LINE('',#9340,#2058);
#1452=LINE('',#9341,#2059);
#1453=LINE('',#9344,#2060);
#1454=LINE('',#9346,#2061);
#1455=LINE('',#9347,#2062);
#1456=LINE('',#9350,#2063);
#1457=LINE('',#9352,#2064);
#1458=LINE('',#9353,#2065);
#1459=LINE('',#9356,#2066);
#1460=LINE('',#9358,#2067);
#1461=LINE('',#9359,#2068);
#1462=LINE('',#9362,#2069);
#1463=LINE('',#9364,#2070);
#1464=LINE('',#9365,#2071);
#1465=LINE('',#9368,#2072);
#1466=LINE('',#9370,#2073);
#1467=LINE('',#9371,#2074);
#1468=LINE('',#9375,#2075);
#1469=LINE('',#9377,#2076);
#1470=LINE('',#9378,#2077);
#1471=LINE('',#9380,#2078);
#1472=LINE('',#9381,#2079);
#1473=LINE('',#9383,#2080);
#1474=LINE('',#9386,#2081);
#1475=LINE('',#9388,#2082);
#1476=LINE('',#9390,#2083);
#1477=LINE('',#9392,#2084);
#1478=LINE('',#9394,#2085);
#1479=LINE('',#9396,#2086);
#1480=LINE('',#9398,#2087);
#1481=LINE('',#9400,#2088);
#1482=LINE('',#9402,#2089);
#1483=LINE('',#9404,#2090);
#1484=LINE('',#9405,#2091);
#1485=LINE('',#9408,#2092);
#1486=LINE('',#9415,#2093);
#1487=LINE('',#9416,#2094);
#1488=LINE('',#9417,#2095);
#1489=LINE('',#9421,#2096);
#1490=LINE('',#9422,#2097);
#1491=LINE('',#9423,#2098);
#1492=LINE('',#9426,#2099);
#1493=LINE('',#9428,#2100);
#1494=LINE('',#9429,#2101);
#1495=LINE('',#9431,#2102);
#1496=LINE('',#9433,#2103);
#1497=LINE('',#9434,#2104);
#1498=LINE('',#9436,#2105);
#1499=LINE('',#9437,#2106);
#1500=LINE('',#9446,#2107);
#1501=LINE('',#9451,#2108);
#1502=LINE('',#9454,#2109);
#1503=LINE('',#9472,#2110);
#1504=LINE('',#9475,#2111);
#1505=LINE('',#9485,#2112);
#1506=LINE('',#9488,#2113);
#1507=LINE('',#9494,#2114);
#1508=LINE('',#9495,#2115);
#1509=LINE('',#9497,#2116);
#1510=LINE('',#9499,#2117);
#1511=LINE('',#9501,#2118);
#1512=LINE('',#9503,#2119);
#1513=LINE('',#9508,#2120);
#1514=LINE('',#9510,#2121);
#1515=LINE('',#9513,#2122);
#1516=LINE('',#9519,#2123);
#1517=LINE('',#9521,#2124);
#1518=LINE('',#9523,#2125);
#1519=LINE('',#9524,#2126);
#1520=LINE('',#9527,#2127);
#1521=LINE('',#9529,#2128);
#1522=LINE('',#9530,#2129);
#1523=LINE('',#9533,#2130);
#1524=LINE('',#9535,#2131);
#1525=LINE('',#9542,#2132);
#1526=LINE('',#9544,#2133);
#1527=LINE('',#9546,#2134);
#1528=LINE('',#9547,#2135);
#1529=LINE('',#9551,#2136);
#1530=LINE('',#9556,#2137);
#1531=LINE('',#9561,#2138);
#1532=LINE('',#9564,#2139);
#1533=LINE('',#9571,#2140);
#1534=LINE('',#9574,#2141);
#1535=LINE('',#9578,#2142);
#1536=LINE('',#9579,#2143);
#1537=LINE('',#9582,#2144);
#1538=LINE('',#9583,#2145);
#1539=LINE('',#9586,#2146);
#1540=LINE('',#9588,#2147);
#1541=LINE('',#9590,#2148);
#1542=LINE('',#9591,#2149);
#1543=LINE('',#9593,#2150);
#1544=LINE('',#9594,#2151);
#1545=LINE('',#9596,#2152);
#1546=LINE('',#9597,#2153);
#1547=LINE('',#9601,#2154);
#1548=LINE('',#9603,#2155);
#1549=LINE('',#9605,#2156);
#1550=LINE('',#9607,#2157);
#1551=LINE('',#9609,#2158);
#1552=LINE('',#9611,#2159);
#1553=LINE('',#9613,#2160);
#1554=LINE('',#9614,#2161);
#1555=LINE('',#9618,#2162);
#1556=LINE('',#9619,#2163);
#1557=LINE('',#9620,#2164);
#1558=LINE('',#9623,#2165);
#1559=LINE('',#9624,#2166);
#1560=LINE('',#9627,#2167);
#1561=LINE('',#9628,#2168);
#1562=LINE('',#9631,#2169);
#1563=LINE('',#9632,#2170);
#1564=LINE('',#9635,#2171);
#1565=LINE('',#9636,#2172);
#1566=LINE('',#9639,#2173);
#1567=LINE('',#9640,#2174);
#1568=LINE('',#9643,#2175);
#1569=LINE('',#9644,#2176);
#1570=LINE('',#9646,#2177);
#1571=LINE('',#9648,#2178);
#1572=LINE('',#9649,#2179);
#1573=LINE('',#9652,#2180);
#1574=LINE('',#9653,#2181);
#1575=LINE('',#9655,#2182);
#1576=VECTOR('',#6393,10.);
#1577=VECTOR('',#6396,10.);
#1578=VECTOR('',#6405,10.);
#1579=VECTOR('',#6408,10.);
#1580=VECTOR('',#6415,10.);
#1581=VECTOR('',#6416,10.);
#1582=VECTOR('',#6419,1.);
#1583=VECTOR('',#6422,1.);
#1584=VECTOR('',#6425,10.);
#1585=VECTOR('',#6428,10.);
#1586=VECTOR('',#6435,10.);
#1587=VECTOR('',#6438,10.);
#1588=VECTOR('',#6447,10.);
#1589=VECTOR('',#6450,10.);
#1590=VECTOR('',#6457,10.);
#1591=VECTOR('',#6458,10.);
#1592=VECTOR('',#6461,1.);
#1593=VECTOR('',#6464,1.);
#1594=VECTOR('',#6467,10.);
#1595=VECTOR('',#6470,10.);
#1596=VECTOR('',#6477,10.);
#1597=VECTOR('',#6480,10.);
#1598=VECTOR('',#6489,10.);
#1599=VECTOR('',#6492,10.);
#1600=VECTOR('',#6499,10.);
#1601=VECTOR('',#6500,10.);
#1602=VECTOR('',#6503,1.);
#1603=VECTOR('',#6506,1.);
#1604=VECTOR('',#6509,10.);
#1605=VECTOR('',#6512,10.);
#1606=VECTOR('',#6519,10.);
#1607=VECTOR('',#6522,10.);
#1608=VECTOR('',#6531,10.);
#1609=VECTOR('',#6534,10.);
#1610=VECTOR('',#6541,10.);
#1611=VECTOR('',#6542,10.);
#1612=VECTOR('',#6545,1.);
#1613=VECTOR('',#6548,1.);
#1614=VECTOR('',#6551,10.);
#1615=VECTOR('',#6554,10.);
#1616=VECTOR('',#6561,10.);
#1617=VECTOR('',#6564,10.);
#1618=VECTOR('',#6573,10.);
#1619=VECTOR('',#6576,10.);
#1620=VECTOR('',#6583,10.);
#1621=VECTOR('',#6584,10.);
#1622=VECTOR('',#6587,1.);
#1623=VECTOR('',#6590,1.);
#1624=VECTOR('',#6593,10.);
#1625=VECTOR('',#6596,10.);
#1626=VECTOR('',#6601,10.);
#1627=VECTOR('',#6602,10.);
#1628=VECTOR('',#6605,10.);
#1629=VECTOR('',#6610,10.);
#1630=VECTOR('',#6611,10.);
#1631=VECTOR('',#6614,10.);
#1632=VECTOR('',#6619,10.);
#1633=VECTOR('',#6620,10.);
#1634=VECTOR('',#6621,10.);
#1635=VECTOR('',#6624,10.);
#1636=VECTOR('',#6625,10.);
#1637=VECTOR('',#6626,10.);
#1638=VECTOR('',#6627,10.);
#1639=VECTOR('',#6630,10.);
#1640=VECTOR('',#6631,10.);
#1641=VECTOR('',#6632,10.);
#1642=VECTOR('',#6637,0.999999999999996);
#1643=VECTOR('',#6640,0.999999999999996);
#1644=VECTOR('',#6647,0.999999999999996);
#1645=VECTOR('',#6652,10.);
#1646=VECTOR('',#6659,10.);
#1647=VECTOR('',#6666,10.);
#1648=VECTOR('',#6669,10.);
#1649=VECTOR('',#6670,10.);
#1650=VECTOR('',#6673,10.);
#1651=VECTOR('',#6674,10.);
#1652=VECTOR('',#6677,10.);
#1653=VECTOR('',#6678,10.);
#1654=VECTOR('',#6679,10.);
#1655=VECTOR('',#6680,10.);
#1656=VECTOR('',#6681,10.);
#1657=VECTOR('',#6682,10.);
#1658=VECTOR('',#6683,10.);
#1659=VECTOR('',#6684,10.);
#1660=VECTOR('',#6685,10.);
#1661=VECTOR('',#6686,10.);
#1662=VECTOR('',#6687,10.);
#1663=VECTOR('',#6688,10.);
#1664=VECTOR('',#6689,10.);
#1665=VECTOR('',#6692,10.);
#1666=VECTOR('',#6693,10.);
#1667=VECTOR('',#6694,10.);
#1668=VECTOR('',#6695,10.);
#1669=VECTOR('',#6696,10.);
#1670=VECTOR('',#6697,10.);
#1671=VECTOR('',#6698,10.);
#1672=VECTOR('',#6699,10.);
#1673=VECTOR('',#6700,10.);
#1674=VECTOR('',#6701,10.);
#1675=VECTOR('',#6704,10.);
#1676=VECTOR('',#6705,10.);
#1677=VECTOR('',#6706,10.);
#1678=VECTOR('',#6707,10.);
#1679=VECTOR('',#6710,10.);
#1680=VECTOR('',#6711,10.);
#1681=VECTOR('',#6712,10.);
#1682=VECTOR('',#6715,10.);
#1683=VECTOR('',#6716,10.);
#1684=VECTOR('',#6717,10.);
#1685=VECTOR('',#6720,10.);
#1686=VECTOR('',#6723,10.);
#1687=VECTOR('',#6724,10.);
#1688=VECTOR('',#6725,10.);
#1689=VECTOR('',#6726,10.);
#1690=VECTOR('',#6727,10.);
#1691=VECTOR('',#6728,10.);
#1692=VECTOR('',#6729,10.);
#1693=VECTOR('',#6732,10.);
#1694=VECTOR('',#6733,10.);
#1695=VECTOR('',#6734,10.);
#1696=VECTOR('',#6735,10.);
#1697=VECTOR('',#6738,10.);
#1698=VECTOR('',#6739,10.);
#1699=VECTOR('',#6740,10.);
#1700=VECTOR('',#6743,10.);
#1701=VECTOR('',#6744,10.);
#1702=VECTOR('',#6745,10.);
#1703=VECTOR('',#6748,10.);
#1704=VECTOR('',#6749,10.);
#1705=VECTOR('',#6752,10.);
#1706=VECTOR('',#6753,10.);
#1707=VECTOR('',#6754,10.);
#1708=VECTOR('',#6757,10.);
#1709=VECTOR('',#6758,10.);
#1710=VECTOR('',#6759,10.);
#1711=VECTOR('',#6762,10.);
#1712=VECTOR('',#6763,10.);
#1713=VECTOR('',#6764,10.);
#1714=VECTOR('',#6767,10.);
#1715=VECTOR('',#6768,10.);
#1716=VECTOR('',#6769,10.);
#1717=VECTOR('',#6772,10.);
#1718=VECTOR('',#6773,10.);
#1719=VECTOR('',#6776,10.);
#1720=VECTOR('',#6779,10.);
#1721=VECTOR('',#6780,10.);
#1722=VECTOR('',#6781,10.);
#1723=VECTOR('',#6784,10.);
#1724=VECTOR('',#6785,10.);
#1725=VECTOR('',#6790,10.);
#1726=VECTOR('',#6797,10.);
#1727=VECTOR('',#6802,10.);
#1728=VECTOR('',#6803,10.);
#1729=VECTOR('',#6804,10.);
#1730=VECTOR('',#6807,10.);
#1731=VECTOR('',#6808,10.);
#1732=VECTOR('',#6811,10.);
#1733=VECTOR('',#6812,10.);
#1734=VECTOR('',#6829,0.999999999999996);
#1735=VECTOR('',#6834,0.999999999999996);
#1736=VECTOR('',#6837,0.999999999999996);
#1737=VECTOR('',#6856,10.);
#1738=VECTOR('',#6859,10.);
#1739=VECTOR('',#6868,10.);
#1740=VECTOR('',#6871,10.);
#1741=VECTOR('',#6878,10.);
#1742=VECTOR('',#6879,10.);
#1743=VECTOR('',#6882,1.);
#1744=VECTOR('',#6885,1.);
#1745=VECTOR('',#6888,10.);
#1746=VECTOR('',#6891,10.);
#1747=VECTOR('',#6896,10.);
#1748=VECTOR('',#6897,10.);
#1749=VECTOR('',#6900,10.);
#1750=VECTOR('',#6905,10.);
#1751=VECTOR('',#6906,10.);
#1752=VECTOR('',#6909,10.);
#1753=VECTOR('',#6914,10.);
#1754=VECTOR('',#6915,10.);
#1755=VECTOR('',#6916,10.);
#1756=VECTOR('',#6919,10.);
#1757=VECTOR('',#6920,10.);
#1758=VECTOR('',#6921,10.);
#1759=VECTOR('',#6922,10.);
#1760=VECTOR('',#6925,10.);
#1761=VECTOR('',#6926,10.);
#1762=VECTOR('',#6927,10.);
#1763=VECTOR('',#6932,0.999999999999996);
#1764=VECTOR('',#6935,0.999999999999996);
#1765=VECTOR('',#6942,0.999999999999996);
#1766=VECTOR('',#6947,10.);
#1767=VECTOR('',#6954,10.);
#1768=VECTOR('',#6961,10.);
#1769=VECTOR('',#6964,10.);
#1770=VECTOR('',#6965,10.);
#1771=VECTOR('',#6968,10.);
#1772=VECTOR('',#6969,10.);
#1773=VECTOR('',#6972,10.);
#1774=VECTOR('',#6973,10.);
#1775=VECTOR('',#6974,10.);
#1776=VECTOR('',#6975,10.);
#1777=VECTOR('',#6976,10.);
#1778=VECTOR('',#6977,10.);
#1779=VECTOR('',#6978,10.);
#1780=VECTOR('',#6979,10.);
#1781=VECTOR('',#6980,10.);
#1782=VECTOR('',#6981,10.);
#1783=VECTOR('',#6982,10.);
#1784=VECTOR('',#6983,10.);
#1785=VECTOR('',#6984,10.);
#1786=VECTOR('',#6987,10.);
#1787=VECTOR('',#6990,10.);
#1788=VECTOR('',#6995,10.);
#1789=VECTOR('',#6996,10.);
#1790=VECTOR('',#6997,10.);
#1791=VECTOR('',#6998,10.);
#1792=VECTOR('',#7001,10.);
#1793=VECTOR('',#7002,10.);
#1794=VECTOR('',#7003,10.);
#1795=VECTOR('',#7006,10.);
#1796=VECTOR('',#7013,10.);
#1797=VECTOR('',#7014,10.);
#1798=VECTOR('',#7015,10.);
#1799=VECTOR('',#7016,10.);
#1800=VECTOR('',#7021,0.999999999999996);
#1801=VECTOR('',#7026,0.999999999999996);
#1802=VECTOR('',#7033,0.999999999999996);
#1803=VECTOR('',#7050,10.);
#1804=VECTOR('',#7053,10.);
#1805=VECTOR('',#7056,10.);
#1806=VECTOR('',#7057,10.);
#1807=VECTOR('',#7058,10.);
#1808=VECTOR('',#7061,10.);
#1809=VECTOR('',#7062,10.);
#1810=VECTOR('',#7065,10.);
#1811=VECTOR('',#7066,10.);
#1812=VECTOR('',#7067,10.);
#1813=VECTOR('',#7068,10.);
#1814=VECTOR('',#7071,10.);
#1815=VECTOR('',#7072,10.);
#1816=VECTOR('',#7073,10.);
#1817=VECTOR('',#7076,10.);
#1818=VECTOR('',#7077,10.);
#1819=VECTOR('',#7078,10.);
#1820=VECTOR('',#7081,10.);
#1821=VECTOR('',#7082,10.);
#1822=VECTOR('',#7087,10.);
#1823=VECTOR('',#7088,10.);
#1824=VECTOR('',#7091,10.);
#1825=VECTOR('',#7098,10.);
#1826=VECTOR('',#7101,10.);
#1827=VECTOR('',#7110,10.);
#1828=VECTOR('',#7113,10.);
#1829=VECTOR('',#7120,10.);
#1830=VECTOR('',#7121,10.);
#1831=VECTOR('',#7124,1.);
#1832=VECTOR('',#7127,1.);
#1833=VECTOR('',#7130,10.);
#1834=VECTOR('',#7133,10.);
#1835=VECTOR('',#7140,10.);
#1836=VECTOR('',#7143,10.);
#1837=VECTOR('',#7152,10.);
#1838=VECTOR('',#7155,10.);
#1839=VECTOR('',#7162,10.);
#1840=VECTOR('',#7163,10.);
#1841=VECTOR('',#7166,1.);
#1842=VECTOR('',#7169,1.);
#1843=VECTOR('',#7172,10.);
#1844=VECTOR('',#7175,10.);
#1845=VECTOR('',#7180,10.);
#1846=VECTOR('',#7181,10.);
#1847=VECTOR('',#7184,10.);
#1848=VECTOR('',#7189,10.);
#1849=VECTOR('',#7190,10.);
#1850=VECTOR('',#7191,10.);
#1851=VECTOR('',#7192,10.);
#1852=VECTOR('',#7195,10.);
#1853=VECTOR('',#7196,10.);
#1854=VECTOR('',#7197,10.);
#1855=VECTOR('',#7200,10.);
#1856=VECTOR('',#7201,10.);
#1857=VECTOR('',#7208,10.);
#1858=VECTOR('',#7209,10.);
#1859=VECTOR('',#7210,10.);
#1860=VECTOR('',#7211,10.);
#1861=VECTOR('',#7216,0.999999999999996);
#1862=VECTOR('',#7221,0.999999999999996);
#1863=VECTOR('',#7228,0.999999999999996);
#1864=VECTOR('',#7231,10.);
#1865=VECTOR('',#7240,10.);
#1866=VECTOR('',#7243,10.);
#1867=VECTOR('',#7248,10.);
#1868=VECTOR('',#7249,10.);
#1869=VECTOR('',#7252,10.);
#1870=VECTOR('',#7253,10.);
#1871=VECTOR('',#7256,10.);
#1872=VECTOR('',#7257,10.);
#1873=VECTOR('',#7258,10.);
#1874=VECTOR('',#7259,10.);
#1875=VECTOR('',#7260,10.);
#1876=VECTOR('',#7267,10.);
#1877=VECTOR('',#7268,10.);
#1878=VECTOR('',#7269,10.);
#1879=VECTOR('',#7270,10.);
#1880=VECTOR('',#7273,10.);
#1881=VECTOR('',#7274,10.);
#1882=VECTOR('',#7275,10.);
#1883=VECTOR('',#7276,10.);
#1884=VECTOR('',#7279,10.);
#1885=VECTOR('',#7280,10.);
#1886=VECTOR('',#7281,10.);
#1887=VECTOR('',#7282,10.);
#1888=VECTOR('',#7283,10.);
#1889=VECTOR('',#7286,10.);
#1890=VECTOR('',#7287,10.);
#1891=VECTOR('',#7288,10.);
#1892=VECTOR('',#7291,10.);
#1893=VECTOR('',#7294,10.);
#1894=VECTOR('',#7297,10.);
#1895=VECTOR('',#7298,10.);
#1896=VECTOR('',#7299,10.);
#1897=VECTOR('',#7300,10.);
#1898=VECTOR('',#7301,10.);
#1899=VECTOR('',#7302,10.);
#1900=VECTOR('',#7303,10.);
#1901=VECTOR('',#7304,10.);
#1902=VECTOR('',#7305,10.);
#1903=VECTOR('',#7306,10.);
#1904=VECTOR('',#7311,10.);
#1905=VECTOR('',#7314,10.);
#1906=VECTOR('',#7319,10.);
#1907=VECTOR('',#7322,10.);
#1908=VECTOR('',#7327,10.);
#1909=VECTOR('',#7328,10.);
#1910=VECTOR('',#7329,10.);
#1911=VECTOR('',#7332,10.);
#1912=VECTOR('',#7333,10.);
#1913=VECTOR('',#7336,10.);
#1914=VECTOR('',#7339,10.);
#1915=VECTOR('',#7346,10.);
#1916=VECTOR('',#7347,10.);
#1917=VECTOR('',#7348,10.);
#1918=VECTOR('',#7349,10.);
#1919=VECTOR('',#7350,10.);
#1920=VECTOR('',#7353,0.999999999999996);
#1921=VECTOR('',#7358,0.999999999999996);
#1922=VECTOR('',#7361,0.999999999999996);
#1923=VECTOR('',#7380,10.);
#1924=VECTOR('',#7381,10.);
#1925=VECTOR('',#7384,10.);
#1926=VECTOR('',#7389,10.);
#1927=VECTOR('',#7390,10.);
#1928=VECTOR('',#7393,10.);
#1929=VECTOR('',#7398,10.);
#1930=VECTOR('',#7399,10.);
#1931=VECTOR('',#7400,10.);
#1932=VECTOR('',#7403,10.);
#1933=VECTOR('',#7404,10.);
#1934=VECTOR('',#7405,10.);
#1935=VECTOR('',#7406,10.);
#1936=VECTOR('',#7409,10.);
#1937=VECTOR('',#7410,10.);
#1938=VECTOR('',#7411,10.);
#1939=VECTOR('',#7416,0.999999999999996);
#1940=VECTOR('',#7419,0.999999999999996);
#1941=VECTOR('',#7426,0.999999999999996);
#1942=VECTOR('',#7431,10.);
#1943=VECTOR('',#7438,10.);
#1944=VECTOR('',#7445,10.);
#1945=VECTOR('',#7448,10.);
#1946=VECTOR('',#7449,10.);
#1947=VECTOR('',#7452,10.);
#1948=VECTOR('',#7453,10.);
#1949=VECTOR('',#7456,10.);
#1950=VECTOR('',#7457,10.);
#1951=VECTOR('',#7458,10.);
#1952=VECTOR('',#7459,10.);
#1953=VECTOR('',#7462,10.);
#1954=VECTOR('',#7463,10.);
#1955=VECTOR('',#7464,10.);
#1956=VECTOR('',#7465,10.);
#1957=VECTOR('',#7468,10.);
#1958=VECTOR('',#7469,10.);
#1959=VECTOR('',#7470,10.);
#1960=VECTOR('',#7471,10.);
#1961=VECTOR('',#7472,10.);
#1962=VECTOR('',#7473,10.);
#1963=VECTOR('',#7474,10.);
#1964=VECTOR('',#7477,10.);
#1965=VECTOR('',#7478,10.);
#1966=VECTOR('',#7479,10.);
#1967=VECTOR('',#7480,10.);
#1968=VECTOR('',#7481,10.);
#1969=VECTOR('',#7482,10.);
#1970=VECTOR('',#7483,10.);
#1971=VECTOR('',#7484,10.);
#1972=VECTOR('',#7487,10.);
#1973=VECTOR('',#7490,10.);
#1974=VECTOR('',#7491,10.);
#1975=VECTOR('',#7494,10.);
#1976=VECTOR('',#7495,10.);
#1977=VECTOR('',#7498,10.);
#1978=VECTOR('',#7499,10.);
#1979=VECTOR('',#7502,10.);
#1980=VECTOR('',#7503,10.);
#1981=VECTOR('',#7506,10.);
#1982=VECTOR('',#7507,10.);
#1983=VECTOR('',#7510,10.);
#1984=VECTOR('',#7511,10.);
#1985=VECTOR('',#7514,10.);
#1986=VECTOR('',#7523,10.);
#1987=VECTOR('',#7526,10.);
#1988=VECTOR('',#7535,10.);
#1989=VECTOR('',#7538,10.);
#1990=VECTOR('',#7545,10.);
#1991=VECTOR('',#7546,10.);
#1992=VECTOR('',#7549,1.);
#1993=VECTOR('',#7552,1.);
#1994=VECTOR('',#7555,10.);
#1995=VECTOR('',#7558,10.);
#1996=VECTOR('',#7563,10.);
#1997=VECTOR('',#7564,10.);
#1998=VECTOR('',#7565,10.);
#1999=VECTOR('',#7566,10.);
#2000=VECTOR('',#7569,10.);
#2001=VECTOR('',#7570,10.);
#2002=VECTOR('',#7571,10.);
#2003=VECTOR('',#7574,10.);
#2004=VECTOR('',#7575,10.);
#2005=VECTOR('',#7576,10.);
#2006=VECTOR('',#7579,10.);
#2007=VECTOR('',#7580,10.);
#2008=VECTOR('',#7581,10.);
#2009=VECTOR('',#7584,10.);
#2010=VECTOR('',#7585,10.);
#2011=VECTOR('',#7586,10.);
#2012=VECTOR('',#7589,10.);
#2013=VECTOR('',#7590,10.);
#2014=VECTOR('',#7591,10.);
#2015=VECTOR('',#7594,10.);
#2016=VECTOR('',#7595,10.);
#2017=VECTOR('',#7596,10.);
#2018=VECTOR('',#7599,10.);
#2019=VECTOR('',#7600,10.);
#2020=VECTOR('',#7601,10.);
#2021=VECTOR('',#7602,10.);
#2022=VECTOR('',#7603,10.);
#2023=VECTOR('',#7606,10.);
#2024=VECTOR('',#7609,10.);
#2025=VECTOR('',#7610,10.);
#2026=VECTOR('',#7611,10.);
#2027=VECTOR('',#7612,10.);
#2028=VECTOR('',#7613,10.);
#2029=VECTOR('',#7614,10.);
#2030=VECTOR('',#7615,10.);
#2031=VECTOR('',#7616,10.);
#2032=VECTOR('',#7617,10.);
#2033=VECTOR('',#7618,10.);
#2034=VECTOR('',#7619,10.);
#2035=VECTOR('',#7622,10.);
#2036=VECTOR('',#7629,10.);
#2037=VECTOR('',#7630,10.);
#2038=VECTOR('',#7631,10.);
#2039=VECTOR('',#7634,10.);
#2040=VECTOR('',#7635,10.);
#2041=VECTOR('',#7636,10.);
#2042=VECTOR('',#7639,10.);
#2043=VECTOR('',#7640,10.);
#2044=VECTOR('',#7641,10.);
#2045=VECTOR('',#7642,10.);
#2046=VECTOR('',#7643,10.);
#2047=VECTOR('',#7644,10.);
#2048=VECTOR('',#7645,10.);
#2049=VECTOR('',#7646,10.);
#2050=VECTOR('',#7657,0.999999999999996);
#2051=VECTOR('',#7664,0.999999999999996);
#2052=VECTOR('',#7667,0.999999999999996);
#2053=VECTOR('',#7694,10.);
#2054=VECTOR('',#7695,10.);
#2055=VECTOR('',#7696,10.);
#2056=VECTOR('',#7697,10.);
#2057=VECTOR('',#7700,10.);
#2058=VECTOR('',#7701,10.);
#2059=VECTOR('',#7702,10.);
#2060=VECTOR('',#7705,10.);
#2061=VECTOR('',#7706,10.);
#2062=VECTOR('',#7707,10.);
#2063=VECTOR('',#7710,10.);
#2064=VECTOR('',#7711,10.);
#2065=VECTOR('',#7712,10.);
#2066=VECTOR('',#7715,10.);
#2067=VECTOR('',#7716,10.);
#2068=VECTOR('',#7717,10.);
#2069=VECTOR('',#7720,10.);
#2070=VECTOR('',#7721,10.);
#2071=VECTOR('',#7722,10.);
#2072=VECTOR('',#7725,10.);
#2073=VECTOR('',#7726,10.);
#2074=VECTOR('',#7727,10.);
#2075=VECTOR('',#7730,10.);
#2076=VECTOR('',#7731,10.);
#2077=VECTOR('',#7732,10.);
#2078=VECTOR('',#7733,10.);
#2079=VECTOR('',#7734,10.);
#2080=VECTOR('',#7737,10.);
#2081=VECTOR('',#7740,10.);
#2082=VECTOR('',#7741,10.);
#2083=VECTOR('',#7742,10.);
#2084=VECTOR('',#7743,10.);
#2085=VECTOR('',#7744,10.);
#2086=VECTOR('',#7745,10.);
#2087=VECTOR('',#7746,10.);
#2088=VECTOR('',#7747,10.);
#2089=VECTOR('',#7748,10.);
#2090=VECTOR('',#7749,10.);
#2091=VECTOR('',#7750,10.);
#2092=VECTOR('',#7753,10.);
#2093=VECTOR('',#7760,10.);
#2094=VECTOR('',#7761,10.);
#2095=VECTOR('',#7762,10.);
#2096=VECTOR('',#7765,10.);
#2097=VECTOR('',#7766,10.);
#2098=VECTOR('',#7767,10.);
#2099=VECTOR('',#7770,10.);
#2100=VECTOR('',#7771,10.);
#2101=VECTOR('',#7772,10.);
#2102=VECTOR('',#7773,10.);
#2103=VECTOR('',#7774,10.);
#2104=VECTOR('',#7775,10.);
#2105=VECTOR('',#7776,10.);
#2106=VECTOR('',#7777,10.);
#2107=VECTOR('',#7788,0.999999999999996);
#2108=VECTOR('',#7795,0.999999999999996);
#2109=VECTOR('',#7798,0.999999999999996);
#2110=VECTOR('',#7827,10.);
#2111=VECTOR('',#7830,10.);
#2112=VECTOR('',#7839,10.);
#2113=VECTOR('',#7842,10.);
#2114=VECTOR('',#7849,10.);
#2115=VECTOR('',#7850,10.);
#2116=VECTOR('',#7853,1.);
#2117=VECTOR('',#7856,1.);
#2118=VECTOR('',#7859,10.);
#2119=VECTOR('',#7862,10.);
#2120=VECTOR('',#7867,10.);
#2121=VECTOR('',#7868,10.);
#2122=VECTOR('',#7871,10.);
#2123=VECTOR('',#7876,10.);
#2124=VECTOR('',#7877,10.);
#2125=VECTOR('',#7878,10.);
#2126=VECTOR('',#7879,10.);
#2127=VECTOR('',#7882,10.);
#2128=VECTOR('',#7883,10.);
#2129=VECTOR('',#7884,10.);
#2130=VECTOR('',#7887,10.);
#2131=VECTOR('',#7888,10.);
#2132=VECTOR('',#7895,10.);
#2133=VECTOR('',#7896,10.);
#2134=VECTOR('',#7897,10.);
#2135=VECTOR('',#7898,10.);
#2136=VECTOR('',#7903,0.999999999999996);
#2137=VECTOR('',#7908,0.999999999999996);
#2138=VECTOR('',#7915,0.999999999999996);
#2139=VECTOR('',#7918,10.);
#2140=VECTOR('',#7927,10.);
#2141=VECTOR('',#7930,10.);
#2142=VECTOR('',#7935,10.);
#2143=VECTOR('',#7936,10.);
#2144=VECTOR('',#7939,10.);
#2145=VECTOR('',#7940,10.);
#2146=VECTOR('',#7943,10.);
#2147=VECTOR('',#7944,10.);
#2148=VECTOR('',#7945,10.);
#2149=VECTOR('',#7946,10.);
#2150=VECTOR('',#7949,10.);
#2151=VECTOR('',#7950,10.);
#2152=VECTOR('',#7951,10.);
#2153=VECTOR('',#7952,10.);
#2154=VECTOR('',#7955,10.);
#2155=VECTOR('',#7956,10.);
#2156=VECTOR('',#7957,10.);
#2157=VECTOR('',#7958,10.);
#2158=VECTOR('',#7959,10.);
#2159=VECTOR('',#7960,10.);
#2160=VECTOR('',#7961,10.);
#2161=VECTOR('',#7962,10.);
#2162=VECTOR('',#7965,10.);
#2163=VECTOR('',#7966,10.);
#2164=VECTOR('',#7967,10.);
#2165=VECTOR('',#7970,10.);
#2166=VECTOR('',#7971,10.);
#2167=VECTOR('',#7974,10.);
#2168=VECTOR('',#7975,10.);
#2169=VECTOR('',#7978,10.);
#2170=VECTOR('',#7979,10.);
#2171=VECTOR('',#7982,10.);
#2172=VECTOR('',#7983,10.);
#2173=VECTOR('',#7986,10.);
#2174=VECTOR('',#7987,10.);
#2175=VECTOR('',#7990,10.);
#2176=VECTOR('',#7991,10.);
#2177=VECTOR('',#7994,10.);
#2178=VECTOR('',#7995,10.);
#2179=VECTOR('',#7996,10.);
#2180=VECTOR('',#7999,10.);
#2181=VECTOR('',#8000,10.);
#2182=VECTOR('',#8003,10.);
#2183=CIRCLE('',#5883,1.99999995529652);
#2184=CIRCLE('',#5884,1.99999995529652);
#2185=CIRCLE('',#5885,1.);
#2186=CIRCLE('',#5886,1.);
#2187=CIRCLE('',#5888,1.99999995529652);
#2188=CIRCLE('',#5889,1.99999995529652);
#2189=CIRCLE('',#5890,1.);
#2190=CIRCLE('',#5891,1.);
#2191=CIRCLE('',#5899,1.99999995529652);
#2192=CIRCLE('',#5900,1.99999995529652);
#2193=CIRCLE('',#5901,1.);
#2194=CIRCLE('',#5902,1.);
#2195=CIRCLE('',#5904,1.99999995529652);
#2196=CIRCLE('',#5905,1.99999995529652);
#2197=CIRCLE('',#5906,1.);
#2198=CIRCLE('',#5907,1.);
#2199=CIRCLE('',#5915,1.99999995529652);
#2200=CIRCLE('',#5916,1.99999995529652);
#2201=CIRCLE('',#5917,1.);
#2202=CIRCLE('',#5918,1.);
#2203=CIRCLE('',#5920,1.99999995529652);
#2204=CIRCLE('',#5921,1.99999995529652);
#2205=CIRCLE('',#5922,1.);
#2206=CIRCLE('',#5923,1.);
#2207=CIRCLE('',#5931,1.99999995529652);
#2208=CIRCLE('',#5932,1.99999995529652);
#2209=CIRCLE('',#5933,1.);
#2210=CIRCLE('',#5934,1.);
#2211=CIRCLE('',#5936,1.99999995529652);
#2212=CIRCLE('',#5937,1.99999995529652);
#2213=CIRCLE('',#5938,1.);
#2214=CIRCLE('',#5939,1.);
#2215=CIRCLE('',#5947,1.99999995529652);
#2216=CIRCLE('',#5948,1.99999995529652);
#2217=CIRCLE('',#5949,1.);
#2218=CIRCLE('',#5950,1.);
#2219=CIRCLE('',#5952,1.99999995529652);
#2220=CIRCLE('',#5953,1.99999995529652);
#2221=CIRCLE('',#5954,1.);
#2222=CIRCLE('',#5955,1.);
#2223=CIRCLE('',#5963,1.99999999999999);
#2224=CIRCLE('',#5964,0.999999999999996);
#2225=CIRCLE('',#5966,1.99999999999999);
#2226=CIRCLE('',#5967,0.999999999999996);
#2227=CIRCLE('',#5972,0.999999999999996);
#2228=CIRCLE('',#5974,0.999999999999996);
#2229=CIRCLE('',#5976,0.999999999999996);
#2230=CIRCLE('',#5977,0.999999999999996);
#2231=CIRCLE('',#5979,1.99999999999999);
#2232=CIRCLE('',#5981,1.99999999999999);
#2233=CIRCLE('',#5983,1.99999999999999);
#2234=CIRCLE('',#5984,1.99999999999999);
#2235=CIRCLE('',#6007,1.99999999999999);
#2236=CIRCLE('',#6008,0.999999999999996);
#2237=CIRCLE('',#6010,1.99999999999999);
#2238=CIRCLE('',#6011,0.999999999999996);
#2239=CIRCLE('',#6016,1.99999999999999);
#2240=CIRCLE('',#6017,0.999999999999996);
#2241=CIRCLE('',#6019,1.99999999999999);
#2242=CIRCLE('',#6020,0.999999999999996);
#2243=CIRCLE('',#6022,0.999999999999996);
#2244=CIRCLE('',#6024,0.999999999999996);
#2245=CIRCLE('',#6027,1.99999999999999);
#2246=CIRCLE('',#6029,1.99999999999999);
#2247=CIRCLE('',#6034,1.99999995529652);
#2248=CIRCLE('',#6035,1.99999995529652);
#2249=CIRCLE('',#6036,1.);
#2250=CIRCLE('',#6037,1.);
#2251=CIRCLE('',#6039,1.99999995529652);
#2252=CIRCLE('',#6040,1.99999995529652);
#2253=CIRCLE('',#6041,1.);
#2254=CIRCLE('',#6042,1.);
#2255=CIRCLE('',#6050,1.99999999999999);
#2256=CIRCLE('',#6051,0.999999999999996);
#2257=CIRCLE('',#6053,1.99999999999999);
#2258=CIRCLE('',#6054,0.999999999999996);
#2259=CIRCLE('',#6059,0.999999999999996);
#2260=CIRCLE('',#6061,0.999999999999996);
#2261=CIRCLE('',#6063,0.999999999999996);
#2262=CIRCLE('',#6064,0.999999999999996);
#2263=CIRCLE('',#6066,1.99999999999999);
#2264=CIRCLE('',#6068,1.99999999999999);
#2265=CIRCLE('',#6070,1.99999999999999);
#2266=CIRCLE('',#6071,1.99999999999999);
#2267=CIRCLE('',#6076,1.99999999999999);
#2268=CIRCLE('',#6077,0.999999999999996);
#2269=CIRCLE('',#6081,1.99999999999999);
#2270=CIRCLE('',#6082,0.999999999999996);
#2271=CIRCLE('',#6085,0.999999999999996);
#2272=CIRCLE('',#6087,0.999999999999996);
#2273=CIRCLE('',#6088,0.999999999999996);
#2274=CIRCLE('',#6090,0.999999999999996);
#2275=CIRCLE('',#6092,1.99999999999999);
#2276=CIRCLE('',#6094,1.99999999999999);
#2277=CIRCLE('',#6095,1.99999999999999);
#2278=CIRCLE('',#6097,1.99999999999999);
#2279=CIRCLE('',#6111,1.99999995529652);
#2280=CIRCLE('',#6112,1.99999995529652);
#2281=CIRCLE('',#6113,1.);
#2282=CIRCLE('',#6114,1.);
#2283=CIRCLE('',#6116,1.99999995529652);
#2284=CIRCLE('',#6117,1.99999995529652);
#2285=CIRCLE('',#6118,1.);
#2286=CIRCLE('',#6119,1.);
#2287=CIRCLE('',#6127,1.99999995529652);
#2288=CIRCLE('',#6128,1.99999995529652);
#2289=CIRCLE('',#6129,1.);
#2290=CIRCLE('',#6130,1.);
#2291=CIRCLE('',#6132,1.99999995529652);
#2292=CIRCLE('',#6133,1.99999995529652);
#2293=CIRCLE('',#6134,1.);
#2294=CIRCLE('',#6135,1.);
#2295=CIRCLE('',#6143,1.99999999999999);
#2296=CIRCLE('',#6144,0.999999999999996);
#2297=CIRCLE('',#6148,1.99999999999999);
#2298=CIRCLE('',#6149,0.999999999999996);
#2299=CIRCLE('',#6152,0.999999999999996);
#2300=CIRCLE('',#6154,0.999999999999996);
#2301=CIRCLE('',#6155,0.999999999999996);
#2302=CIRCLE('',#6157,0.999999999999996);
#2303=CIRCLE('',#6159,1.99999999999999);
#2304=CIRCLE('',#6161,1.99999999999999);
#2305=CIRCLE('',#6162,1.99999999999999);
#2306=CIRCLE('',#6164,1.99999999999999);
#2307=CIRCLE('',#6168,1.99999999999999);
#2308=CIRCLE('',#6169,0.999999999999996);
#2309=CIRCLE('',#6179,1.99999999999999);
#2310=CIRCLE('',#6180,0.999999999999996);
#2311=CIRCLE('',#6182,1.99999999999999);
#2312=CIRCLE('',#6183,0.999999999999996);
#2313=CIRCLE('',#6188,1.99999999999999);
#2314=CIRCLE('',#6189,0.999999999999996);
#2315=CIRCLE('',#6192,0.999999999999996);
#2316=CIRCLE('',#6195,0.999999999999996);
#2317=CIRCLE('',#6198,1.99999999999999);
#2318=CIRCLE('',#6200,1.99999999999999);
#2319=CIRCLE('',#6204,1.99999999999999);
#2320=CIRCLE('',#6205,0.999999999999996);
#2321=CIRCLE('',#6207,1.99999999999999);
#2322=CIRCLE('',#6208,0.999999999999996);
#2323=CIRCLE('',#6213,0.999999999999996);
#2324=CIRCLE('',#6215,0.999999999999996);
#2325=CIRCLE('',#6217,0.999999999999996);
#2326=CIRCLE('',#6218,0.999999999999996);
#2327=CIRCLE('',#6220,1.99999999999999);
#2328=CIRCLE('',#6222,1.99999999999999);
#2329=CIRCLE('',#6224,1.99999999999999);
#2330=CIRCLE('',#6225,1.99999999999999);
#2331=CIRCLE('',#6243,1.99999995529652);
#2332=CIRCLE('',#6244,1.99999995529652);
#2333=CIRCLE('',#6245,1.);
#2334=CIRCLE('',#6246,1.);
#2335=CIRCLE('',#6248,1.99999995529652);
#2336=CIRCLE('',#6249,1.99999995529652);
#2337=CIRCLE('',#6250,1.);
#2338=CIRCLE('',#6251,1.);
#2339=CIRCLE('',#6269,1.99999999999999);
#2340=CIRCLE('',#6270,0.999999999999996);
#2341=CIRCLE('',#6275,1.99999999999999);
#2342=CIRCLE('',#6276,0.999999999999996);
#2343=CIRCLE('',#6278,0.999999999999996);
#2344=CIRCLE('',#6279,0.999999999999996);
#2345=CIRCLE('',#6281,0.999999999999996);
#2346=CIRCLE('',#6283,0.999999999999996);
#2347=CIRCLE('',#6285,1.99999999999999);
#2348=CIRCLE('',#6287,1.99999999999999);
#2349=CIRCLE('',#6288,1.99999999999999);
#2350=CIRCLE('',#6290,1.99999999999999);
#2351=CIRCLE('',#6306,1.99999999999999);
#2352=CIRCLE('',#6307,0.999999999999996);
#2353=CIRCLE('',#6312,1.99999999999999);
#2354=CIRCLE('',#6313,0.999999999999996);
#2355=CIRCLE('',#6315,0.999999999999996);
#2356=CIRCLE('',#6316,0.999999999999996);
#2357=CIRCLE('',#6318,0.999999999999996);
#2358=CIRCLE('',#6320,0.999999999999996);
#2359=CIRCLE('',#6322,1.99999999999999);
#2360=CIRCLE('',#6323,1.99999999999999);
#2361=CIRCLE('',#6325,1.99999999999999);
#2362=CIRCLE('',#6327,1.99999999999999);
#2363=CIRCLE('',#6333,1.99999995529652);
#2364=CIRCLE('',#6334,1.99999995529652);
#2365=CIRCLE('',#6335,1.);
#2366=CIRCLE('',#6336,1.);
#2367=CIRCLE('',#6338,1.99999995529652);
#2368=CIRCLE('',#6339,1.99999995529652);
#2369=CIRCLE('',#6340,1.);
#2370=CIRCLE('',#6341,1.);
#2371=CIRCLE('',#6349,1.99999999999999);
#2372=CIRCLE('',#6350,0.999999999999996);
#2373=CIRCLE('',#6354,1.99999999999999);
#2374=CIRCLE('',#6355,0.999999999999996);
#2375=CIRCLE('',#6358,0.999999999999996);
#2376=CIRCLE('',#6360,0.999999999999996);
#2377=CIRCLE('',#6361,0.999999999999996);
#2378=CIRCLE('',#6363,0.999999999999996);
#2379=CIRCLE('',#6365,1.99999999999999);
#2380=CIRCLE('',#6367,1.99999999999999);
#2381=CIRCLE('',#6368,1.99999999999999);
#2382=CIRCLE('',#6370,1.99999999999999);
#2383=VERTEX_POINT('',#8008);
#2384=VERTEX_POINT('',#8009);
#2385=VERTEX_POINT('',#8011);
#2386=VERTEX_POINT('',#8013);
#2387=VERTEX_POINT('',#8016);
#2388=VERTEX_POINT('',#8018);
#2389=VERTEX_POINT('',#8021);
#2390=VERTEX_POINT('',#8022);
#2391=VERTEX_POINT('',#8024);
#2392=VERTEX_POINT('',#8026);
#2393=VERTEX_POINT('',#8029);
#2394=VERTEX_POINT('',#8031);
#2395=VERTEX_POINT('',#8046);
#2396=VERTEX_POINT('',#8047);
#2397=VERTEX_POINT('',#8049);
#2398=VERTEX_POINT('',#8051);
#2399=VERTEX_POINT('',#8054);
#2400=VERTEX_POINT('',#8056);
#2401=VERTEX_POINT('',#8059);
#2402=VERTEX_POINT('',#8060);
#2403=VERTEX_POINT('',#8062);
#2404=VERTEX_POINT('',#8064);
#2405=VERTEX_POINT('',#8067);
#2406=VERTEX_POINT('',#8069);
#2407=VERTEX_POINT('',#8084);
#2408=VERTEX_POINT('',#8085);
#2409=VERTEX_POINT('',#8087);
#2410=VERTEX_POINT('',#8089);
#2411=VERTEX_POINT('',#8092);
#2412=VERTEX_POINT('',#8094);
#2413=VERTEX_POINT('',#8097);
#2414=VERTEX_POINT('',#8098);
#2415=VERTEX_POINT('',#8100);
#2416=VERTEX_POINT('',#8102);
#2417=VERTEX_POINT('',#8105);
#2418=VERTEX_POINT('',#8107);
#2419=VERTEX_POINT('',#8122);
#2420=VERTEX_POINT('',#8123);
#2421=VERTEX_POINT('',#8125);
#2422=VERTEX_POINT('',#8127);
#2423=VERTEX_POINT('',#8130);
#2424=VERTEX_POINT('',#8132);
#2425=VERTEX_POINT('',#8135);
#2426=VERTEX_POINT('',#8136);
#2427=VERTEX_POINT('',#8138);
#2428=VERTEX_POINT('',#8140);
#2429=VERTEX_POINT('',#8143);
#2430=VERTEX_POINT('',#8145);
#2431=VERTEX_POINT('',#8160);
#2432=VERTEX_POINT('',#8161);
#2433=VERTEX_POINT('',#8163);
#2434=VERTEX_POINT('',#8165);
#2435=VERTEX_POINT('',#8168);
#2436=VERTEX_POINT('',#8170);
#2437=VERTEX_POINT('',#8173);
#2438=VERTEX_POINT('',#8174);
#2439=VERTEX_POINT('',#8176);
#2440=VERTEX_POINT('',#8178);
#2441=VERTEX_POINT('',#8181);
#2442=VERTEX_POINT('',#8183);
#2443=VERTEX_POINT('',#8198);
#2444=VERTEX_POINT('',#8199);
#2445=VERTEX_POINT('',#8201);
#2446=VERTEX_POINT('',#8203);
#2447=VERTEX_POINT('',#8206);
#2448=VERTEX_POINT('',#8209);
#2449=VERTEX_POINT('',#8210);
#2450=VERTEX_POINT('',#8212);
#2451=VERTEX_POINT('',#8214);
#2452=VERTEX_POINT('',#8217);
#2453=VERTEX_POINT('',#8220);
#2454=VERTEX_POINT('',#8222);
#2455=VERTEX_POINT('',#8226);
#2456=VERTEX_POINT('',#8227);
#2457=VERTEX_POINT('',#8229);
#2458=VERTEX_POINT('',#8231);
#2459=VERTEX_POINT('',#8235);
#2460=VERTEX_POINT('',#8237);
#2461=VERTEX_POINT('',#8241);
#2462=VERTEX_POINT('',#8245);
#2463=VERTEX_POINT('',#8249);
#2464=VERTEX_POINT('',#8251);
#2465=VERTEX_POINT('',#8255);
#2466=VERTEX_POINT('',#8259);
#2467=VERTEX_POINT('',#8263);
#2468=VERTEX_POINT('',#8265);
#2469=VERTEX_POINT('',#8269);
#2470=VERTEX_POINT('',#8273);
#2471=VERTEX_POINT('',#8277);
#2472=VERTEX_POINT('',#8279);
#2473=VERTEX_POINT('',#8281);
#2474=VERTEX_POINT('',#8283);
#2475=VERTEX_POINT('',#8285);
#2476=VERTEX_POINT('',#8287);
#2477=VERTEX_POINT('',#8289);
#2478=VERTEX_POINT('',#8291);
#2479=VERTEX_POINT('',#8293);
#2480=VERTEX_POINT('',#8295);
#2481=VERTEX_POINT('',#8301);
#2482=VERTEX_POINT('',#8302);
#2483=VERTEX_POINT('',#8305);
#2484=VERTEX_POINT('',#8307);
#2485=VERTEX_POINT('',#8310);
#2486=VERTEX_POINT('',#8312);
#2487=VERTEX_POINT('',#8314);
#2488=VERTEX_POINT('',#8316);
#2489=VERTEX_POINT('',#8320);
#2490=VERTEX_POINT('',#8321);
#2491=VERTEX_POINT('',#8323);
#2492=VERTEX_POINT('',#8325);
#2493=VERTEX_POINT('',#8329);
#2494=VERTEX_POINT('',#8331);
#2495=VERTEX_POINT('',#8335);
#2496=VERTEX_POINT('',#8337);
#2497=VERTEX_POINT('',#8343);
#2498=VERTEX_POINT('',#8345);
#2499=VERTEX_POINT('',#8347);
#2500=VERTEX_POINT('',#8349);
#2501=VERTEX_POINT('',#8351);
#2502=VERTEX_POINT('',#8353);
#2503=VERTEX_POINT('',#8357);
#2504=VERTEX_POINT('',#8358);
#2505=VERTEX_POINT('',#8360);
#2506=VERTEX_POINT('',#8362);
#2507=VERTEX_POINT('',#8366);
#2508=VERTEX_POINT('',#8368);
#2509=VERTEX_POINT('',#8372);
#2510=VERTEX_POINT('',#8374);
#2511=VERTEX_POINT('',#8381);
#2512=VERTEX_POINT('',#8383);
#2513=VERTEX_POINT('',#8387);
#2514=VERTEX_POINT('',#8389);
#2515=VERTEX_POINT('',#8393);
#2516=VERTEX_POINT('',#8395);
#2517=VERTEX_POINT('',#8399);
#2518=VERTEX_POINT('',#8401);
#2519=VERTEX_POINT('',#8410);
#2520=VERTEX_POINT('',#8412);
#2521=VERTEX_POINT('',#8419);
#2522=VERTEX_POINT('',#8422);
#2523=VERTEX_POINT('',#8425);
#2524=VERTEX_POINT('',#8428);
#2525=VERTEX_POINT('',#8431);
#2526=VERTEX_POINT('',#8433);
#2527=VERTEX_POINT('',#8437);
#2528=VERTEX_POINT('',#8441);
#2529=VERTEX_POINT('',#8446);
#2530=VERTEX_POINT('',#8450);
#2531=VERTEX_POINT('',#8453);
#2532=VERTEX_POINT('',#8457);
#2533=VERTEX_POINT('',#8470);
#2534=VERTEX_POINT('',#8471);
#2535=VERTEX_POINT('',#8473);
#2536=VERTEX_POINT('',#8475);
#2537=VERTEX_POINT('',#8478);
#2538=VERTEX_POINT('',#8480);
#2539=VERTEX_POINT('',#8483);
#2540=VERTEX_POINT('',#8484);
#2541=VERTEX_POINT('',#8486);
#2542=VERTEX_POINT('',#8488);
#2543=VERTEX_POINT('',#8491);
#2544=VERTEX_POINT('',#8493);
#2545=VERTEX_POINT('',#8508);
#2546=VERTEX_POINT('',#8509);
#2547=VERTEX_POINT('',#8511);
#2548=VERTEX_POINT('',#8513);
#2549=VERTEX_POINT('',#8516);
#2550=VERTEX_POINT('',#8519);
#2551=VERTEX_POINT('',#8520);
#2552=VERTEX_POINT('',#8522);
#2553=VERTEX_POINT('',#8524);
#2554=VERTEX_POINT('',#8527);
#2555=VERTEX_POINT('',#8530);
#2556=VERTEX_POINT('',#8532);
#2557=VERTEX_POINT('',#8536);
#2558=VERTEX_POINT('',#8537);
#2559=VERTEX_POINT('',#8539);
#2560=VERTEX_POINT('',#8541);
#2561=VERTEX_POINT('',#8545);
#2562=VERTEX_POINT('',#8547);
#2563=VERTEX_POINT('',#8551);
#2564=VERTEX_POINT('',#8555);
#2565=VERTEX_POINT('',#8559);
#2566=VERTEX_POINT('',#8561);
#2567=VERTEX_POINT('',#8565);
#2568=VERTEX_POINT('',#8569);
#2569=VERTEX_POINT('',#8573);
#2570=VERTEX_POINT('',#8575);
#2571=VERTEX_POINT('',#8579);
#2572=VERTEX_POINT('',#8583);
#2573=VERTEX_POINT('',#8587);
#2574=VERTEX_POINT('',#8589);
#2575=VERTEX_POINT('',#8591);
#2576=VERTEX_POINT('',#8593);
#2577=VERTEX_POINT('',#8595);
#2578=VERTEX_POINT('',#8597);
#2579=VERTEX_POINT('',#8599);
#2580=VERTEX_POINT('',#8601);
#2581=VERTEX_POINT('',#8603);
#2582=VERTEX_POINT('',#8605);
#2583=VERTEX_POINT('',#8611);
#2584=VERTEX_POINT('',#8613);
#2585=VERTEX_POINT('',#8616);
#2586=VERTEX_POINT('',#8619);
#2587=VERTEX_POINT('',#8620);
#2588=VERTEX_POINT('',#8622);
#2589=VERTEX_POINT('',#8624);
#2590=VERTEX_POINT('',#8628);
#2591=VERTEX_POINT('',#8630);
#2592=VERTEX_POINT('',#8636);
#2593=VERTEX_POINT('',#8639);
#2594=VERTEX_POINT('',#8640);
#2595=VERTEX_POINT('',#8642);
#2596=VERTEX_POINT('',#8644);
#2597=VERTEX_POINT('',#8648);
#2598=VERTEX_POINT('',#8652);
#2599=VERTEX_POINT('',#8654);
#2600=VERTEX_POINT('',#8658);
#2601=VERTEX_POINT('',#8673);
#2602=VERTEX_POINT('',#8675);
#2603=VERTEX_POINT('',#8679);
#2604=VERTEX_POINT('',#8683);
#2605=VERTEX_POINT('',#8684);
#2606=VERTEX_POINT('',#8686);
#2607=VERTEX_POINT('',#8688);
#2608=VERTEX_POINT('',#8692);
#2609=VERTEX_POINT('',#8694);
#2610=VERTEX_POINT('',#8698);
#2611=VERTEX_POINT('',#8700);
#2612=VERTEX_POINT('',#8708);
#2613=VERTEX_POINT('',#8715);
#2614=VERTEX_POINT('',#8716);
#2615=VERTEX_POINT('',#8718);
#2616=VERTEX_POINT('',#8720);
#2617=VERTEX_POINT('',#8723);
#2618=VERTEX_POINT('',#8725);
#2619=VERTEX_POINT('',#8728);
#2620=VERTEX_POINT('',#8729);
#2621=VERTEX_POINT('',#8731);
#2622=VERTEX_POINT('',#8733);
#2623=VERTEX_POINT('',#8736);
#2624=VERTEX_POINT('',#8738);
#2625=VERTEX_POINT('',#8753);
#2626=VERTEX_POINT('',#8754);
#2627=VERTEX_POINT('',#8756);
#2628=VERTEX_POINT('',#8758);
#2629=VERTEX_POINT('',#8761);
#2630=VERTEX_POINT('',#8763);
#2631=VERTEX_POINT('',#8766);
#2632=VERTEX_POINT('',#8767);
#2633=VERTEX_POINT('',#8769);
#2634=VERTEX_POINT('',#8771);
#2635=VERTEX_POINT('',#8774);
#2636=VERTEX_POINT('',#8776);
#2637=VERTEX_POINT('',#8791);
#2638=VERTEX_POINT('',#8792);
#2639=VERTEX_POINT('',#8794);
#2640=VERTEX_POINT('',#8796);
#2641=VERTEX_POINT('',#8799);
#2642=VERTEX_POINT('',#8802);
#2643=VERTEX_POINT('',#8803);
#2644=VERTEX_POINT('',#8805);
#2645=VERTEX_POINT('',#8807);
#2646=VERTEX_POINT('',#8811);
#2647=VERTEX_POINT('',#8813);
#2648=VERTEX_POINT('',#8817);
#2649=VERTEX_POINT('',#8819);
#2650=VERTEX_POINT('',#8822);
#2651=VERTEX_POINT('',#8825);
#2652=VERTEX_POINT('',#8826);
#2653=VERTEX_POINT('',#8828);
#2654=VERTEX_POINT('',#8830);
#2655=VERTEX_POINT('',#8834);
#2656=VERTEX_POINT('',#8838);
#2657=VERTEX_POINT('',#8840);
#2658=VERTEX_POINT('',#8844);
#2659=VERTEX_POINT('',#8848);
#2660=VERTEX_POINT('',#8852);
#2661=VERTEX_POINT('',#8854);
#2662=VERTEX_POINT('',#8858);
#2663=VERTEX_POINT('',#8862);
#2664=VERTEX_POINT('',#8866);
#2665=VERTEX_POINT('',#8870);
#2666=VERTEX_POINT('',#8872);
#2667=VERTEX_POINT('',#8874);
#2668=VERTEX_POINT('',#8876);
#2669=VERTEX_POINT('',#8878);
#2670=VERTEX_POINT('',#8881);
#2671=VERTEX_POINT('',#8886);
#2672=VERTEX_POINT('',#8890);
#2673=VERTEX_POINT('',#8891);
#2674=VERTEX_POINT('',#8893);
#2675=VERTEX_POINT('',#8895);
#2676=VERTEX_POINT('',#8899);
#2677=VERTEX_POINT('',#8902);
#2678=VERTEX_POINT('',#8904);
#2679=VERTEX_POINT('',#8908);
#2680=VERTEX_POINT('',#8909);
#2681=VERTEX_POINT('',#8918);
#2682=VERTEX_POINT('',#8920);
#2683=VERTEX_POINT('',#8922);
#2684=VERTEX_POINT('',#8924);
#2685=VERTEX_POINT('',#8926);
#2686=VERTEX_POINT('',#8928);
#2687=VERTEX_POINT('',#8930);
#2688=VERTEX_POINT('',#8932);
#2689=VERTEX_POINT('',#8934);
#2690=VERTEX_POINT('',#8939);
#2691=VERTEX_POINT('',#8941);
#2692=VERTEX_POINT('',#8944);
#2693=VERTEX_POINT('',#8947);
#2694=VERTEX_POINT('',#8949);
#2695=VERTEX_POINT('',#8952);
#2696=VERTEX_POINT('',#8955);
#2697=VERTEX_POINT('',#8957);
#2698=VERTEX_POINT('',#8961);
#2699=VERTEX_POINT('',#8967);
#2700=VERTEX_POINT('',#8970);
#2701=VERTEX_POINT('',#8974);
#2702=VERTEX_POINT('',#8977);
#2703=VERTEX_POINT('',#8981);
#2704=VERTEX_POINT('',#8987);
#2705=VERTEX_POINT('',#8998);
#2706=VERTEX_POINT('',#8999);
#2707=VERTEX_POINT('',#9001);
#2708=VERTEX_POINT('',#9003);
#2709=VERTEX_POINT('',#9006);
#2710=VERTEX_POINT('',#9009);
#2711=VERTEX_POINT('',#9010);
#2712=VERTEX_POINT('',#9012);
#2713=VERTEX_POINT('',#9014);
#2714=VERTEX_POINT('',#9017);
#2715=VERTEX_POINT('',#9020);
#2716=VERTEX_POINT('',#9022);
#2717=VERTEX_POINT('',#9026);
#2718=VERTEX_POINT('',#9027);
#2719=VERTEX_POINT('',#9029);
#2720=VERTEX_POINT('',#9031);
#2721=VERTEX_POINT('',#9035);
#2722=VERTEX_POINT('',#9037);
#2723=VERTEX_POINT('',#9041);
#2724=VERTEX_POINT('',#9045);
#2725=VERTEX_POINT('',#9049);
#2726=VERTEX_POINT('',#9051);
#2727=VERTEX_POINT('',#9055);
#2728=VERTEX_POINT('',#9059);
#2729=VERTEX_POINT('',#9063);
#2730=VERTEX_POINT('',#9065);
#2731=VERTEX_POINT('',#9069);
#2732=VERTEX_POINT('',#9073);
#2733=VERTEX_POINT('',#9077);
#2734=VERTEX_POINT('',#9079);
#2735=VERTEX_POINT('',#9081);
#2736=VERTEX_POINT('',#9085);
#2737=VERTEX_POINT('',#9087);
#2738=VERTEX_POINT('',#9089);
#2739=VERTEX_POINT('',#9093);
#2740=VERTEX_POINT('',#9095);
#2741=VERTEX_POINT('',#9097);
#2742=VERTEX_POINT('',#9099);
#2743=VERTEX_POINT('',#9105);
#2744=VERTEX_POINT('',#9108);
#2745=VERTEX_POINT('',#9110);
#2746=VERTEX_POINT('',#9112);
#2747=VERTEX_POINT('',#9114);
#2748=VERTEX_POINT('',#9116);
#2749=VERTEX_POINT('',#9122);
#2750=VERTEX_POINT('',#9126);
#2751=VERTEX_POINT('',#9130);
#2752=VERTEX_POINT('',#9134);
#2753=VERTEX_POINT('',#9138);
#2754=VERTEX_POINT('',#9142);
#2755=VERTEX_POINT('',#9150);
#2756=VERTEX_POINT('',#9151);
#2757=VERTEX_POINT('',#9153);
#2758=VERTEX_POINT('',#9155);
#2759=VERTEX_POINT('',#9158);
#2760=VERTEX_POINT('',#9160);
#2761=VERTEX_POINT('',#9163);
#2762=VERTEX_POINT('',#9164);
#2763=VERTEX_POINT('',#9166);
#2764=VERTEX_POINT('',#9168);
#2765=VERTEX_POINT('',#9171);
#2766=VERTEX_POINT('',#9173);
#2767=VERTEX_POINT('',#9188);
#2768=VERTEX_POINT('',#9189);
#2769=VERTEX_POINT('',#9191);
#2770=VERTEX_POINT('',#9193);
#2771=VERTEX_POINT('',#9197);
#2772=VERTEX_POINT('',#9199);
#2773=VERTEX_POINT('',#9203);
#2774=VERTEX_POINT('',#9205);
#2775=VERTEX_POINT('',#9209);
#2776=VERTEX_POINT('',#9211);
#2777=VERTEX_POINT('',#9215);
#2778=VERTEX_POINT('',#9217);
#2779=VERTEX_POINT('',#9221);
#2780=VERTEX_POINT('',#9223);
#2781=VERTEX_POINT('',#9227);
#2782=VERTEX_POINT('',#9229);
#2783=VERTEX_POINT('',#9233);
#2784=VERTEX_POINT('',#9234);
#2785=VERTEX_POINT('',#9236);
#2786=VERTEX_POINT('',#9239);
#2787=VERTEX_POINT('',#9245);
#2788=VERTEX_POINT('',#9247);
#2789=VERTEX_POINT('',#9249);
#2790=VERTEX_POINT('',#9251);
#2791=VERTEX_POINT('',#9253);
#2792=VERTEX_POINT('',#9255);
#2793=VERTEX_POINT('',#9257);
#2794=VERTEX_POINT('',#9259);
#2795=VERTEX_POINT('',#9261);
#2796=VERTEX_POINT('',#9263);
#2797=VERTEX_POINT('',#9267);
#2798=VERTEX_POINT('',#9270);
#2799=VERTEX_POINT('',#9273);
#2800=VERTEX_POINT('',#9275);
#2801=VERTEX_POINT('',#9279);
#2802=VERTEX_POINT('',#9281);
#2803=VERTEX_POINT('',#9285);
#2804=VERTEX_POINT('',#9287);
#2805=VERTEX_POINT('',#9290);
#2806=VERTEX_POINT('',#9292);
#2807=VERTEX_POINT('',#9295);
#2808=VERTEX_POINT('',#9300);
#2809=VERTEX_POINT('',#9303);
#2810=VERTEX_POINT('',#9305);
#2811=VERTEX_POINT('',#9309);
#2812=VERTEX_POINT('',#9313);
#2813=VERTEX_POINT('',#9328);
#2814=VERTEX_POINT('',#9329);
#2815=VERTEX_POINT('',#9331);
#2816=VERTEX_POINT('',#9333);
#2817=VERTEX_POINT('',#9337);
#2818=VERTEX_POINT('',#9339);
#2819=VERTEX_POINT('',#9343);
#2820=VERTEX_POINT('',#9345);
#2821=VERTEX_POINT('',#9349);
#2822=VERTEX_POINT('',#9351);
#2823=VERTEX_POINT('',#9355);
#2824=VERTEX_POINT('',#9357);
#2825=VERTEX_POINT('',#9361);
#2826=VERTEX_POINT('',#9363);
#2827=VERTEX_POINT('',#9367);
#2828=VERTEX_POINT('',#9369);
#2829=VERTEX_POINT('',#9373);
#2830=VERTEX_POINT('',#9374);
#2831=VERTEX_POINT('',#9376);
#2832=VERTEX_POINT('',#9379);
#2833=VERTEX_POINT('',#9385);
#2834=VERTEX_POINT('',#9387);
#2835=VERTEX_POINT('',#9389);
#2836=VERTEX_POINT('',#9391);
#2837=VERTEX_POINT('',#9393);
#2838=VERTEX_POINT('',#9395);
#2839=VERTEX_POINT('',#9397);
#2840=VERTEX_POINT('',#9399);
#2841=VERTEX_POINT('',#9401);
#2842=VERTEX_POINT('',#9403);
#2843=VERTEX_POINT('',#9407);
#2844=VERTEX_POINT('',#9410);
#2845=VERTEX_POINT('',#9413);
#2846=VERTEX_POINT('',#9414);
#2847=VERTEX_POINT('',#9419);
#2848=VERTEX_POINT('',#9420);
#2849=VERTEX_POINT('',#9425);
#2850=VERTEX_POINT('',#9427);
#2851=VERTEX_POINT('',#9430);
#2852=VERTEX_POINT('',#9432);
#2853=VERTEX_POINT('',#9435);
#2854=VERTEX_POINT('',#9440);
#2855=VERTEX_POINT('',#9443);
#2856=VERTEX_POINT('',#9445);
#2857=VERTEX_POINT('',#9449);
#2858=VERTEX_POINT('',#9453);
#2859=VERTEX_POINT('',#9468);
#2860=VERTEX_POINT('',#9469);
#2861=VERTEX_POINT('',#9471);
#2862=VERTEX_POINT('',#9473);
#2863=VERTEX_POINT('',#9476);
#2864=VERTEX_POINT('',#9478);
#2865=VERTEX_POINT('',#9481);
#2866=VERTEX_POINT('',#9482);
#2867=VERTEX_POINT('',#9484);
#2868=VERTEX_POINT('',#9486);
#2869=VERTEX_POINT('',#9489);
#2870=VERTEX_POINT('',#9491);
#2871=VERTEX_POINT('',#9506);
#2872=VERTEX_POINT('',#9507);
#2873=VERTEX_POINT('',#9509);
#2874=VERTEX_POINT('',#9511);
#2875=VERTEX_POINT('',#9514);
#2876=VERTEX_POINT('',#9517);
#2877=VERTEX_POINT('',#9518);
#2878=VERTEX_POINT('',#9520);
#2879=VERTEX_POINT('',#9522);
#2880=VERTEX_POINT('',#9526);
#2881=VERTEX_POINT('',#9528);
#2882=VERTEX_POINT('',#9532);
#2883=VERTEX_POINT('',#9534);
#2884=VERTEX_POINT('',#9537);
#2885=VERTEX_POINT('',#9540);
#2886=VERTEX_POINT('',#9541);
#2887=VERTEX_POINT('',#9543);
#2888=VERTEX_POINT('',#9545);
#2889=VERTEX_POINT('',#9549);
#2890=VERTEX_POINT('',#9553);
#2891=VERTEX_POINT('',#9555);
#2892=VERTEX_POINT('',#9559);
#2893=VERTEX_POINT('',#9563);
#2894=VERTEX_POINT('',#9567);
#2895=VERTEX_POINT('',#9569);
#2896=VERTEX_POINT('',#9573);
#2897=VERTEX_POINT('',#9577);
#2898=VERTEX_POINT('',#9581);
#2899=VERTEX_POINT('',#9585);
#2900=VERTEX_POINT('',#9587);
#2901=VERTEX_POINT('',#9589);
#2902=VERTEX_POINT('',#9595);
#2903=VERTEX_POINT('',#9599);
#2904=VERTEX_POINT('',#9600);
#2905=VERTEX_POINT('',#9602);
#2906=VERTEX_POINT('',#9604);
#2907=VERTEX_POINT('',#9606);
#2908=VERTEX_POINT('',#9608);
#2909=VERTEX_POINT('',#9610);
#2910=VERTEX_POINT('',#9612);
#2911=VERTEX_POINT('',#9616);
#2912=VERTEX_POINT('',#9617);
#2913=VERTEX_POINT('',#9622);
#2914=VERTEX_POINT('',#9626);
#2915=VERTEX_POINT('',#9630);
#2916=VERTEX_POINT('',#9634);
#2917=VERTEX_POINT('',#9638);
#2918=VERTEX_POINT('',#9642);
#2919=VERTEX_POINT('',#9647);
#2920=VERTEX_POINT('',#9651);
#2921=EDGE_CURVE('',#2383,#2384,#2183,.T.);
#2922=EDGE_CURVE('',#2384,#2385,#969,.T.);
#2923=EDGE_CURVE('',#2385,#2386,#2184,.T.);
#2924=EDGE_CURVE('',#2386,#2383,#970,.T.);
#2925=EDGE_CURVE('',#2387,#2387,#2185,.T.);
#2926=EDGE_CURVE('',#2388,#2388,#2186,.T.);
#2927=EDGE_CURVE('',#2389,#2390,#2187,.T.);
#2928=EDGE_CURVE('',#2390,#2391,#971,.T.);
#2929=EDGE_CURVE('',#2391,#2392,#2188,.T.);
#2930=EDGE_CURVE('',#2392,#2389,#972,.T.);
#2931=EDGE_CURVE('',#2393,#2393,#2189,.T.);
#2932=EDGE_CURVE('',#2394,#2394,#2190,.T.);
#2933=EDGE_CURVE('',#2383,#2390,#973,.T.);
#2934=EDGE_CURVE('',#2386,#2391,#974,.T.);
#2935=EDGE_CURVE('',#2393,#2388,#975,.T.);
#2936=EDGE_CURVE('',#2394,#2387,#976,.T.);
#2937=EDGE_CURVE('',#2384,#2389,#977,.T.);
#2938=EDGE_CURVE('',#2385,#2392,#978,.T.);
#2939=EDGE_CURVE('',#2395,#2396,#2191,.T.);
#2940=EDGE_CURVE('',#2396,#2397,#979,.T.);
#2941=EDGE_CURVE('',#2397,#2398,#2192,.T.);
#2942=EDGE_CURVE('',#2398,#2395,#980,.T.);
#2943=EDGE_CURVE('',#2399,#2399,#2193,.T.);
#2944=EDGE_CURVE('',#2400,#2400,#2194,.T.);
#2945=EDGE_CURVE('',#2401,#2402,#2195,.T.);
#2946=EDGE_CURVE('',#2402,#2403,#981,.T.);
#2947=EDGE_CURVE('',#2403,#2404,#2196,.T.);
#2948=EDGE_CURVE('',#2404,#2401,#982,.T.);
#2949=EDGE_CURVE('',#2405,#2405,#2197,.T.);
#2950=EDGE_CURVE('',#2406,#2406,#2198,.T.);
#2951=EDGE_CURVE('',#2395,#2402,#983,.T.);
#2952=EDGE_CURVE('',#2398,#2403,#984,.T.);
#2953=EDGE_CURVE('',#2405,#2400,#985,.T.);
#2954=EDGE_CURVE('',#2406,#2399,#986,.T.);
#2955=EDGE_CURVE('',#2397,#2404,#987,.T.);
#2956=EDGE_CURVE('',#2396,#2401,#988,.T.);
#2957=EDGE_CURVE('',#2407,#2408,#2199,.T.);
#2958=EDGE_CURVE('',#2408,#2409,#989,.T.);
#2959=EDGE_CURVE('',#2409,#2410,#2200,.T.);
#2960=EDGE_CURVE('',#2410,#2407,#990,.T.);
#2961=EDGE_CURVE('',#2411,#2411,#2201,.T.);
#2962=EDGE_CURVE('',#2412,#2412,#2202,.T.);
#2963=EDGE_CURVE('',#2413,#2414,#2203,.T.);
#2964=EDGE_CURVE('',#2414,#2415,#991,.T.);
#2965=EDGE_CURVE('',#2415,#2416,#2204,.T.);
#2966=EDGE_CURVE('',#2416,#2413,#992,.T.);
#2967=EDGE_CURVE('',#2417,#2417,#2205,.T.);
#2968=EDGE_CURVE('',#2418,#2418,#2206,.T.);
#2969=EDGE_CURVE('',#2407,#2414,#993,.T.);
#2970=EDGE_CURVE('',#2410,#2415,#994,.T.);
#2971=EDGE_CURVE('',#2417,#2412,#995,.T.);
#2972=EDGE_CURVE('',#2418,#2411,#996,.T.);
#2973=EDGE_CURVE('',#2409,#2416,#997,.T.);
#2974=EDGE_CURVE('',#2408,#2413,#998,.T.);
#2975=EDGE_CURVE('',#2419,#2420,#2207,.T.);
#2976=EDGE_CURVE('',#2420,#2421,#999,.T.);
#2977=EDGE_CURVE('',#2421,#2422,#2208,.T.);
#2978=EDGE_CURVE('',#2422,#2419,#1000,.T.);
#2979=EDGE_CURVE('',#2423,#2423,#2209,.T.);
#2980=EDGE_CURVE('',#2424,#2424,#2210,.T.);
#2981=EDGE_CURVE('',#2425,#2426,#2211,.T.);
#2982=EDGE_CURVE('',#2426,#2427,#1001,.T.);
#2983=EDGE_CURVE('',#2427,#2428,#2212,.T.);
#2984=EDGE_CURVE('',#2428,#2425,#1002,.T.);
#2985=EDGE_CURVE('',#2429,#2429,#2213,.T.);
#2986=EDGE_CURVE('',#2430,#2430,#2214,.T.);
#2987=EDGE_CURVE('',#2419,#2426,#1003,.T.);
#2988=EDGE_CURVE('',#2422,#2427,#1004,.T.);
#2989=EDGE_CURVE('',#2429,#2424,#1005,.T.);
#2990=EDGE_CURVE('',#2430,#2423,#1006,.T.);
#2991=EDGE_CURVE('',#2420,#2425,#1007,.T.);
#2992=EDGE_CURVE('',#2421,#2428,#1008,.T.);
#2993=EDGE_CURVE('',#2431,#2432,#2215,.T.);
#2994=EDGE_CURVE('',#2432,#2433,#1009,.T.);
#2995=EDGE_CURVE('',#2433,#2434,#2216,.T.);
#2996=EDGE_CURVE('',#2434,#2431,#1010,.T.);
#2997=EDGE_CURVE('',#2435,#2435,#2217,.T.);
#2998=EDGE_CURVE('',#2436,#2436,#2218,.T.);
#2999=EDGE_CURVE('',#2437,#2438,#2219,.T.);
#3000=EDGE_CURVE('',#2438,#2439,#1011,.T.);
#3001=EDGE_CURVE('',#2439,#2440,#2220,.T.);
#3002=EDGE_CURVE('',#2440,#2437,#1012,.T.);
#3003=EDGE_CURVE('',#2441,#2441,#2221,.T.);
#3004=EDGE_CURVE('',#2442,#2442,#2222,.T.);
#3005=EDGE_CURVE('',#2431,#2438,#1013,.T.);
#3006=EDGE_CURVE('',#2434,#2439,#1014,.T.);
#3007=EDGE_CURVE('',#2441,#2436,#1015,.T.);
#3008=EDGE_CURVE('',#2442,#2435,#1016,.T.);
#3009=EDGE_CURVE('',#2433,#2440,#1017,.T.);
#3010=EDGE_CURVE('',#2432,#2437,#1018,.T.);
#3011=EDGE_CURVE('',#2443,#2444,#1019,.T.);
#3012=EDGE_CURVE('',#2445,#2443,#1020,.T.);
#3013=EDGE_CURVE('',#2446,#2445,#2223,.T.);
#3014=EDGE_CURVE('',#2444,#2446,#1021,.T.);
#3015=EDGE_CURVE('',#2447,#2447,#2224,.T.);
#3016=EDGE_CURVE('',#2448,#2449,#1022,.T.);
#3017=EDGE_CURVE('',#2450,#2448,#1023,.T.);
#3018=EDGE_CURVE('',#2451,#2450,#2225,.T.);
#3019=EDGE_CURVE('',#2449,#2451,#1024,.T.);
#3020=EDGE_CURVE('',#2452,#2452,#2226,.T.);
#3021=EDGE_CURVE('',#2453,#2448,#1025,.T.);
#3022=EDGE_CURVE('',#2453,#2454,#1026,.T.);
#3023=EDGE_CURVE('',#2450,#2454,#1027,.T.);
#3024=EDGE_CURVE('',#2455,#2456,#1028,.T.);
#3025=EDGE_CURVE('',#2457,#2455,#1029,.T.);
#3026=EDGE_CURVE('',#2458,#2457,#1030,.T.);
#3027=EDGE_CURVE('',#2458,#2456,#1031,.T.);
#3028=EDGE_CURVE('',#2444,#2459,#1032,.T.);
#3029=EDGE_CURVE('',#2460,#2446,#1033,.T.);
#3030=EDGE_CURVE('',#2459,#2460,#1034,.T.);
#3031=EDGE_CURVE('',#2461,#2461,#2227,.T.);
#3032=EDGE_CURVE('',#2461,#2452,#1035,.T.);
#3033=EDGE_CURVE('',#2447,#2462,#1036,.T.);
#3034=EDGE_CURVE('',#2462,#2462,#2228,.T.);
#3035=EDGE_CURVE('',#2463,#2463,#2229,.T.);
#3036=EDGE_CURVE('',#2463,#2464,#1037,.T.);
#3037=EDGE_CURVE('',#2464,#2464,#2230,.T.);
#3038=EDGE_CURVE('',#2465,#2445,#1038,.T.);
#3039=EDGE_CURVE('',#2465,#2460,#2231,.T.);
#3040=EDGE_CURVE('',#2454,#2466,#2232,.T.);
#3041=EDGE_CURVE('',#2451,#2466,#1039,.T.);
#3042=EDGE_CURVE('',#2467,#2458,#2233,.T.);
#3043=EDGE_CURVE('',#2468,#2457,#2234,.T.);
#3044=EDGE_CURVE('',#2467,#2468,#1040,.T.);
#3045=EDGE_CURVE('',#2469,#2453,#1041,.T.);
#3046=EDGE_CURVE('',#2466,#2469,#1042,.T.);
#3047=EDGE_CURVE('',#2456,#2470,#1043,.T.);
#3048=EDGE_CURVE('',#2470,#2467,#1044,.T.);
#3049=EDGE_CURVE('',#2471,#2468,#1045,.T.);
#3050=EDGE_CURVE('',#2472,#2471,#1046,.T.);
#3051=EDGE_CURVE('',#2472,#2473,#1047,.T.);
#3052=EDGE_CURVE('',#2473,#2474,#1048,.T.);
#3053=EDGE_CURVE('',#2474,#2475,#1049,.T.);
#3054=EDGE_CURVE('',#2476,#2475,#1050,.T.);
#3055=EDGE_CURVE('',#2476,#2477,#1051,.T.);
#3056=EDGE_CURVE('',#2477,#2478,#1052,.T.);
#3057=EDGE_CURVE('',#2478,#2479,#1053,.T.);
#3058=EDGE_CURVE('',#2480,#2479,#1054,.T.);
#3059=EDGE_CURVE('',#2465,#2480,#1055,.T.);
#3060=EDGE_CURVE('',#2443,#2449,#1056,.T.);
#3061=EDGE_CURVE('',#2469,#2470,#1057,.T.);
#3062=EDGE_CURVE('',#2481,#2482,#1058,.T.);
#3063=EDGE_CURVE('',#2478,#2481,#1059,.T.);
#3064=EDGE_CURVE('',#2483,#2477,#1060,.T.);
#3065=EDGE_CURVE('',#2484,#2483,#1061,.T.);
#3066=EDGE_CURVE('',#2474,#2484,#1062,.T.);
#3067=EDGE_CURVE('',#2485,#2473,#1063,.T.);
#3068=EDGE_CURVE('',#2486,#2485,#1064,.T.);
#3069=EDGE_CURVE('',#2486,#2487,#1065,.T.);
#3070=EDGE_CURVE('',#2488,#2487,#1066,.T.);
#3071=EDGE_CURVE('',#2482,#2488,#1067,.T.);
#3072=EDGE_CURVE('',#2489,#2490,#1068,.T.);
#3073=EDGE_CURVE('',#2489,#2491,#1069,.T.);
#3074=EDGE_CURVE('',#2491,#2492,#1070,.T.);
#3075=EDGE_CURVE('',#2490,#2492,#1071,.T.);
#3076=EDGE_CURVE('',#2493,#2489,#1072,.T.);
#3077=EDGE_CURVE('',#2494,#2493,#1073,.T.);
#3078=EDGE_CURVE('',#2494,#2491,#1074,.T.);
#3079=EDGE_CURVE('',#2490,#2495,#1075,.T.);
#3080=EDGE_CURVE('',#2492,#2496,#1076,.T.);
#3081=EDGE_CURVE('',#2495,#2496,#1077,.T.);
#3082=EDGE_CURVE('',#2496,#2494,#1078,.T.);
#3083=EDGE_CURVE('',#2497,#2493,#1079,.T.);
#3084=EDGE_CURVE('',#2497,#2498,#1080,.T.);
#3085=EDGE_CURVE('',#2499,#2498,#1081,.T.);
#3086=EDGE_CURVE('',#2500,#2499,#1082,.T.);
#3087=EDGE_CURVE('',#2500,#2501,#1083,.T.);
#3088=EDGE_CURVE('',#2502,#2501,#1084,.T.);
#3089=EDGE_CURVE('',#2495,#2502,#1085,.T.);
#3090=EDGE_CURVE('',#2503,#2504,#1086,.T.);
#3091=EDGE_CURVE('',#2505,#2503,#1087,.T.);
#3092=EDGE_CURVE('',#2506,#2505,#1088,.T.);
#3093=EDGE_CURVE('',#2506,#2504,#1089,.T.);
#3094=EDGE_CURVE('',#2504,#2507,#1090,.T.);
#3095=EDGE_CURVE('',#2508,#2506,#1091,.T.);
#3096=EDGE_CURVE('',#2508,#2507,#1092,.T.);
#3097=EDGE_CURVE('',#2507,#2509,#1093,.T.);
#3098=EDGE_CURVE('',#2510,#2508,#1094,.T.);
#3099=EDGE_CURVE('',#2510,#2509,#1095,.T.);
#3100=EDGE_CURVE('',#2509,#2503,#1096,.T.);
#3101=EDGE_CURVE('',#2505,#2510,#1097,.T.);
#3102=EDGE_CURVE('',#2501,#2511,#1098,.T.);
#3103=EDGE_CURVE('',#2512,#2500,#1099,.T.);
#3104=EDGE_CURVE('',#2512,#2511,#1100,.T.);
#3105=EDGE_CURVE('',#2511,#2513,#1101,.T.);
#3106=EDGE_CURVE('',#2514,#2512,#1102,.T.);
#3107=EDGE_CURVE('',#2514,#2513,#1103,.T.);
#3108=EDGE_CURVE('',#2513,#2515,#1104,.T.);
#3109=EDGE_CURVE('',#2516,#2515,#1105,.T.);
#3110=EDGE_CURVE('',#2502,#2516,#1106,.T.);
#3111=EDGE_CURVE('',#2516,#2517,#1107,.T.);
#3112=EDGE_CURVE('',#2515,#2518,#1108,.T.);
#3113=EDGE_CURVE('',#2517,#2518,#1109,.T.);
#3114=EDGE_CURVE('',#2517,#2497,#1110,.T.);
#3115=EDGE_CURVE('',#2518,#2498,#1111,.T.);
#3116=EDGE_CURVE('',#2499,#2514,#1112,.T.);
#3117=EDGE_CURVE('',#2459,#2519,#1113,.T.);
#3118=EDGE_CURVE('',#2520,#2519,#1114,.T.);
#3119=EDGE_CURVE('',#2455,#2520,#1115,.T.);
#3120=EDGE_CURVE('',#2487,#2520,#1116,.T.);
#3121=EDGE_CURVE('',#2519,#2488,#1117,.T.);
#3122=EDGE_CURVE('',#2521,#2480,#2235,.T.);
#3123=EDGE_CURVE('',#2521,#2482,#1118,.T.);
#3124=EDGE_CURVE('',#2522,#2522,#2236,.T.);
#3125=EDGE_CURVE('',#2523,#2476,#2237,.T.);
#3126=EDGE_CURVE('',#2483,#2523,#1119,.T.);
#3127=EDGE_CURVE('',#2524,#2524,#2238,.T.);
#3128=EDGE_CURVE('',#2485,#2525,#1120,.T.);
#3129=EDGE_CURVE('',#2525,#2526,#1121,.T.);
#3130=EDGE_CURVE('',#2486,#2526,#1122,.T.);
#3131=EDGE_CURVE('',#2523,#2527,#1123,.T.);
#3132=EDGE_CURVE('',#2527,#2484,#1124,.T.);
#3133=EDGE_CURVE('',#2521,#2528,#1125,.T.);
#3134=EDGE_CURVE('',#2528,#2481,#1126,.T.);
#3135=EDGE_CURVE('',#2525,#2472,#2239,.T.);
#3136=EDGE_CURVE('',#2529,#2529,#2240,.T.);
#3137=EDGE_CURVE('',#2526,#2471,#2241,.T.);
#3138=EDGE_CURVE('',#2530,#2530,#2242,.T.);
#3139=EDGE_CURVE('',#2531,#2531,#2243,.T.);
#3140=EDGE_CURVE('',#2531,#2524,#1127,.T.);
#3141=EDGE_CURVE('',#2532,#2532,#2244,.T.);
#3142=EDGE_CURVE('',#2532,#2522,#1128,.T.);
#3143=EDGE_CURVE('',#2530,#2529,#1129,.T.);
#3144=EDGE_CURVE('',#2475,#2527,#2245,.T.);
#3145=EDGE_CURVE('',#2479,#2528,#2246,.T.);
#3146=EDGE_CURVE('',#2533,#2534,#2247,.T.);
#3147=EDGE_CURVE('',#2534,#2535,#1130,.T.);
#3148=EDGE_CURVE('',#2535,#2536,#2248,.T.);
#3149=EDGE_CURVE('',#2536,#2533,#1131,.T.);
#3150=EDGE_CURVE('',#2537,#2537,#2249,.T.);
#3151=EDGE_CURVE('',#2538,#2538,#2250,.T.);
#3152=EDGE_CURVE('',#2539,#2540,#2251,.T.);
#3153=EDGE_CURVE('',#2540,#2541,#1132,.T.);
#3154=EDGE_CURVE('',#2541,#2542,#2252,.T.);
#3155=EDGE_CURVE('',#2542,#2539,#1133,.T.);
#3156=EDGE_CURVE('',#2543,#2543,#2253,.T.);
#3157=EDGE_CURVE('',#2544,#2544,#2254,.T.);
#3158=EDGE_CURVE('',#2533,#2540,#1134,.T.);
#3159=EDGE_CURVE('',#2536,#2541,#1135,.T.);
#3160=EDGE_CURVE('',#2543,#2538,#1136,.T.);
#3161=EDGE_CURVE('',#2544,#2537,#1137,.T.);
#3162=EDGE_CURVE('',#2534,#2539,#1138,.T.);
#3163=EDGE_CURVE('',#2535,#2542,#1139,.T.);
#3164=EDGE_CURVE('',#2545,#2546,#1140,.T.);
#3165=EDGE_CURVE('',#2547,#2545,#1141,.T.);
#3166=EDGE_CURVE('',#2548,#2547,#2255,.T.);
#3167=EDGE_CURVE('',#2546,#2548,#1142,.T.);
#3168=EDGE_CURVE('',#2549,#2549,#2256,.T.);
#3169=EDGE_CURVE('',#2550,#2551,#1143,.T.);
#3170=EDGE_CURVE('',#2552,#2550,#1144,.T.);
#3171=EDGE_CURVE('',#2553,#2552,#2257,.T.);
#3172=EDGE_CURVE('',#2551,#2553,#1145,.T.);
#3173=EDGE_CURVE('',#2554,#2554,#2258,.T.);
#3174=EDGE_CURVE('',#2555,#2550,#1146,.T.);
#3175=EDGE_CURVE('',#2555,#2556,#1147,.T.);
#3176=EDGE_CURVE('',#2552,#2556,#1148,.T.);
#3177=EDGE_CURVE('',#2557,#2558,#1149,.T.);
#3178=EDGE_CURVE('',#2559,#2557,#1150,.T.);
#3179=EDGE_CURVE('',#2560,#2559,#1151,.T.);
#3180=EDGE_CURVE('',#2560,#2558,#1152,.T.);
#3181=EDGE_CURVE('',#2546,#2561,#1153,.T.);
#3182=EDGE_CURVE('',#2562,#2548,#1154,.T.);
#3183=EDGE_CURVE('',#2561,#2562,#1155,.T.);
#3184=EDGE_CURVE('',#2563,#2563,#2259,.T.);
#3185=EDGE_CURVE('',#2563,#2554,#1156,.T.);
#3186=EDGE_CURVE('',#2549,#2564,#1157,.T.);
#3187=EDGE_CURVE('',#2564,#2564,#2260,.T.);
#3188=EDGE_CURVE('',#2565,#2565,#2261,.T.);
#3189=EDGE_CURVE('',#2565,#2566,#1158,.T.);
#3190=EDGE_CURVE('',#2566,#2566,#2262,.T.);
#3191=EDGE_CURVE('',#2567,#2547,#1159,.T.);
#3192=EDGE_CURVE('',#2567,#2562,#2263,.T.);
#3193=EDGE_CURVE('',#2556,#2568,#2264,.T.);
#3194=EDGE_CURVE('',#2553,#2568,#1160,.T.);
#3195=EDGE_CURVE('',#2569,#2560,#2265,.T.);
#3196=EDGE_CURVE('',#2570,#2559,#2266,.T.);
#3197=EDGE_CURVE('',#2569,#2570,#1161,.T.);
#3198=EDGE_CURVE('',#2571,#2555,#1162,.T.);
#3199=EDGE_CURVE('',#2568,#2571,#1163,.T.);
#3200=EDGE_CURVE('',#2558,#2572,#1164,.T.);
#3201=EDGE_CURVE('',#2572,#2569,#1165,.T.);
#3202=EDGE_CURVE('',#2570,#2573,#1166,.T.);
#3203=EDGE_CURVE('',#2574,#2573,#1167,.T.);
#3204=EDGE_CURVE('',#2574,#2575,#1168,.T.);
#3205=EDGE_CURVE('',#2575,#2576,#1169,.T.);
#3206=EDGE_CURVE('',#2576,#2577,#1170,.T.);
#3207=EDGE_CURVE('',#2578,#2577,#1171,.T.);
#3208=EDGE_CURVE('',#2578,#2579,#1172,.T.);
#3209=EDGE_CURVE('',#2579,#2580,#1173,.T.);
#3210=EDGE_CURVE('',#2580,#2581,#1174,.T.);
#3211=EDGE_CURVE('',#2582,#2581,#1175,.T.);
#3212=EDGE_CURVE('',#2567,#2582,#1176,.T.);
#3213=EDGE_CURVE('',#2545,#2551,#1177,.T.);
#3214=EDGE_CURVE('',#2571,#2572,#1178,.T.);
#3215=EDGE_CURVE('',#2575,#2583,#1179,.T.);
#3216=EDGE_CURVE('',#2584,#2574,#2267,.T.);
#3217=EDGE_CURVE('',#2583,#2584,#1180,.T.);
#3218=EDGE_CURVE('',#2585,#2585,#2268,.T.);
#3219=EDGE_CURVE('',#2586,#2587,#1181,.T.);
#3220=EDGE_CURVE('',#2586,#2588,#1182,.T.);
#3221=EDGE_CURVE('',#2588,#2589,#1183,.T.);
#3222=EDGE_CURVE('',#2589,#2587,#1184,.T.);
#3223=EDGE_CURVE('',#2583,#2590,#1185,.T.);
#3224=EDGE_CURVE('',#2584,#2591,#1186,.T.);
#3225=EDGE_CURVE('',#2590,#2591,#1187,.T.);
#3226=EDGE_CURVE('',#2579,#2586,#1188,.T.);
#3227=EDGE_CURVE('',#2588,#2578,#2269,.T.);
#3228=EDGE_CURVE('',#2592,#2592,#2270,.T.);
#3229=EDGE_CURVE('',#2593,#2594,#1189,.T.);
#3230=EDGE_CURVE('',#2595,#2593,#1190,.T.);
#3231=EDGE_CURVE('',#2595,#2596,#1191,.T.);
#3232=EDGE_CURVE('',#2596,#2594,#1192,.T.);
#3233=EDGE_CURVE('',#2597,#2597,#2271,.T.);
#3234=EDGE_CURVE('',#2597,#2592,#1193,.T.);
#3235=EDGE_CURVE('',#2598,#2598,#2272,.T.);
#3236=EDGE_CURVE('',#2598,#2599,#1194,.T.);
#3237=EDGE_CURVE('',#2599,#2599,#2273,.T.);
#3238=EDGE_CURVE('',#2600,#2600,#2274,.T.);
#3239=EDGE_CURVE('',#2600,#2585,#1195,.T.);
#3240=EDGE_CURVE('',#2577,#2589,#2275,.T.);
#3241=EDGE_CURVE('',#2581,#2596,#2276,.T.);
#3242=EDGE_CURVE('',#2595,#2582,#2277,.T.);
#3243=EDGE_CURVE('',#2591,#2573,#2278,.T.);
#3244=EDGE_CURVE('',#2587,#2576,#1196,.T.);
#3245=EDGE_CURVE('',#2594,#2580,#1197,.T.);
#3246=EDGE_CURVE('',#2593,#2601,#1198,.T.);
#3247=EDGE_CURVE('',#2602,#2601,#1199,.T.);
#3248=EDGE_CURVE('',#2561,#2602,#1200,.T.);
#3249=EDGE_CURVE('',#2590,#2603,#1201,.T.);
#3250=EDGE_CURVE('',#2601,#2603,#1202,.T.);
#3251=EDGE_CURVE('',#2604,#2605,#1203,.T.);
#3252=EDGE_CURVE('',#2604,#2606,#1204,.T.);
#3253=EDGE_CURVE('',#2606,#2607,#1205,.T.);
#3254=EDGE_CURVE('',#2605,#2607,#1206,.T.);
#3255=EDGE_CURVE('',#2608,#2604,#1207,.T.);
#3256=EDGE_CURVE('',#2608,#2609,#1208,.T.);
#3257=EDGE_CURVE('',#2609,#2606,#1209,.T.);
#3258=EDGE_CURVE('',#2610,#2608,#1210,.T.);
#3259=EDGE_CURVE('',#2610,#2611,#1211,.T.);
#3260=EDGE_CURVE('',#2611,#2609,#1212,.T.);
#3261=EDGE_CURVE('',#2605,#2610,#1213,.T.);
#3262=EDGE_CURVE('',#2607,#2611,#1214,.T.);
#3263=EDGE_CURVE('',#2612,#2602,#1215,.T.);
#3264=EDGE_CURVE('',#2557,#2612,#1216,.T.);
#3265=EDGE_CURVE('',#2603,#2612,#1217,.T.);
#3266=EDGE_CURVE('',#2613,#2614,#2279,.T.);
#3267=EDGE_CURVE('',#2614,#2615,#1218,.T.);
#3268=EDGE_CURVE('',#2615,#2616,#2280,.T.);
#3269=EDGE_CURVE('',#2616,#2613,#1219,.T.);
#3270=EDGE_CURVE('',#2617,#2617,#2281,.T.);
#3271=EDGE_CURVE('',#2618,#2618,#2282,.T.);
#3272=EDGE_CURVE('',#2619,#2620,#2283,.T.);
#3273=EDGE_CURVE('',#2620,#2621,#1220,.T.);
#3274=EDGE_CURVE('',#2621,#2622,#2284,.T.);
#3275=EDGE_CURVE('',#2622,#2619,#1221,.T.);
#3276=EDGE_CURVE('',#2623,#2623,#2285,.T.);
#3277=EDGE_CURVE('',#2624,#2624,#2286,.T.);
#3278=EDGE_CURVE('',#2613,#2620,#1222,.T.);
#3279=EDGE_CURVE('',#2616,#2621,#1223,.T.);
#3280=EDGE_CURVE('',#2623,#2618,#1224,.T.);
#3281=EDGE_CURVE('',#2624,#2617,#1225,.T.);
#3282=EDGE_CURVE('',#2614,#2619,#1226,.T.);
#3283=EDGE_CURVE('',#2615,#2622,#1227,.T.);
#3284=EDGE_CURVE('',#2625,#2626,#2287,.T.);
#3285=EDGE_CURVE('',#2626,#2627,#1228,.T.);
#3286=EDGE_CURVE('',#2627,#2628,#2288,.T.);
#3287=EDGE_CURVE('',#2628,#2625,#1229,.T.);
#3288=EDGE_CURVE('',#2629,#2629,#2289,.T.);
#3289=EDGE_CURVE('',#2630,#2630,#2290,.T.);
#3290=EDGE_CURVE('',#2631,#2632,#2291,.T.);
#3291=EDGE_CURVE('',#2632,#2633,#1230,.T.);
#3292=EDGE_CURVE('',#2633,#2634,#2292,.T.);
#3293=EDGE_CURVE('',#2634,#2631,#1231,.T.);
#3294=EDGE_CURVE('',#2635,#2635,#2293,.T.);
#3295=EDGE_CURVE('',#2636,#2636,#2294,.T.);
#3296=EDGE_CURVE('',#2625,#2632,#1232,.T.);
#3297=EDGE_CURVE('',#2628,#2633,#1233,.T.);
#3298=EDGE_CURVE('',#2635,#2630,#1234,.T.);
#3299=EDGE_CURVE('',#2636,#2629,#1235,.T.);
#3300=EDGE_CURVE('',#2627,#2634,#1236,.T.);
#3301=EDGE_CURVE('',#2626,#2631,#1237,.T.);
#3302=EDGE_CURVE('',#2637,#2638,#1238,.T.);
#3303=EDGE_CURVE('',#2639,#2637,#1239,.T.);
#3304=EDGE_CURVE('',#2640,#2639,#2295,.T.);
#3305=EDGE_CURVE('',#2638,#2640,#1240,.T.);
#3306=EDGE_CURVE('',#2641,#2641,#2296,.T.);
#3307=EDGE_CURVE('',#2642,#2643,#1241,.T.);
#3308=EDGE_CURVE('',#2642,#2644,#1242,.T.);
#3309=EDGE_CURVE('',#2644,#2645,#1243,.T.);
#3310=EDGE_CURVE('',#2645,#2643,#1244,.T.);
#3311=EDGE_CURVE('',#2638,#2646,#1245,.T.);
#3312=EDGE_CURVE('',#2640,#2647,#1246,.T.);
#3313=EDGE_CURVE('',#2646,#2647,#1247,.T.);
#3314=EDGE_CURVE('',#2648,#2642,#1248,.T.);
#3315=EDGE_CURVE('',#2649,#2648,#1249,.T.);
#3316=EDGE_CURVE('',#2644,#2649,#2297,.T.);
#3317=EDGE_CURVE('',#2650,#2650,#2298,.T.);
#3318=EDGE_CURVE('',#2651,#2652,#1250,.T.);
#3319=EDGE_CURVE('',#2653,#2651,#1251,.T.);
#3320=EDGE_CURVE('',#2653,#2654,#1252,.T.);
#3321=EDGE_CURVE('',#2654,#2652,#1253,.T.);
#3322=EDGE_CURVE('',#2655,#2655,#2299,.T.);
#3323=EDGE_CURVE('',#2655,#2650,#1254,.T.);
#3324=EDGE_CURVE('',#2656,#2656,#2300,.T.);
#3325=EDGE_CURVE('',#2656,#2657,#1255,.T.);
#3326=EDGE_CURVE('',#2657,#2657,#2301,.T.);
#3327=EDGE_CURVE('',#2658,#2658,#2302,.T.);
#3328=EDGE_CURVE('',#2658,#2641,#1256,.T.);
#3329=EDGE_CURVE('',#2649,#2659,#1257,.T.);
#3330=EDGE_CURVE('',#2659,#2645,#2303,.T.);
#3331=EDGE_CURVE('',#2660,#2654,#2304,.T.);
#3332=EDGE_CURVE('',#2653,#2661,#2305,.T.);
#3333=EDGE_CURVE('',#2661,#2660,#1258,.T.);
#3334=EDGE_CURVE('',#2639,#2662,#1259,.T.);
#3335=EDGE_CURVE('',#2647,#2662,#2306,.T.);
#3336=EDGE_CURVE('',#2643,#2663,#1260,.T.);
#3337=EDGE_CURVE('',#2663,#2659,#1261,.T.);
#3338=EDGE_CURVE('',#2652,#2664,#1262,.T.);
#3339=EDGE_CURVE('',#2664,#2660,#1263,.T.);
#3340=EDGE_CURVE('',#2661,#2665,#1264,.T.);
#3341=EDGE_CURVE('',#2651,#2666,#1265,.T.);
#3342=EDGE_CURVE('',#2667,#2666,#1266,.T.);
#3343=EDGE_CURVE('',#2668,#2667,#1267,.T.);
#3344=EDGE_CURVE('',#2668,#2669,#1268,.T.);
#3345=EDGE_CURVE('',#2665,#2669,#2307,.T.);
#3346=EDGE_CURVE('',#2670,#2670,#2308,.T.);
#3347=EDGE_CURVE('',#2648,#2664,#1269,.T.);
#3348=EDGE_CURVE('',#2637,#2663,#1270,.T.);
#3349=EDGE_CURVE('',#2646,#2671,#1271,.T.);
#3350=EDGE_CURVE('',#2666,#2671,#1272,.T.);
#3351=EDGE_CURVE('',#2672,#2673,#1273,.T.);
#3352=EDGE_CURVE('',#2674,#2672,#1274,.T.);
#3353=EDGE_CURVE('',#2675,#2674,#1275,.T.);
#3354=EDGE_CURVE('',#2673,#2675,#1276,.T.);
#3355=EDGE_CURVE('',#2671,#2676,#1277,.T.);
#3356=EDGE_CURVE('',#2676,#2667,#1278,.T.);
#3357=EDGE_CURVE('',#2677,#2675,#1279,.T.);
#3358=EDGE_CURVE('',#2674,#2678,#1280,.T.);
#3359=EDGE_CURVE('',#2678,#2677,#1281,.T.);
#3360=EDGE_CURVE('',#2679,#2680,#1282,.T.);
#3361=EDGE_CURVE('',#2677,#2679,#1283,.T.);
#3362=EDGE_CURVE('',#2680,#2678,#1284,.T.);
#3363=EDGE_CURVE('',#2673,#2679,#1285,.T.);
#3364=EDGE_CURVE('',#2680,#2672,#1286,.T.);
#3365=EDGE_CURVE('',#2668,#2681,#1287,.T.);
#3366=EDGE_CURVE('',#2682,#2676,#1288,.T.);
#3367=EDGE_CURVE('',#2683,#2682,#1289,.T.);
#3368=EDGE_CURVE('',#2684,#2683,#1290,.T.);
#3369=EDGE_CURVE('',#2685,#2684,#1291,.T.);
#3370=EDGE_CURVE('',#2686,#2685,#1292,.T.);
#3371=EDGE_CURVE('',#2687,#2686,#1293,.T.);
#3372=EDGE_CURVE('',#2688,#2687,#1294,.T.);
#3373=EDGE_CURVE('',#2689,#2688,#1295,.T.);
#3374=EDGE_CURVE('',#2681,#2689,#1296,.T.);
#3375=EDGE_CURVE('',#2690,#2689,#1297,.T.);
#3376=EDGE_CURVE('',#2691,#2690,#2309,.T.);
#3377=EDGE_CURVE('',#2681,#2691,#1298,.T.);
#3378=EDGE_CURVE('',#2692,#2692,#2310,.T.);
#3379=EDGE_CURVE('',#2662,#2693,#1299,.T.);
#3380=EDGE_CURVE('',#2693,#2694,#2311,.T.);
#3381=EDGE_CURVE('',#2694,#2682,#1300,.T.);
#3382=EDGE_CURVE('',#2695,#2695,#2312,.T.);
#3383=EDGE_CURVE('',#2686,#2696,#1301,.T.);
#3384=EDGE_CURVE('',#2697,#2696,#1302,.T.);
#3385=EDGE_CURVE('',#2697,#2687,#1303,.T.);
#3386=EDGE_CURVE('',#2698,#2694,#1304,.T.);
#3387=EDGE_CURVE('',#2698,#2683,#1305,.T.);
#3388=EDGE_CURVE('',#2669,#2691,#1306,.T.);
#3389=EDGE_CURVE('',#2699,#2685,#1307,.T.);
#3390=EDGE_CURVE('',#2696,#2699,#2313,.T.);
#3391=EDGE_CURVE('',#2700,#2700,#2314,.T.);
#3392=EDGE_CURVE('',#2665,#2690,#1308,.T.);
#3393=EDGE_CURVE('',#2688,#2701,#1309,.T.);
#3394=EDGE_CURVE('',#2701,#2699,#1310,.T.);
#3395=EDGE_CURVE('',#2684,#2702,#1311,.T.);
#3396=EDGE_CURVE('',#2702,#2693,#1312,.T.);
#3397=EDGE_CURVE('',#2700,#2703,#1313,.T.);
#3398=EDGE_CURVE('',#2703,#2703,#2315,.T.);
#3399=EDGE_CURVE('',#2692,#2670,#1314,.T.);
#3400=EDGE_CURVE('',#2695,#2704,#1315,.T.);
#3401=EDGE_CURVE('',#2704,#2704,#2316,.T.);
#3402=EDGE_CURVE('',#2701,#2697,#2317,.T.);
#3403=EDGE_CURVE('',#2702,#2698,#2318,.T.);
#3404=EDGE_CURVE('',#2705,#2706,#1316,.T.);
#3405=EDGE_CURVE('',#2707,#2705,#1317,.T.);
#3406=EDGE_CURVE('',#2708,#2707,#2319,.T.);
#3407=EDGE_CURVE('',#2706,#2708,#1318,.T.);
#3408=EDGE_CURVE('',#2709,#2709,#2320,.T.);
#3409=EDGE_CURVE('',#2710,#2711,#1319,.T.);
#3410=EDGE_CURVE('',#2712,#2710,#1320,.T.);
#3411=EDGE_CURVE('',#2713,#2712,#2321,.T.);
#3412=EDGE_CURVE('',#2711,#2713,#1321,.T.);
#3413=EDGE_CURVE('',#2714,#2714,#2322,.T.);
#3414=EDGE_CURVE('',#2715,#2710,#1322,.T.);
#3415=EDGE_CURVE('',#2715,#2716,#1323,.T.);
#3416=EDGE_CURVE('',#2712,#2716,#1324,.T.);
#3417=EDGE_CURVE('',#2717,#2718,#1325,.T.);
#3418=EDGE_CURVE('',#2719,#2717,#1326,.T.);
#3419=EDGE_CURVE('',#2720,#2719,#1327,.T.);
#3420=EDGE_CURVE('',#2720,#2718,#1328,.T.);
#3421=EDGE_CURVE('',#2706,#2721,#1329,.T.);
#3422=EDGE_CURVE('',#2722,#2708,#1330,.T.);
#3423=EDGE_CURVE('',#2721,#2722,#1331,.T.);
#3424=EDGE_CURVE('',#2723,#2723,#2323,.T.);
#3425=EDGE_CURVE('',#2723,#2714,#1332,.T.);
#3426=EDGE_CURVE('',#2709,#2724,#1333,.T.);
#3427=EDGE_CURVE('',#2724,#2724,#2324,.T.);
#3428=EDGE_CURVE('',#2725,#2725,#2325,.T.);
#3429=EDGE_CURVE('',#2725,#2726,#1334,.T.);
#3430=EDGE_CURVE('',#2726,#2726,#2326,.T.);
#3431=EDGE_CURVE('',#2727,#2707,#1335,.T.);
#3432=EDGE_CURVE('',#2727,#2722,#2327,.T.);
#3433=EDGE_CURVE('',#2716,#2728,#2328,.T.);
#3434=EDGE_CURVE('',#2713,#2728,#1336,.T.);
#3435=EDGE_CURVE('',#2729,#2720,#2329,.T.);
#3436=EDGE_CURVE('',#2730,#2719,#2330,.T.);
#3437=EDGE_CURVE('',#2729,#2730,#1337,.T.);
#3438=EDGE_CURVE('',#2731,#2715,#1338,.T.);
#3439=EDGE_CURVE('',#2728,#2731,#1339,.T.);
#3440=EDGE_CURVE('',#2718,#2732,#1340,.T.);
#3441=EDGE_CURVE('',#2732,#2729,#1341,.T.);
#3442=EDGE_CURVE('',#2727,#2733,#1342,.T.);
#3443=EDGE_CURVE('',#2733,#2734,#1343,.T.);
#3444=EDGE_CURVE('',#2735,#2734,#1344,.T.);
#3445=EDGE_CURVE('',#2735,#2721,#1345,.T.);
#3446=EDGE_CURVE('',#2730,#2736,#1346,.T.);
#3447=EDGE_CURVE('',#2737,#2717,#1347,.T.);
#3448=EDGE_CURVE('',#2738,#2737,#1348,.T.);
#3449=EDGE_CURVE('',#2738,#2736,#1349,.T.);
#3450=EDGE_CURVE('',#2736,#2739,#1350,.T.);
#3451=EDGE_CURVE('',#2739,#2740,#1351,.T.);
#3452=EDGE_CURVE('',#2740,#2741,#1352,.T.);
#3453=EDGE_CURVE('',#2741,#2742,#1353,.T.);
#3454=EDGE_CURVE('',#2742,#2733,#1354,.T.);
#3455=EDGE_CURVE('',#2705,#2711,#1355,.T.);
#3456=EDGE_CURVE('',#2731,#2732,#1356,.T.);
#3457=EDGE_CURVE('',#2739,#2743,#1357,.T.);
#3458=EDGE_CURVE('',#2734,#2738,#1358,.T.);
#3459=EDGE_CURVE('',#2744,#2742,#1359,.T.);
#3460=EDGE_CURVE('',#2745,#2744,#1360,.T.);
#3461=EDGE_CURVE('',#2746,#2745,#1361,.T.);
#3462=EDGE_CURVE('',#2747,#2746,#1362,.T.);
#3463=EDGE_CURVE('',#2748,#2747,#1363,.T.);
#3464=EDGE_CURVE('',#2743,#2748,#1364,.T.);
#3465=EDGE_CURVE('',#2737,#2735,#1365,.T.);
#3466=EDGE_CURVE('',#2743,#2749,#1366,.T.);
#3467=EDGE_CURVE('',#2749,#2740,#1367,.T.);
#3468=EDGE_CURVE('',#2748,#2750,#1368,.T.);
#3469=EDGE_CURVE('',#2750,#2749,#1369,.T.);
#3470=EDGE_CURVE('',#2741,#2751,#1370,.T.);
#3471=EDGE_CURVE('',#2744,#2751,#1371,.T.);
#3472=EDGE_CURVE('',#2747,#2752,#1372,.T.);
#3473=EDGE_CURVE('',#2752,#2750,#1373,.T.);
#3474=EDGE_CURVE('',#2751,#2753,#1374,.T.);
#3475=EDGE_CURVE('',#2745,#2753,#1375,.T.);
#3476=EDGE_CURVE('',#2754,#2746,#1376,.T.);
#3477=EDGE_CURVE('',#2754,#2752,#1377,.T.);
#3478=EDGE_CURVE('',#2753,#2754,#1378,.T.);
#3479=EDGE_CURVE('',#2755,#2756,#2331,.T.);
#3480=EDGE_CURVE('',#2756,#2757,#1379,.T.);
#3481=EDGE_CURVE('',#2757,#2758,#2332,.T.);
#3482=EDGE_CURVE('',#2758,#2755,#1380,.T.);
#3483=EDGE_CURVE('',#2759,#2759,#2333,.T.);
#3484=EDGE_CURVE('',#2760,#2760,#2334,.T.);
#3485=EDGE_CURVE('',#2761,#2762,#2335,.T.);
#3486=EDGE_CURVE('',#2762,#2763,#1381,.T.);
#3487=EDGE_CURVE('',#2763,#2764,#2336,.T.);
#3488=EDGE_CURVE('',#2764,#2761,#1382,.T.);
#3489=EDGE_CURVE('',#2765,#2765,#2337,.T.);
#3490=EDGE_CURVE('',#2766,#2766,#2338,.T.);
#3491=EDGE_CURVE('',#2755,#2762,#1383,.T.);
#3492=EDGE_CURVE('',#2758,#2763,#1384,.T.);
#3493=EDGE_CURVE('',#2765,#2760,#1385,.T.);
#3494=EDGE_CURVE('',#2766,#2759,#1386,.T.);
#3495=EDGE_CURVE('',#2757,#2764,#1387,.T.);
#3496=EDGE_CURVE('',#2756,#2761,#1388,.T.);
#3497=EDGE_CURVE('',#2767,#2768,#1389,.T.);
#3498=EDGE_CURVE('',#2767,#2769,#1390,.T.);
#3499=EDGE_CURVE('',#2769,#2770,#1391,.T.);
#3500=EDGE_CURVE('',#2768,#2770,#1392,.T.);
#3501=EDGE_CURVE('',#2768,#2771,#1393,.T.);
#3502=EDGE_CURVE('',#2770,#2772,#1394,.T.);
#3503=EDGE_CURVE('',#2771,#2772,#1395,.T.);
#3504=EDGE_CURVE('',#2771,#2773,#1396,.T.);
#3505=EDGE_CURVE('',#2772,#2774,#1397,.T.);
#3506=EDGE_CURVE('',#2773,#2774,#1398,.T.);
#3507=EDGE_CURVE('',#2773,#2775,#1399,.T.);
#3508=EDGE_CURVE('',#2774,#2776,#1400,.T.);
#3509=EDGE_CURVE('',#2775,#2776,#1401,.T.);
#3510=EDGE_CURVE('',#2775,#2777,#1402,.T.);
#3511=EDGE_CURVE('',#2776,#2778,#1403,.T.);
#3512=EDGE_CURVE('',#2777,#2778,#1404,.T.);
#3513=EDGE_CURVE('',#2779,#2767,#1405,.T.);
#3514=EDGE_CURVE('',#2779,#2780,#1406,.T.);
#3515=EDGE_CURVE('',#2780,#2769,#1407,.T.);
#3516=EDGE_CURVE('',#2781,#2779,#1408,.T.);
#3517=EDGE_CURVE('',#2782,#2781,#1409,.T.);
#3518=EDGE_CURVE('',#2782,#2780,#1410,.T.);
#3519=EDGE_CURVE('',#2783,#2784,#1411,.T.);
#3520=EDGE_CURVE('',#2785,#2783,#1412,.T.);
#3521=EDGE_CURVE('',#2778,#2785,#1413,.T.);
#3522=EDGE_CURVE('',#2786,#2782,#1414,.T.);
#3523=EDGE_CURVE('',#2784,#2786,#1415,.T.);
#3524=EDGE_CURVE('',#2777,#2781,#1416,.T.);
#3525=EDGE_CURVE('',#2787,#2785,#1417,.T.);
#3526=EDGE_CURVE('',#2787,#2788,#1418,.T.);
#3527=EDGE_CURVE('',#2788,#2789,#1419,.T.);
#3528=EDGE_CURVE('',#2789,#2790,#1420,.T.);
#3529=EDGE_CURVE('',#2790,#2791,#1421,.T.);
#3530=EDGE_CURVE('',#2791,#2792,#1422,.T.);
#3531=EDGE_CURVE('',#2792,#2793,#1423,.T.);
#3532=EDGE_CURVE('',#2793,#2794,#1424,.T.);
#3533=EDGE_CURVE('',#2794,#2795,#1425,.T.);
#3534=EDGE_CURVE('',#2795,#2796,#1426,.T.);
#3535=EDGE_CURVE('',#2786,#2796,#1427,.T.);
#3536=EDGE_CURVE('',#2783,#2797,#1428,.T.);
#3537=EDGE_CURVE('',#2787,#2797,#2339,.T.);
#3538=EDGE_CURVE('',#2798,#2798,#2340,.T.);
#3539=EDGE_CURVE('',#2799,#2789,#1429,.T.);
#3540=EDGE_CURVE('',#2800,#2799,#1430,.T.);
#3541=EDGE_CURVE('',#2800,#2790,#1431,.T.);
#3542=EDGE_CURVE('',#2801,#2793,#1432,.T.);
#3543=EDGE_CURVE('',#2802,#2801,#1433,.T.);
#3544=EDGE_CURVE('',#2802,#2794,#1434,.T.);
#3545=EDGE_CURVE('',#2803,#2784,#1435,.T.);
#3546=EDGE_CURVE('',#2804,#2803,#1436,.T.);
#3547=EDGE_CURVE('',#2804,#2802,#1437,.T.);
#3548=EDGE_CURVE('',#2801,#2805,#1438,.T.);
#3549=EDGE_CURVE('',#2806,#2805,#1439,.T.);
#3550=EDGE_CURVE('',#2806,#2800,#1440,.T.);
#3551=EDGE_CURVE('',#2799,#2807,#1441,.T.);
#3552=EDGE_CURVE('',#2797,#2807,#1442,.T.);
#3553=EDGE_CURVE('',#2796,#2803,#2341,.T.);
#3554=EDGE_CURVE('',#2808,#2808,#2342,.T.);
#3555=EDGE_CURVE('',#2809,#2809,#2343,.T.);
#3556=EDGE_CURVE('',#2809,#2810,#1443,.T.);
#3557=EDGE_CURVE('',#2810,#2810,#2344,.T.);
#3558=EDGE_CURVE('',#2811,#2811,#2345,.T.);
#3559=EDGE_CURVE('',#2811,#2798,#1444,.T.);
#3560=EDGE_CURVE('',#2808,#2812,#1445,.T.);
#3561=EDGE_CURVE('',#2812,#2812,#2346,.T.);
#3562=EDGE_CURVE('',#2807,#2788,#2347,.T.);
#3563=EDGE_CURVE('',#2791,#2806,#2348,.T.);
#3564=EDGE_CURVE('',#2805,#2792,#2349,.T.);
#3565=EDGE_CURVE('',#2795,#2804,#2350,.T.);
#3566=EDGE_CURVE('',#2813,#2814,#1446,.T.);
#3567=EDGE_CURVE('',#2813,#2815,#1447,.T.);
#3568=EDGE_CURVE('',#2815,#2816,#1448,.T.);
#3569=EDGE_CURVE('',#2814,#2816,#1449,.T.);
#3570=EDGE_CURVE('',#2814,#2817,#1450,.T.);
#3571=EDGE_CURVE('',#2816,#2818,#1451,.T.);
#3572=EDGE_CURVE('',#2817,#2818,#1452,.T.);
#3573=EDGE_CURVE('',#2817,#2819,#1453,.T.);
#3574=EDGE_CURVE('',#2818,#2820,#1454,.T.);
#3575=EDGE_CURVE('',#2819,#2820,#1455,.T.);
#3576=EDGE_CURVE('',#2819,#2821,#1456,.T.);
#3577=EDGE_CURVE('',#2820,#2822,#1457,.T.);
#3578=EDGE_CURVE('',#2821,#2822,#1458,.T.);
#3579=EDGE_CURVE('',#2821,#2823,#1459,.T.);
#3580=EDGE_CURVE('',#2822,#2824,#1460,.T.);
#3581=EDGE_CURVE('',#2823,#2824,#1461,.T.);
#3582=EDGE_CURVE('',#2825,#2813,#1462,.T.);
#3583=EDGE_CURVE('',#2825,#2826,#1463,.T.);
#3584=EDGE_CURVE('',#2826,#2815,#1464,.T.);
#3585=EDGE_CURVE('',#2827,#2825,#1465,.T.);
#3586=EDGE_CURVE('',#2828,#2827,#1466,.T.);
#3587=EDGE_CURVE('',#2828,#2826,#1467,.T.);
#3588=EDGE_CURVE('',#2829,#2830,#1468,.T.);
#3589=EDGE_CURVE('',#2831,#2829,#1469,.T.);
#3590=EDGE_CURVE('',#2824,#2831,#1470,.T.);
#3591=EDGE_CURVE('',#2832,#2828,#1471,.T.);
#3592=EDGE_CURVE('',#2830,#2832,#1472,.T.);
#3593=EDGE_CURVE('',#2823,#2827,#1473,.T.);
#3594=EDGE_CURVE('',#2833,#2830,#1474,.T.);
#3595=EDGE_CURVE('',#2833,#2834,#1475,.T.);
#3596=EDGE_CURVE('',#2834,#2835,#1476,.T.);
#3597=EDGE_CURVE('',#2835,#2836,#1477,.T.);
#3598=EDGE_CURVE('',#2836,#2837,#1478,.T.);
#3599=EDGE_CURVE('',#2837,#2838,#1479,.T.);
#3600=EDGE_CURVE('',#2838,#2839,#1480,.T.);
#3601=EDGE_CURVE('',#2839,#2840,#1481,.T.);
#3602=EDGE_CURVE('',#2840,#2841,#1482,.T.);
#3603=EDGE_CURVE('',#2841,#2842,#1483,.T.);
#3604=EDGE_CURVE('',#2829,#2842,#1484,.T.);
#3605=EDGE_CURVE('',#2832,#2843,#1485,.T.);
#3606=EDGE_CURVE('',#2833,#2843,#2351,.T.);
#3607=EDGE_CURVE('',#2844,#2844,#2352,.T.);
#3608=EDGE_CURVE('',#2845,#2846,#1486,.T.);
#3609=EDGE_CURVE('',#2836,#2845,#1487,.T.);
#3610=EDGE_CURVE('',#2835,#2846,#1488,.T.);
#3611=EDGE_CURVE('',#2847,#2848,#1489,.T.);
#3612=EDGE_CURVE('',#2840,#2847,#1490,.T.);
#3613=EDGE_CURVE('',#2839,#2848,#1491,.T.);
#3614=EDGE_CURVE('',#2849,#2831,#1492,.T.);
#3615=EDGE_CURVE('',#2850,#2849,#1493,.T.);
#3616=EDGE_CURVE('',#2850,#2847,#1494,.T.);
#3617=EDGE_CURVE('',#2848,#2851,#1495,.T.);
#3618=EDGE_CURVE('',#2852,#2851,#1496,.T.);
#3619=EDGE_CURVE('',#2852,#2845,#1497,.T.);
#3620=EDGE_CURVE('',#2846,#2853,#1498,.T.);
#3621=EDGE_CURVE('',#2843,#2853,#1499,.T.);
#3622=EDGE_CURVE('',#2842,#2849,#2353,.T.);
#3623=EDGE_CURVE('',#2854,#2854,#2354,.T.);
#3624=EDGE_CURVE('',#2855,#2855,#2355,.T.);
#3625=EDGE_CURVE('',#2855,#2856,#1500,.T.);
#3626=EDGE_CURVE('',#2856,#2856,#2356,.T.);
#3627=EDGE_CURVE('',#2857,#2857,#2357,.T.);
#3628=EDGE_CURVE('',#2857,#2844,#1501,.T.);
#3629=EDGE_CURVE('',#2854,#2858,#1502,.T.);
#3630=EDGE_CURVE('',#2858,#2858,#2358,.T.);
#3631=EDGE_CURVE('',#2837,#2852,#2359,.T.);
#3632=EDGE_CURVE('',#2851,#2838,#2360,.T.);
#3633=EDGE_CURVE('',#2853,#2834,#2361,.T.);
#3634=EDGE_CURVE('',#2841,#2850,#2362,.T.);
#3635=EDGE_CURVE('',#2859,#2860,#2363,.T.);
#3636=EDGE_CURVE('',#2860,#2861,#1503,.T.);
#3637=EDGE_CURVE('',#2861,#2862,#2364,.T.);
#3638=EDGE_CURVE('',#2862,#2859,#1504,.T.);
#3639=EDGE_CURVE('',#2863,#2863,#2365,.T.);
#3640=EDGE_CURVE('',#2864,#2864,#2366,.T.);
#3641=EDGE_CURVE('',#2865,#2866,#2367,.T.);
#3642=EDGE_CURVE('',#2866,#2867,#1505,.T.);
#3643=EDGE_CURVE('',#2867,#2868,#2368,.T.);
#3644=EDGE_CURVE('',#2868,#2865,#1506,.T.);
#3645=EDGE_CURVE('',#2869,#2869,#2369,.T.);
#3646=EDGE_CURVE('',#2870,#2870,#2370,.T.);
#3647=EDGE_CURVE('',#2859,#2866,#1507,.T.);
#3648=EDGE_CURVE('',#2862,#2867,#1508,.T.);
#3649=EDGE_CURVE('',#2869,#2864,#1509,.T.);
#3650=EDGE_CURVE('',#2870,#2863,#1510,.T.);
#3651=EDGE_CURVE('',#2860,#2865,#1511,.T.);
#3652=EDGE_CURVE('',#2861,#2868,#1512,.T.);
#3653=EDGE_CURVE('',#2871,#2872,#1513,.T.);
#3654=EDGE_CURVE('',#2873,#2871,#1514,.T.);
#3655=EDGE_CURVE('',#2874,#2873,#2371,.T.);
#3656=EDGE_CURVE('',#2872,#2874,#1515,.T.);
#3657=EDGE_CURVE('',#2875,#2875,#2372,.T.);
#3658=EDGE_CURVE('',#2876,#2877,#1516,.T.);
#3659=EDGE_CURVE('',#2876,#2878,#1517,.T.);
#3660=EDGE_CURVE('',#2878,#2879,#1518,.T.);
#3661=EDGE_CURVE('',#2879,#2877,#1519,.T.);
#3662=EDGE_CURVE('',#2872,#2880,#1520,.T.);
#3663=EDGE_CURVE('',#2874,#2881,#1521,.T.);
#3664=EDGE_CURVE('',#2880,#2881,#1522,.T.);
#3665=EDGE_CURVE('',#2882,#2876,#1523,.T.);
#3666=EDGE_CURVE('',#2883,#2882,#1524,.T.);
#3667=EDGE_CURVE('',#2878,#2883,#2373,.T.);
#3668=EDGE_CURVE('',#2884,#2884,#2374,.T.);
#3669=EDGE_CURVE('',#2885,#2886,#1525,.T.);
#3670=EDGE_CURVE('',#2887,#2885,#1526,.T.);
#3671=EDGE_CURVE('',#2887,#2888,#1527,.T.);
#3672=EDGE_CURVE('',#2888,#2886,#1528,.T.);
#3673=EDGE_CURVE('',#2889,#2889,#2375,.T.);
#3674=EDGE_CURVE('',#2889,#2884,#1529,.T.);
#3675=EDGE_CURVE('',#2890,#2890,#2376,.T.);
#3676=EDGE_CURVE('',#2890,#2891,#1530,.T.);
#3677=EDGE_CURVE('',#2891,#2891,#2377,.T.);
#3678=EDGE_CURVE('',#2892,#2892,#2378,.T.);
#3679=EDGE_CURVE('',#2892,#2875,#1531,.T.);
#3680=EDGE_CURVE('',#2883,#2893,#1532,.T.);
#3681=EDGE_CURVE('',#2893,#2879,#2379,.T.);
#3682=EDGE_CURVE('',#2894,#2888,#2380,.T.);
#3683=EDGE_CURVE('',#2887,#2895,#2381,.T.);
#3684=EDGE_CURVE('',#2895,#2894,#1533,.T.);
#3685=EDGE_CURVE('',#2873,#2896,#1534,.T.);
#3686=EDGE_CURVE('',#2881,#2896,#2382,.T.);
#3687=EDGE_CURVE('',#2877,#2897,#1535,.T.);
#3688=EDGE_CURVE('',#2897,#2893,#1536,.T.);
#3689=EDGE_CURVE('',#2886,#2898,#1537,.T.);
#3690=EDGE_CURVE('',#2898,#2894,#1538,.T.);
#3691=EDGE_CURVE('',#2895,#2899,#1539,.T.);
#3692=EDGE_CURVE('',#2885,#2900,#1540,.T.);
#3693=EDGE_CURVE('',#2901,#2900,#1541,.T.);
#3694=EDGE_CURVE('',#2901,#2899,#1542,.T.);
#3695=EDGE_CURVE('',#2882,#2898,#1543,.T.);
#3696=EDGE_CURVE('',#2871,#2897,#1544,.T.);
#3697=EDGE_CURVE('',#2880,#2902,#1545,.T.);
#3698=EDGE_CURVE('',#2900,#2902,#1546,.T.);
#3699=EDGE_CURVE('',#2903,#2904,#1547,.T.);
#3700=EDGE_CURVE('',#2905,#2904,#1548,.T.);
#3701=EDGE_CURVE('',#2905,#2906,#1549,.T.);
#3702=EDGE_CURVE('',#2906,#2907,#1550,.T.);
#3703=EDGE_CURVE('',#2907,#2908,#1551,.T.);
#3704=EDGE_CURVE('',#2908,#2909,#1552,.T.);
#3705=EDGE_CURVE('',#2910,#2909,#1553,.T.);
#3706=EDGE_CURVE('',#2910,#2903,#1554,.T.);
#3707=EDGE_CURVE('',#2911,#2912,#1555,.T.);
#3708=EDGE_CURVE('',#2909,#2912,#1556,.T.);
#3709=EDGE_CURVE('',#2911,#2908,#1557,.T.);
#3710=EDGE_CURVE('',#2913,#2911,#1558,.T.);
#3711=EDGE_CURVE('',#2907,#2913,#1559,.T.);
#3712=EDGE_CURVE('',#2912,#2914,#1560,.T.);
#3713=EDGE_CURVE('',#2914,#2910,#1561,.T.);
#3714=EDGE_CURVE('',#2915,#2913,#1562,.T.);
#3715=EDGE_CURVE('',#2906,#2915,#1563,.T.);
#3716=EDGE_CURVE('',#2914,#2916,#1564,.T.);
#3717=EDGE_CURVE('',#2903,#2916,#1565,.T.);
#3718=EDGE_CURVE('',#2917,#2915,#1566,.T.);
#3719=EDGE_CURVE('',#2905,#2917,#1567,.T.);
#3720=EDGE_CURVE('',#2916,#2918,#1568,.T.);
#3721=EDGE_CURVE('',#2904,#2918,#1569,.T.);
#3722=EDGE_CURVE('',#2899,#2917,#1570,.T.);
#3723=EDGE_CURVE('',#2918,#2919,#1571,.T.);
#3724=EDGE_CURVE('',#2919,#2896,#1572,.T.);
#3725=EDGE_CURVE('',#2919,#2920,#1573,.T.);
#3726=EDGE_CURVE('',#2902,#2920,#1574,.T.);
#3727=EDGE_CURVE('',#2920,#2901,#1575,.T.);
#3728=ORIENTED_EDGE('',*,*,#2921,.T.);
#3729=ORIENTED_EDGE('',*,*,#2922,.T.);
#3730=ORIENTED_EDGE('',*,*,#2923,.T.);
#3731=ORIENTED_EDGE('',*,*,#2924,.T.);
#3732=ORIENTED_EDGE('',*,*,#2925,.T.);
#3733=ORIENTED_EDGE('',*,*,#2926,.T.);
#3734=ORIENTED_EDGE('',*,*,#2927,.T.);
#3735=ORIENTED_EDGE('',*,*,#2928,.T.);
#3736=ORIENTED_EDGE('',*,*,#2929,.T.);
#3737=ORIENTED_EDGE('',*,*,#2930,.T.);
#3738=ORIENTED_EDGE('',*,*,#2931,.T.);
#3739=ORIENTED_EDGE('',*,*,#2932,.T.);
#3740=ORIENTED_EDGE('',*,*,#2933,.F.);
#3741=ORIENTED_EDGE('',*,*,#2924,.F.);
#3742=ORIENTED_EDGE('',*,*,#2934,.T.);
#3743=ORIENTED_EDGE('',*,*,#2928,.F.);
#3744=ORIENTED_EDGE('',*,*,#2931,.F.);
#3745=ORIENTED_EDGE('',*,*,#2935,.T.);
#3746=ORIENTED_EDGE('',*,*,#2926,.F.);
#3747=ORIENTED_EDGE('',*,*,#2935,.F.);
#3748=ORIENTED_EDGE('',*,*,#2932,.F.);
#3749=ORIENTED_EDGE('',*,*,#2936,.T.);
#3750=ORIENTED_EDGE('',*,*,#2925,.F.);
#3751=ORIENTED_EDGE('',*,*,#2936,.F.);
#3752=ORIENTED_EDGE('',*,*,#2921,.F.);
#3753=ORIENTED_EDGE('',*,*,#2933,.T.);
#3754=ORIENTED_EDGE('',*,*,#2927,.F.);
#3755=ORIENTED_EDGE('',*,*,#2937,.F.);
#3756=ORIENTED_EDGE('',*,*,#2929,.F.);
#3757=ORIENTED_EDGE('',*,*,#2934,.F.);
#3758=ORIENTED_EDGE('',*,*,#2923,.F.);
#3759=ORIENTED_EDGE('',*,*,#2938,.T.);
#3760=ORIENTED_EDGE('',*,*,#2938,.F.);
#3761=ORIENTED_EDGE('',*,*,#2922,.F.);
#3762=ORIENTED_EDGE('',*,*,#2937,.T.);
#3763=ORIENTED_EDGE('',*,*,#2930,.F.);
#3764=ORIENTED_EDGE('',*,*,#2939,.T.);
#3765=ORIENTED_EDGE('',*,*,#2940,.T.);
#3766=ORIENTED_EDGE('',*,*,#2941,.T.);
#3767=ORIENTED_EDGE('',*,*,#2942,.T.);
#3768=ORIENTED_EDGE('',*,*,#2943,.T.);
#3769=ORIENTED_EDGE('',*,*,#2944,.T.);
#3770=ORIENTED_EDGE('',*,*,#2945,.T.);
#3771=ORIENTED_EDGE('',*,*,#2946,.T.);
#3772=ORIENTED_EDGE('',*,*,#2947,.T.);
#3773=ORIENTED_EDGE('',*,*,#2948,.T.);
#3774=ORIENTED_EDGE('',*,*,#2949,.T.);
#3775=ORIENTED_EDGE('',*,*,#2950,.T.);
#3776=ORIENTED_EDGE('',*,*,#2951,.F.);
#3777=ORIENTED_EDGE('',*,*,#2942,.F.);
#3778=ORIENTED_EDGE('',*,*,#2952,.T.);
#3779=ORIENTED_EDGE('',*,*,#2946,.F.);
#3780=ORIENTED_EDGE('',*,*,#2949,.F.);
#3781=ORIENTED_EDGE('',*,*,#2953,.T.);
#3782=ORIENTED_EDGE('',*,*,#2944,.F.);
#3783=ORIENTED_EDGE('',*,*,#2953,.F.);
#3784=ORIENTED_EDGE('',*,*,#2950,.F.);
#3785=ORIENTED_EDGE('',*,*,#2954,.T.);
#3786=ORIENTED_EDGE('',*,*,#2943,.F.);
#3787=ORIENTED_EDGE('',*,*,#2954,.F.);
#3788=ORIENTED_EDGE('',*,*,#2941,.F.);
#3789=ORIENTED_EDGE('',*,*,#2955,.T.);
#3790=ORIENTED_EDGE('',*,*,#2947,.F.);
#3791=ORIENTED_EDGE('',*,*,#2952,.F.);
#3792=ORIENTED_EDGE('',*,*,#2939,.F.);
#3793=ORIENTED_EDGE('',*,*,#2951,.T.);
#3794=ORIENTED_EDGE('',*,*,#2945,.F.);
#3795=ORIENTED_EDGE('',*,*,#2956,.F.);
#3796=ORIENTED_EDGE('',*,*,#2955,.F.);
#3797=ORIENTED_EDGE('',*,*,#2940,.F.);
#3798=ORIENTED_EDGE('',*,*,#2956,.T.);
#3799=ORIENTED_EDGE('',*,*,#2948,.F.);
#3800=ORIENTED_EDGE('',*,*,#2957,.T.);
#3801=ORIENTED_EDGE('',*,*,#2958,.T.);
#3802=ORIENTED_EDGE('',*,*,#2959,.T.);
#3803=ORIENTED_EDGE('',*,*,#2960,.T.);
#3804=ORIENTED_EDGE('',*,*,#2961,.T.);
#3805=ORIENTED_EDGE('',*,*,#2962,.T.);
#3806=ORIENTED_EDGE('',*,*,#2963,.T.);
#3807=ORIENTED_EDGE('',*,*,#2964,.T.);
#3808=ORIENTED_EDGE('',*,*,#2965,.T.);
#3809=ORIENTED_EDGE('',*,*,#2966,.T.);
#3810=ORIENTED_EDGE('',*,*,#2967,.T.);
#3811=ORIENTED_EDGE('',*,*,#2968,.T.);
#3812=ORIENTED_EDGE('',*,*,#2969,.F.);
#3813=ORIENTED_EDGE('',*,*,#2960,.F.);
#3814=ORIENTED_EDGE('',*,*,#2970,.T.);
#3815=ORIENTED_EDGE('',*,*,#2964,.F.);
#3816=ORIENTED_EDGE('',*,*,#2967,.F.);
#3817=ORIENTED_EDGE('',*,*,#2971,.T.);
#3818=ORIENTED_EDGE('',*,*,#2962,.F.);
#3819=ORIENTED_EDGE('',*,*,#2971,.F.);
#3820=ORIENTED_EDGE('',*,*,#2968,.F.);
#3821=ORIENTED_EDGE('',*,*,#2972,.T.);
#3822=ORIENTED_EDGE('',*,*,#2961,.F.);
#3823=ORIENTED_EDGE('',*,*,#2972,.F.);
#3824=ORIENTED_EDGE('',*,*,#2959,.F.);
#3825=ORIENTED_EDGE('',*,*,#2973,.T.);
#3826=ORIENTED_EDGE('',*,*,#2965,.F.);
#3827=ORIENTED_EDGE('',*,*,#2970,.F.);
#3828=ORIENTED_EDGE('',*,*,#2957,.F.);
#3829=ORIENTED_EDGE('',*,*,#2969,.T.);
#3830=ORIENTED_EDGE('',*,*,#2963,.F.);
#3831=ORIENTED_EDGE('',*,*,#2974,.F.);
#3832=ORIENTED_EDGE('',*,*,#2973,.F.);
#3833=ORIENTED_EDGE('',*,*,#2958,.F.);
#3834=ORIENTED_EDGE('',*,*,#2974,.T.);
#3835=ORIENTED_EDGE('',*,*,#2966,.F.);
#3836=ORIENTED_EDGE('',*,*,#2975,.T.);
#3837=ORIENTED_EDGE('',*,*,#2976,.T.);
#3838=ORIENTED_EDGE('',*,*,#2977,.T.);
#3839=ORIENTED_EDGE('',*,*,#2978,.T.);
#3840=ORIENTED_EDGE('',*,*,#2979,.T.);
#3841=ORIENTED_EDGE('',*,*,#2980,.T.);
#3842=ORIENTED_EDGE('',*,*,#2981,.T.);
#3843=ORIENTED_EDGE('',*,*,#2982,.T.);
#3844=ORIENTED_EDGE('',*,*,#2983,.T.);
#3845=ORIENTED_EDGE('',*,*,#2984,.T.);
#3846=ORIENTED_EDGE('',*,*,#2985,.T.);
#3847=ORIENTED_EDGE('',*,*,#2986,.T.);
#3848=ORIENTED_EDGE('',*,*,#2987,.F.);
#3849=ORIENTED_EDGE('',*,*,#2978,.F.);
#3850=ORIENTED_EDGE('',*,*,#2988,.T.);
#3851=ORIENTED_EDGE('',*,*,#2982,.F.);
#3852=ORIENTED_EDGE('',*,*,#2985,.F.);
#3853=ORIENTED_EDGE('',*,*,#2989,.T.);
#3854=ORIENTED_EDGE('',*,*,#2980,.F.);
#3855=ORIENTED_EDGE('',*,*,#2989,.F.);
#3856=ORIENTED_EDGE('',*,*,#2986,.F.);
#3857=ORIENTED_EDGE('',*,*,#2990,.T.);
#3858=ORIENTED_EDGE('',*,*,#2979,.F.);
#3859=ORIENTED_EDGE('',*,*,#2990,.F.);
#3860=ORIENTED_EDGE('',*,*,#2975,.F.);
#3861=ORIENTED_EDGE('',*,*,#2987,.T.);
#3862=ORIENTED_EDGE('',*,*,#2981,.F.);
#3863=ORIENTED_EDGE('',*,*,#2991,.F.);
#3864=ORIENTED_EDGE('',*,*,#2983,.F.);
#3865=ORIENTED_EDGE('',*,*,#2988,.F.);
#3866=ORIENTED_EDGE('',*,*,#2977,.F.);
#3867=ORIENTED_EDGE('',*,*,#2992,.T.);
#3868=ORIENTED_EDGE('',*,*,#2992,.F.);
#3869=ORIENTED_EDGE('',*,*,#2976,.F.);
#3870=ORIENTED_EDGE('',*,*,#2991,.T.);
#3871=ORIENTED_EDGE('',*,*,#2984,.F.);
#3872=ORIENTED_EDGE('',*,*,#2993,.T.);
#3873=ORIENTED_EDGE('',*,*,#2994,.T.);
#3874=ORIENTED_EDGE('',*,*,#2995,.T.);
#3875=ORIENTED_EDGE('',*,*,#2996,.T.);
#3876=ORIENTED_EDGE('',*,*,#2997,.T.);
#3877=ORIENTED_EDGE('',*,*,#2998,.T.);
#3878=ORIENTED_EDGE('',*,*,#2999,.T.);
#3879=ORIENTED_EDGE('',*,*,#3000,.T.);
#3880=ORIENTED_EDGE('',*,*,#3001,.T.);
#3881=ORIENTED_EDGE('',*,*,#3002,.T.);
#3882=ORIENTED_EDGE('',*,*,#3003,.T.);
#3883=ORIENTED_EDGE('',*,*,#3004,.T.);
#3884=ORIENTED_EDGE('',*,*,#3005,.F.);
#3885=ORIENTED_EDGE('',*,*,#2996,.F.);
#3886=ORIENTED_EDGE('',*,*,#3006,.T.);
#3887=ORIENTED_EDGE('',*,*,#3000,.F.);
#3888=ORIENTED_EDGE('',*,*,#3003,.F.);
#3889=ORIENTED_EDGE('',*,*,#3007,.T.);
#3890=ORIENTED_EDGE('',*,*,#2998,.F.);
#3891=ORIENTED_EDGE('',*,*,#3007,.F.);
#3892=ORIENTED_EDGE('',*,*,#3004,.F.);
#3893=ORIENTED_EDGE('',*,*,#3008,.T.);
#3894=ORIENTED_EDGE('',*,*,#2997,.F.);
#3895=ORIENTED_EDGE('',*,*,#3008,.F.);
#3896=ORIENTED_EDGE('',*,*,#2995,.F.);
#3897=ORIENTED_EDGE('',*,*,#3009,.T.);
#3898=ORIENTED_EDGE('',*,*,#3001,.F.);
#3899=ORIENTED_EDGE('',*,*,#3006,.F.);
#3900=ORIENTED_EDGE('',*,*,#2993,.F.);
#3901=ORIENTED_EDGE('',*,*,#3005,.T.);
#3902=ORIENTED_EDGE('',*,*,#2999,.F.);
#3903=ORIENTED_EDGE('',*,*,#3010,.F.);
#3904=ORIENTED_EDGE('',*,*,#3009,.F.);
#3905=ORIENTED_EDGE('',*,*,#2994,.F.);
#3906=ORIENTED_EDGE('',*,*,#3010,.T.);
#3907=ORIENTED_EDGE('',*,*,#3002,.F.);
#3908=ORIENTED_EDGE('',*,*,#3011,.F.);
#3909=ORIENTED_EDGE('',*,*,#3012,.F.);
#3910=ORIENTED_EDGE('',*,*,#3013,.F.);
#3911=ORIENTED_EDGE('',*,*,#3014,.F.);
#3912=ORIENTED_EDGE('',*,*,#3015,.F.);
#3913=ORIENTED_EDGE('',*,*,#3016,.F.);
#3914=ORIENTED_EDGE('',*,*,#3017,.F.);
#3915=ORIENTED_EDGE('',*,*,#3018,.F.);
#3916=ORIENTED_EDGE('',*,*,#3019,.F.);
#3917=ORIENTED_EDGE('',*,*,#3020,.F.);
#3918=ORIENTED_EDGE('',*,*,#3021,.F.);
#3919=ORIENTED_EDGE('',*,*,#3022,.T.);
#3920=ORIENTED_EDGE('',*,*,#3023,.F.);
#3921=ORIENTED_EDGE('',*,*,#3017,.T.);
#3922=ORIENTED_EDGE('',*,*,#3024,.F.);
#3923=ORIENTED_EDGE('',*,*,#3025,.F.);
#3924=ORIENTED_EDGE('',*,*,#3026,.F.);
#3925=ORIENTED_EDGE('',*,*,#3027,.T.);
#3926=ORIENTED_EDGE('',*,*,#3028,.F.);
#3927=ORIENTED_EDGE('',*,*,#3014,.T.);
#3928=ORIENTED_EDGE('',*,*,#3029,.F.);
#3929=ORIENTED_EDGE('',*,*,#3030,.F.);
#3930=ORIENTED_EDGE('',*,*,#3031,.T.);
#3931=ORIENTED_EDGE('',*,*,#3032,.T.);
#3932=ORIENTED_EDGE('',*,*,#3020,.T.);
#3933=ORIENTED_EDGE('',*,*,#3032,.F.);
#3934=ORIENTED_EDGE('',*,*,#3015,.T.);
#3935=ORIENTED_EDGE('',*,*,#3033,.T.);
#3936=ORIENTED_EDGE('',*,*,#3034,.F.);
#3937=ORIENTED_EDGE('',*,*,#3033,.F.);
#3938=ORIENTED_EDGE('',*,*,#3035,.F.);
#3939=ORIENTED_EDGE('',*,*,#3036,.T.);
#3940=ORIENTED_EDGE('',*,*,#3037,.T.);
#3941=ORIENTED_EDGE('',*,*,#3036,.F.);
#3942=ORIENTED_EDGE('',*,*,#3013,.T.);
#3943=ORIENTED_EDGE('',*,*,#3038,.F.);
#3944=ORIENTED_EDGE('',*,*,#3039,.T.);
#3945=ORIENTED_EDGE('',*,*,#3029,.T.);
#3946=ORIENTED_EDGE('',*,*,#3018,.T.);
#3947=ORIENTED_EDGE('',*,*,#3023,.T.);
#3948=ORIENTED_EDGE('',*,*,#3040,.T.);
#3949=ORIENTED_EDGE('',*,*,#3041,.F.);
#3950=ORIENTED_EDGE('',*,*,#3042,.T.);
#3951=ORIENTED_EDGE('',*,*,#3026,.T.);
#3952=ORIENTED_EDGE('',*,*,#3043,.F.);
#3953=ORIENTED_EDGE('',*,*,#3044,.F.);
#3954=ORIENTED_EDGE('',*,*,#3045,.F.);
#3955=ORIENTED_EDGE('',*,*,#3046,.F.);
#3956=ORIENTED_EDGE('',*,*,#3040,.F.);
#3957=ORIENTED_EDGE('',*,*,#3022,.F.);
#3958=ORIENTED_EDGE('',*,*,#3031,.F.);
#3959=ORIENTED_EDGE('',*,*,#3047,.F.);
#3960=ORIENTED_EDGE('',*,*,#3027,.F.);
#3961=ORIENTED_EDGE('',*,*,#3042,.F.);
#3962=ORIENTED_EDGE('',*,*,#3048,.F.);
#3963=ORIENTED_EDGE('',*,*,#3037,.F.);
#3964=ORIENTED_EDGE('',*,*,#3049,.F.);
#3965=ORIENTED_EDGE('',*,*,#3050,.F.);
#3966=ORIENTED_EDGE('',*,*,#3051,.T.);
#3967=ORIENTED_EDGE('',*,*,#3052,.T.);
#3968=ORIENTED_EDGE('',*,*,#3053,.T.);
#3969=ORIENTED_EDGE('',*,*,#3054,.F.);
#3970=ORIENTED_EDGE('',*,*,#3055,.T.);
#3971=ORIENTED_EDGE('',*,*,#3056,.T.);
#3972=ORIENTED_EDGE('',*,*,#3057,.T.);
#3973=ORIENTED_EDGE('',*,*,#3058,.F.);
#3974=ORIENTED_EDGE('',*,*,#3059,.F.);
#3975=ORIENTED_EDGE('',*,*,#3038,.T.);
#3976=ORIENTED_EDGE('',*,*,#3012,.T.);
#3977=ORIENTED_EDGE('',*,*,#3060,.T.);
#3978=ORIENTED_EDGE('',*,*,#3019,.T.);
#3979=ORIENTED_EDGE('',*,*,#3041,.T.);
#3980=ORIENTED_EDGE('',*,*,#3046,.T.);
#3981=ORIENTED_EDGE('',*,*,#3061,.T.);
#3982=ORIENTED_EDGE('',*,*,#3048,.T.);
#3983=ORIENTED_EDGE('',*,*,#3044,.T.);
#3984=ORIENTED_EDGE('',*,*,#3062,.F.);
#3985=ORIENTED_EDGE('',*,*,#3063,.F.);
#3986=ORIENTED_EDGE('',*,*,#3056,.F.);
#3987=ORIENTED_EDGE('',*,*,#3064,.F.);
#3988=ORIENTED_EDGE('',*,*,#3065,.F.);
#3989=ORIENTED_EDGE('',*,*,#3066,.F.);
#3990=ORIENTED_EDGE('',*,*,#3052,.F.);
#3991=ORIENTED_EDGE('',*,*,#3067,.F.);
#3992=ORIENTED_EDGE('',*,*,#3068,.F.);
#3993=ORIENTED_EDGE('',*,*,#3069,.T.);
#3994=ORIENTED_EDGE('',*,*,#3070,.F.);
#3995=ORIENTED_EDGE('',*,*,#3071,.F.);
#3996=ORIENTED_EDGE('',*,*,#3072,.F.);
#3997=ORIENTED_EDGE('',*,*,#3073,.T.);
#3998=ORIENTED_EDGE('',*,*,#3074,.T.);
#3999=ORIENTED_EDGE('',*,*,#3075,.F.);
#4000=ORIENTED_EDGE('',*,*,#3076,.F.);
#4001=ORIENTED_EDGE('',*,*,#3077,.F.);
#4002=ORIENTED_EDGE('',*,*,#3078,.T.);
#4003=ORIENTED_EDGE('',*,*,#3073,.F.);
#4004=ORIENTED_EDGE('',*,*,#3079,.F.);
#4005=ORIENTED_EDGE('',*,*,#3075,.T.);
#4006=ORIENTED_EDGE('',*,*,#3080,.T.);
#4007=ORIENTED_EDGE('',*,*,#3081,.F.);
#4008=ORIENTED_EDGE('',*,*,#3080,.F.);
#4009=ORIENTED_EDGE('',*,*,#3074,.F.);
#4010=ORIENTED_EDGE('',*,*,#3078,.F.);
#4011=ORIENTED_EDGE('',*,*,#3082,.F.);
#4012=ORIENTED_EDGE('',*,*,#3081,.T.);
#4013=ORIENTED_EDGE('',*,*,#3082,.T.);
#4014=ORIENTED_EDGE('',*,*,#3077,.T.);
#4015=ORIENTED_EDGE('',*,*,#3083,.F.);
#4016=ORIENTED_EDGE('',*,*,#3084,.T.);
#4017=ORIENTED_EDGE('',*,*,#3085,.F.);
#4018=ORIENTED_EDGE('',*,*,#3086,.F.);
#4019=ORIENTED_EDGE('',*,*,#3087,.T.);
#4020=ORIENTED_EDGE('',*,*,#3088,.F.);
#4021=ORIENTED_EDGE('',*,*,#3089,.F.);
#4022=ORIENTED_EDGE('',*,*,#3090,.F.);
#4023=ORIENTED_EDGE('',*,*,#3091,.F.);
#4024=ORIENTED_EDGE('',*,*,#3092,.F.);
#4025=ORIENTED_EDGE('',*,*,#3093,.T.);
#4026=ORIENTED_EDGE('',*,*,#3094,.F.);
#4027=ORIENTED_EDGE('',*,*,#3093,.F.);
#4028=ORIENTED_EDGE('',*,*,#3095,.F.);
#4029=ORIENTED_EDGE('',*,*,#3096,.T.);
#4030=ORIENTED_EDGE('',*,*,#3097,.F.);
#4031=ORIENTED_EDGE('',*,*,#3096,.F.);
#4032=ORIENTED_EDGE('',*,*,#3098,.F.);
#4033=ORIENTED_EDGE('',*,*,#3099,.T.);
#4034=ORIENTED_EDGE('',*,*,#3100,.F.);
#4035=ORIENTED_EDGE('',*,*,#3099,.F.);
#4036=ORIENTED_EDGE('',*,*,#3101,.F.);
#4037=ORIENTED_EDGE('',*,*,#3091,.T.);
#4038=ORIENTED_EDGE('',*,*,#3102,.F.);
#4039=ORIENTED_EDGE('',*,*,#3087,.F.);
#4040=ORIENTED_EDGE('',*,*,#3103,.F.);
#4041=ORIENTED_EDGE('',*,*,#3104,.T.);
#4042=ORIENTED_EDGE('',*,*,#3105,.F.);
#4043=ORIENTED_EDGE('',*,*,#3104,.F.);
#4044=ORIENTED_EDGE('',*,*,#3106,.F.);
#4045=ORIENTED_EDGE('',*,*,#3107,.T.);
#4046=ORIENTED_EDGE('',*,*,#3102,.T.);
#4047=ORIENTED_EDGE('',*,*,#3105,.T.);
#4048=ORIENTED_EDGE('',*,*,#3108,.T.);
#4049=ORIENTED_EDGE('',*,*,#3109,.F.);
#4050=ORIENTED_EDGE('',*,*,#3110,.F.);
#4051=ORIENTED_EDGE('',*,*,#3088,.T.);
#4052=ORIENTED_EDGE('',*,*,#3111,.F.);
#4053=ORIENTED_EDGE('',*,*,#3109,.T.);
#4054=ORIENTED_EDGE('',*,*,#3112,.T.);
#4055=ORIENTED_EDGE('',*,*,#3113,.F.);
#4056=ORIENTED_EDGE('',*,*,#3097,.T.);
#4057=ORIENTED_EDGE('',*,*,#3100,.T.);
#4058=ORIENTED_EDGE('',*,*,#3090,.T.);
#4059=ORIENTED_EDGE('',*,*,#3094,.T.);
#4060=ORIENTED_EDGE('',*,*,#3114,.F.);
#4061=ORIENTED_EDGE('',*,*,#3113,.T.);
#4062=ORIENTED_EDGE('',*,*,#3115,.T.);
#4063=ORIENTED_EDGE('',*,*,#3084,.F.);
#4064=ORIENTED_EDGE('',*,*,#3085,.T.);
#4065=ORIENTED_EDGE('',*,*,#3115,.F.);
#4066=ORIENTED_EDGE('',*,*,#3112,.F.);
#4067=ORIENTED_EDGE('',*,*,#3108,.F.);
#4068=ORIENTED_EDGE('',*,*,#3107,.F.);
#4069=ORIENTED_EDGE('',*,*,#3116,.F.);
#4070=ORIENTED_EDGE('',*,*,#3028,.T.);
#4071=ORIENTED_EDGE('',*,*,#3117,.T.);
#4072=ORIENTED_EDGE('',*,*,#3118,.F.);
#4073=ORIENTED_EDGE('',*,*,#3119,.F.);
#4074=ORIENTED_EDGE('',*,*,#3024,.T.);
#4075=ORIENTED_EDGE('',*,*,#3047,.T.);
#4076=ORIENTED_EDGE('',*,*,#3061,.F.);
#4077=ORIENTED_EDGE('',*,*,#3045,.T.);
#4078=ORIENTED_EDGE('',*,*,#3021,.T.);
#4079=ORIENTED_EDGE('',*,*,#3016,.T.);
#4080=ORIENTED_EDGE('',*,*,#3060,.F.);
#4081=ORIENTED_EDGE('',*,*,#3011,.T.);
#4082=ORIENTED_EDGE('',*,*,#3098,.T.);
#4083=ORIENTED_EDGE('',*,*,#3095,.T.);
#4084=ORIENTED_EDGE('',*,*,#3092,.T.);
#4085=ORIENTED_EDGE('',*,*,#3101,.T.);
#4086=ORIENTED_EDGE('',*,*,#3120,.T.);
#4087=ORIENTED_EDGE('',*,*,#3118,.T.);
#4088=ORIENTED_EDGE('',*,*,#3121,.T.);
#4089=ORIENTED_EDGE('',*,*,#3070,.T.);
#4090=ORIENTED_EDGE('',*,*,#3079,.T.);
#4091=ORIENTED_EDGE('',*,*,#3089,.T.);
#4092=ORIENTED_EDGE('',*,*,#3110,.T.);
#4093=ORIENTED_EDGE('',*,*,#3111,.T.);
#4094=ORIENTED_EDGE('',*,*,#3114,.T.);
#4095=ORIENTED_EDGE('',*,*,#3083,.T.);
#4096=ORIENTED_EDGE('',*,*,#3076,.T.);
#4097=ORIENTED_EDGE('',*,*,#3072,.T.);
#4098=ORIENTED_EDGE('',*,*,#3059,.T.);
#4099=ORIENTED_EDGE('',*,*,#3122,.F.);
#4100=ORIENTED_EDGE('',*,*,#3123,.T.);
#4101=ORIENTED_EDGE('',*,*,#3071,.T.);
#4102=ORIENTED_EDGE('',*,*,#3121,.F.);
#4103=ORIENTED_EDGE('',*,*,#3117,.F.);
#4104=ORIENTED_EDGE('',*,*,#3030,.T.);
#4105=ORIENTED_EDGE('',*,*,#3039,.F.);
#4106=ORIENTED_EDGE('',*,*,#3034,.T.);
#4107=ORIENTED_EDGE('',*,*,#3106,.T.);
#4108=ORIENTED_EDGE('',*,*,#3103,.T.);
#4109=ORIENTED_EDGE('',*,*,#3086,.T.);
#4110=ORIENTED_EDGE('',*,*,#3116,.T.);
#4111=ORIENTED_EDGE('',*,*,#3124,.T.);
#4112=ORIENTED_EDGE('',*,*,#3064,.T.);
#4113=ORIENTED_EDGE('',*,*,#3055,.F.);
#4114=ORIENTED_EDGE('',*,*,#3125,.F.);
#4115=ORIENTED_EDGE('',*,*,#3126,.F.);
#4116=ORIENTED_EDGE('',*,*,#3127,.F.);
#4117=ORIENTED_EDGE('',*,*,#3068,.T.);
#4118=ORIENTED_EDGE('',*,*,#3128,.T.);
#4119=ORIENTED_EDGE('',*,*,#3129,.T.);
#4120=ORIENTED_EDGE('',*,*,#3130,.F.);
#4121=ORIENTED_EDGE('',*,*,#3065,.T.);
#4122=ORIENTED_EDGE('',*,*,#3126,.T.);
#4123=ORIENTED_EDGE('',*,*,#3131,.T.);
#4124=ORIENTED_EDGE('',*,*,#3132,.T.);
#4125=ORIENTED_EDGE('',*,*,#3062,.T.);
#4126=ORIENTED_EDGE('',*,*,#3123,.F.);
#4127=ORIENTED_EDGE('',*,*,#3133,.T.);
#4128=ORIENTED_EDGE('',*,*,#3134,.T.);
#4129=ORIENTED_EDGE('',*,*,#3067,.T.);
#4130=ORIENTED_EDGE('',*,*,#3051,.F.);
#4131=ORIENTED_EDGE('',*,*,#3135,.F.);
#4132=ORIENTED_EDGE('',*,*,#3128,.F.);
#4133=ORIENTED_EDGE('',*,*,#3136,.F.);
#4134=ORIENTED_EDGE('',*,*,#3119,.T.);
#4135=ORIENTED_EDGE('',*,*,#3120,.F.);
#4136=ORIENTED_EDGE('',*,*,#3069,.F.);
#4137=ORIENTED_EDGE('',*,*,#3130,.T.);
#4138=ORIENTED_EDGE('',*,*,#3137,.T.);
#4139=ORIENTED_EDGE('',*,*,#3049,.T.);
#4140=ORIENTED_EDGE('',*,*,#3043,.T.);
#4141=ORIENTED_EDGE('',*,*,#3025,.T.);
#4142=ORIENTED_EDGE('',*,*,#3035,.T.);
#4143=ORIENTED_EDGE('',*,*,#3138,.T.);
#4144=ORIENTED_EDGE('',*,*,#3139,.T.);
#4145=ORIENTED_EDGE('',*,*,#3140,.T.);
#4146=ORIENTED_EDGE('',*,*,#3127,.T.);
#4147=ORIENTED_EDGE('',*,*,#3140,.F.);
#4148=ORIENTED_EDGE('',*,*,#3141,.T.);
#4149=ORIENTED_EDGE('',*,*,#3142,.T.);
#4150=ORIENTED_EDGE('',*,*,#3124,.F.);
#4151=ORIENTED_EDGE('',*,*,#3142,.F.);
#4152=ORIENTED_EDGE('',*,*,#3138,.F.);
#4153=ORIENTED_EDGE('',*,*,#3143,.T.);
#4154=ORIENTED_EDGE('',*,*,#3136,.T.);
#4155=ORIENTED_EDGE('',*,*,#3143,.F.);
#4156=ORIENTED_EDGE('',*,*,#3125,.T.);
#4157=ORIENTED_EDGE('',*,*,#3054,.T.);
#4158=ORIENTED_EDGE('',*,*,#3144,.T.);
#4159=ORIENTED_EDGE('',*,*,#3131,.F.);
#4160=ORIENTED_EDGE('',*,*,#3145,.T.);
#4161=ORIENTED_EDGE('',*,*,#3133,.F.);
#4162=ORIENTED_EDGE('',*,*,#3122,.T.);
#4163=ORIENTED_EDGE('',*,*,#3058,.T.);
#4164=ORIENTED_EDGE('',*,*,#3135,.T.);
#4165=ORIENTED_EDGE('',*,*,#3050,.T.);
#4166=ORIENTED_EDGE('',*,*,#3137,.F.);
#4167=ORIENTED_EDGE('',*,*,#3129,.F.);
#4168=ORIENTED_EDGE('',*,*,#3066,.T.);
#4169=ORIENTED_EDGE('',*,*,#3132,.F.);
#4170=ORIENTED_EDGE('',*,*,#3144,.F.);
#4171=ORIENTED_EDGE('',*,*,#3053,.F.);
#4172=ORIENTED_EDGE('',*,*,#3139,.F.);
#4173=ORIENTED_EDGE('',*,*,#3063,.T.);
#4174=ORIENTED_EDGE('',*,*,#3134,.F.);
#4175=ORIENTED_EDGE('',*,*,#3145,.F.);
#4176=ORIENTED_EDGE('',*,*,#3057,.F.);
#4177=ORIENTED_EDGE('',*,*,#3141,.F.);
#4178=ORIENTED_EDGE('',*,*,#3146,.T.);
#4179=ORIENTED_EDGE('',*,*,#3147,.T.);
#4180=ORIENTED_EDGE('',*,*,#3148,.T.);
#4181=ORIENTED_EDGE('',*,*,#3149,.T.);
#4182=ORIENTED_EDGE('',*,*,#3150,.T.);
#4183=ORIENTED_EDGE('',*,*,#3151,.T.);
#4184=ORIENTED_EDGE('',*,*,#3152,.T.);
#4185=ORIENTED_EDGE('',*,*,#3153,.T.);
#4186=ORIENTED_EDGE('',*,*,#3154,.T.);
#4187=ORIENTED_EDGE('',*,*,#3155,.T.);
#4188=ORIENTED_EDGE('',*,*,#3156,.T.);
#4189=ORIENTED_EDGE('',*,*,#3157,.T.);
#4190=ORIENTED_EDGE('',*,*,#3158,.F.);
#4191=ORIENTED_EDGE('',*,*,#3149,.F.);
#4192=ORIENTED_EDGE('',*,*,#3159,.T.);
#4193=ORIENTED_EDGE('',*,*,#3153,.F.);
#4194=ORIENTED_EDGE('',*,*,#3156,.F.);
#4195=ORIENTED_EDGE('',*,*,#3160,.T.);
#4196=ORIENTED_EDGE('',*,*,#3151,.F.);
#4197=ORIENTED_EDGE('',*,*,#3160,.F.);
#4198=ORIENTED_EDGE('',*,*,#3157,.F.);
#4199=ORIENTED_EDGE('',*,*,#3161,.T.);
#4200=ORIENTED_EDGE('',*,*,#3150,.F.);
#4201=ORIENTED_EDGE('',*,*,#3161,.F.);
#4202=ORIENTED_EDGE('',*,*,#3146,.F.);
#4203=ORIENTED_EDGE('',*,*,#3158,.T.);
#4204=ORIENTED_EDGE('',*,*,#3152,.F.);
#4205=ORIENTED_EDGE('',*,*,#3162,.F.);
#4206=ORIENTED_EDGE('',*,*,#3154,.F.);
#4207=ORIENTED_EDGE('',*,*,#3159,.F.);
#4208=ORIENTED_EDGE('',*,*,#3148,.F.);
#4209=ORIENTED_EDGE('',*,*,#3163,.T.);
#4210=ORIENTED_EDGE('',*,*,#3163,.F.);
#4211=ORIENTED_EDGE('',*,*,#3147,.F.);
#4212=ORIENTED_EDGE('',*,*,#3162,.T.);
#4213=ORIENTED_EDGE('',*,*,#3155,.F.);
#4214=ORIENTED_EDGE('',*,*,#3164,.F.);
#4215=ORIENTED_EDGE('',*,*,#3165,.F.);
#4216=ORIENTED_EDGE('',*,*,#3166,.F.);
#4217=ORIENTED_EDGE('',*,*,#3167,.F.);
#4218=ORIENTED_EDGE('',*,*,#3168,.F.);
#4219=ORIENTED_EDGE('',*,*,#3169,.F.);
#4220=ORIENTED_EDGE('',*,*,#3170,.F.);
#4221=ORIENTED_EDGE('',*,*,#3171,.F.);
#4222=ORIENTED_EDGE('',*,*,#3172,.F.);
#4223=ORIENTED_EDGE('',*,*,#3173,.F.);
#4224=ORIENTED_EDGE('',*,*,#3174,.F.);
#4225=ORIENTED_EDGE('',*,*,#3175,.T.);
#4226=ORIENTED_EDGE('',*,*,#3176,.F.);
#4227=ORIENTED_EDGE('',*,*,#3170,.T.);
#4228=ORIENTED_EDGE('',*,*,#3177,.F.);
#4229=ORIENTED_EDGE('',*,*,#3178,.F.);
#4230=ORIENTED_EDGE('',*,*,#3179,.F.);
#4231=ORIENTED_EDGE('',*,*,#3180,.T.);
#4232=ORIENTED_EDGE('',*,*,#3181,.F.);
#4233=ORIENTED_EDGE('',*,*,#3167,.T.);
#4234=ORIENTED_EDGE('',*,*,#3182,.F.);
#4235=ORIENTED_EDGE('',*,*,#3183,.F.);
#4236=ORIENTED_EDGE('',*,*,#3184,.T.);
#4237=ORIENTED_EDGE('',*,*,#3185,.T.);
#4238=ORIENTED_EDGE('',*,*,#3173,.T.);
#4239=ORIENTED_EDGE('',*,*,#3185,.F.);
#4240=ORIENTED_EDGE('',*,*,#3168,.T.);
#4241=ORIENTED_EDGE('',*,*,#3186,.T.);
#4242=ORIENTED_EDGE('',*,*,#3187,.F.);
#4243=ORIENTED_EDGE('',*,*,#3186,.F.);
#4244=ORIENTED_EDGE('',*,*,#3188,.F.);
#4245=ORIENTED_EDGE('',*,*,#3189,.T.);
#4246=ORIENTED_EDGE('',*,*,#3190,.T.);
#4247=ORIENTED_EDGE('',*,*,#3189,.F.);
#4248=ORIENTED_EDGE('',*,*,#3166,.T.);
#4249=ORIENTED_EDGE('',*,*,#3191,.F.);
#4250=ORIENTED_EDGE('',*,*,#3192,.T.);
#4251=ORIENTED_EDGE('',*,*,#3182,.T.);
#4252=ORIENTED_EDGE('',*,*,#3171,.T.);
#4253=ORIENTED_EDGE('',*,*,#3176,.T.);
#4254=ORIENTED_EDGE('',*,*,#3193,.T.);
#4255=ORIENTED_EDGE('',*,*,#3194,.F.);
#4256=ORIENTED_EDGE('',*,*,#3195,.T.);
#4257=ORIENTED_EDGE('',*,*,#3179,.T.);
#4258=ORIENTED_EDGE('',*,*,#3196,.F.);
#4259=ORIENTED_EDGE('',*,*,#3197,.F.);
#4260=ORIENTED_EDGE('',*,*,#3198,.F.);
#4261=ORIENTED_EDGE('',*,*,#3199,.F.);
#4262=ORIENTED_EDGE('',*,*,#3193,.F.);
#4263=ORIENTED_EDGE('',*,*,#3175,.F.);
#4264=ORIENTED_EDGE('',*,*,#3184,.F.);
#4265=ORIENTED_EDGE('',*,*,#3200,.F.);
#4266=ORIENTED_EDGE('',*,*,#3180,.F.);
#4267=ORIENTED_EDGE('',*,*,#3195,.F.);
#4268=ORIENTED_EDGE('',*,*,#3201,.F.);
#4269=ORIENTED_EDGE('',*,*,#3190,.F.);
#4270=ORIENTED_EDGE('',*,*,#3202,.T.);
#4271=ORIENTED_EDGE('',*,*,#3203,.F.);
#4272=ORIENTED_EDGE('',*,*,#3204,.T.);
#4273=ORIENTED_EDGE('',*,*,#3205,.T.);
#4274=ORIENTED_EDGE('',*,*,#3206,.T.);
#4275=ORIENTED_EDGE('',*,*,#3207,.F.);
#4276=ORIENTED_EDGE('',*,*,#3208,.T.);
#4277=ORIENTED_EDGE('',*,*,#3209,.T.);
#4278=ORIENTED_EDGE('',*,*,#3210,.T.);
#4279=ORIENTED_EDGE('',*,*,#3211,.F.);
#4280=ORIENTED_EDGE('',*,*,#3212,.F.);
#4281=ORIENTED_EDGE('',*,*,#3191,.T.);
#4282=ORIENTED_EDGE('',*,*,#3165,.T.);
#4283=ORIENTED_EDGE('',*,*,#3213,.T.);
#4284=ORIENTED_EDGE('',*,*,#3172,.T.);
#4285=ORIENTED_EDGE('',*,*,#3194,.T.);
#4286=ORIENTED_EDGE('',*,*,#3199,.T.);
#4287=ORIENTED_EDGE('',*,*,#3214,.T.);
#4288=ORIENTED_EDGE('',*,*,#3201,.T.);
#4289=ORIENTED_EDGE('',*,*,#3197,.T.);
#4290=ORIENTED_EDGE('',*,*,#3215,.F.);
#4291=ORIENTED_EDGE('',*,*,#3204,.F.);
#4292=ORIENTED_EDGE('',*,*,#3216,.F.);
#4293=ORIENTED_EDGE('',*,*,#3217,.F.);
#4294=ORIENTED_EDGE('',*,*,#3218,.F.);
#4295=ORIENTED_EDGE('',*,*,#3219,.F.);
#4296=ORIENTED_EDGE('',*,*,#3220,.T.);
#4297=ORIENTED_EDGE('',*,*,#3221,.T.);
#4298=ORIENTED_EDGE('',*,*,#3222,.T.);
#4299=ORIENTED_EDGE('',*,*,#3223,.F.);
#4300=ORIENTED_EDGE('',*,*,#3217,.T.);
#4301=ORIENTED_EDGE('',*,*,#3224,.T.);
#4302=ORIENTED_EDGE('',*,*,#3225,.F.);
#4303=ORIENTED_EDGE('',*,*,#3226,.F.);
#4304=ORIENTED_EDGE('',*,*,#3208,.F.);
#4305=ORIENTED_EDGE('',*,*,#3227,.F.);
#4306=ORIENTED_EDGE('',*,*,#3220,.F.);
#4307=ORIENTED_EDGE('',*,*,#3228,.F.);
#4308=ORIENTED_EDGE('',*,*,#3229,.F.);
#4309=ORIENTED_EDGE('',*,*,#3230,.F.);
#4310=ORIENTED_EDGE('',*,*,#3231,.T.);
#4311=ORIENTED_EDGE('',*,*,#3232,.T.);
#4312=ORIENTED_EDGE('',*,*,#3233,.T.);
#4313=ORIENTED_EDGE('',*,*,#3234,.T.);
#4314=ORIENTED_EDGE('',*,*,#3228,.T.);
#4315=ORIENTED_EDGE('',*,*,#3234,.F.);
#4316=ORIENTED_EDGE('',*,*,#3235,.T.);
#4317=ORIENTED_EDGE('',*,*,#3236,.T.);
#4318=ORIENTED_EDGE('',*,*,#3237,.F.);
#4319=ORIENTED_EDGE('',*,*,#3236,.F.);
#4320=ORIENTED_EDGE('',*,*,#3238,.F.);
#4321=ORIENTED_EDGE('',*,*,#3239,.T.);
#4322=ORIENTED_EDGE('',*,*,#3218,.T.);
#4323=ORIENTED_EDGE('',*,*,#3239,.F.);
#4324=ORIENTED_EDGE('',*,*,#3227,.T.);
#4325=ORIENTED_EDGE('',*,*,#3207,.T.);
#4326=ORIENTED_EDGE('',*,*,#3240,.T.);
#4327=ORIENTED_EDGE('',*,*,#3221,.F.);
#4328=ORIENTED_EDGE('',*,*,#3241,.T.);
#4329=ORIENTED_EDGE('',*,*,#3231,.F.);
#4330=ORIENTED_EDGE('',*,*,#3242,.T.);
#4331=ORIENTED_EDGE('',*,*,#3211,.T.);
#4332=ORIENTED_EDGE('',*,*,#3216,.T.);
#4333=ORIENTED_EDGE('',*,*,#3203,.T.);
#4334=ORIENTED_EDGE('',*,*,#3243,.F.);
#4335=ORIENTED_EDGE('',*,*,#3224,.F.);
#4336=ORIENTED_EDGE('',*,*,#3244,.F.);
#4337=ORIENTED_EDGE('',*,*,#3222,.F.);
#4338=ORIENTED_EDGE('',*,*,#3240,.F.);
#4339=ORIENTED_EDGE('',*,*,#3206,.F.);
#4340=ORIENTED_EDGE('',*,*,#3233,.F.);
#4341=ORIENTED_EDGE('',*,*,#3245,.F.);
#4342=ORIENTED_EDGE('',*,*,#3232,.F.);
#4343=ORIENTED_EDGE('',*,*,#3241,.F.);
#4344=ORIENTED_EDGE('',*,*,#3210,.F.);
#4345=ORIENTED_EDGE('',*,*,#3235,.F.);
#4346=ORIENTED_EDGE('',*,*,#3212,.T.);
#4347=ORIENTED_EDGE('',*,*,#3242,.F.);
#4348=ORIENTED_EDGE('',*,*,#3230,.T.);
#4349=ORIENTED_EDGE('',*,*,#3246,.T.);
#4350=ORIENTED_EDGE('',*,*,#3247,.F.);
#4351=ORIENTED_EDGE('',*,*,#3248,.F.);
#4352=ORIENTED_EDGE('',*,*,#3183,.T.);
#4353=ORIENTED_EDGE('',*,*,#3192,.F.);
#4354=ORIENTED_EDGE('',*,*,#3187,.T.);
#4355=ORIENTED_EDGE('',*,*,#3237,.T.);
#4356=ORIENTED_EDGE('',*,*,#3229,.T.);
#4357=ORIENTED_EDGE('',*,*,#3245,.T.);
#4358=ORIENTED_EDGE('',*,*,#3209,.F.);
#4359=ORIENTED_EDGE('',*,*,#3226,.T.);
#4360=ORIENTED_EDGE('',*,*,#3219,.T.);
#4361=ORIENTED_EDGE('',*,*,#3244,.T.);
#4362=ORIENTED_EDGE('',*,*,#3205,.F.);
#4363=ORIENTED_EDGE('',*,*,#3215,.T.);
#4364=ORIENTED_EDGE('',*,*,#3223,.T.);
#4365=ORIENTED_EDGE('',*,*,#3249,.T.);
#4366=ORIENTED_EDGE('',*,*,#3250,.F.);
#4367=ORIENTED_EDGE('',*,*,#3246,.F.);
#4368=ORIENTED_EDGE('',*,*,#3251,.F.);
#4369=ORIENTED_EDGE('',*,*,#3252,.T.);
#4370=ORIENTED_EDGE('',*,*,#3253,.T.);
#4371=ORIENTED_EDGE('',*,*,#3254,.F.);
#4372=ORIENTED_EDGE('',*,*,#3255,.F.);
#4373=ORIENTED_EDGE('',*,*,#3256,.T.);
#4374=ORIENTED_EDGE('',*,*,#3257,.T.);
#4375=ORIENTED_EDGE('',*,*,#3252,.F.);
#4376=ORIENTED_EDGE('',*,*,#3258,.F.);
#4377=ORIENTED_EDGE('',*,*,#3259,.T.);
#4378=ORIENTED_EDGE('',*,*,#3260,.T.);
#4379=ORIENTED_EDGE('',*,*,#3256,.F.);
#4380=ORIENTED_EDGE('',*,*,#3261,.F.);
#4381=ORIENTED_EDGE('',*,*,#3254,.T.);
#4382=ORIENTED_EDGE('',*,*,#3262,.T.);
#4383=ORIENTED_EDGE('',*,*,#3259,.F.);
#4384=ORIENTED_EDGE('',*,*,#3262,.F.);
#4385=ORIENTED_EDGE('',*,*,#3253,.F.);
#4386=ORIENTED_EDGE('',*,*,#3257,.F.);
#4387=ORIENTED_EDGE('',*,*,#3260,.F.);
#4388=ORIENTED_EDGE('',*,*,#3181,.T.);
#4389=ORIENTED_EDGE('',*,*,#3248,.T.);
#4390=ORIENTED_EDGE('',*,*,#3263,.F.);
#4391=ORIENTED_EDGE('',*,*,#3264,.F.);
#4392=ORIENTED_EDGE('',*,*,#3177,.T.);
#4393=ORIENTED_EDGE('',*,*,#3200,.T.);
#4394=ORIENTED_EDGE('',*,*,#3214,.F.);
#4395=ORIENTED_EDGE('',*,*,#3198,.T.);
#4396=ORIENTED_EDGE('',*,*,#3174,.T.);
#4397=ORIENTED_EDGE('',*,*,#3169,.T.);
#4398=ORIENTED_EDGE('',*,*,#3213,.F.);
#4399=ORIENTED_EDGE('',*,*,#3164,.T.);
#4400=ORIENTED_EDGE('',*,*,#3264,.T.);
#4401=ORIENTED_EDGE('',*,*,#3265,.F.);
#4402=ORIENTED_EDGE('',*,*,#3249,.F.);
#4403=ORIENTED_EDGE('',*,*,#3225,.T.);
#4404=ORIENTED_EDGE('',*,*,#3243,.T.);
#4405=ORIENTED_EDGE('',*,*,#3202,.F.);
#4406=ORIENTED_EDGE('',*,*,#3196,.T.);
#4407=ORIENTED_EDGE('',*,*,#3178,.T.);
#4408=ORIENTED_EDGE('',*,*,#3188,.T.);
#4409=ORIENTED_EDGE('',*,*,#3238,.T.);
#4410=ORIENTED_EDGE('',*,*,#3265,.T.);
#4411=ORIENTED_EDGE('',*,*,#3263,.T.);
#4412=ORIENTED_EDGE('',*,*,#3247,.T.);
#4413=ORIENTED_EDGE('',*,*,#3250,.T.);
#4414=ORIENTED_EDGE('',*,*,#3251,.T.);
#4415=ORIENTED_EDGE('',*,*,#3261,.T.);
#4416=ORIENTED_EDGE('',*,*,#3258,.T.);
#4417=ORIENTED_EDGE('',*,*,#3255,.T.);
#4418=ORIENTED_EDGE('',*,*,#3266,.T.);
#4419=ORIENTED_EDGE('',*,*,#3267,.T.);
#4420=ORIENTED_EDGE('',*,*,#3268,.T.);
#4421=ORIENTED_EDGE('',*,*,#3269,.T.);
#4422=ORIENTED_EDGE('',*,*,#3270,.T.);
#4423=ORIENTED_EDGE('',*,*,#3271,.T.);
#4424=ORIENTED_EDGE('',*,*,#3272,.T.);
#4425=ORIENTED_EDGE('',*,*,#3273,.T.);
#4426=ORIENTED_EDGE('',*,*,#3274,.T.);
#4427=ORIENTED_EDGE('',*,*,#3275,.T.);
#4428=ORIENTED_EDGE('',*,*,#3276,.T.);
#4429=ORIENTED_EDGE('',*,*,#3277,.T.);
#4430=ORIENTED_EDGE('',*,*,#3278,.F.);
#4431=ORIENTED_EDGE('',*,*,#3269,.F.);
#4432=ORIENTED_EDGE('',*,*,#3279,.T.);
#4433=ORIENTED_EDGE('',*,*,#3273,.F.);
#4434=ORIENTED_EDGE('',*,*,#3276,.F.);
#4435=ORIENTED_EDGE('',*,*,#3280,.T.);
#4436=ORIENTED_EDGE('',*,*,#3271,.F.);
#4437=ORIENTED_EDGE('',*,*,#3280,.F.);
#4438=ORIENTED_EDGE('',*,*,#3277,.F.);
#4439=ORIENTED_EDGE('',*,*,#3281,.T.);
#4440=ORIENTED_EDGE('',*,*,#3270,.F.);
#4441=ORIENTED_EDGE('',*,*,#3281,.F.);
#4442=ORIENTED_EDGE('',*,*,#3266,.F.);
#4443=ORIENTED_EDGE('',*,*,#3278,.T.);
#4444=ORIENTED_EDGE('',*,*,#3272,.F.);
#4445=ORIENTED_EDGE('',*,*,#3282,.F.);
#4446=ORIENTED_EDGE('',*,*,#3274,.F.);
#4447=ORIENTED_EDGE('',*,*,#3279,.F.);
#4448=ORIENTED_EDGE('',*,*,#3268,.F.);
#4449=ORIENTED_EDGE('',*,*,#3283,.T.);
#4450=ORIENTED_EDGE('',*,*,#3283,.F.);
#4451=ORIENTED_EDGE('',*,*,#3267,.F.);
#4452=ORIENTED_EDGE('',*,*,#3282,.T.);
#4453=ORIENTED_EDGE('',*,*,#3275,.F.);
#4454=ORIENTED_EDGE('',*,*,#3284,.T.);
#4455=ORIENTED_EDGE('',*,*,#3285,.T.);
#4456=ORIENTED_EDGE('',*,*,#3286,.T.);
#4457=ORIENTED_EDGE('',*,*,#3287,.T.);
#4458=ORIENTED_EDGE('',*,*,#3288,.T.);
#4459=ORIENTED_EDGE('',*,*,#3289,.T.);
#4460=ORIENTED_EDGE('',*,*,#3290,.T.);
#4461=ORIENTED_EDGE('',*,*,#3291,.T.);
#4462=ORIENTED_EDGE('',*,*,#3292,.T.);
#4463=ORIENTED_EDGE('',*,*,#3293,.T.);
#4464=ORIENTED_EDGE('',*,*,#3294,.T.);
#4465=ORIENTED_EDGE('',*,*,#3295,.T.);
#4466=ORIENTED_EDGE('',*,*,#3296,.F.);
#4467=ORIENTED_EDGE('',*,*,#3287,.F.);
#4468=ORIENTED_EDGE('',*,*,#3297,.T.);
#4469=ORIENTED_EDGE('',*,*,#3291,.F.);
#4470=ORIENTED_EDGE('',*,*,#3294,.F.);
#4471=ORIENTED_EDGE('',*,*,#3298,.T.);
#4472=ORIENTED_EDGE('',*,*,#3289,.F.);
#4473=ORIENTED_EDGE('',*,*,#3298,.F.);
#4474=ORIENTED_EDGE('',*,*,#3295,.F.);
#4475=ORIENTED_EDGE('',*,*,#3299,.T.);
#4476=ORIENTED_EDGE('',*,*,#3288,.F.);
#4477=ORIENTED_EDGE('',*,*,#3299,.F.);
#4478=ORIENTED_EDGE('',*,*,#3286,.F.);
#4479=ORIENTED_EDGE('',*,*,#3300,.T.);
#4480=ORIENTED_EDGE('',*,*,#3292,.F.);
#4481=ORIENTED_EDGE('',*,*,#3297,.F.);
#4482=ORIENTED_EDGE('',*,*,#3284,.F.);
#4483=ORIENTED_EDGE('',*,*,#3296,.T.);
#4484=ORIENTED_EDGE('',*,*,#3290,.F.);
#4485=ORIENTED_EDGE('',*,*,#3301,.F.);
#4486=ORIENTED_EDGE('',*,*,#3300,.F.);
#4487=ORIENTED_EDGE('',*,*,#3285,.F.);
#4488=ORIENTED_EDGE('',*,*,#3301,.T.);
#4489=ORIENTED_EDGE('',*,*,#3293,.F.);
#4490=ORIENTED_EDGE('',*,*,#3302,.F.);
#4491=ORIENTED_EDGE('',*,*,#3303,.F.);
#4492=ORIENTED_EDGE('',*,*,#3304,.F.);
#4493=ORIENTED_EDGE('',*,*,#3305,.F.);
#4494=ORIENTED_EDGE('',*,*,#3306,.F.);
#4495=ORIENTED_EDGE('',*,*,#3307,.F.);
#4496=ORIENTED_EDGE('',*,*,#3308,.T.);
#4497=ORIENTED_EDGE('',*,*,#3309,.T.);
#4498=ORIENTED_EDGE('',*,*,#3310,.T.);
#4499=ORIENTED_EDGE('',*,*,#3311,.F.);
#4500=ORIENTED_EDGE('',*,*,#3305,.T.);
#4501=ORIENTED_EDGE('',*,*,#3312,.T.);
#4502=ORIENTED_EDGE('',*,*,#3313,.F.);
#4503=ORIENTED_EDGE('',*,*,#3314,.F.);
#4504=ORIENTED_EDGE('',*,*,#3315,.F.);
#4505=ORIENTED_EDGE('',*,*,#3316,.F.);
#4506=ORIENTED_EDGE('',*,*,#3308,.F.);
#4507=ORIENTED_EDGE('',*,*,#3317,.F.);
#4508=ORIENTED_EDGE('',*,*,#3318,.F.);
#4509=ORIENTED_EDGE('',*,*,#3319,.F.);
#4510=ORIENTED_EDGE('',*,*,#3320,.T.);
#4511=ORIENTED_EDGE('',*,*,#3321,.T.);
#4512=ORIENTED_EDGE('',*,*,#3322,.T.);
#4513=ORIENTED_EDGE('',*,*,#3323,.T.);
#4514=ORIENTED_EDGE('',*,*,#3317,.T.);
#4515=ORIENTED_EDGE('',*,*,#3323,.F.);
#4516=ORIENTED_EDGE('',*,*,#3324,.T.);
#4517=ORIENTED_EDGE('',*,*,#3325,.T.);
#4518=ORIENTED_EDGE('',*,*,#3326,.F.);
#4519=ORIENTED_EDGE('',*,*,#3325,.F.);
#4520=ORIENTED_EDGE('',*,*,#3327,.F.);
#4521=ORIENTED_EDGE('',*,*,#3328,.T.);
#4522=ORIENTED_EDGE('',*,*,#3306,.T.);
#4523=ORIENTED_EDGE('',*,*,#3328,.F.);
#4524=ORIENTED_EDGE('',*,*,#3316,.T.);
#4525=ORIENTED_EDGE('',*,*,#3329,.T.);
#4526=ORIENTED_EDGE('',*,*,#3330,.T.);
#4527=ORIENTED_EDGE('',*,*,#3309,.F.);
#4528=ORIENTED_EDGE('',*,*,#3331,.T.);
#4529=ORIENTED_EDGE('',*,*,#3320,.F.);
#4530=ORIENTED_EDGE('',*,*,#3332,.T.);
#4531=ORIENTED_EDGE('',*,*,#3333,.T.);
#4532=ORIENTED_EDGE('',*,*,#3304,.T.);
#4533=ORIENTED_EDGE('',*,*,#3334,.T.);
#4534=ORIENTED_EDGE('',*,*,#3335,.F.);
#4535=ORIENTED_EDGE('',*,*,#3312,.F.);
#4536=ORIENTED_EDGE('',*,*,#3336,.F.);
#4537=ORIENTED_EDGE('',*,*,#3310,.F.);
#4538=ORIENTED_EDGE('',*,*,#3330,.F.);
#4539=ORIENTED_EDGE('',*,*,#3337,.F.);
#4540=ORIENTED_EDGE('',*,*,#3322,.F.);
#4541=ORIENTED_EDGE('',*,*,#3338,.F.);
#4542=ORIENTED_EDGE('',*,*,#3321,.F.);
#4543=ORIENTED_EDGE('',*,*,#3331,.F.);
#4544=ORIENTED_EDGE('',*,*,#3339,.F.);
#4545=ORIENTED_EDGE('',*,*,#3324,.F.);
#4546=ORIENTED_EDGE('',*,*,#3340,.F.);
#4547=ORIENTED_EDGE('',*,*,#3332,.F.);
#4548=ORIENTED_EDGE('',*,*,#3319,.T.);
#4549=ORIENTED_EDGE('',*,*,#3341,.T.);
#4550=ORIENTED_EDGE('',*,*,#3342,.F.);
#4551=ORIENTED_EDGE('',*,*,#3343,.F.);
#4552=ORIENTED_EDGE('',*,*,#3344,.T.);
#4553=ORIENTED_EDGE('',*,*,#3345,.F.);
#4554=ORIENTED_EDGE('',*,*,#3326,.T.);
#4555=ORIENTED_EDGE('',*,*,#3346,.T.);
#4556=ORIENTED_EDGE('',*,*,#3318,.T.);
#4557=ORIENTED_EDGE('',*,*,#3338,.T.);
#4558=ORIENTED_EDGE('',*,*,#3347,.F.);
#4559=ORIENTED_EDGE('',*,*,#3314,.T.);
#4560=ORIENTED_EDGE('',*,*,#3307,.T.);
#4561=ORIENTED_EDGE('',*,*,#3336,.T.);
#4562=ORIENTED_EDGE('',*,*,#3348,.F.);
#4563=ORIENTED_EDGE('',*,*,#3302,.T.);
#4564=ORIENTED_EDGE('',*,*,#3311,.T.);
#4565=ORIENTED_EDGE('',*,*,#3349,.T.);
#4566=ORIENTED_EDGE('',*,*,#3350,.F.);
#4567=ORIENTED_EDGE('',*,*,#3341,.F.);
#4568=ORIENTED_EDGE('',*,*,#3351,.F.);
#4569=ORIENTED_EDGE('',*,*,#3352,.F.);
#4570=ORIENTED_EDGE('',*,*,#3353,.F.);
#4571=ORIENTED_EDGE('',*,*,#3354,.F.);
#4572=ORIENTED_EDGE('',*,*,#3350,.T.);
#4573=ORIENTED_EDGE('',*,*,#3355,.T.);
#4574=ORIENTED_EDGE('',*,*,#3356,.T.);
#4575=ORIENTED_EDGE('',*,*,#3342,.T.);
#4576=ORIENTED_EDGE('',*,*,#3357,.T.);
#4577=ORIENTED_EDGE('',*,*,#3353,.T.);
#4578=ORIENTED_EDGE('',*,*,#3358,.T.);
#4579=ORIENTED_EDGE('',*,*,#3359,.T.);
#4580=ORIENTED_EDGE('',*,*,#3360,.F.);
#4581=ORIENTED_EDGE('',*,*,#3361,.F.);
#4582=ORIENTED_EDGE('',*,*,#3359,.F.);
#4583=ORIENTED_EDGE('',*,*,#3362,.F.);
#4584=ORIENTED_EDGE('',*,*,#3363,.F.);
#4585=ORIENTED_EDGE('',*,*,#3354,.T.);
#4586=ORIENTED_EDGE('',*,*,#3357,.F.);
#4587=ORIENTED_EDGE('',*,*,#3361,.T.);
#4588=ORIENTED_EDGE('',*,*,#3364,.F.);
#4589=ORIENTED_EDGE('',*,*,#3362,.T.);
#4590=ORIENTED_EDGE('',*,*,#3358,.F.);
#4591=ORIENTED_EDGE('',*,*,#3352,.T.);
#4592=ORIENTED_EDGE('',*,*,#3365,.F.);
#4593=ORIENTED_EDGE('',*,*,#3343,.T.);
#4594=ORIENTED_EDGE('',*,*,#3356,.F.);
#4595=ORIENTED_EDGE('',*,*,#3366,.F.);
#4596=ORIENTED_EDGE('',*,*,#3367,.F.);
#4597=ORIENTED_EDGE('',*,*,#3368,.F.);
#4598=ORIENTED_EDGE('',*,*,#3369,.F.);
#4599=ORIENTED_EDGE('',*,*,#3370,.F.);
#4600=ORIENTED_EDGE('',*,*,#3371,.F.);
#4601=ORIENTED_EDGE('',*,*,#3372,.F.);
#4602=ORIENTED_EDGE('',*,*,#3373,.F.);
#4603=ORIENTED_EDGE('',*,*,#3374,.F.);
#4604=ORIENTED_EDGE('',*,*,#3363,.T.);
#4605=ORIENTED_EDGE('',*,*,#3360,.T.);
#4606=ORIENTED_EDGE('',*,*,#3364,.T.);
#4607=ORIENTED_EDGE('',*,*,#3351,.T.);
#4608=ORIENTED_EDGE('',*,*,#3374,.T.);
#4609=ORIENTED_EDGE('',*,*,#3375,.F.);
#4610=ORIENTED_EDGE('',*,*,#3376,.F.);
#4611=ORIENTED_EDGE('',*,*,#3377,.F.);
#4612=ORIENTED_EDGE('',*,*,#3378,.F.);
#4613=ORIENTED_EDGE('',*,*,#3379,.T.);
#4614=ORIENTED_EDGE('',*,*,#3380,.T.);
#4615=ORIENTED_EDGE('',*,*,#3381,.T.);
#4616=ORIENTED_EDGE('',*,*,#3366,.T.);
#4617=ORIENTED_EDGE('',*,*,#3355,.F.);
#4618=ORIENTED_EDGE('',*,*,#3349,.F.);
#4619=ORIENTED_EDGE('',*,*,#3313,.T.);
#4620=ORIENTED_EDGE('',*,*,#3335,.T.);
#4621=ORIENTED_EDGE('',*,*,#3327,.T.);
#4622=ORIENTED_EDGE('',*,*,#3382,.T.);
#4623=ORIENTED_EDGE('',*,*,#3371,.T.);
#4624=ORIENTED_EDGE('',*,*,#3383,.T.);
#4625=ORIENTED_EDGE('',*,*,#3384,.F.);
#4626=ORIENTED_EDGE('',*,*,#3385,.T.);
#4627=ORIENTED_EDGE('',*,*,#3367,.T.);
#4628=ORIENTED_EDGE('',*,*,#3381,.F.);
#4629=ORIENTED_EDGE('',*,*,#3386,.F.);
#4630=ORIENTED_EDGE('',*,*,#3387,.T.);
#4631=ORIENTED_EDGE('',*,*,#3365,.T.);
#4632=ORIENTED_EDGE('',*,*,#3377,.T.);
#4633=ORIENTED_EDGE('',*,*,#3388,.F.);
#4634=ORIENTED_EDGE('',*,*,#3344,.F.);
#4635=ORIENTED_EDGE('',*,*,#3370,.T.);
#4636=ORIENTED_EDGE('',*,*,#3389,.F.);
#4637=ORIENTED_EDGE('',*,*,#3390,.F.);
#4638=ORIENTED_EDGE('',*,*,#3383,.F.);
#4639=ORIENTED_EDGE('',*,*,#3391,.F.);
#4640=ORIENTED_EDGE('',*,*,#3340,.T.);
#4641=ORIENTED_EDGE('',*,*,#3392,.T.);
#4642=ORIENTED_EDGE('',*,*,#3375,.T.);
#4643=ORIENTED_EDGE('',*,*,#3373,.T.);
#4644=ORIENTED_EDGE('',*,*,#3393,.T.);
#4645=ORIENTED_EDGE('',*,*,#3394,.T.);
#4646=ORIENTED_EDGE('',*,*,#3389,.T.);
#4647=ORIENTED_EDGE('',*,*,#3369,.T.);
#4648=ORIENTED_EDGE('',*,*,#3395,.T.);
#4649=ORIENTED_EDGE('',*,*,#3396,.T.);
#4650=ORIENTED_EDGE('',*,*,#3379,.F.);
#4651=ORIENTED_EDGE('',*,*,#3334,.F.);
#4652=ORIENTED_EDGE('',*,*,#3303,.T.);
#4653=ORIENTED_EDGE('',*,*,#3348,.T.);
#4654=ORIENTED_EDGE('',*,*,#3337,.T.);
#4655=ORIENTED_EDGE('',*,*,#3329,.F.);
#4656=ORIENTED_EDGE('',*,*,#3315,.T.);
#4657=ORIENTED_EDGE('',*,*,#3347,.T.);
#4658=ORIENTED_EDGE('',*,*,#3339,.T.);
#4659=ORIENTED_EDGE('',*,*,#3333,.F.);
#4660=ORIENTED_EDGE('',*,*,#3391,.T.);
#4661=ORIENTED_EDGE('',*,*,#3397,.T.);
#4662=ORIENTED_EDGE('',*,*,#3398,.T.);
#4663=ORIENTED_EDGE('',*,*,#3397,.F.);
#4664=ORIENTED_EDGE('',*,*,#3378,.T.);
#4665=ORIENTED_EDGE('',*,*,#3399,.T.);
#4666=ORIENTED_EDGE('',*,*,#3346,.F.);
#4667=ORIENTED_EDGE('',*,*,#3399,.F.);
#4668=ORIENTED_EDGE('',*,*,#3382,.F.);
#4669=ORIENTED_EDGE('',*,*,#3400,.T.);
#4670=ORIENTED_EDGE('',*,*,#3401,.T.);
#4671=ORIENTED_EDGE('',*,*,#3400,.F.);
#4672=ORIENTED_EDGE('',*,*,#3376,.T.);
#4673=ORIENTED_EDGE('',*,*,#3392,.F.);
#4674=ORIENTED_EDGE('',*,*,#3345,.T.);
#4675=ORIENTED_EDGE('',*,*,#3388,.T.);
#4676=ORIENTED_EDGE('',*,*,#3402,.T.);
#4677=ORIENTED_EDGE('',*,*,#3384,.T.);
#4678=ORIENTED_EDGE('',*,*,#3390,.T.);
#4679=ORIENTED_EDGE('',*,*,#3394,.F.);
#4680=ORIENTED_EDGE('',*,*,#3403,.T.);
#4681=ORIENTED_EDGE('',*,*,#3386,.T.);
#4682=ORIENTED_EDGE('',*,*,#3380,.F.);
#4683=ORIENTED_EDGE('',*,*,#3396,.F.);
#4684=ORIENTED_EDGE('',*,*,#3368,.T.);
#4685=ORIENTED_EDGE('',*,*,#3387,.F.);
#4686=ORIENTED_EDGE('',*,*,#3403,.F.);
#4687=ORIENTED_EDGE('',*,*,#3395,.F.);
#4688=ORIENTED_EDGE('',*,*,#3401,.F.);
#4689=ORIENTED_EDGE('',*,*,#3372,.T.);
#4690=ORIENTED_EDGE('',*,*,#3385,.F.);
#4691=ORIENTED_EDGE('',*,*,#3402,.F.);
#4692=ORIENTED_EDGE('',*,*,#3393,.F.);
#4693=ORIENTED_EDGE('',*,*,#3398,.F.);
#4694=ORIENTED_EDGE('',*,*,#3404,.F.);
#4695=ORIENTED_EDGE('',*,*,#3405,.F.);
#4696=ORIENTED_EDGE('',*,*,#3406,.F.);
#4697=ORIENTED_EDGE('',*,*,#3407,.F.);
#4698=ORIENTED_EDGE('',*,*,#3408,.F.);
#4699=ORIENTED_EDGE('',*,*,#3409,.F.);
#4700=ORIENTED_EDGE('',*,*,#3410,.F.);
#4701=ORIENTED_EDGE('',*,*,#3411,.F.);
#4702=ORIENTED_EDGE('',*,*,#3412,.F.);
#4703=ORIENTED_EDGE('',*,*,#3413,.F.);
#4704=ORIENTED_EDGE('',*,*,#3414,.F.);
#4705=ORIENTED_EDGE('',*,*,#3415,.T.);
#4706=ORIENTED_EDGE('',*,*,#3416,.F.);
#4707=ORIENTED_EDGE('',*,*,#3410,.T.);
#4708=ORIENTED_EDGE('',*,*,#3417,.F.);
#4709=ORIENTED_EDGE('',*,*,#3418,.F.);
#4710=ORIENTED_EDGE('',*,*,#3419,.F.);
#4711=ORIENTED_EDGE('',*,*,#3420,.T.);
#4712=ORIENTED_EDGE('',*,*,#3421,.F.);
#4713=ORIENTED_EDGE('',*,*,#3407,.T.);
#4714=ORIENTED_EDGE('',*,*,#3422,.F.);
#4715=ORIENTED_EDGE('',*,*,#3423,.F.);
#4716=ORIENTED_EDGE('',*,*,#3424,.T.);
#4717=ORIENTED_EDGE('',*,*,#3425,.T.);
#4718=ORIENTED_EDGE('',*,*,#3413,.T.);
#4719=ORIENTED_EDGE('',*,*,#3425,.F.);
#4720=ORIENTED_EDGE('',*,*,#3408,.T.);
#4721=ORIENTED_EDGE('',*,*,#3426,.T.);
#4722=ORIENTED_EDGE('',*,*,#3427,.F.);
#4723=ORIENTED_EDGE('',*,*,#3426,.F.);
#4724=ORIENTED_EDGE('',*,*,#3428,.F.);
#4725=ORIENTED_EDGE('',*,*,#3429,.T.);
#4726=ORIENTED_EDGE('',*,*,#3430,.T.);
#4727=ORIENTED_EDGE('',*,*,#3429,.F.);
#4728=ORIENTED_EDGE('',*,*,#3406,.T.);
#4729=ORIENTED_EDGE('',*,*,#3431,.F.);
#4730=ORIENTED_EDGE('',*,*,#3432,.T.);
#4731=ORIENTED_EDGE('',*,*,#3422,.T.);
#4732=ORIENTED_EDGE('',*,*,#3411,.T.);
#4733=ORIENTED_EDGE('',*,*,#3416,.T.);
#4734=ORIENTED_EDGE('',*,*,#3433,.T.);
#4735=ORIENTED_EDGE('',*,*,#3434,.F.);
#4736=ORIENTED_EDGE('',*,*,#3435,.T.);
#4737=ORIENTED_EDGE('',*,*,#3419,.T.);
#4738=ORIENTED_EDGE('',*,*,#3436,.F.);
#4739=ORIENTED_EDGE('',*,*,#3437,.F.);
#4740=ORIENTED_EDGE('',*,*,#3438,.F.);
#4741=ORIENTED_EDGE('',*,*,#3439,.F.);
#4742=ORIENTED_EDGE('',*,*,#3433,.F.);
#4743=ORIENTED_EDGE('',*,*,#3415,.F.);
#4744=ORIENTED_EDGE('',*,*,#3424,.F.);
#4745=ORIENTED_EDGE('',*,*,#3440,.F.);
#4746=ORIENTED_EDGE('',*,*,#3420,.F.);
#4747=ORIENTED_EDGE('',*,*,#3435,.F.);
#4748=ORIENTED_EDGE('',*,*,#3441,.F.);
#4749=ORIENTED_EDGE('',*,*,#3430,.F.);
#4750=ORIENTED_EDGE('',*,*,#3442,.T.);
#4751=ORIENTED_EDGE('',*,*,#3443,.T.);
#4752=ORIENTED_EDGE('',*,*,#3444,.F.);
#4753=ORIENTED_EDGE('',*,*,#3445,.T.);
#4754=ORIENTED_EDGE('',*,*,#3423,.T.);
#4755=ORIENTED_EDGE('',*,*,#3432,.F.);
#4756=ORIENTED_EDGE('',*,*,#3427,.T.);
#4757=ORIENTED_EDGE('',*,*,#3446,.F.);
#4758=ORIENTED_EDGE('',*,*,#3436,.T.);
#4759=ORIENTED_EDGE('',*,*,#3418,.T.);
#4760=ORIENTED_EDGE('',*,*,#3447,.F.);
#4761=ORIENTED_EDGE('',*,*,#3448,.F.);
#4762=ORIENTED_EDGE('',*,*,#3449,.T.);
#4763=ORIENTED_EDGE('',*,*,#3428,.T.);
#4764=ORIENTED_EDGE('',*,*,#3446,.T.);
#4765=ORIENTED_EDGE('',*,*,#3450,.T.);
#4766=ORIENTED_EDGE('',*,*,#3451,.T.);
#4767=ORIENTED_EDGE('',*,*,#3452,.T.);
#4768=ORIENTED_EDGE('',*,*,#3453,.T.);
#4769=ORIENTED_EDGE('',*,*,#3454,.T.);
#4770=ORIENTED_EDGE('',*,*,#3442,.F.);
#4771=ORIENTED_EDGE('',*,*,#3431,.T.);
#4772=ORIENTED_EDGE('',*,*,#3405,.T.);
#4773=ORIENTED_EDGE('',*,*,#3455,.T.);
#4774=ORIENTED_EDGE('',*,*,#3412,.T.);
#4775=ORIENTED_EDGE('',*,*,#3434,.T.);
#4776=ORIENTED_EDGE('',*,*,#3439,.T.);
#4777=ORIENTED_EDGE('',*,*,#3456,.T.);
#4778=ORIENTED_EDGE('',*,*,#3441,.T.);
#4779=ORIENTED_EDGE('',*,*,#3437,.T.);
#4780=ORIENTED_EDGE('',*,*,#3457,.F.);
#4781=ORIENTED_EDGE('',*,*,#3450,.F.);
#4782=ORIENTED_EDGE('',*,*,#3449,.F.);
#4783=ORIENTED_EDGE('',*,*,#3458,.F.);
#4784=ORIENTED_EDGE('',*,*,#3443,.F.);
#4785=ORIENTED_EDGE('',*,*,#3454,.F.);
#4786=ORIENTED_EDGE('',*,*,#3459,.F.);
#4787=ORIENTED_EDGE('',*,*,#3460,.F.);
#4788=ORIENTED_EDGE('',*,*,#3461,.F.);
#4789=ORIENTED_EDGE('',*,*,#3462,.F.);
#4790=ORIENTED_EDGE('',*,*,#3463,.F.);
#4791=ORIENTED_EDGE('',*,*,#3464,.F.);
#4792=ORIENTED_EDGE('',*,*,#3458,.T.);
#4793=ORIENTED_EDGE('',*,*,#3448,.T.);
#4794=ORIENTED_EDGE('',*,*,#3465,.T.);
#4795=ORIENTED_EDGE('',*,*,#3444,.T.);
#4796=ORIENTED_EDGE('',*,*,#3457,.T.);
#4797=ORIENTED_EDGE('',*,*,#3466,.T.);
#4798=ORIENTED_EDGE('',*,*,#3467,.T.);
#4799=ORIENTED_EDGE('',*,*,#3451,.F.);
#4800=ORIENTED_EDGE('',*,*,#3464,.T.);
#4801=ORIENTED_EDGE('',*,*,#3468,.T.);
#4802=ORIENTED_EDGE('',*,*,#3469,.T.);
#4803=ORIENTED_EDGE('',*,*,#3466,.F.);
#4804=ORIENTED_EDGE('',*,*,#3459,.T.);
#4805=ORIENTED_EDGE('',*,*,#3453,.F.);
#4806=ORIENTED_EDGE('',*,*,#3470,.T.);
#4807=ORIENTED_EDGE('',*,*,#3471,.F.);
#4808=ORIENTED_EDGE('',*,*,#3463,.T.);
#4809=ORIENTED_EDGE('',*,*,#3472,.T.);
#4810=ORIENTED_EDGE('',*,*,#3473,.T.);
#4811=ORIENTED_EDGE('',*,*,#3468,.F.);
#4812=ORIENTED_EDGE('',*,*,#3460,.T.);
#4813=ORIENTED_EDGE('',*,*,#3471,.T.);
#4814=ORIENTED_EDGE('',*,*,#3474,.T.);
#4815=ORIENTED_EDGE('',*,*,#3475,.F.);
#4816=ORIENTED_EDGE('',*,*,#3462,.T.);
#4817=ORIENTED_EDGE('',*,*,#3476,.F.);
#4818=ORIENTED_EDGE('',*,*,#3477,.T.);
#4819=ORIENTED_EDGE('',*,*,#3472,.F.);
#4820=ORIENTED_EDGE('',*,*,#3461,.T.);
#4821=ORIENTED_EDGE('',*,*,#3475,.T.);
#4822=ORIENTED_EDGE('',*,*,#3478,.T.);
#4823=ORIENTED_EDGE('',*,*,#3476,.T.);
#4824=ORIENTED_EDGE('',*,*,#3477,.F.);
#4825=ORIENTED_EDGE('',*,*,#3478,.F.);
#4826=ORIENTED_EDGE('',*,*,#3474,.F.);
#4827=ORIENTED_EDGE('',*,*,#3470,.F.);
#4828=ORIENTED_EDGE('',*,*,#3452,.F.);
#4829=ORIENTED_EDGE('',*,*,#3467,.F.);
#4830=ORIENTED_EDGE('',*,*,#3469,.F.);
#4831=ORIENTED_EDGE('',*,*,#3473,.F.);
#4832=ORIENTED_EDGE('',*,*,#3421,.T.);
#4833=ORIENTED_EDGE('',*,*,#3445,.F.);
#4834=ORIENTED_EDGE('',*,*,#3465,.F.);
#4835=ORIENTED_EDGE('',*,*,#3447,.T.);
#4836=ORIENTED_EDGE('',*,*,#3417,.T.);
#4837=ORIENTED_EDGE('',*,*,#3440,.T.);
#4838=ORIENTED_EDGE('',*,*,#3456,.F.);
#4839=ORIENTED_EDGE('',*,*,#3438,.T.);
#4840=ORIENTED_EDGE('',*,*,#3414,.T.);
#4841=ORIENTED_EDGE('',*,*,#3409,.T.);
#4842=ORIENTED_EDGE('',*,*,#3455,.F.);
#4843=ORIENTED_EDGE('',*,*,#3404,.T.);
#4844=ORIENTED_EDGE('',*,*,#3479,.T.);
#4845=ORIENTED_EDGE('',*,*,#3480,.T.);
#4846=ORIENTED_EDGE('',*,*,#3481,.T.);
#4847=ORIENTED_EDGE('',*,*,#3482,.T.);
#4848=ORIENTED_EDGE('',*,*,#3483,.T.);
#4849=ORIENTED_EDGE('',*,*,#3484,.T.);
#4850=ORIENTED_EDGE('',*,*,#3485,.T.);
#4851=ORIENTED_EDGE('',*,*,#3486,.T.);
#4852=ORIENTED_EDGE('',*,*,#3487,.T.);
#4853=ORIENTED_EDGE('',*,*,#3488,.T.);
#4854=ORIENTED_EDGE('',*,*,#3489,.T.);
#4855=ORIENTED_EDGE('',*,*,#3490,.T.);
#4856=ORIENTED_EDGE('',*,*,#3491,.F.);
#4857=ORIENTED_EDGE('',*,*,#3482,.F.);
#4858=ORIENTED_EDGE('',*,*,#3492,.T.);
#4859=ORIENTED_EDGE('',*,*,#3486,.F.);
#4860=ORIENTED_EDGE('',*,*,#3489,.F.);
#4861=ORIENTED_EDGE('',*,*,#3493,.T.);
#4862=ORIENTED_EDGE('',*,*,#3484,.F.);
#4863=ORIENTED_EDGE('',*,*,#3493,.F.);
#4864=ORIENTED_EDGE('',*,*,#3490,.F.);
#4865=ORIENTED_EDGE('',*,*,#3494,.T.);
#4866=ORIENTED_EDGE('',*,*,#3483,.F.);
#4867=ORIENTED_EDGE('',*,*,#3494,.F.);
#4868=ORIENTED_EDGE('',*,*,#3481,.F.);
#4869=ORIENTED_EDGE('',*,*,#3495,.T.);
#4870=ORIENTED_EDGE('',*,*,#3487,.F.);
#4871=ORIENTED_EDGE('',*,*,#3492,.F.);
#4872=ORIENTED_EDGE('',*,*,#3479,.F.);
#4873=ORIENTED_EDGE('',*,*,#3491,.T.);
#4874=ORIENTED_EDGE('',*,*,#3485,.F.);
#4875=ORIENTED_EDGE('',*,*,#3496,.F.);
#4876=ORIENTED_EDGE('',*,*,#3495,.F.);
#4877=ORIENTED_EDGE('',*,*,#3480,.F.);
#4878=ORIENTED_EDGE('',*,*,#3496,.T.);
#4879=ORIENTED_EDGE('',*,*,#3488,.F.);
#4880=ORIENTED_EDGE('',*,*,#3497,.F.);
#4881=ORIENTED_EDGE('',*,*,#3498,.T.);
#4882=ORIENTED_EDGE('',*,*,#3499,.T.);
#4883=ORIENTED_EDGE('',*,*,#3500,.F.);
#4884=ORIENTED_EDGE('',*,*,#3501,.F.);
#4885=ORIENTED_EDGE('',*,*,#3500,.T.);
#4886=ORIENTED_EDGE('',*,*,#3502,.T.);
#4887=ORIENTED_EDGE('',*,*,#3503,.F.);
#4888=ORIENTED_EDGE('',*,*,#3504,.F.);
#4889=ORIENTED_EDGE('',*,*,#3503,.T.);
#4890=ORIENTED_EDGE('',*,*,#3505,.T.);
#4891=ORIENTED_EDGE('',*,*,#3506,.F.);
#4892=ORIENTED_EDGE('',*,*,#3507,.F.);
#4893=ORIENTED_EDGE('',*,*,#3506,.T.);
#4894=ORIENTED_EDGE('',*,*,#3508,.T.);
#4895=ORIENTED_EDGE('',*,*,#3509,.F.);
#4896=ORIENTED_EDGE('',*,*,#3510,.F.);
#4897=ORIENTED_EDGE('',*,*,#3509,.T.);
#4898=ORIENTED_EDGE('',*,*,#3511,.T.);
#4899=ORIENTED_EDGE('',*,*,#3512,.F.);
#4900=ORIENTED_EDGE('',*,*,#3513,.F.);
#4901=ORIENTED_EDGE('',*,*,#3514,.T.);
#4902=ORIENTED_EDGE('',*,*,#3515,.T.);
#4903=ORIENTED_EDGE('',*,*,#3498,.F.);
#4904=ORIENTED_EDGE('',*,*,#3516,.F.);
#4905=ORIENTED_EDGE('',*,*,#3517,.F.);
#4906=ORIENTED_EDGE('',*,*,#3518,.T.);
#4907=ORIENTED_EDGE('',*,*,#3514,.F.);
#4908=ORIENTED_EDGE('',*,*,#3519,.F.);
#4909=ORIENTED_EDGE('',*,*,#3520,.F.);
#4910=ORIENTED_EDGE('',*,*,#3521,.F.);
#4911=ORIENTED_EDGE('',*,*,#3511,.F.);
#4912=ORIENTED_EDGE('',*,*,#3508,.F.);
#4913=ORIENTED_EDGE('',*,*,#3505,.F.);
#4914=ORIENTED_EDGE('',*,*,#3502,.F.);
#4915=ORIENTED_EDGE('',*,*,#3499,.F.);
#4916=ORIENTED_EDGE('',*,*,#3515,.F.);
#4917=ORIENTED_EDGE('',*,*,#3518,.F.);
#4918=ORIENTED_EDGE('',*,*,#3522,.F.);
#4919=ORIENTED_EDGE('',*,*,#3523,.F.);
#4920=ORIENTED_EDGE('',*,*,#3516,.T.);
#4921=ORIENTED_EDGE('',*,*,#3513,.T.);
#4922=ORIENTED_EDGE('',*,*,#3497,.T.);
#4923=ORIENTED_EDGE('',*,*,#3501,.T.);
#4924=ORIENTED_EDGE('',*,*,#3504,.T.);
#4925=ORIENTED_EDGE('',*,*,#3507,.T.);
#4926=ORIENTED_EDGE('',*,*,#3510,.T.);
#4927=ORIENTED_EDGE('',*,*,#3524,.T.);
#4928=ORIENTED_EDGE('',*,*,#3517,.T.);
#4929=ORIENTED_EDGE('',*,*,#3524,.F.);
#4930=ORIENTED_EDGE('',*,*,#3512,.T.);
#4931=ORIENTED_EDGE('',*,*,#3521,.T.);
#4932=ORIENTED_EDGE('',*,*,#3525,.F.);
#4933=ORIENTED_EDGE('',*,*,#3526,.T.);
#4934=ORIENTED_EDGE('',*,*,#3527,.T.);
#4935=ORIENTED_EDGE('',*,*,#3528,.T.);
#4936=ORIENTED_EDGE('',*,*,#3529,.T.);
#4937=ORIENTED_EDGE('',*,*,#3530,.T.);
#4938=ORIENTED_EDGE('',*,*,#3531,.T.);
#4939=ORIENTED_EDGE('',*,*,#3532,.T.);
#4940=ORIENTED_EDGE('',*,*,#3533,.T.);
#4941=ORIENTED_EDGE('',*,*,#3534,.T.);
#4942=ORIENTED_EDGE('',*,*,#3535,.F.);
#4943=ORIENTED_EDGE('',*,*,#3522,.T.);
#4944=ORIENTED_EDGE('',*,*,#3520,.T.);
#4945=ORIENTED_EDGE('',*,*,#3536,.T.);
#4946=ORIENTED_EDGE('',*,*,#3537,.F.);
#4947=ORIENTED_EDGE('',*,*,#3525,.T.);
#4948=ORIENTED_EDGE('',*,*,#3538,.T.);
#4949=ORIENTED_EDGE('',*,*,#3528,.F.);
#4950=ORIENTED_EDGE('',*,*,#3539,.F.);
#4951=ORIENTED_EDGE('',*,*,#3540,.F.);
#4952=ORIENTED_EDGE('',*,*,#3541,.T.);
#4953=ORIENTED_EDGE('',*,*,#3532,.F.);
#4954=ORIENTED_EDGE('',*,*,#3542,.F.);
#4955=ORIENTED_EDGE('',*,*,#3543,.F.);
#4956=ORIENTED_EDGE('',*,*,#3544,.T.);
#4957=ORIENTED_EDGE('',*,*,#3519,.T.);
#4958=ORIENTED_EDGE('',*,*,#3545,.F.);
#4959=ORIENTED_EDGE('',*,*,#3546,.F.);
#4960=ORIENTED_EDGE('',*,*,#3547,.T.);
#4961=ORIENTED_EDGE('',*,*,#3543,.T.);
#4962=ORIENTED_EDGE('',*,*,#3548,.T.);
#4963=ORIENTED_EDGE('',*,*,#3549,.F.);
#4964=ORIENTED_EDGE('',*,*,#3550,.T.);
#4965=ORIENTED_EDGE('',*,*,#3540,.T.);
#4966=ORIENTED_EDGE('',*,*,#3551,.T.);
#4967=ORIENTED_EDGE('',*,*,#3552,.F.);
#4968=ORIENTED_EDGE('',*,*,#3536,.F.);
#4969=ORIENTED_EDGE('',*,*,#3523,.T.);
#4970=ORIENTED_EDGE('',*,*,#3535,.T.);
#4971=ORIENTED_EDGE('',*,*,#3553,.T.);
#4972=ORIENTED_EDGE('',*,*,#3545,.T.);
#4973=ORIENTED_EDGE('',*,*,#3554,.T.);
#4974=ORIENTED_EDGE('',*,*,#3555,.T.);
#4975=ORIENTED_EDGE('',*,*,#3556,.T.);
#4976=ORIENTED_EDGE('',*,*,#3557,.T.);
#4977=ORIENTED_EDGE('',*,*,#3556,.F.);
#4978=ORIENTED_EDGE('',*,*,#3558,.T.);
#4979=ORIENTED_EDGE('',*,*,#3559,.T.);
#4980=ORIENTED_EDGE('',*,*,#3538,.F.);
#4981=ORIENTED_EDGE('',*,*,#3559,.F.);
#4982=ORIENTED_EDGE('',*,*,#3554,.F.);
#4983=ORIENTED_EDGE('',*,*,#3560,.T.);
#4984=ORIENTED_EDGE('',*,*,#3561,.T.);
#4985=ORIENTED_EDGE('',*,*,#3560,.F.);
#4986=ORIENTED_EDGE('',*,*,#3562,.T.);
#4987=ORIENTED_EDGE('',*,*,#3526,.F.);
#4988=ORIENTED_EDGE('',*,*,#3537,.T.);
#4989=ORIENTED_EDGE('',*,*,#3552,.T.);
#4990=ORIENTED_EDGE('',*,*,#3563,.T.);
#4991=ORIENTED_EDGE('',*,*,#3549,.T.);
#4992=ORIENTED_EDGE('',*,*,#3564,.T.);
#4993=ORIENTED_EDGE('',*,*,#3530,.F.);
#4994=ORIENTED_EDGE('',*,*,#3565,.T.);
#4995=ORIENTED_EDGE('',*,*,#3546,.T.);
#4996=ORIENTED_EDGE('',*,*,#3553,.F.);
#4997=ORIENTED_EDGE('',*,*,#3534,.F.);
#4998=ORIENTED_EDGE('',*,*,#3564,.F.);
#4999=ORIENTED_EDGE('',*,*,#3548,.F.);
#5000=ORIENTED_EDGE('',*,*,#3542,.T.);
#5001=ORIENTED_EDGE('',*,*,#3531,.F.);
#5002=ORIENTED_EDGE('',*,*,#3555,.F.);
#5003=ORIENTED_EDGE('',*,*,#3565,.F.);
#5004=ORIENTED_EDGE('',*,*,#3533,.F.);
#5005=ORIENTED_EDGE('',*,*,#3544,.F.);
#5006=ORIENTED_EDGE('',*,*,#3547,.F.);
#5007=ORIENTED_EDGE('',*,*,#3561,.F.);
#5008=ORIENTED_EDGE('',*,*,#3562,.F.);
#5009=ORIENTED_EDGE('',*,*,#3551,.F.);
#5010=ORIENTED_EDGE('',*,*,#3539,.T.);
#5011=ORIENTED_EDGE('',*,*,#3527,.F.);
#5012=ORIENTED_EDGE('',*,*,#3558,.F.);
#5013=ORIENTED_EDGE('',*,*,#3563,.F.);
#5014=ORIENTED_EDGE('',*,*,#3529,.F.);
#5015=ORIENTED_EDGE('',*,*,#3541,.F.);
#5016=ORIENTED_EDGE('',*,*,#3550,.F.);
#5017=ORIENTED_EDGE('',*,*,#3557,.F.);
#5018=ORIENTED_EDGE('',*,*,#3566,.F.);
#5019=ORIENTED_EDGE('',*,*,#3567,.T.);
#5020=ORIENTED_EDGE('',*,*,#3568,.T.);
#5021=ORIENTED_EDGE('',*,*,#3569,.F.);
#5022=ORIENTED_EDGE('',*,*,#3570,.F.);
#5023=ORIENTED_EDGE('',*,*,#3569,.T.);
#5024=ORIENTED_EDGE('',*,*,#3571,.T.);
#5025=ORIENTED_EDGE('',*,*,#3572,.F.);
#5026=ORIENTED_EDGE('',*,*,#3573,.F.);
#5027=ORIENTED_EDGE('',*,*,#3572,.T.);
#5028=ORIENTED_EDGE('',*,*,#3574,.T.);
#5029=ORIENTED_EDGE('',*,*,#3575,.F.);
#5030=ORIENTED_EDGE('',*,*,#3576,.F.);
#5031=ORIENTED_EDGE('',*,*,#3575,.T.);
#5032=ORIENTED_EDGE('',*,*,#3577,.T.);
#5033=ORIENTED_EDGE('',*,*,#3578,.F.);
#5034=ORIENTED_EDGE('',*,*,#3579,.F.);
#5035=ORIENTED_EDGE('',*,*,#3578,.T.);
#5036=ORIENTED_EDGE('',*,*,#3580,.T.);
#5037=ORIENTED_EDGE('',*,*,#3581,.F.);
#5038=ORIENTED_EDGE('',*,*,#3582,.F.);
#5039=ORIENTED_EDGE('',*,*,#3583,.T.);
#5040=ORIENTED_EDGE('',*,*,#3584,.T.);
#5041=ORIENTED_EDGE('',*,*,#3567,.F.);
#5042=ORIENTED_EDGE('',*,*,#3585,.F.);
#5043=ORIENTED_EDGE('',*,*,#3586,.F.);
#5044=ORIENTED_EDGE('',*,*,#3587,.T.);
#5045=ORIENTED_EDGE('',*,*,#3583,.F.);
#5046=ORIENTED_EDGE('',*,*,#3588,.F.);
#5047=ORIENTED_EDGE('',*,*,#3589,.F.);
#5048=ORIENTED_EDGE('',*,*,#3590,.F.);
#5049=ORIENTED_EDGE('',*,*,#3580,.F.);
#5050=ORIENTED_EDGE('',*,*,#3577,.F.);
#5051=ORIENTED_EDGE('',*,*,#3574,.F.);
#5052=ORIENTED_EDGE('',*,*,#3571,.F.);
#5053=ORIENTED_EDGE('',*,*,#3568,.F.);
#5054=ORIENTED_EDGE('',*,*,#3584,.F.);
#5055=ORIENTED_EDGE('',*,*,#3587,.F.);
#5056=ORIENTED_EDGE('',*,*,#3591,.F.);
#5057=ORIENTED_EDGE('',*,*,#3592,.F.);
#5058=ORIENTED_EDGE('',*,*,#3585,.T.);
#5059=ORIENTED_EDGE('',*,*,#3582,.T.);
#5060=ORIENTED_EDGE('',*,*,#3566,.T.);
#5061=ORIENTED_EDGE('',*,*,#3570,.T.);
#5062=ORIENTED_EDGE('',*,*,#3573,.T.);
#5063=ORIENTED_EDGE('',*,*,#3576,.T.);
#5064=ORIENTED_EDGE('',*,*,#3579,.T.);
#5065=ORIENTED_EDGE('',*,*,#3593,.T.);
#5066=ORIENTED_EDGE('',*,*,#3588,.T.);
#5067=ORIENTED_EDGE('',*,*,#3594,.F.);
#5068=ORIENTED_EDGE('',*,*,#3595,.T.);
#5069=ORIENTED_EDGE('',*,*,#3596,.T.);
#5070=ORIENTED_EDGE('',*,*,#3597,.T.);
#5071=ORIENTED_EDGE('',*,*,#3598,.T.);
#5072=ORIENTED_EDGE('',*,*,#3599,.T.);
#5073=ORIENTED_EDGE('',*,*,#3600,.T.);
#5074=ORIENTED_EDGE('',*,*,#3601,.T.);
#5075=ORIENTED_EDGE('',*,*,#3602,.T.);
#5076=ORIENTED_EDGE('',*,*,#3603,.T.);
#5077=ORIENTED_EDGE('',*,*,#3604,.F.);
#5078=ORIENTED_EDGE('',*,*,#3592,.T.);
#5079=ORIENTED_EDGE('',*,*,#3605,.T.);
#5080=ORIENTED_EDGE('',*,*,#3606,.F.);
#5081=ORIENTED_EDGE('',*,*,#3594,.T.);
#5082=ORIENTED_EDGE('',*,*,#3607,.T.);
#5083=ORIENTED_EDGE('',*,*,#3608,.F.);
#5084=ORIENTED_EDGE('',*,*,#3609,.F.);
#5085=ORIENTED_EDGE('',*,*,#3597,.F.);
#5086=ORIENTED_EDGE('',*,*,#3610,.T.);
#5087=ORIENTED_EDGE('',*,*,#3611,.F.);
#5088=ORIENTED_EDGE('',*,*,#3612,.F.);
#5089=ORIENTED_EDGE('',*,*,#3601,.F.);
#5090=ORIENTED_EDGE('',*,*,#3613,.T.);
#5091=ORIENTED_EDGE('',*,*,#3586,.T.);
#5092=ORIENTED_EDGE('',*,*,#3593,.F.);
#5093=ORIENTED_EDGE('',*,*,#3581,.T.);
#5094=ORIENTED_EDGE('',*,*,#3590,.T.);
#5095=ORIENTED_EDGE('',*,*,#3614,.F.);
#5096=ORIENTED_EDGE('',*,*,#3615,.F.);
#5097=ORIENTED_EDGE('',*,*,#3616,.T.);
#5098=ORIENTED_EDGE('',*,*,#3611,.T.);
#5099=ORIENTED_EDGE('',*,*,#3617,.T.);
#5100=ORIENTED_EDGE('',*,*,#3618,.F.);
#5101=ORIENTED_EDGE('',*,*,#3619,.T.);
#5102=ORIENTED_EDGE('',*,*,#3608,.T.);
#5103=ORIENTED_EDGE('',*,*,#3620,.T.);
#5104=ORIENTED_EDGE('',*,*,#3621,.F.);
#5105=ORIENTED_EDGE('',*,*,#3605,.F.);
#5106=ORIENTED_EDGE('',*,*,#3591,.T.);
#5107=ORIENTED_EDGE('',*,*,#3589,.T.);
#5108=ORIENTED_EDGE('',*,*,#3604,.T.);
#5109=ORIENTED_EDGE('',*,*,#3622,.T.);
#5110=ORIENTED_EDGE('',*,*,#3614,.T.);
#5111=ORIENTED_EDGE('',*,*,#3623,.T.);
#5112=ORIENTED_EDGE('',*,*,#3624,.T.);
#5113=ORIENTED_EDGE('',*,*,#3625,.T.);
#5114=ORIENTED_EDGE('',*,*,#3626,.T.);
#5115=ORIENTED_EDGE('',*,*,#3625,.F.);
#5116=ORIENTED_EDGE('',*,*,#3627,.T.);
#5117=ORIENTED_EDGE('',*,*,#3628,.T.);
#5118=ORIENTED_EDGE('',*,*,#3607,.F.);
#5119=ORIENTED_EDGE('',*,*,#3628,.F.);
#5120=ORIENTED_EDGE('',*,*,#3623,.F.);
#5121=ORIENTED_EDGE('',*,*,#3629,.T.);
#5122=ORIENTED_EDGE('',*,*,#3630,.T.);
#5123=ORIENTED_EDGE('',*,*,#3629,.F.);
#5124=ORIENTED_EDGE('',*,*,#3631,.T.);
#5125=ORIENTED_EDGE('',*,*,#3618,.T.);
#5126=ORIENTED_EDGE('',*,*,#3632,.T.);
#5127=ORIENTED_EDGE('',*,*,#3599,.F.);
#5128=ORIENTED_EDGE('',*,*,#3633,.T.);
#5129=ORIENTED_EDGE('',*,*,#3595,.F.);
#5130=ORIENTED_EDGE('',*,*,#3606,.T.);
#5131=ORIENTED_EDGE('',*,*,#3621,.T.);
#5132=ORIENTED_EDGE('',*,*,#3634,.T.);
#5133=ORIENTED_EDGE('',*,*,#3615,.T.);
#5134=ORIENTED_EDGE('',*,*,#3622,.F.);
#5135=ORIENTED_EDGE('',*,*,#3603,.F.);
#5136=ORIENTED_EDGE('',*,*,#3600,.F.);
#5137=ORIENTED_EDGE('',*,*,#3632,.F.);
#5138=ORIENTED_EDGE('',*,*,#3617,.F.);
#5139=ORIENTED_EDGE('',*,*,#3613,.F.);
#5140=ORIENTED_EDGE('',*,*,#3624,.F.);
#5141=ORIENTED_EDGE('',*,*,#3602,.F.);
#5142=ORIENTED_EDGE('',*,*,#3612,.T.);
#5143=ORIENTED_EDGE('',*,*,#3616,.F.);
#5144=ORIENTED_EDGE('',*,*,#3634,.F.);
#5145=ORIENTED_EDGE('',*,*,#3630,.F.);
#5146=ORIENTED_EDGE('',*,*,#3596,.F.);
#5147=ORIENTED_EDGE('',*,*,#3633,.F.);
#5148=ORIENTED_EDGE('',*,*,#3620,.F.);
#5149=ORIENTED_EDGE('',*,*,#3610,.F.);
#5150=ORIENTED_EDGE('',*,*,#3627,.F.);
#5151=ORIENTED_EDGE('',*,*,#3598,.F.);
#5152=ORIENTED_EDGE('',*,*,#3609,.T.);
#5153=ORIENTED_EDGE('',*,*,#3619,.F.);
#5154=ORIENTED_EDGE('',*,*,#3631,.F.);
#5155=ORIENTED_EDGE('',*,*,#3626,.F.);
#5156=ORIENTED_EDGE('',*,*,#3635,.T.);
#5157=ORIENTED_EDGE('',*,*,#3636,.T.);
#5158=ORIENTED_EDGE('',*,*,#3637,.T.);
#5159=ORIENTED_EDGE('',*,*,#3638,.T.);
#5160=ORIENTED_EDGE('',*,*,#3639,.T.);
#5161=ORIENTED_EDGE('',*,*,#3640,.T.);
#5162=ORIENTED_EDGE('',*,*,#3641,.T.);
#5163=ORIENTED_EDGE('',*,*,#3642,.T.);
#5164=ORIENTED_EDGE('',*,*,#3643,.T.);
#5165=ORIENTED_EDGE('',*,*,#3644,.T.);
#5166=ORIENTED_EDGE('',*,*,#3645,.T.);
#5167=ORIENTED_EDGE('',*,*,#3646,.T.);
#5168=ORIENTED_EDGE('',*,*,#3647,.F.);
#5169=ORIENTED_EDGE('',*,*,#3638,.F.);
#5170=ORIENTED_EDGE('',*,*,#3648,.T.);
#5171=ORIENTED_EDGE('',*,*,#3642,.F.);
#5172=ORIENTED_EDGE('',*,*,#3645,.F.);
#5173=ORIENTED_EDGE('',*,*,#3649,.T.);
#5174=ORIENTED_EDGE('',*,*,#3640,.F.);
#5175=ORIENTED_EDGE('',*,*,#3649,.F.);
#5176=ORIENTED_EDGE('',*,*,#3646,.F.);
#5177=ORIENTED_EDGE('',*,*,#3650,.T.);
#5178=ORIENTED_EDGE('',*,*,#3639,.F.);
#5179=ORIENTED_EDGE('',*,*,#3650,.F.);
#5180=ORIENTED_EDGE('',*,*,#3635,.F.);
#5181=ORIENTED_EDGE('',*,*,#3647,.T.);
#5182=ORIENTED_EDGE('',*,*,#3641,.F.);
#5183=ORIENTED_EDGE('',*,*,#3651,.F.);
#5184=ORIENTED_EDGE('',*,*,#3643,.F.);
#5185=ORIENTED_EDGE('',*,*,#3648,.F.);
#5186=ORIENTED_EDGE('',*,*,#3637,.F.);
#5187=ORIENTED_EDGE('',*,*,#3652,.T.);
#5188=ORIENTED_EDGE('',*,*,#3652,.F.);
#5189=ORIENTED_EDGE('',*,*,#3636,.F.);
#5190=ORIENTED_EDGE('',*,*,#3651,.T.);
#5191=ORIENTED_EDGE('',*,*,#3644,.F.);
#5192=ORIENTED_EDGE('',*,*,#3653,.F.);
#5193=ORIENTED_EDGE('',*,*,#3654,.F.);
#5194=ORIENTED_EDGE('',*,*,#3655,.F.);
#5195=ORIENTED_EDGE('',*,*,#3656,.F.);
#5196=ORIENTED_EDGE('',*,*,#3657,.F.);
#5197=ORIENTED_EDGE('',*,*,#3658,.F.);
#5198=ORIENTED_EDGE('',*,*,#3659,.T.);
#5199=ORIENTED_EDGE('',*,*,#3660,.T.);
#5200=ORIENTED_EDGE('',*,*,#3661,.T.);
#5201=ORIENTED_EDGE('',*,*,#3662,.F.);
#5202=ORIENTED_EDGE('',*,*,#3656,.T.);
#5203=ORIENTED_EDGE('',*,*,#3663,.T.);
#5204=ORIENTED_EDGE('',*,*,#3664,.F.);
#5205=ORIENTED_EDGE('',*,*,#3665,.F.);
#5206=ORIENTED_EDGE('',*,*,#3666,.F.);
#5207=ORIENTED_EDGE('',*,*,#3667,.F.);
#5208=ORIENTED_EDGE('',*,*,#3659,.F.);
#5209=ORIENTED_EDGE('',*,*,#3668,.F.);
#5210=ORIENTED_EDGE('',*,*,#3669,.F.);
#5211=ORIENTED_EDGE('',*,*,#3670,.F.);
#5212=ORIENTED_EDGE('',*,*,#3671,.T.);
#5213=ORIENTED_EDGE('',*,*,#3672,.T.);
#5214=ORIENTED_EDGE('',*,*,#3673,.T.);
#5215=ORIENTED_EDGE('',*,*,#3674,.T.);
#5216=ORIENTED_EDGE('',*,*,#3668,.T.);
#5217=ORIENTED_EDGE('',*,*,#3674,.F.);
#5218=ORIENTED_EDGE('',*,*,#3675,.T.);
#5219=ORIENTED_EDGE('',*,*,#3676,.T.);
#5220=ORIENTED_EDGE('',*,*,#3677,.F.);
#5221=ORIENTED_EDGE('',*,*,#3676,.F.);
#5222=ORIENTED_EDGE('',*,*,#3678,.F.);
#5223=ORIENTED_EDGE('',*,*,#3679,.T.);
#5224=ORIENTED_EDGE('',*,*,#3657,.T.);
#5225=ORIENTED_EDGE('',*,*,#3679,.F.);
#5226=ORIENTED_EDGE('',*,*,#3667,.T.);
#5227=ORIENTED_EDGE('',*,*,#3680,.T.);
#5228=ORIENTED_EDGE('',*,*,#3681,.T.);
#5229=ORIENTED_EDGE('',*,*,#3660,.F.);
#5230=ORIENTED_EDGE('',*,*,#3682,.T.);
#5231=ORIENTED_EDGE('',*,*,#3671,.F.);
#5232=ORIENTED_EDGE('',*,*,#3683,.T.);
#5233=ORIENTED_EDGE('',*,*,#3684,.T.);
#5234=ORIENTED_EDGE('',*,*,#3655,.T.);
#5235=ORIENTED_EDGE('',*,*,#3685,.T.);
#5236=ORIENTED_EDGE('',*,*,#3686,.F.);
#5237=ORIENTED_EDGE('',*,*,#3663,.F.);
#5238=ORIENTED_EDGE('',*,*,#3687,.F.);
#5239=ORIENTED_EDGE('',*,*,#3661,.F.);
#5240=ORIENTED_EDGE('',*,*,#3681,.F.);
#5241=ORIENTED_EDGE('',*,*,#3688,.F.);
#5242=ORIENTED_EDGE('',*,*,#3673,.F.);
#5243=ORIENTED_EDGE('',*,*,#3689,.F.);
#5244=ORIENTED_EDGE('',*,*,#3672,.F.);
#5245=ORIENTED_EDGE('',*,*,#3682,.F.);
#5246=ORIENTED_EDGE('',*,*,#3690,.F.);
#5247=ORIENTED_EDGE('',*,*,#3675,.F.);
#5248=ORIENTED_EDGE('',*,*,#3691,.F.);
#5249=ORIENTED_EDGE('',*,*,#3683,.F.);
#5250=ORIENTED_EDGE('',*,*,#3670,.T.);
#5251=ORIENTED_EDGE('',*,*,#3692,.T.);
#5252=ORIENTED_EDGE('',*,*,#3693,.F.);
#5253=ORIENTED_EDGE('',*,*,#3694,.T.);
#5254=ORIENTED_EDGE('',*,*,#3677,.T.);
#5255=ORIENTED_EDGE('',*,*,#3669,.T.);
#5256=ORIENTED_EDGE('',*,*,#3689,.T.);
#5257=ORIENTED_EDGE('',*,*,#3695,.F.);
#5258=ORIENTED_EDGE('',*,*,#3665,.T.);
#5259=ORIENTED_EDGE('',*,*,#3658,.T.);
#5260=ORIENTED_EDGE('',*,*,#3687,.T.);
#5261=ORIENTED_EDGE('',*,*,#3696,.F.);
#5262=ORIENTED_EDGE('',*,*,#3653,.T.);
#5263=ORIENTED_EDGE('',*,*,#3662,.T.);
#5264=ORIENTED_EDGE('',*,*,#3697,.T.);
#5265=ORIENTED_EDGE('',*,*,#3698,.F.);
#5266=ORIENTED_EDGE('',*,*,#3692,.F.);
#5267=ORIENTED_EDGE('',*,*,#3699,.T.);
#5268=ORIENTED_EDGE('',*,*,#3700,.F.);
#5269=ORIENTED_EDGE('',*,*,#3701,.T.);
#5270=ORIENTED_EDGE('',*,*,#3702,.T.);
#5271=ORIENTED_EDGE('',*,*,#3703,.T.);
#5272=ORIENTED_EDGE('',*,*,#3704,.T.);
#5273=ORIENTED_EDGE('',*,*,#3705,.F.);
#5274=ORIENTED_EDGE('',*,*,#3706,.T.);
#5275=ORIENTED_EDGE('',*,*,#3707,.T.);
#5276=ORIENTED_EDGE('',*,*,#3708,.F.);
#5277=ORIENTED_EDGE('',*,*,#3704,.F.);
#5278=ORIENTED_EDGE('',*,*,#3709,.F.);
#5279=ORIENTED_EDGE('',*,*,#3710,.T.);
#5280=ORIENTED_EDGE('',*,*,#3709,.T.);
#5281=ORIENTED_EDGE('',*,*,#3703,.F.);
#5282=ORIENTED_EDGE('',*,*,#3711,.T.);
#5283=ORIENTED_EDGE('',*,*,#3712,.T.);
#5284=ORIENTED_EDGE('',*,*,#3713,.T.);
#5285=ORIENTED_EDGE('',*,*,#3705,.T.);
#5286=ORIENTED_EDGE('',*,*,#3708,.T.);
#5287=ORIENTED_EDGE('',*,*,#3714,.T.);
#5288=ORIENTED_EDGE('',*,*,#3711,.F.);
#5289=ORIENTED_EDGE('',*,*,#3702,.F.);
#5290=ORIENTED_EDGE('',*,*,#3715,.T.);
#5291=ORIENTED_EDGE('',*,*,#3716,.T.);
#5292=ORIENTED_EDGE('',*,*,#3717,.F.);
#5293=ORIENTED_EDGE('',*,*,#3706,.F.);
#5294=ORIENTED_EDGE('',*,*,#3713,.F.);
#5295=ORIENTED_EDGE('',*,*,#3718,.T.);
#5296=ORIENTED_EDGE('',*,*,#3715,.F.);
#5297=ORIENTED_EDGE('',*,*,#3701,.F.);
#5298=ORIENTED_EDGE('',*,*,#3719,.T.);
#5299=ORIENTED_EDGE('',*,*,#3720,.T.);
#5300=ORIENTED_EDGE('',*,*,#3721,.F.);
#5301=ORIENTED_EDGE('',*,*,#3699,.F.);
#5302=ORIENTED_EDGE('',*,*,#3717,.T.);
#5303=ORIENTED_EDGE('',*,*,#3691,.T.);
#5304=ORIENTED_EDGE('',*,*,#3722,.T.);
#5305=ORIENTED_EDGE('',*,*,#3719,.F.);
#5306=ORIENTED_EDGE('',*,*,#3700,.T.);
#5307=ORIENTED_EDGE('',*,*,#3721,.T.);
#5308=ORIENTED_EDGE('',*,*,#3723,.T.);
#5309=ORIENTED_EDGE('',*,*,#3724,.T.);
#5310=ORIENTED_EDGE('',*,*,#3685,.F.);
#5311=ORIENTED_EDGE('',*,*,#3654,.T.);
#5312=ORIENTED_EDGE('',*,*,#3696,.T.);
#5313=ORIENTED_EDGE('',*,*,#3688,.T.);
#5314=ORIENTED_EDGE('',*,*,#3680,.F.);
#5315=ORIENTED_EDGE('',*,*,#3666,.T.);
#5316=ORIENTED_EDGE('',*,*,#3695,.T.);
#5317=ORIENTED_EDGE('',*,*,#3690,.T.);
#5318=ORIENTED_EDGE('',*,*,#3684,.F.);
#5319=ORIENTED_EDGE('',*,*,#3724,.F.);
#5320=ORIENTED_EDGE('',*,*,#3725,.T.);
#5321=ORIENTED_EDGE('',*,*,#3726,.F.);
#5322=ORIENTED_EDGE('',*,*,#3697,.F.);
#5323=ORIENTED_EDGE('',*,*,#3664,.T.);
#5324=ORIENTED_EDGE('',*,*,#3686,.T.);
#5325=ORIENTED_EDGE('',*,*,#3678,.T.);
#5326=ORIENTED_EDGE('',*,*,#3727,.T.);
#5327=ORIENTED_EDGE('',*,*,#3693,.T.);
#5328=ORIENTED_EDGE('',*,*,#3698,.T.);
#5329=ORIENTED_EDGE('',*,*,#3726,.T.);
#5330=ORIENTED_EDGE('',*,*,#3720,.F.);
#5331=ORIENTED_EDGE('',*,*,#3716,.F.);
#5332=ORIENTED_EDGE('',*,*,#3712,.F.);
#5333=ORIENTED_EDGE('',*,*,#3707,.F.);
#5334=ORIENTED_EDGE('',*,*,#3710,.F.);
#5335=ORIENTED_EDGE('',*,*,#3714,.F.);
#5336=ORIENTED_EDGE('',*,*,#3718,.F.);
#5337=ORIENTED_EDGE('',*,*,#3722,.F.);
#5338=ORIENTED_EDGE('',*,*,#3694,.F.);
#5339=ORIENTED_EDGE('',*,*,#3727,.F.);
#5340=ORIENTED_EDGE('',*,*,#3725,.F.);
#5341=ORIENTED_EDGE('',*,*,#3723,.F.);
#5342=PLANE('',#5882);
#5343=PLANE('',#5887);
#5344=PLANE('',#5892);
#5345=PLANE('',#5897);
#5346=PLANE('',#5898);
#5347=PLANE('',#5903);
#5348=PLANE('',#5908);
#5349=PLANE('',#5913);
#5350=PLANE('',#5914);
#5351=PLANE('',#5919);
#5352=PLANE('',#5924);
#5353=PLANE('',#5929);
#5354=PLANE('',#5930);
#5355=PLANE('',#5935);
#5356=PLANE('',#5940);
#5357=PLANE('',#5945);
#5358=PLANE('',#5946);
#5359=PLANE('',#5951);
#5360=PLANE('',#5956);
#5361=PLANE('',#5961);
#5362=PLANE('',#5962);
#5363=PLANE('',#5965);
#5364=PLANE('',#5968);
#5365=PLANE('',#5969);
#5366=PLANE('',#5970);
#5367=PLANE('',#5985);
#5368=PLANE('',#5986);
#5369=PLANE('',#5987);
#5370=PLANE('',#5988);
#5371=PLANE('',#5989);
#5372=PLANE('',#5990);
#5373=PLANE('',#5991);
#5374=PLANE('',#5992);
#5375=PLANE('',#5993);
#5376=PLANE('',#5994);
#5377=PLANE('',#5995);
#5378=PLANE('',#5996);
#5379=PLANE('',#5997);
#5380=PLANE('',#5998);
#5381=PLANE('',#5999);
#5382=PLANE('',#6000);
#5383=PLANE('',#6001);
#5384=PLANE('',#6002);
#5385=PLANE('',#6003);
#5386=PLANE('',#6004);
#5387=PLANE('',#6005);
#5388=PLANE('',#6006);
#5389=PLANE('',#6009);
#5390=PLANE('',#6012);
#5391=PLANE('',#6013);
#5392=PLANE('',#6014);
#5393=PLANE('',#6015);
#5394=PLANE('',#6018);
#5395=PLANE('',#6031);
#5396=PLANE('',#6032);
#5397=PLANE('',#6033);
#5398=PLANE('',#6038);
#5399=PLANE('',#6043);
#5400=PLANE('',#6048);
#5401=PLANE('',#6049);
#5402=PLANE('',#6052);
#5403=PLANE('',#6055);
#5404=PLANE('',#6056);
#5405=PLANE('',#6057);
#5406=PLANE('',#6072);
#5407=PLANE('',#6073);
#5408=PLANE('',#6074);
#5409=PLANE('',#6075);
#5410=PLANE('',#6078);
#5411=PLANE('',#6079);
#5412=PLANE('',#6080);
#5413=PLANE('',#6083);
#5414=PLANE('',#6098);
#5415=PLANE('',#6099);
#5416=PLANE('',#6100);
#5417=PLANE('',#6101);
#5418=PLANE('',#6102);
#5419=PLANE('',#6103);
#5420=PLANE('',#6104);
#5421=PLANE('',#6105);
#5422=PLANE('',#6106);
#5423=PLANE('',#6107);
#5424=PLANE('',#6108);
#5425=PLANE('',#6109);
#5426=PLANE('',#6110);
#5427=PLANE('',#6115);
#5428=PLANE('',#6120);
#5429=PLANE('',#6125);
#5430=PLANE('',#6126);
#5431=PLANE('',#6131);
#5432=PLANE('',#6136);
#5433=PLANE('',#6141);
#5434=PLANE('',#6142);
#5435=PLANE('',#6145);
#5436=PLANE('',#6146);
#5437=PLANE('',#6147);
#5438=PLANE('',#6150);
#5439=PLANE('',#6165);
#5440=PLANE('',#6166);
#5441=PLANE('',#6167);
#5442=PLANE('',#6170);
#5443=PLANE('',#6171);
#5444=PLANE('',#6172);
#5445=PLANE('',#6173);
#5446=PLANE('',#6174);
#5447=PLANE('',#6175);
#5448=PLANE('',#6176);
#5449=PLANE('',#6177);
#5450=PLANE('',#6178);
#5451=PLANE('',#6181);
#5452=PLANE('',#6184);
#5453=PLANE('',#6185);
#5454=PLANE('',#6186);
#5455=PLANE('',#6187);
#5456=PLANE('',#6190);
#5457=PLANE('',#6201);
#5458=PLANE('',#6202);
#5459=PLANE('',#6203);
#5460=PLANE('',#6206);
#5461=PLANE('',#6209);
#5462=PLANE('',#6210);
#5463=PLANE('',#6211);
#5464=PLANE('',#6226);
#5465=PLANE('',#6227);
#5466=PLANE('',#6228);
#5467=PLANE('',#6229);
#5468=PLANE('',#6230);
#5469=PLANE('',#6231);
#5470=PLANE('',#6232);
#5471=PLANE('',#6233);
#5472=PLANE('',#6234);
#5473=PLANE('',#6235);
#5474=PLANE('',#6236);
#5475=PLANE('',#6237);
#5476=PLANE('',#6238);
#5477=PLANE('',#6239);
#5478=PLANE('',#6240);
#5479=PLANE('',#6241);
#5480=PLANE('',#6242);
#5481=PLANE('',#6247);
#5482=PLANE('',#6252);
#5483=PLANE('',#6257);
#5484=PLANE('',#6258);
#5485=PLANE('',#6259);
#5486=PLANE('',#6260);
#5487=PLANE('',#6261);
#5488=PLANE('',#6262);
#5489=PLANE('',#6263);
#5490=PLANE('',#6264);
#5491=PLANE('',#6265);
#5492=PLANE('',#6266);
#5493=PLANE('',#6267);
#5494=PLANE('',#6268);
#5495=PLANE('',#6271);
#5496=PLANE('',#6272);
#5497=PLANE('',#6273);
#5498=PLANE('',#6274);
#5499=PLANE('',#6291);
#5500=PLANE('',#6292);
#5501=PLANE('',#6293);
#5502=PLANE('',#6294);
#5503=PLANE('',#6295);
#5504=PLANE('',#6296);
#5505=PLANE('',#6297);
#5506=PLANE('',#6298);
#5507=PLANE('',#6299);
#5508=PLANE('',#6300);
#5509=PLANE('',#6301);
#5510=PLANE('',#6302);
#5511=PLANE('',#6303);
#5512=PLANE('',#6304);
#5513=PLANE('',#6305);
#5514=PLANE('',#6308);
#5515=PLANE('',#6309);
#5516=PLANE('',#6310);
#5517=PLANE('',#6311);
#5518=PLANE('',#6328);
#5519=PLANE('',#6329);
#5520=PLANE('',#6330);
#5521=PLANE('',#6331);
#5522=PLANE('',#6332);
#5523=PLANE('',#6337);
#5524=PLANE('',#6342);
#5525=PLANE('',#6347);
#5526=PLANE('',#6348);
#5527=PLANE('',#6351);
#5528=PLANE('',#6352);
#5529=PLANE('',#6353);
#5530=PLANE('',#6356);
#5531=PLANE('',#6371);
#5532=PLANE('',#6372);
#5533=PLANE('',#6373);
#5534=PLANE('',#6374);
#5535=PLANE('',#6375);
#5536=PLANE('',#6376);
#5537=PLANE('',#6377);
#5538=PLANE('',#6378);
#5539=PLANE('',#6379);
#5540=PLANE('',#6380);
#5541=PLANE('',#6381);
#5542=PLANE('',#6382);
#5543=PLANE('',#6383);
#5544=PLANE('',#6384);
#5545=PLANE('',#6385);
#5546=PLANE('',#6386);
#5547=ADVANCED_FACE('',(#253,#147,#148),#5342,.T.);
#5548=ADVANCED_FACE('',(#254,#149,#150),#5343,.T.);
#5549=ADVANCED_FACE('',(#255),#5344,.T.);
#5550=ADVANCED_FACE('',(#256),#47,.F.);
#5551=ADVANCED_FACE('',(#257),#48,.F.);
#5552=ADVANCED_FACE('',(#258),#49,.T.);
#5553=ADVANCED_FACE('',(#259),#50,.T.);
#5554=ADVANCED_FACE('',(#260),#5345,.F.);
#5555=ADVANCED_FACE('',(#261,#151,#152),#5346,.T.);
#5556=ADVANCED_FACE('',(#262,#153,#154),#5347,.T.);
#5557=ADVANCED_FACE('',(#263),#5348,.T.);
#5558=ADVANCED_FACE('',(#264),#51,.F.);
#5559=ADVANCED_FACE('',(#265),#52,.F.);
#5560=ADVANCED_FACE('',(#266),#53,.T.);
#5561=ADVANCED_FACE('',(#267),#54,.T.);
#5562=ADVANCED_FACE('',(#268),#5349,.F.);
#5563=ADVANCED_FACE('',(#269,#155,#156),#5350,.T.);
#5564=ADVANCED_FACE('',(#270,#157,#158),#5351,.T.);
#5565=ADVANCED_FACE('',(#271),#5352,.T.);
#5566=ADVANCED_FACE('',(#272),#55,.F.);
#5567=ADVANCED_FACE('',(#273),#56,.F.);
#5568=ADVANCED_FACE('',(#274),#57,.T.);
#5569=ADVANCED_FACE('',(#275),#58,.T.);
#5570=ADVANCED_FACE('',(#276),#5353,.F.);
#5571=ADVANCED_FACE('',(#277,#159,#160),#5354,.T.);
#5572=ADVANCED_FACE('',(#278,#161,#162),#5355,.T.);
#5573=ADVANCED_FACE('',(#279),#5356,.T.);
#5574=ADVANCED_FACE('',(#280),#59,.F.);
#5575=ADVANCED_FACE('',(#281),#60,.F.);
#5576=ADVANCED_FACE('',(#282),#61,.T.);
#5577=ADVANCED_FACE('',(#283),#62,.T.);
#5578=ADVANCED_FACE('',(#284),#5357,.F.);
#5579=ADVANCED_FACE('',(#285,#163,#164),#5358,.T.);
#5580=ADVANCED_FACE('',(#286,#165,#166),#5359,.T.);
#5581=ADVANCED_FACE('',(#287),#5360,.T.);
#5582=ADVANCED_FACE('',(#288),#63,.F.);
#5583=ADVANCED_FACE('',(#289),#64,.F.);
#5584=ADVANCED_FACE('',(#290),#65,.T.);
#5585=ADVANCED_FACE('',(#291),#66,.T.);
#5586=ADVANCED_FACE('',(#292),#5361,.F.);
#5587=ADVANCED_FACE('',(#293,#167),#5362,.F.);
#5588=ADVANCED_FACE('',(#294,#168),#5363,.F.);
#5589=ADVANCED_FACE('',(#295),#5364,.T.);
#5590=ADVANCED_FACE('',(#296),#5365,.T.);
#5591=ADVANCED_FACE('',(#297),#5366,.T.);
#5592=ADVANCED_FACE('',(#298),#67,.F.);
#5593=ADVANCED_FACE('',(#299),#68,.F.);
#5594=ADVANCED_FACE('',(#300),#69,.F.);
#5595=ADVANCED_FACE('',(#301),#70,.T.);
#5596=ADVANCED_FACE('',(#302),#71,.T.);
#5597=ADVANCED_FACE('',(#303),#72,.T.);
#5598=ADVANCED_FACE('',(#304,#169),#5367,.F.);
#5599=ADVANCED_FACE('',(#305,#170),#5368,.F.);
#5600=ADVANCED_FACE('',(#306),#5369,.T.);
#5601=ADVANCED_FACE('',(#307),#5370,.T.);
#5602=ADVANCED_FACE('',(#308),#5371,.F.);
#5603=ADVANCED_FACE('',(#309),#5372,.F.);
#5604=ADVANCED_FACE('',(#310),#5373,.F.);
#5605=ADVANCED_FACE('',(#311),#5374,.F.);
#5606=ADVANCED_FACE('',(#312),#5375,.F.);
#5607=ADVANCED_FACE('',(#313),#5376,.F.);
#5608=ADVANCED_FACE('',(#314),#5377,.F.);
#5609=ADVANCED_FACE('',(#315),#5378,.F.);
#5610=ADVANCED_FACE('',(#316),#5379,.F.);
#5611=ADVANCED_FACE('',(#317),#5380,.F.);
#5612=ADVANCED_FACE('',(#318),#5381,.F.);
#5613=ADVANCED_FACE('',(#319),#5382,.F.);
#5614=ADVANCED_FACE('',(#320,#171),#5383,.F.);
#5615=ADVANCED_FACE('',(#321),#5384,.F.);
#5616=ADVANCED_FACE('',(#322),#5385,.F.);
#5617=ADVANCED_FACE('',(#323,#172),#5386,.T.);
#5618=ADVANCED_FACE('',(#324,#173),#5387,.T.);
#5619=ADVANCED_FACE('',(#325,#174,#175,#176),#5388,.F.);
#5620=ADVANCED_FACE('',(#326,#177),#5389,.F.);
#5621=ADVANCED_FACE('',(#327),#5390,.T.);
#5622=ADVANCED_FACE('',(#328),#5391,.T.);
#5623=ADVANCED_FACE('',(#329),#5392,.T.);
#5624=ADVANCED_FACE('',(#330,#178),#5393,.F.);
#5625=ADVANCED_FACE('',(#331,#179,#180),#5394,.T.);
#5626=ADVANCED_FACE('',(#332),#73,.F.);
#5627=ADVANCED_FACE('',(#333),#74,.F.);
#5628=ADVANCED_FACE('',(#334),#75,.F.);
#5629=ADVANCED_FACE('',(#335),#76,.T.);
#5630=ADVANCED_FACE('',(#336),#77,.T.);
#5631=ADVANCED_FACE('',(#337),#78,.T.);
#5632=ADVANCED_FACE('',(#338,#181),#5395,.F.);
#5633=ADVANCED_FACE('',(#339,#182),#5396,.F.);
#5634=ADVANCED_FACE('',(#340,#183,#184),#5397,.T.);
#5635=ADVANCED_FACE('',(#341,#185,#186),#5398,.T.);
#5636=ADVANCED_FACE('',(#342),#5399,.T.);
#5637=ADVANCED_FACE('',(#343),#79,.F.);
#5638=ADVANCED_FACE('',(#344),#80,.F.);
#5639=ADVANCED_FACE('',(#345),#81,.T.);
#5640=ADVANCED_FACE('',(#346),#82,.T.);
#5641=ADVANCED_FACE('',(#347),#5400,.F.);
#5642=ADVANCED_FACE('',(#348,#187),#5401,.F.);
#5643=ADVANCED_FACE('',(#349,#188),#5402,.F.);
#5644=ADVANCED_FACE('',(#350),#5403,.T.);
#5645=ADVANCED_FACE('',(#351),#5404,.T.);
#5646=ADVANCED_FACE('',(#352),#5405,.T.);
#5647=ADVANCED_FACE('',(#353),#83,.F.);
#5648=ADVANCED_FACE('',(#354),#84,.F.);
#5649=ADVANCED_FACE('',(#355),#85,.F.);
#5650=ADVANCED_FACE('',(#356),#86,.T.);
#5651=ADVANCED_FACE('',(#357),#87,.T.);
#5652=ADVANCED_FACE('',(#358),#88,.T.);
#5653=ADVANCED_FACE('',(#359,#189),#5406,.F.);
#5654=ADVANCED_FACE('',(#360,#190),#5407,.F.);
#5655=ADVANCED_FACE('',(#361),#5408,.F.);
#5656=ADVANCED_FACE('',(#362,#191),#5409,.F.);
#5657=ADVANCED_FACE('',(#363),#5410,.T.);
#5658=ADVANCED_FACE('',(#364),#5411,.T.);
#5659=ADVANCED_FACE('',(#365,#192),#5412,.F.);
#5660=ADVANCED_FACE('',(#366),#5413,.T.);
#5661=ADVANCED_FACE('',(#367),#89,.F.);
#5662=ADVANCED_FACE('',(#368),#90,.F.);
#5663=ADVANCED_FACE('',(#369),#91,.F.);
#5664=ADVANCED_FACE('',(#370),#92,.T.);
#5665=ADVANCED_FACE('',(#371),#93,.T.);
#5666=ADVANCED_FACE('',(#372),#94,.T.);
#5667=ADVANCED_FACE('',(#373,#193),#5414,.F.);
#5668=ADVANCED_FACE('',(#374,#194),#5415,.F.);
#5669=ADVANCED_FACE('',(#375,#195,#196),#5416,.T.);
#5670=ADVANCED_FACE('',(#376),#5417,.T.);
#5671=ADVANCED_FACE('',(#377),#5418,.F.);
#5672=ADVANCED_FACE('',(#378),#5419,.F.);
#5673=ADVANCED_FACE('',(#379),#5420,.F.);
#5674=ADVANCED_FACE('',(#380),#5421,.F.);
#5675=ADVANCED_FACE('',(#381),#5422,.F.);
#5676=ADVANCED_FACE('',(#382),#5423,.T.);
#5677=ADVANCED_FACE('',(#383,#197,#198),#5424,.T.);
#5678=ADVANCED_FACE('',(#384,#199),#5425,.T.);
#5679=ADVANCED_FACE('',(#385,#200,#201),#5426,.T.);
#5680=ADVANCED_FACE('',(#386,#202,#203),#5427,.T.);
#5681=ADVANCED_FACE('',(#387),#5428,.T.);
#5682=ADVANCED_FACE('',(#388),#95,.F.);
#5683=ADVANCED_FACE('',(#389),#96,.F.);
#5684=ADVANCED_FACE('',(#390),#97,.T.);
#5685=ADVANCED_FACE('',(#391),#98,.T.);
#5686=ADVANCED_FACE('',(#392),#5429,.F.);
#5687=ADVANCED_FACE('',(#393,#204,#205),#5430,.T.);
#5688=ADVANCED_FACE('',(#394,#206,#207),#5431,.T.);
#5689=ADVANCED_FACE('',(#395),#5432,.T.);
#5690=ADVANCED_FACE('',(#396),#99,.F.);
#5691=ADVANCED_FACE('',(#397),#100,.F.);
#5692=ADVANCED_FACE('',(#398),#101,.T.);
#5693=ADVANCED_FACE('',(#399),#102,.T.);
#5694=ADVANCED_FACE('',(#400),#5433,.F.);
#5695=ADVANCED_FACE('',(#401,#208),#5434,.F.);
#5696=ADVANCED_FACE('',(#402),#5435,.T.);
#5697=ADVANCED_FACE('',(#403),#5436,.T.);
#5698=ADVANCED_FACE('',(#404,#209),#5437,.F.);
#5699=ADVANCED_FACE('',(#405),#5438,.T.);
#5700=ADVANCED_FACE('',(#406),#103,.F.);
#5701=ADVANCED_FACE('',(#407),#104,.F.);
#5702=ADVANCED_FACE('',(#408),#105,.F.);
#5703=ADVANCED_FACE('',(#409),#106,.T.);
#5704=ADVANCED_FACE('',(#410),#107,.T.);
#5705=ADVANCED_FACE('',(#411),#108,.T.);
#5706=ADVANCED_FACE('',(#412,#210),#5439,.F.);
#5707=ADVANCED_FACE('',(#413,#211),#5440,.F.);
#5708=ADVANCED_FACE('',(#414,#212,#213),#5441,.F.);
#5709=ADVANCED_FACE('',(#415),#5442,.T.);
#5710=ADVANCED_FACE('',(#416),#5443,.F.);
#5711=ADVANCED_FACE('',(#417,#214),#5444,.T.);
#5712=ADVANCED_FACE('',(#418),#5445,.F.);
#5713=ADVANCED_FACE('',(#419),#5446,.F.);
#5714=ADVANCED_FACE('',(#420),#5447,.F.);
#5715=ADVANCED_FACE('',(#421),#5448,.T.);
#5716=ADVANCED_FACE('',(#422),#5449,.T.);
#5717=ADVANCED_FACE('',(#423,#215),#5450,.F.);
#5718=ADVANCED_FACE('',(#424,#216,#217),#5451,.T.);
#5719=ADVANCED_FACE('',(#425),#5452,.T.);
#5720=ADVANCED_FACE('',(#426),#5453,.T.);
#5721=ADVANCED_FACE('',(#427),#5454,.T.);
#5722=ADVANCED_FACE('',(#428,#218),#5455,.F.);
#5723=ADVANCED_FACE('',(#429),#5456,.T.);
#5724=ADVANCED_FACE('',(#430),#109,.F.);
#5725=ADVANCED_FACE('',(#431),#110,.F.);
#5726=ADVANCED_FACE('',(#432),#111,.F.);
#5727=ADVANCED_FACE('',(#433),#112,.T.);
#5728=ADVANCED_FACE('',(#434),#113,.T.);
#5729=ADVANCED_FACE('',(#435),#114,.T.);
#5730=ADVANCED_FACE('',(#436,#219),#5457,.F.);
#5731=ADVANCED_FACE('',(#437,#220),#5458,.F.);
#5732=ADVANCED_FACE('',(#438,#221),#5459,.F.);
#5733=ADVANCED_FACE('',(#439,#222),#5460,.F.);
#5734=ADVANCED_FACE('',(#440),#5461,.T.);
#5735=ADVANCED_FACE('',(#441),#5462,.T.);
#5736=ADVANCED_FACE('',(#442),#5463,.T.);
#5737=ADVANCED_FACE('',(#443),#115,.F.);
#5738=ADVANCED_FACE('',(#444),#116,.F.);
#5739=ADVANCED_FACE('',(#445),#117,.F.);
#5740=ADVANCED_FACE('',(#446),#118,.T.);
#5741=ADVANCED_FACE('',(#447),#119,.T.);
#5742=ADVANCED_FACE('',(#448),#120,.T.);
#5743=ADVANCED_FACE('',(#449,#223),#5464,.F.);
#5744=ADVANCED_FACE('',(#450,#224),#5465,.F.);
#5745=ADVANCED_FACE('',(#451,#225),#5466,.T.);
#5746=ADVANCED_FACE('',(#452,#226),#5467,.T.);
#5747=ADVANCED_FACE('',(#453),#5468,.T.);
#5748=ADVANCED_FACE('',(#454),#5469,.F.);
#5749=ADVANCED_FACE('',(#455),#5470,.F.);
#5750=ADVANCED_FACE('',(#456),#5471,.F.);
#5751=ADVANCED_FACE('',(#457),#5472,.F.);
#5752=ADVANCED_FACE('',(#458),#5473,.F.);
#5753=ADVANCED_FACE('',(#459),#5474,.F.);
#5754=ADVANCED_FACE('',(#460),#5475,.F.);
#5755=ADVANCED_FACE('',(#461),#5476,.F.);
#5756=ADVANCED_FACE('',(#462),#5477,.F.);
#5757=ADVANCED_FACE('',(#463),#5478,.F.);
#5758=ADVANCED_FACE('',(#464),#5479,.T.);
#5759=ADVANCED_FACE('',(#465,#227,#228),#5480,.T.);
#5760=ADVANCED_FACE('',(#466,#229,#230),#5481,.T.);
#5761=ADVANCED_FACE('',(#467),#5482,.T.);
#5762=ADVANCED_FACE('',(#468),#121,.F.);
#5763=ADVANCED_FACE('',(#469),#122,.F.);
#5764=ADVANCED_FACE('',(#470),#123,.T.);
#5765=ADVANCED_FACE('',(#471),#124,.T.);
#5766=ADVANCED_FACE('',(#472),#5483,.F.);
#5767=ADVANCED_FACE('',(#473),#5484,.F.);
#5768=ADVANCED_FACE('',(#474),#5485,.F.);
#5769=ADVANCED_FACE('',(#475),#5486,.F.);
#5770=ADVANCED_FACE('',(#476),#5487,.F.);
#5771=ADVANCED_FACE('',(#477),#5488,.F.);
#5772=ADVANCED_FACE('',(#478),#5489,.F.);
#5773=ADVANCED_FACE('',(#479),#5490,.F.);
#5774=ADVANCED_FACE('',(#480),#5491,.F.);
#5775=ADVANCED_FACE('',(#481),#5492,.T.);
#5776=ADVANCED_FACE('',(#482),#5493,.T.);
#5777=ADVANCED_FACE('',(#483,#231),#5494,.F.);
#5778=ADVANCED_FACE('',(#484),#5495,.F.);
#5779=ADVANCED_FACE('',(#485),#5496,.F.);
#5780=ADVANCED_FACE('',(#486),#5497,.T.);
#5781=ADVANCED_FACE('',(#487,#232),#5498,.T.);
#5782=ADVANCED_FACE('',(#488),#125,.F.);
#5783=ADVANCED_FACE('',(#489),#126,.F.);
#5784=ADVANCED_FACE('',(#490),#127,.F.);
#5785=ADVANCED_FACE('',(#491),#128,.T.);
#5786=ADVANCED_FACE('',(#492),#129,.T.);
#5787=ADVANCED_FACE('',(#493),#130,.T.);
#5788=ADVANCED_FACE('',(#494,#233),#5499,.F.);
#5789=ADVANCED_FACE('',(#495,#234),#5500,.F.);
#5790=ADVANCED_FACE('',(#496,#235),#5501,.F.);
#5791=ADVANCED_FACE('',(#497,#236),#5502,.F.);
#5792=ADVANCED_FACE('',(#498),#5503,.F.);
#5793=ADVANCED_FACE('',(#499),#5504,.F.);
#5794=ADVANCED_FACE('',(#500),#5505,.F.);
#5795=ADVANCED_FACE('',(#501),#5506,.F.);
#5796=ADVANCED_FACE('',(#502),#5507,.F.);
#5797=ADVANCED_FACE('',(#503),#5508,.F.);
#5798=ADVANCED_FACE('',(#504),#5509,.F.);
#5799=ADVANCED_FACE('',(#505),#5510,.F.);
#5800=ADVANCED_FACE('',(#506),#5511,.T.);
#5801=ADVANCED_FACE('',(#507),#5512,.T.);
#5802=ADVANCED_FACE('',(#508,#237),#5513,.F.);
#5803=ADVANCED_FACE('',(#509),#5514,.F.);
#5804=ADVANCED_FACE('',(#510),#5515,.F.);
#5805=ADVANCED_FACE('',(#511),#5516,.T.);
#5806=ADVANCED_FACE('',(#512,#238),#5517,.T.);
#5807=ADVANCED_FACE('',(#513),#131,.F.);
#5808=ADVANCED_FACE('',(#514),#132,.F.);
#5809=ADVANCED_FACE('',(#515),#133,.F.);
#5810=ADVANCED_FACE('',(#516),#134,.T.);
#5811=ADVANCED_FACE('',(#517),#135,.T.);
#5812=ADVANCED_FACE('',(#518),#136,.T.);
#5813=ADVANCED_FACE('',(#519,#239),#5518,.F.);
#5814=ADVANCED_FACE('',(#520,#240),#5519,.F.);
#5815=ADVANCED_FACE('',(#521,#241),#5520,.F.);
#5816=ADVANCED_FACE('',(#522,#242),#5521,.F.);
#5817=ADVANCED_FACE('',(#523,#243,#244),#5522,.T.);
#5818=ADVANCED_FACE('',(#524,#245,#246),#5523,.T.);
#5819=ADVANCED_FACE('',(#525),#5524,.T.);
#5820=ADVANCED_FACE('',(#526),#137,.F.);
#5821=ADVANCED_FACE('',(#527),#138,.F.);
#5822=ADVANCED_FACE('',(#528),#139,.T.);
#5823=ADVANCED_FACE('',(#529),#140,.T.);
#5824=ADVANCED_FACE('',(#530),#5525,.F.);
#5825=ADVANCED_FACE('',(#531,#247),#5526,.F.);
#5826=ADVANCED_FACE('',(#532),#5527,.T.);
#5827=ADVANCED_FACE('',(#533),#5528,.T.);
#5828=ADVANCED_FACE('',(#534,#248),#5529,.F.);
#5829=ADVANCED_FACE('',(#535),#5530,.T.);
#5830=ADVANCED_FACE('',(#536),#141,.F.);
#5831=ADVANCED_FACE('',(#537),#142,.F.);
#5832=ADVANCED_FACE('',(#538),#143,.F.);
#5833=ADVANCED_FACE('',(#539),#144,.T.);
#5834=ADVANCED_FACE('',(#540),#145,.T.);
#5835=ADVANCED_FACE('',(#541),#146,.T.);
#5836=ADVANCED_FACE('',(#542,#249),#5531,.F.);
#5837=ADVANCED_FACE('',(#543,#250),#5532,.F.);
#5838=ADVANCED_FACE('',(#544,#251),#5533,.T.);
#5839=ADVANCED_FACE('',(#545),#5534,.T.);
#5840=ADVANCED_FACE('',(#546),#5535,.F.);
#5841=ADVANCED_FACE('',(#547),#5536,.F.);
#5842=ADVANCED_FACE('',(#548),#5537,.F.);
#5843=ADVANCED_FACE('',(#549),#5538,.F.);
#5844=ADVANCED_FACE('',(#550),#5539,.T.);
#5845=ADVANCED_FACE('',(#551),#5540,.T.);
#5846=ADVANCED_FACE('',(#552),#5541,.T.);
#5847=ADVANCED_FACE('',(#553),#5542,.T.);
#5848=ADVANCED_FACE('',(#554),#5543,.F.);
#5849=ADVANCED_FACE('',(#555,#252),#5544,.T.);
#5850=ADVANCED_FACE('',(#556),#5545,.T.);
#5851=ADVANCED_FACE('',(#557),#5546,.F.);
#5852=CLOSED_SHELL('',(#5547,#5548,#5549,#5550,#5551,#5552,#5553,#5554));
#5853=CLOSED_SHELL('',(#5555,#5556,#5557,#5558,#5559,#5560,#5561,#5562));
#5854=CLOSED_SHELL('',(#5563,#5564,#5565,#5566,#5567,#5568,#5569,#5570));
#5855=CLOSED_SHELL('',(#5571,#5572,#5573,#5574,#5575,#5576,#5577,#5578));
#5856=CLOSED_SHELL('',(#5579,#5580,#5581,#5582,#5583,#5584,#5585,#5586));
#5857=CLOSED_SHELL('',(#5587,#5588,#5589,#5590,#5591,#5592,#5593,#5594,
#5595,#5596,#5597,#5598,#5599,#5600,#5601,#5602,#5603,#5604,#5605,#5606,
#5607,#5608,#5609,#5610,#5611,#5612,#5613,#5614,#5615,#5616,#5617,#5618,
#5619,#5620,#5621,#5622,#5623,#5624,#5625,#5626,#5627,#5628,#5629,#5630,
#5631,#5632,#5633));
#5858=CLOSED_SHELL('',(#5634,#5635,#5636,#5637,#5638,#5639,#5640,#5641));
#5859=CLOSED_SHELL('',(#5642,#5643,#5644,#5645,#5646,#5647,#5648,#5649,
#5650,#5651,#5652,#5653,#5654,#5655,#5656,#5657,#5658,#5659,#5660,#5661,
#5662,#5663,#5664,#5665,#5666,#5667,#5668,#5669,#5670,#5671,#5672,#5673,
#5674,#5675,#5676,#5677,#5678));
#5860=CLOSED_SHELL('',(#5679,#5680,#5681,#5682,#5683,#5684,#5685,#5686));
#5861=CLOSED_SHELL('',(#5687,#5688,#5689,#5690,#5691,#5692,#5693,#5694));
#5862=CLOSED_SHELL('',(#5695,#5696,#5697,#5698,#5699,#5700,#5701,#5702,
#5703,#5704,#5705,#5706,#5707,#5708,#5709,#5710,#5711,#5712,#5713,#5714,
#5715,#5716,#5717,#5718,#5719,#5720,#5721,#5722,#5723,#5724,#5725,#5726,
#5727,#5728,#5729,#5730,#5731));
#5863=CLOSED_SHELL('',(#5732,#5733,#5734,#5735,#5736,#5737,#5738,#5739,
#5740,#5741,#5742,#5743,#5744,#5745,#5746,#5747,#5748,#5749,#5750,#5751,
#5752,#5753,#5754,#5755,#5756,#5757,#5758));
#5864=CLOSED_SHELL('',(#5759,#5760,#5761,#5762,#5763,#5764,#5765,#5766));
#5865=CLOSED_SHELL('',(#5767,#5768,#5769,#5770,#5771,#5772,#5773,#5774,
#5775,#5776,#5777,#5778,#5779,#5780,#5781,#5782,#5783,#5784,#5785,#5786,
#5787,#5788,#5789,#5790,#5791));
#5866=CLOSED_SHELL('',(#5792,#5793,#5794,#5795,#5796,#5797,#5798,#5799,
#5800,#5801,#5802,#5803,#5804,#5805,#5806,#5807,#5808,#5809,#5810,#5811,
#5812,#5813,#5814,#5815,#5816));
#5867=CLOSED_SHELL('',(#5817,#5818,#5819,#5820,#5821,#5822,#5823,#5824));
#5868=CLOSED_SHELL('',(#5825,#5826,#5827,#5828,#5829,#5830,#5831,#5832,
#5833,#5834,#5835,#5836,#5837,#5838,#5839,#5840,#5841,#5842,#5843,#5844,
#5845,#5846,#5847,#5848,#5849,#5850,#5851));
#5869=DERIVED_UNIT_ELEMENT(#5871,1.);
#5870=DERIVED_UNIT_ELEMENT(#9662,-3.);
#5871=(
MASS_UNIT()
NAMED_UNIT(*)
SI_UNIT(.KILO.,.GRAM.)
);
#5872=DERIVED_UNIT((#5869,#5870));
#5873=MEASURE_REPRESENTATION_ITEM('density measure',
POSITIVE_RATIO_MEASURE(7850.),#5872);
#5874=PROPERTY_DEFINITION_REPRESENTATION(#5879,#5876);
#5875=PROPERTY_DEFINITION_REPRESENTATION(#5880,#5877);
#5876=REPRESENTATION('material name',(#5878),#9659);
#5877=REPRESENTATION('density',(#5873),#9659);
#5878=DESCRIPTIVE_REPRESENTATION_ITEM('Steel','Steel');
#5879=PROPERTY_DEFINITION('material property','material name',#9669);
#5880=PROPERTY_DEFINITION('material property','density of part',#9669);
#5881=AXIS2_PLACEMENT_3D('',#8006,#6387,#6388);
#5882=AXIS2_PLACEMENT_3D('',#8007,#6389,#6390);
#5883=AXIS2_PLACEMENT_3D('',#8010,#6391,#6392);
#5884=AXIS2_PLACEMENT_3D('',#8014,#6394,#6395);
#5885=AXIS2_PLACEMENT_3D('',#8017,#6397,#6398);
#5886=AXIS2_PLACEMENT_3D('',#8019,#6399,#6400);
#5887=AXIS2_PLACEMENT_3D('',#8020,#6401,#6402);
#5888=AXIS2_PLACEMENT_3D('',#8023,#6403,#6404);
#5889=AXIS2_PLACEMENT_3D('',#8027,#6406,#6407);
#5890=AXIS2_PLACEMENT_3D('',#8030,#6409,#6410);
#5891=AXIS2_PLACEMENT_3D('',#8032,#6411,#6412);
#5892=AXIS2_PLACEMENT_3D('',#8033,#6413,#6414);
#5893=AXIS2_PLACEMENT_3D('',#8036,#6417,#6418);
#5894=AXIS2_PLACEMENT_3D('',#8038,#6420,#6421);
#5895=AXIS2_PLACEMENT_3D('',#8040,#6423,#6424);
#5896=AXIS2_PLACEMENT_3D('',#8042,#6426,#6427);
#5897=AXIS2_PLACEMENT_3D('',#8044,#6429,#6430);
#5898=AXIS2_PLACEMENT_3D('',#8045,#6431,#6432);
#5899=AXIS2_PLACEMENT_3D('',#8048,#6433,#6434);
#5900=AXIS2_PLACEMENT_3D('',#8052,#6436,#6437);
#5901=AXIS2_PLACEMENT_3D('',#8055,#6439,#6440);
#5902=AXIS2_PLACEMENT_3D('',#8057,#6441,#6442);
#5903=AXIS2_PLACEMENT_3D('',#8058,#6443,#6444);
#5904=AXIS2_PLACEMENT_3D('',#8061,#6445,#6446);
#5905=AXIS2_PLACEMENT_3D('',#8065,#6448,#6449);
#5906=AXIS2_PLACEMENT_3D('',#8068,#6451,#6452);
#5907=AXIS2_PLACEMENT_3D('',#8070,#6453,#6454);
#5908=AXIS2_PLACEMENT_3D('',#8071,#6455,#6456);
#5909=AXIS2_PLACEMENT_3D('',#8074,#6459,#6460);
#5910=AXIS2_PLACEMENT_3D('',#8076,#6462,#6463);
#5911=AXIS2_PLACEMENT_3D('',#8078,#6465,#6466);
#5912=AXIS2_PLACEMENT_3D('',#8080,#6468,#6469);
#5913=AXIS2_PLACEMENT_3D('',#8082,#6471,#6472);
#5914=AXIS2_PLACEMENT_3D('',#8083,#6473,#6474);
#5915=AXIS2_PLACEMENT_3D('',#8086,#6475,#6476);
#5916=AXIS2_PLACEMENT_3D('',#8090,#6478,#6479);
#5917=AXIS2_PLACEMENT_3D('',#8093,#6481,#6482);
#5918=AXIS2_PLACEMENT_3D('',#8095,#6483,#6484);
#5919=AXIS2_PLACEMENT_3D('',#8096,#6485,#6486);
#5920=AXIS2_PLACEMENT_3D('',#8099,#6487,#6488);
#5921=AXIS2_PLACEMENT_3D('',#8103,#6490,#6491);
#5922=AXIS2_PLACEMENT_3D('',#8106,#6493,#6494);
#5923=AXIS2_PLACEMENT_3D('',#8108,#6495,#6496);
#5924=AXIS2_PLACEMENT_3D('',#8109,#6497,#6498);
#5925=AXIS2_PLACEMENT_3D('',#8112,#6501,#6502);
#5926=AXIS2_PLACEMENT_3D('',#8114,#6504,#6505);
#5927=AXIS2_PLACEMENT_3D('',#8116,#6507,#6508);
#5928=AXIS2_PLACEMENT_3D('',#8118,#6510,#6511);
#5929=AXIS2_PLACEMENT_3D('',#8120,#6513,#6514);
#5930=AXIS2_PLACEMENT_3D('',#8121,#6515,#6516);
#5931=AXIS2_PLACEMENT_3D('',#8124,#6517,#6518);
#5932=AXIS2_PLACEMENT_3D('',#8128,#6520,#6521);
#5933=AXIS2_PLACEMENT_3D('',#8131,#6523,#6524);
#5934=AXIS2_PLACEMENT_3D('',#8133,#6525,#6526);
#5935=AXIS2_PLACEMENT_3D('',#8134,#6527,#6528);
#5936=AXIS2_PLACEMENT_3D('',#8137,#6529,#6530);
#5937=AXIS2_PLACEMENT_3D('',#8141,#6532,#6533);
#5938=AXIS2_PLACEMENT_3D('',#8144,#6535,#6536);
#5939=AXIS2_PLACEMENT_3D('',#8146,#6537,#6538);
#5940=AXIS2_PLACEMENT_3D('',#8147,#6539,#6540);
#5941=AXIS2_PLACEMENT_3D('',#8150,#6543,#6544);
#5942=AXIS2_PLACEMENT_3D('',#8152,#6546,#6547);
#5943=AXIS2_PLACEMENT_3D('',#8154,#6549,#6550);
#5944=AXIS2_PLACEMENT_3D('',#8156,#6552,#6553);
#5945=AXIS2_PLACEMENT_3D('',#8158,#6555,#6556);
#5946=AXIS2_PLACEMENT_3D('',#8159,#6557,#6558);
#5947=AXIS2_PLACEMENT_3D('',#8162,#6559,#6560);
#5948=AXIS2_PLACEMENT_3D('',#8166,#6562,#6563);
#5949=AXIS2_PLACEMENT_3D('',#8169,#6565,#6566);
#5950=AXIS2_PLACEMENT_3D('',#8171,#6567,#6568);
#5951=AXIS2_PLACEMENT_3D('',#8172,#6569,#6570);
#5952=AXIS2_PLACEMENT_3D('',#8175,#6571,#6572);
#5953=AXIS2_PLACEMENT_3D('',#8179,#6574,#6575);
#5954=AXIS2_PLACEMENT_3D('',#8182,#6577,#6578);
#5955=AXIS2_PLACEMENT_3D('',#8184,#6579,#6580);
#5956=AXIS2_PLACEMENT_3D('',#8185,#6581,#6582);
#5957=AXIS2_PLACEMENT_3D('',#8188,#6585,#6586);
#5958=AXIS2_PLACEMENT_3D('',#8190,#6588,#6589);
#5959=AXIS2_PLACEMENT_3D('',#8192,#6591,#6592);
#5960=AXIS2_PLACEMENT_3D('',#8194,#6594,#6595);
#5961=AXIS2_PLACEMENT_3D('',#8196,#6597,#6598);
#5962=AXIS2_PLACEMENT_3D('',#8197,#6599,#6600);
#5963=AXIS2_PLACEMENT_3D('',#8204,#6603,#6604);
#5964=AXIS2_PLACEMENT_3D('',#8207,#6606,#6607);
#5965=AXIS2_PLACEMENT_3D('',#8208,#6608,#6609);
#5966=AXIS2_PLACEMENT_3D('',#8215,#6612,#6613);
#5967=AXIS2_PLACEMENT_3D('',#8218,#6615,#6616);
#5968=AXIS2_PLACEMENT_3D('',#8219,#6617,#6618);
#5969=AXIS2_PLACEMENT_3D('',#8225,#6622,#6623);
#5970=AXIS2_PLACEMENT_3D('',#8234,#6628,#6629);
#5971=AXIS2_PLACEMENT_3D('',#8240,#6633,#6634);
#5972=AXIS2_PLACEMENT_3D('',#8242,#6635,#6636);
#5973=AXIS2_PLACEMENT_3D('',#8244,#6638,#6639);
#5974=AXIS2_PLACEMENT_3D('',#8247,#6641,#6642);
#5975=AXIS2_PLACEMENT_3D('',#8248,#6643,#6644);
#5976=AXIS2_PLACEMENT_3D('',#8250,#6645,#6646);
#5977=AXIS2_PLACEMENT_3D('',#8253,#6648,#6649);
#5978=AXIS2_PLACEMENT_3D('',#8254,#6650,#6651);
#5979=AXIS2_PLACEMENT_3D('',#8257,#6653,#6654);
#5980=AXIS2_PLACEMENT_3D('',#8258,#6655,#6656);
#5981=AXIS2_PLACEMENT_3D('',#8260,#6657,#6658);
#5982=AXIS2_PLACEMENT_3D('',#8262,#6660,#6661);
#5983=AXIS2_PLACEMENT_3D('',#8264,#6662,#6663);
#5984=AXIS2_PLACEMENT_3D('',#8266,#6664,#6665);
#5985=AXIS2_PLACEMENT_3D('',#8268,#6667,#6668);
#5986=AXIS2_PLACEMENT_3D('',#8272,#6671,#6672);
#5987=AXIS2_PLACEMENT_3D('',#8276,#6675,#6676);
#5988=AXIS2_PLACEMENT_3D('',#8300,#6690,#6691);
#5989=AXIS2_PLACEMENT_3D('',#8319,#6702,#6703);
#5990=AXIS2_PLACEMENT_3D('',#8328,#6708,#6709);
#5991=AXIS2_PLACEMENT_3D('',#8334,#6713,#6714);
#5992=AXIS2_PLACEMENT_3D('',#8340,#6718,#6719);
#5993=AXIS2_PLACEMENT_3D('',#8342,#6721,#6722);
#5994=AXIS2_PLACEMENT_3D('',#8356,#6730,#6731);
#5995=AXIS2_PLACEMENT_3D('',#8365,#6736,#6737);
#5996=AXIS2_PLACEMENT_3D('',#8371,#6741,#6742);
#5997=AXIS2_PLACEMENT_3D('',#8377,#6746,#6747);
#5998=AXIS2_PLACEMENT_3D('',#8380,#6750,#6751);
#5999=AXIS2_PLACEMENT_3D('',#8386,#6755,#6756);
#6000=AXIS2_PLACEMENT_3D('',#8392,#6760,#6761);
#6001=AXIS2_PLACEMENT_3D('',#8398,#6765,#6766);
#6002=AXIS2_PLACEMENT_3D('',#8404,#6770,#6771);
#6003=AXIS2_PLACEMENT_3D('',#8407,#6774,#6775);
#6004=AXIS2_PLACEMENT_3D('',#8409,#6777,#6778);
#6005=AXIS2_PLACEMENT_3D('',#8415,#6782,#6783);
#6006=AXIS2_PLACEMENT_3D('',#8418,#6786,#6787);
#6007=AXIS2_PLACEMENT_3D('',#8420,#6788,#6789);
#6008=AXIS2_PLACEMENT_3D('',#8423,#6791,#6792);
#6009=AXIS2_PLACEMENT_3D('',#8424,#6793,#6794);
#6010=AXIS2_PLACEMENT_3D('',#8426,#6795,#6796);
#6011=AXIS2_PLACEMENT_3D('',#8429,#6798,#6799);
#6012=AXIS2_PLACEMENT_3D('',#8430,#6800,#6801);
#6013=AXIS2_PLACEMENT_3D('',#8436,#6805,#6806);
#6014=AXIS2_PLACEMENT_3D('',#8440,#6809,#6810);
#6015=AXIS2_PLACEMENT_3D('',#8444,#6813,#6814);
#6016=AXIS2_PLACEMENT_3D('',#8445,#6815,#6816);
#6017=AXIS2_PLACEMENT_3D('',#8447,#6817,#6818);
#6018=AXIS2_PLACEMENT_3D('',#8448,#6819,#6820);
#6019=AXIS2_PLACEMENT_3D('',#8449,#6821,#6822);
#6020=AXIS2_PLACEMENT_3D('',#8451,#6823,#6824);
#6021=AXIS2_PLACEMENT_3D('',#8452,#6825,#6826);
#6022=AXIS2_PLACEMENT_3D('',#8454,#6827,#6828);
#6023=AXIS2_PLACEMENT_3D('',#8456,#6830,#6831);
#6024=AXIS2_PLACEMENT_3D('',#8458,#6832,#6833);
#6025=AXIS2_PLACEMENT_3D('',#8460,#6835,#6836);
#6026=AXIS2_PLACEMENT_3D('',#8462,#6838,#6839);
#6027=AXIS2_PLACEMENT_3D('',#8463,#6840,#6841);
#6028=AXIS2_PLACEMENT_3D('',#8464,#6842,#6843);
#6029=AXIS2_PLACEMENT_3D('',#8465,#6844,#6845);
#6030=AXIS2_PLACEMENT_3D('',#8466,#6846,#6847);
#6031=AXIS2_PLACEMENT_3D('',#8467,#6848,#6849);
#6032=AXIS2_PLACEMENT_3D('',#8468,#6850,#6851);
#6033=AXIS2_PLACEMENT_3D('',#8469,#6852,#6853);
#6034=AXIS2_PLACEMENT_3D('',#8472,#6854,#6855);
#6035=AXIS2_PLACEMENT_3D('',#8476,#6857,#6858);
#6036=AXIS2_PLACEMENT_3D('',#8479,#6860,#6861);
#6037=AXIS2_PLACEMENT_3D('',#8481,#6862,#6863);
#6038=AXIS2_PLACEMENT_3D('',#8482,#6864,#6865);
#6039=AXIS2_PLACEMENT_3D('',#8485,#6866,#6867);
#6040=AXIS2_PLACEMENT_3D('',#8489,#6869,#6870);
#6041=AXIS2_PLACEMENT_3D('',#8492,#6872,#6873);
#6042=AXIS2_PLACEMENT_3D('',#8494,#6874,#6875);
#6043=AXIS2_PLACEMENT_3D('',#8495,#6876,#6877);
#6044=AXIS2_PLACEMENT_3D('',#8498,#6880,#6881);
#6045=AXIS2_PLACEMENT_3D('',#8500,#6883,#6884);
#6046=AXIS2_PLACEMENT_3D('',#8502,#6886,#6887);
#6047=AXIS2_PLACEMENT_3D('',#8504,#6889,#6890);
#6048=AXIS2_PLACEMENT_3D('',#8506,#6892,#6893);
#6049=AXIS2_PLACEMENT_3D('',#8507,#6894,#6895);
#6050=AXIS2_PLACEMENT_3D('',#8514,#6898,#6899);
#6051=AXIS2_PLACEMENT_3D('',#8517,#6901,#6902);
#6052=AXIS2_PLACEMENT_3D('',#8518,#6903,#6904);
#6053=AXIS2_PLACEMENT_3D('',#8525,#6907,#6908);
#6054=AXIS2_PLACEMENT_3D('',#8528,#6910,#6911);
#6055=AXIS2_PLACEMENT_3D('',#8529,#6912,#6913);
#6056=AXIS2_PLACEMENT_3D('',#8535,#6917,#6918);
#6057=AXIS2_PLACEMENT_3D('',#8544,#6923,#6924);
#6058=AXIS2_PLACEMENT_3D('',#8550,#6928,#6929);
#6059=AXIS2_PLACEMENT_3D('',#8552,#6930,#6931);
#6060=AXIS2_PLACEMENT_3D('',#8554,#6933,#6934);
#6061=AXIS2_PLACEMENT_3D('',#8557,#6936,#6937);
#6062=AXIS2_PLACEMENT_3D('',#8558,#6938,#6939);
#6063=AXIS2_PLACEMENT_3D('',#8560,#6940,#6941);
#6064=AXIS2_PLACEMENT_3D('',#8563,#6943,#6944);
#6065=AXIS2_PLACEMENT_3D('',#8564,#6945,#6946);
#6066=AXIS2_PLACEMENT_3D('',#8567,#6948,#6949);
#6067=AXIS2_PLACEMENT_3D('',#8568,#6950,#6951);
#6068=AXIS2_PLACEMENT_3D('',#8570,#6952,#6953);
#6069=AXIS2_PLACEMENT_3D('',#8572,#6955,#6956);
#6070=AXIS2_PLACEMENT_3D('',#8574,#6957,#6958);
#6071=AXIS2_PLACEMENT_3D('',#8576,#6959,#6960);
#6072=AXIS2_PLACEMENT_3D('',#8578,#6962,#6963);
#6073=AXIS2_PLACEMENT_3D('',#8582,#6966,#6967);
#6074=AXIS2_PLACEMENT_3D('',#8586,#6970,#6971);
#6075=AXIS2_PLACEMENT_3D('',#8610,#6985,#6986);
#6076=AXIS2_PLACEMENT_3D('',#8614,#6988,#6989);
#6077=AXIS2_PLACEMENT_3D('',#8617,#6991,#6992);
#6078=AXIS2_PLACEMENT_3D('',#8618,#6993,#6994);
#6079=AXIS2_PLACEMENT_3D('',#8627,#6999,#7000);
#6080=AXIS2_PLACEMENT_3D('',#8633,#7004,#7005);
#6081=AXIS2_PLACEMENT_3D('',#8635,#7007,#7008);
#6082=AXIS2_PLACEMENT_3D('',#8637,#7009,#7010);
#6083=AXIS2_PLACEMENT_3D('',#8638,#7011,#7012);
#6084=AXIS2_PLACEMENT_3D('',#8647,#7017,#7018);
#6085=AXIS2_PLACEMENT_3D('',#8649,#7019,#7020);
#6086=AXIS2_PLACEMENT_3D('',#8651,#7022,#7023);
#6087=AXIS2_PLACEMENT_3D('',#8653,#7024,#7025);
#6088=AXIS2_PLACEMENT_3D('',#8656,#7027,#7028);
#6089=AXIS2_PLACEMENT_3D('',#8657,#7029,#7030);
#6090=AXIS2_PLACEMENT_3D('',#8659,#7031,#7032);
#6091=AXIS2_PLACEMENT_3D('',#8661,#7034,#7035);
#6092=AXIS2_PLACEMENT_3D('',#8662,#7036,#7037);
#6093=AXIS2_PLACEMENT_3D('',#8663,#7038,#7039);
#6094=AXIS2_PLACEMENT_3D('',#8664,#7040,#7041);
#6095=AXIS2_PLACEMENT_3D('',#8665,#7042,#7043);
#6096=AXIS2_PLACEMENT_3D('',#8666,#7044,#7045);
#6097=AXIS2_PLACEMENT_3D('',#8667,#7046,#7047);
#6098=AXIS2_PLACEMENT_3D('',#8668,#7048,#7049);
#6099=AXIS2_PLACEMENT_3D('',#8670,#7051,#7052);
#6100=AXIS2_PLACEMENT_3D('',#8672,#7054,#7055);
#6101=AXIS2_PLACEMENT_3D('',#8678,#7059,#7060);
#6102=AXIS2_PLACEMENT_3D('',#8682,#7063,#7064);
#6103=AXIS2_PLACEMENT_3D('',#8691,#7069,#7070);
#6104=AXIS2_PLACEMENT_3D('',#8697,#7074,#7075);
#6105=AXIS2_PLACEMENT_3D('',#8703,#7079,#7080);
#6106=AXIS2_PLACEMENT_3D('',#8706,#7083,#7084);
#6107=AXIS2_PLACEMENT_3D('',#8707,#7085,#7086);
#6108=AXIS2_PLACEMENT_3D('',#8711,#7089,#7090);
#6109=AXIS2_PLACEMENT_3D('',#8713,#7092,#7093);
#6110=AXIS2_PLACEMENT_3D('',#8714,#7094,#7095);
#6111=AXIS2_PLACEMENT_3D('',#8717,#7096,#7097);
#6112=AXIS2_PLACEMENT_3D('',#8721,#7099,#7100);
#6113=AXIS2_PLACEMENT_3D('',#8724,#7102,#7103);
#6114=AXIS2_PLACEMENT_3D('',#8726,#7104,#7105);
#6115=AXIS2_PLACEMENT_3D('',#8727,#7106,#7107);
#6116=AXIS2_PLACEMENT_3D('',#8730,#7108,#7109);
#6117=AXIS2_PLACEMENT_3D('',#8734,#7111,#7112);
#6118=AXIS2_PLACEMENT_3D('',#8737,#7114,#7115);
#6119=AXIS2_PLACEMENT_3D('',#8739,#7116,#7117);
#6120=AXIS2_PLACEMENT_3D('',#8740,#7118,#7119);
#6121=AXIS2_PLACEMENT_3D('',#8743,#7122,#7123);
#6122=AXIS2_PLACEMENT_3D('',#8745,#7125,#7126);
#6123=AXIS2_PLACEMENT_3D('',#8747,#7128,#7129);
#6124=AXIS2_PLACEMENT_3D('',#8749,#7131,#7132);
#6125=AXIS2_PLACEMENT_3D('',#8751,#7134,#7135);
#6126=AXIS2_PLACEMENT_3D('',#8752,#7136,#7137);
#6127=AXIS2_PLACEMENT_3D('',#8755,#7138,#7139);
#6128=AXIS2_PLACEMENT_3D('',#8759,#7141,#7142);
#6129=AXIS2_PLACEMENT_3D('',#8762,#7144,#7145);
#6130=AXIS2_PLACEMENT_3D('',#8764,#7146,#7147);
#6131=AXIS2_PLACEMENT_3D('',#8765,#7148,#7149);
#6132=AXIS2_PLACEMENT_3D('',#8768,#7150,#7151);
#6133=AXIS2_PLACEMENT_3D('',#8772,#7153,#7154);
#6134=AXIS2_PLACEMENT_3D('',#8775,#7156,#7157);
#6135=AXIS2_PLACEMENT_3D('',#8777,#7158,#7159);
#6136=AXIS2_PLACEMENT_3D('',#8778,#7160,#7161);
#6137=AXIS2_PLACEMENT_3D('',#8781,#7164,#7165);
#6138=AXIS2_PLACEMENT_3D('',#8783,#7167,#7168);
#6139=AXIS2_PLACEMENT_3D('',#8785,#7170,#7171);
#6140=AXIS2_PLACEMENT_3D('',#8787,#7173,#7174);
#6141=AXIS2_PLACEMENT_3D('',#8789,#7176,#7177);
#6142=AXIS2_PLACEMENT_3D('',#8790,#7178,#7179);
#6143=AXIS2_PLACEMENT_3D('',#8797,#7182,#7183);
#6144=AXIS2_PLACEMENT_3D('',#8800,#7185,#7186);
#6145=AXIS2_PLACEMENT_3D('',#8801,#7187,#7188);
#6146=AXIS2_PLACEMENT_3D('',#8810,#7193,#7194);
#6147=AXIS2_PLACEMENT_3D('',#8816,#7198,#7199);
#6148=AXIS2_PLACEMENT_3D('',#8821,#7202,#7203);
#6149=AXIS2_PLACEMENT_3D('',#8823,#7204,#7205);
#6150=AXIS2_PLACEMENT_3D('',#8824,#7206,#7207);
#6151=AXIS2_PLACEMENT_3D('',#8833,#7212,#7213);
#6152=AXIS2_PLACEMENT_3D('',#8835,#7214,#7215);
#6153=AXIS2_PLACEMENT_3D('',#8837,#7217,#7218);
#6154=AXIS2_PLACEMENT_3D('',#8839,#7219,#7220);
#6155=AXIS2_PLACEMENT_3D('',#8842,#7222,#7223);
#6156=AXIS2_PLACEMENT_3D('',#8843,#7224,#7225);
#6157=AXIS2_PLACEMENT_3D('',#8845,#7226,#7227);
#6158=AXIS2_PLACEMENT_3D('',#8847,#7229,#7230);
#6159=AXIS2_PLACEMENT_3D('',#8850,#7232,#7233);
#6160=AXIS2_PLACEMENT_3D('',#8851,#7234,#7235);
#6161=AXIS2_PLACEMENT_3D('',#8853,#7236,#7237);
#6162=AXIS2_PLACEMENT_3D('',#8855,#7238,#7239);
#6163=AXIS2_PLACEMENT_3D('',#8857,#7241,#7242);
#6164=AXIS2_PLACEMENT_3D('',#8860,#7244,#7245);
#6165=AXIS2_PLACEMENT_3D('',#8861,#7246,#7247);
#6166=AXIS2_PLACEMENT_3D('',#8865,#7250,#7251);
#6167=AXIS2_PLACEMENT_3D('',#8869,#7254,#7255);
#6168=AXIS2_PLACEMENT_3D('',#8880,#7261,#7262);
#6169=AXIS2_PLACEMENT_3D('',#8882,#7263,#7264);
#6170=AXIS2_PLACEMENT_3D('',#8883,#7265,#7266);
#6171=AXIS2_PLACEMENT_3D('',#8889,#7271,#7272);
#6172=AXIS2_PLACEMENT_3D('',#8898,#7277,#7278);
#6173=AXIS2_PLACEMENT_3D('',#8907,#7284,#7285);
#6174=AXIS2_PLACEMENT_3D('',#8913,#7289,#7290);
#6175=AXIS2_PLACEMENT_3D('',#8915,#7292,#7293);
#6176=AXIS2_PLACEMENT_3D('',#8917,#7295,#7296);
#6177=AXIS2_PLACEMENT_3D('',#8937,#7307,#7308);
#6178=AXIS2_PLACEMENT_3D('',#8938,#7309,#7310);
#6179=AXIS2_PLACEMENT_3D('',#8942,#7312,#7313);
#6180=AXIS2_PLACEMENT_3D('',#8945,#7315,#7316);
#6181=AXIS2_PLACEMENT_3D('',#8946,#7317,#7318);
#6182=AXIS2_PLACEMENT_3D('',#8950,#7320,#7321);
#6183=AXIS2_PLACEMENT_3D('',#8953,#7323,#7324);
#6184=AXIS2_PLACEMENT_3D('',#8954,#7325,#7326);
#6185=AXIS2_PLACEMENT_3D('',#8960,#7330,#7331);
#6186=AXIS2_PLACEMENT_3D('',#8964,#7334,#7335);
#6187=AXIS2_PLACEMENT_3D('',#8966,#7337,#7338);
#6188=AXIS2_PLACEMENT_3D('',#8969,#7340,#7341);
#6189=AXIS2_PLACEMENT_3D('',#8971,#7342,#7343);
#6190=AXIS2_PLACEMENT_3D('',#8972,#7344,#7345);
#6191=AXIS2_PLACEMENT_3D('',#8980,#7351,#7352);
#6192=AXIS2_PLACEMENT_3D('',#8983,#7354,#7355);
#6193=AXIS2_PLACEMENT_3D('',#8984,#7356,#7357);
#6194=AXIS2_PLACEMENT_3D('',#8986,#7359,#7360);
#6195=AXIS2_PLACEMENT_3D('',#8989,#7362,#7363);
#6196=AXIS2_PLACEMENT_3D('',#8990,#7364,#7365);
#6197=AXIS2_PLACEMENT_3D('',#8991,#7366,#7367);
#6198=AXIS2_PLACEMENT_3D('',#8992,#7368,#7369);
#6199=AXIS2_PLACEMENT_3D('',#8993,#7370,#7371);
#6200=AXIS2_PLACEMENT_3D('',#8994,#7372,#7373);
#6201=AXIS2_PLACEMENT_3D('',#8995,#7374,#7375);
#6202=AXIS2_PLACEMENT_3D('',#8996,#7376,#7377);
#6203=AXIS2_PLACEMENT_3D('',#8997,#7378,#7379);
#6204=AXIS2_PLACEMENT_3D('',#9004,#7382,#7383);
#6205=AXIS2_PLACEMENT_3D('',#9007,#7385,#7386);
#6206=AXIS2_PLACEMENT_3D('',#9008,#7387,#7388);
#6207=AXIS2_PLACEMENT_3D('',#9015,#7391,#7392);
#6208=AXIS2_PLACEMENT_3D('',#9018,#7394,#7395);
#6209=AXIS2_PLACEMENT_3D('',#9019,#7396,#7397);
#6210=AXIS2_PLACEMENT_3D('',#9025,#7401,#7402);
#6211=AXIS2_PLACEMENT_3D('',#9034,#7407,#7408);
#6212=AXIS2_PLACEMENT_3D('',#9040,#7412,#7413);
#6213=AXIS2_PLACEMENT_3D('',#9042,#7414,#7415);
#6214=AXIS2_PLACEMENT_3D('',#9044,#7417,#7418);
#6215=AXIS2_PLACEMENT_3D('',#9047,#7420,#7421);
#6216=AXIS2_PLACEMENT_3D('',#9048,#7422,#7423);
#6217=AXIS2_PLACEMENT_3D('',#9050,#7424,#7425);
#6218=AXIS2_PLACEMENT_3D('',#9053,#7427,#7428);
#6219=AXIS2_PLACEMENT_3D('',#9054,#7429,#7430);
#6220=AXIS2_PLACEMENT_3D('',#9057,#7432,#7433);
#6221=AXIS2_PLACEMENT_3D('',#9058,#7434,#7435);
#6222=AXIS2_PLACEMENT_3D('',#9060,#7436,#7437);
#6223=AXIS2_PLACEMENT_3D('',#9062,#7439,#7440);
#6224=AXIS2_PLACEMENT_3D('',#9064,#7441,#7442);
#6225=AXIS2_PLACEMENT_3D('',#9066,#7443,#7444);
#6226=AXIS2_PLACEMENT_3D('',#9068,#7446,#7447);
#6227=AXIS2_PLACEMENT_3D('',#9072,#7450,#7451);
#6228=AXIS2_PLACEMENT_3D('',#9076,#7454,#7455);
#6229=AXIS2_PLACEMENT_3D('',#9084,#7460,#7461);
#6230=AXIS2_PLACEMENT_3D('',#9092,#7466,#7467);
#6231=AXIS2_PLACEMENT_3D('',#9104,#7475,#7476);
#6232=AXIS2_PLACEMENT_3D('',#9119,#7485,#7486);
#6233=AXIS2_PLACEMENT_3D('',#9121,#7488,#7489);
#6234=AXIS2_PLACEMENT_3D('',#9125,#7492,#7493);
#6235=AXIS2_PLACEMENT_3D('',#9129,#7496,#7497);
#6236=AXIS2_PLACEMENT_3D('',#9133,#7500,#7501);
#6237=AXIS2_PLACEMENT_3D('',#9137,#7504,#7505);
#6238=AXIS2_PLACEMENT_3D('',#9141,#7508,#7509);
#6239=AXIS2_PLACEMENT_3D('',#9145,#7512,#7513);
#6240=AXIS2_PLACEMENT_3D('',#9147,#7515,#7516);
#6241=AXIS2_PLACEMENT_3D('',#9148,#7517,#7518);
#6242=AXIS2_PLACEMENT_3D('',#9149,#7519,#7520);
#6243=AXIS2_PLACEMENT_3D('',#9152,#7521,#7522);
#6244=AXIS2_PLACEMENT_3D('',#9156,#7524,#7525);
#6245=AXIS2_PLACEMENT_3D('',#9159,#7527,#7528);
#6246=AXIS2_PLACEMENT_3D('',#9161,#7529,#7530);
#6247=AXIS2_PLACEMENT_3D('',#9162,#7531,#7532);
#6248=AXIS2_PLACEMENT_3D('',#9165,#7533,#7534);
#6249=AXIS2_PLACEMENT_3D('',#9169,#7536,#7537);
#6250=AXIS2_PLACEMENT_3D('',#9172,#7539,#7540);
#6251=AXIS2_PLACEMENT_3D('',#9174,#7541,#7542);
#6252=AXIS2_PLACEMENT_3D('',#9175,#7543,#7544);
#6253=AXIS2_PLACEMENT_3D('',#9178,#7547,#7548);
#6254=AXIS2_PLACEMENT_3D('',#9180,#7550,#7551);
#6255=AXIS2_PLACEMENT_3D('',#9182,#7553,#7554);
#6256=AXIS2_PLACEMENT_3D('',#9184,#7556,#7557);
#6257=AXIS2_PLACEMENT_3D('',#9186,#7559,#7560);
#6258=AXIS2_PLACEMENT_3D('',#9187,#7561,#7562);
#6259=AXIS2_PLACEMENT_3D('',#9196,#7567,#7568);
#6260=AXIS2_PLACEMENT_3D('',#9202,#7572,#7573);
#6261=AXIS2_PLACEMENT_3D('',#9208,#7577,#7578);
#6262=AXIS2_PLACEMENT_3D('',#9214,#7582,#7583);
#6263=AXIS2_PLACEMENT_3D('',#9220,#7587,#7588);
#6264=AXIS2_PLACEMENT_3D('',#9226,#7592,#7593);
#6265=AXIS2_PLACEMENT_3D('',#9232,#7597,#7598);
#6266=AXIS2_PLACEMENT_3D('',#9242,#7604,#7605);
#6267=AXIS2_PLACEMENT_3D('',#9244,#7607,#7608);
#6268=AXIS2_PLACEMENT_3D('',#9266,#7620,#7621);
#6269=AXIS2_PLACEMENT_3D('',#9269,#7623,#7624);
#6270=AXIS2_PLACEMENT_3D('',#9271,#7625,#7626);
#6271=AXIS2_PLACEMENT_3D('',#9272,#7627,#7628);
#6272=AXIS2_PLACEMENT_3D('',#9278,#7632,#7633);
#6273=AXIS2_PLACEMENT_3D('',#9284,#7637,#7638);
#6274=AXIS2_PLACEMENT_3D('',#9298,#7647,#7648);
#6275=AXIS2_PLACEMENT_3D('',#9299,#7649,#7650);
#6276=AXIS2_PLACEMENT_3D('',#9301,#7651,#7652);
#6277=AXIS2_PLACEMENT_3D('',#9302,#7653,#7654);
#6278=AXIS2_PLACEMENT_3D('',#9304,#7655,#7656);
#6279=AXIS2_PLACEMENT_3D('',#9307,#7658,#7659);
#6280=AXIS2_PLACEMENT_3D('',#9308,#7660,#7661);
#6281=AXIS2_PLACEMENT_3D('',#9310,#7662,#7663);
#6282=AXIS2_PLACEMENT_3D('',#9312,#7665,#7666);
#6283=AXIS2_PLACEMENT_3D('',#9315,#7668,#7669);
#6284=AXIS2_PLACEMENT_3D('',#9316,#7670,#7671);
#6285=AXIS2_PLACEMENT_3D('',#9317,#7672,#7673);
#6286=AXIS2_PLACEMENT_3D('',#9318,#7674,#7675);
#6287=AXIS2_PLACEMENT_3D('',#9319,#7676,#7677);
#6288=AXIS2_PLACEMENT_3D('',#9320,#7678,#7679);
#6289=AXIS2_PLACEMENT_3D('',#9321,#7680,#7681);
#6290=AXIS2_PLACEMENT_3D('',#9322,#7682,#7683);
#6291=AXIS2_PLACEMENT_3D('',#9323,#7684,#7685);
#6292=AXIS2_PLACEMENT_3D('',#9324,#7686,#7687);
#6293=AXIS2_PLACEMENT_3D('',#9325,#7688,#7689);
#6294=AXIS2_PLACEMENT_3D('',#9326,#7690,#7691);
#6295=AXIS2_PLACEMENT_3D('',#9327,#7692,#7693);
#6296=AXIS2_PLACEMENT_3D('',#9336,#7698,#7699);
#6297=AXIS2_PLACEMENT_3D('',#9342,#7703,#7704);
#6298=AXIS2_PLACEMENT_3D('',#9348,#7708,#7709);
#6299=AXIS2_PLACEMENT_3D('',#9354,#7713,#7714);
#6300=AXIS2_PLACEMENT_3D('',#9360,#7718,#7719);
#6301=AXIS2_PLACEMENT_3D('',#9366,#7723,#7724);
#6302=AXIS2_PLACEMENT_3D('',#9372,#7728,#7729);
#6303=AXIS2_PLACEMENT_3D('',#9382,#7735,#7736);
#6304=AXIS2_PLACEMENT_3D('',#9384,#7738,#7739);
#6305=AXIS2_PLACEMENT_3D('',#9406,#7751,#7752);
#6306=AXIS2_PLACEMENT_3D('',#9409,#7754,#7755);
#6307=AXIS2_PLACEMENT_3D('',#9411,#7756,#7757);
#6308=AXIS2_PLACEMENT_3D('',#9412,#7758,#7759);
#6309=AXIS2_PLACEMENT_3D('',#9418,#7763,#7764);
#6310=AXIS2_PLACEMENT_3D('',#9424,#7768,#7769);
#6311=AXIS2_PLACEMENT_3D('',#9438,#7778,#7779);
#6312=AXIS2_PLACEMENT_3D('',#9439,#7780,#7781);
#6313=AXIS2_PLACEMENT_3D('',#9441,#7782,#7783);
#6314=AXIS2_PLACEMENT_3D('',#9442,#7784,#7785);
#6315=AXIS2_PLACEMENT_3D('',#9444,#7786,#7787);
#6316=AXIS2_PLACEMENT_3D('',#9447,#7789,#7790);
#6317=AXIS2_PLACEMENT_3D('',#9448,#7791,#7792);
#6318=AXIS2_PLACEMENT_3D('',#9450,#7793,#7794);
#6319=AXIS2_PLACEMENT_3D('',#9452,#7796,#7797);
#6320=AXIS2_PLACEMENT_3D('',#9455,#7799,#7800);
#6321=AXIS2_PLACEMENT_3D('',#9456,#7801,#7802);
#6322=AXIS2_PLACEMENT_3D('',#9457,#7803,#7804);
#6323=AXIS2_PLACEMENT_3D('',#9458,#7805,#7806);
#6324=AXIS2_PLACEMENT_3D('',#9459,#7807,#7808);
#6325=AXIS2_PLACEMENT_3D('',#9460,#7809,#7810);
#6326=AXIS2_PLACEMENT_3D('',#9461,#7811,#7812);
#6327=AXIS2_PLACEMENT_3D('',#9462,#7813,#7814);
#6328=AXIS2_PLACEMENT_3D('',#9463,#7815,#7816);
#6329=AXIS2_PLACEMENT_3D('',#9464,#7817,#7818);
#6330=AXIS2_PLACEMENT_3D('',#9465,#7819,#7820);
#6331=AXIS2_PLACEMENT_3D('',#9466,#7821,#7822);
#6332=AXIS2_PLACEMENT_3D('',#9467,#7823,#7824);
#6333=AXIS2_PLACEMENT_3D('',#9470,#7825,#7826);
#6334=AXIS2_PLACEMENT_3D('',#9474,#7828,#7829);
#6335=AXIS2_PLACEMENT_3D('',#9477,#7831,#7832);
#6336=AXIS2_PLACEMENT_3D('',#9479,#7833,#7834);
#6337=AXIS2_PLACEMENT_3D('',#9480,#7835,#7836);
#6338=AXIS2_PLACEMENT_3D('',#9483,#7837,#7838);
#6339=AXIS2_PLACEMENT_3D('',#9487,#7840,#7841);
#6340=AXIS2_PLACEMENT_3D('',#9490,#7843,#7844);
#6341=AXIS2_PLACEMENT_3D('',#9492,#7845,#7846);
#6342=AXIS2_PLACEMENT_3D('',#9493,#7847,#7848);
#6343=AXIS2_PLACEMENT_3D('',#9496,#7851,#7852);
#6344=AXIS2_PLACEMENT_3D('',#9498,#7854,#7855);
#6345=AXIS2_PLACEMENT_3D('',#9500,#7857,#7858);
#6346=AXIS2_PLACEMENT_3D('',#9502,#7860,#7861);
#6347=AXIS2_PLACEMENT_3D('',#9504,#7863,#7864);
#6348=AXIS2_PLACEMENT_3D('',#9505,#7865,#7866);
#6349=AXIS2_PLACEMENT_3D('',#9512,#7869,#7870);
#6350=AXIS2_PLACEMENT_3D('',#9515,#7872,#7873);
#6351=AXIS2_PLACEMENT_3D('',#9516,#7874,#7875);
#6352=AXIS2_PLACEMENT_3D('',#9525,#7880,#7881);
#6353=AXIS2_PLACEMENT_3D('',#9531,#7885,#7886);
#6354=AXIS2_PLACEMENT_3D('',#9536,#7889,#7890);
#6355=AXIS2_PLACEMENT_3D('',#9538,#7891,#7892);
#6356=AXIS2_PLACEMENT_3D('',#9539,#7893,#7894);
#6357=AXIS2_PLACEMENT_3D('',#9548,#7899,#7900);
#6358=AXIS2_PLACEMENT_3D('',#9550,#7901,#7902);
#6359=AXIS2_PLACEMENT_3D('',#9552,#7904,#7905);
#6360=AXIS2_PLACEMENT_3D('',#9554,#7906,#7907);
#6361=AXIS2_PLACEMENT_3D('',#9557,#7909,#7910);
#6362=AXIS2_PLACEMENT_3D('',#9558,#7911,#7912);
#6363=AXIS2_PLACEMENT_3D('',#9560,#7913,#7914);
#6364=AXIS2_PLACEMENT_3D('',#9562,#7916,#7917);
#6365=AXIS2_PLACEMENT_3D('',#9565,#7919,#7920);
#6366=AXIS2_PLACEMENT_3D('',#9566,#7921,#7922);
#6367=AXIS2_PLACEMENT_3D('',#9568,#7923,#7924);
#6368=AXIS2_PLACEMENT_3D('',#9570,#7925,#7926);
#6369=AXIS2_PLACEMENT_3D('',#9572,#7928,#7929);
#6370=AXIS2_PLACEMENT_3D('',#9575,#7931,#7932);
#6371=AXIS2_PLACEMENT_3D('',#9576,#7933,#7934);
#6372=AXIS2_PLACEMENT_3D('',#9580,#7937,#7938);
#6373=AXIS2_PLACEMENT_3D('',#9584,#7941,#7942);
#6374=AXIS2_PLACEMENT_3D('',#9592,#7947,#7948);
#6375=AXIS2_PLACEMENT_3D('',#9598,#7953,#7954);
#6376=AXIS2_PLACEMENT_3D('',#9615,#7963,#7964);
#6377=AXIS2_PLACEMENT_3D('',#9621,#7968,#7969);
#6378=AXIS2_PLACEMENT_3D('',#9625,#7972,#7973);
#6379=AXIS2_PLACEMENT_3D('',#9629,#7976,#7977);
#6380=AXIS2_PLACEMENT_3D('',#9633,#7980,#7981);
#6381=AXIS2_PLACEMENT_3D('',#9637,#7984,#7985);
#6382=AXIS2_PLACEMENT_3D('',#9641,#7988,#7989);
#6383=AXIS2_PLACEMENT_3D('',#9645,#7992,#7993);
#6384=AXIS2_PLACEMENT_3D('',#9650,#7997,#7998);
#6385=AXIS2_PLACEMENT_3D('',#9654,#8001,#8002);
#6386=AXIS2_PLACEMENT_3D('',#9656,#8004,#8005);
#6387=DIRECTION('axis',(0.,0.,1.));
#6388=DIRECTION('refdir',(1.,0.,0.));
#6389=DIRECTION('center_axis',(0.,0.,-1.));
#6390=DIRECTION('ref_axis',(-1.,0.,0.));
#6391=DIRECTION('center_axis',(0.,0.,-1.));
#6392=DIRECTION('ref_axis',(1.,0.,0.));
#6393=DIRECTION('',(1.,0.,0.));
#6394=DIRECTION('center_axis',(0.,0.,-1.));
#6395=DIRECTION('ref_axis',(1.,0.,0.));
#6396=DIRECTION('',(-1.,0.,0.));
#6397=DIRECTION('center_axis',(0.,0.,1.));
#6398=DIRECTION('ref_axis',(1.,0.,0.));
#6399=DIRECTION('center_axis',(0.,0.,1.));
#6400=DIRECTION('ref_axis',(1.,0.,0.));
#6401=DIRECTION('center_axis',(0.,0.,1.));
#6402=DIRECTION('ref_axis',(1.,0.,0.));
#6403=DIRECTION('center_axis',(0.,0.,1.));
#6404=DIRECTION('ref_axis',(1.,0.,0.));
#6405=DIRECTION('',(1.,0.,0.));
#6406=DIRECTION('center_axis',(0.,0.,1.));
#6407=DIRECTION('ref_axis',(1.,0.,0.));
#6408=DIRECTION('',(-1.,0.,0.));
#6409=DIRECTION('center_axis',(0.,0.,-1.));
#6410=DIRECTION('ref_axis',(1.,0.,0.));
#6411=DIRECTION('center_axis',(0.,0.,-1.));
#6412=DIRECTION('ref_axis',(1.,0.,0.));
#6413=DIRECTION('center_axis',(0.,-1.,0.));
#6414=DIRECTION('ref_axis',(1.,0.,0.));
#6415=DIRECTION('',(0.,0.,1.));
#6416=DIRECTION('',(0.,0.,1.));
#6417=DIRECTION('center_axis',(0.,0.,-1.));
#6418=DIRECTION('ref_axis',(1.,0.,0.));
#6419=DIRECTION('',(0.,0.,-1.));
#6420=DIRECTION('center_axis',(0.,0.,-1.));
#6421=DIRECTION('ref_axis',(1.,0.,0.));
#6422=DIRECTION('',(0.,0.,-1.));
#6423=DIRECTION('center_axis',(0.,0.,-1.));
#6424=DIRECTION('ref_axis',(-1.,-1.22464679914735E-16,0.));
#6425=DIRECTION('',(0.,0.,1.));
#6426=DIRECTION('center_axis',(0.,0.,-1.));
#6427=DIRECTION('ref_axis',(1.,0.,0.));
#6428=DIRECTION('',(0.,0.,1.));
#6429=DIRECTION('center_axis',(0.,-1.,0.));
#6430=DIRECTION('ref_axis',(-1.,0.,0.));
#6431=DIRECTION('center_axis',(0.,0.,-1.));
#6432=DIRECTION('ref_axis',(-1.,0.,0.));
#6433=DIRECTION('center_axis',(0.,0.,-1.));
#6434=DIRECTION('ref_axis',(1.,0.,0.));
#6435=DIRECTION('',(1.,0.,0.));
#6436=DIRECTION('center_axis',(0.,0.,-1.));
#6437=DIRECTION('ref_axis',(1.,0.,0.));
#6438=DIRECTION('',(-1.,0.,0.));
#6439=DIRECTION('center_axis',(0.,0.,1.));
#6440=DIRECTION('ref_axis',(1.,0.,0.));
#6441=DIRECTION('center_axis',(0.,0.,1.));
#6442=DIRECTION('ref_axis',(1.,0.,0.));
#6443=DIRECTION('center_axis',(0.,0.,1.));
#6444=DIRECTION('ref_axis',(1.,0.,0.));
#6445=DIRECTION('center_axis',(0.,0.,1.));
#6446=DIRECTION('ref_axis',(1.,0.,0.));
#6447=DIRECTION('',(1.,0.,0.));
#6448=DIRECTION('center_axis',(0.,0.,1.));
#6449=DIRECTION('ref_axis',(1.,0.,0.));
#6450=DIRECTION('',(-1.,0.,0.));
#6451=DIRECTION('center_axis',(0.,0.,-1.));
#6452=DIRECTION('ref_axis',(1.,0.,0.));
#6453=DIRECTION('center_axis',(0.,0.,-1.));
#6454=DIRECTION('ref_axis',(1.,0.,0.));
#6455=DIRECTION('center_axis',(0.,-1.,0.));
#6456=DIRECTION('ref_axis',(1.,0.,0.));
#6457=DIRECTION('',(0.,0.,1.));
#6458=DIRECTION('',(0.,0.,1.));
#6459=DIRECTION('center_axis',(0.,0.,-1.));
#6460=DIRECTION('ref_axis',(1.,0.,0.));
#6461=DIRECTION('',(0.,0.,-1.));
#6462=DIRECTION('center_axis',(0.,0.,-1.));
#6463=DIRECTION('ref_axis',(1.,0.,0.));
#6464=DIRECTION('',(0.,0.,-1.));
#6465=DIRECTION('center_axis',(0.,0.,-1.));
#6466=DIRECTION('ref_axis',(1.,0.,0.));
#6467=DIRECTION('',(0.,0.,1.));
#6468=DIRECTION('center_axis',(0.,0.,-1.));
#6469=DIRECTION('ref_axis',(-1.,-1.22464679914735E-16,0.));
#6470=DIRECTION('',(0.,0.,1.));
#6471=DIRECTION('center_axis',(0.,-1.,0.));
#6472=DIRECTION('ref_axis',(-1.,0.,0.));
#6473=DIRECTION('center_axis',(0.,0.,-1.));
#6474=DIRECTION('ref_axis',(-1.,0.,0.));
#6475=DIRECTION('center_axis',(0.,0.,-1.));
#6476=DIRECTION('ref_axis',(1.,0.,0.));
#6477=DIRECTION('',(1.,0.,0.));
#6478=DIRECTION('center_axis',(0.,0.,-1.));
#6479=DIRECTION('ref_axis',(1.,0.,0.));
#6480=DIRECTION('',(-1.,0.,0.));
#6481=DIRECTION('center_axis',(0.,0.,1.));
#6482=DIRECTION('ref_axis',(1.,0.,0.));
#6483=DIRECTION('center_axis',(0.,0.,1.));
#6484=DIRECTION('ref_axis',(1.,0.,0.));
#6485=DIRECTION('center_axis',(0.,0.,1.));
#6486=DIRECTION('ref_axis',(1.,0.,0.));
#6487=DIRECTION('center_axis',(0.,0.,1.));
#6488=DIRECTION('ref_axis',(1.,0.,0.));
#6489=DIRECTION('',(1.,0.,0.));
#6490=DIRECTION('center_axis',(0.,0.,1.));
#6491=DIRECTION('ref_axis',(1.,0.,0.));
#6492=DIRECTION('',(-1.,0.,0.));
#6493=DIRECTION('center_axis',(0.,0.,-1.));
#6494=DIRECTION('ref_axis',(1.,0.,0.));
#6495=DIRECTION('center_axis',(0.,0.,-1.));
#6496=DIRECTION('ref_axis',(1.,0.,0.));
#6497=DIRECTION('center_axis',(0.,-1.,0.));
#6498=DIRECTION('ref_axis',(1.,0.,0.));
#6499=DIRECTION('',(0.,0.,1.));
#6500=DIRECTION('',(0.,0.,1.));
#6501=DIRECTION('center_axis',(0.,0.,-1.));
#6502=DIRECTION('ref_axis',(1.,0.,0.));
#6503=DIRECTION('',(0.,0.,-1.));
#6504=DIRECTION('center_axis',(0.,0.,-1.));
#6505=DIRECTION('ref_axis',(1.,0.,0.));
#6506=DIRECTION('',(0.,0.,-1.));
#6507=DIRECTION('center_axis',(0.,0.,-1.));
#6508=DIRECTION('ref_axis',(1.,0.,0.));
#6509=DIRECTION('',(0.,0.,1.));
#6510=DIRECTION('center_axis',(0.,0.,-1.));
#6511=DIRECTION('ref_axis',(-1.,-1.22464679914735E-16,0.));
#6512=DIRECTION('',(0.,0.,1.));
#6513=DIRECTION('center_axis',(0.,-1.,0.));
#6514=DIRECTION('ref_axis',(-1.,0.,0.));
#6515=DIRECTION('center_axis',(0.,0.,-1.));
#6516=DIRECTION('ref_axis',(-1.,0.,0.));
#6517=DIRECTION('center_axis',(0.,0.,-1.));
#6518=DIRECTION('ref_axis',(1.,0.,0.));
#6519=DIRECTION('',(1.,0.,0.));
#6520=DIRECTION('center_axis',(0.,0.,-1.));
#6521=DIRECTION('ref_axis',(1.,0.,0.));
#6522=DIRECTION('',(-1.,0.,0.));
#6523=DIRECTION('center_axis',(0.,0.,1.));
#6524=DIRECTION('ref_axis',(1.,0.,0.));
#6525=DIRECTION('center_axis',(0.,0.,1.));
#6526=DIRECTION('ref_axis',(1.,0.,0.));
#6527=DIRECTION('center_axis',(0.,0.,1.));
#6528=DIRECTION('ref_axis',(1.,0.,0.));
#6529=DIRECTION('center_axis',(0.,0.,1.));
#6530=DIRECTION('ref_axis',(1.,0.,0.));
#6531=DIRECTION('',(1.,0.,0.));
#6532=DIRECTION('center_axis',(0.,0.,1.));
#6533=DIRECTION('ref_axis',(1.,0.,0.));
#6534=DIRECTION('',(-1.,0.,0.));
#6535=DIRECTION('center_axis',(0.,0.,-1.));
#6536=DIRECTION('ref_axis',(1.,0.,0.));
#6537=DIRECTION('center_axis',(0.,0.,-1.));
#6538=DIRECTION('ref_axis',(1.,0.,0.));
#6539=DIRECTION('center_axis',(0.,-1.,0.));
#6540=DIRECTION('ref_axis',(1.,0.,0.));
#6541=DIRECTION('',(0.,0.,1.));
#6542=DIRECTION('',(0.,0.,1.));
#6543=DIRECTION('center_axis',(0.,0.,-1.));
#6544=DIRECTION('ref_axis',(1.,0.,0.));
#6545=DIRECTION('',(0.,0.,-1.));
#6546=DIRECTION('center_axis',(0.,0.,-1.));
#6547=DIRECTION('ref_axis',(1.,0.,0.));
#6548=DIRECTION('',(0.,0.,-1.));
#6549=DIRECTION('center_axis',(0.,0.,-1.));
#6550=DIRECTION('ref_axis',(-1.,-1.22464679914735E-16,0.));
#6551=DIRECTION('',(0.,0.,1.));
#6552=DIRECTION('center_axis',(0.,0.,-1.));
#6553=DIRECTION('ref_axis',(1.,0.,0.));
#6554=DIRECTION('',(0.,0.,1.));
#6555=DIRECTION('center_axis',(0.,-1.,0.));
#6556=DIRECTION('ref_axis',(-1.,0.,0.));
#6557=DIRECTION('center_axis',(0.,0.,-1.));
#6558=DIRECTION('ref_axis',(-1.,0.,0.));
#6559=DIRECTION('center_axis',(0.,0.,-1.));
#6560=DIRECTION('ref_axis',(1.,0.,0.));
#6561=DIRECTION('',(1.,0.,0.));
#6562=DIRECTION('center_axis',(0.,0.,-1.));
#6563=DIRECTION('ref_axis',(1.,0.,0.));
#6564=DIRECTION('',(-1.,0.,0.));
#6565=DIRECTION('center_axis',(0.,0.,1.));
#6566=DIRECTION('ref_axis',(1.,0.,0.));
#6567=DIRECTION('center_axis',(0.,0.,1.));
#6568=DIRECTION('ref_axis',(1.,0.,0.));
#6569=DIRECTION('center_axis',(0.,0.,1.));
#6570=DIRECTION('ref_axis',(1.,0.,0.));
#6571=DIRECTION('center_axis',(0.,0.,1.));
#6572=DIRECTION('ref_axis',(1.,0.,0.));
#6573=DIRECTION('',(1.,0.,0.));
#6574=DIRECTION('center_axis',(0.,0.,1.));
#6575=DIRECTION('ref_axis',(1.,0.,0.));
#6576=DIRECTION('',(-1.,0.,0.));
#6577=DIRECTION('center_axis',(0.,0.,-1.));
#6578=DIRECTION('ref_axis',(1.,0.,0.));
#6579=DIRECTION('center_axis',(0.,0.,-1.));
#6580=DIRECTION('ref_axis',(1.,0.,0.));
#6581=DIRECTION('center_axis',(0.,-1.,0.));
#6582=DIRECTION('ref_axis',(1.,0.,0.));
#6583=DIRECTION('',(0.,0.,1.));
#6584=DIRECTION('',(0.,0.,1.));
#6585=DIRECTION('center_axis',(0.,0.,-1.));
#6586=DIRECTION('ref_axis',(1.,0.,0.));
#6587=DIRECTION('',(0.,0.,-1.));
#6588=DIRECTION('center_axis',(0.,0.,-1.));
#6589=DIRECTION('ref_axis',(1.,0.,0.));
#6590=DIRECTION('',(0.,0.,-1.));
#6591=DIRECTION('center_axis',(0.,0.,-1.));
#6592=DIRECTION('ref_axis',(1.,0.,0.));
#6593=DIRECTION('',(0.,0.,1.));
#6594=DIRECTION('center_axis',(0.,0.,-1.));
#6595=DIRECTION('ref_axis',(-1.,-1.22464679914735E-16,0.));
#6596=DIRECTION('',(0.,0.,1.));
#6597=DIRECTION('center_axis',(0.,-1.,0.));
#6598=DIRECTION('ref_axis',(-1.,0.,0.));
#6599=DIRECTION('center_axis',(0.,0.,-1.));
#6600=DIRECTION('ref_axis',(-1.,0.,0.));
#6601=DIRECTION('',(0.,1.,0.));
#6602=DIRECTION('',(-1.,0.,0.));
#6603=DIRECTION('center_axis',(0.,0.,-1.));
#6604=DIRECTION('ref_axis',(1.,0.,0.));
#6605=DIRECTION('',(1.,0.,0.));
#6606=DIRECTION('center_axis',(0.,0.,1.));
#6607=DIRECTION('ref_axis',(-1.,0.,0.));
#6608=DIRECTION('center_axis',(0.,0.,1.));
#6609=DIRECTION('ref_axis',(1.,0.,0.));
#6610=DIRECTION('',(0.,-1.,0.));
#6611=DIRECTION('',(-1.,0.,0.));
#6612=DIRECTION('center_axis',(0.,0.,1.));
#6613=DIRECTION('ref_axis',(1.,0.,0.));
#6614=DIRECTION('',(1.,0.,0.));
#6615=DIRECTION('center_axis',(0.,0.,-1.));
#6616=DIRECTION('ref_axis',(-1.,0.,0.));
#6617=DIRECTION('center_axis',(0.,1.,2.22044604925031E-16));
#6618=DIRECTION('ref_axis',(-1.,0.,0.));
#6619=DIRECTION('',(0.,2.22044604925031E-16,-1.));
#6620=DIRECTION('',(1.,0.,0.));
#6621=DIRECTION('',(0.,-2.22044604925031E-16,1.));
#6622=DIRECTION('center_axis',(0.,1.,2.22044604925031E-16));
#6623=DIRECTION('ref_axis',(-1.,0.,0.));
#6624=DIRECTION('',(0.,2.22044604925031E-16,-1.));
#6625=DIRECTION('',(-1.,0.,0.));
#6626=DIRECTION('',(0.,-2.22044604925031E-16,1.));
#6627=DIRECTION('',(-1.,0.,0.));
#6628=DIRECTION('center_axis',(0.,1.,2.22044604925031E-16));
#6629=DIRECTION('ref_axis',(-1.,0.,0.));
#6630=DIRECTION('',(0.,2.22044604925031E-16,-1.));
#6631=DIRECTION('',(0.,-2.22044604925031E-16,1.));
#6632=DIRECTION('',(1.,0.,0.));
#6633=DIRECTION('center_axis',(0.,2.22044604925031E-16,-1.));
#6634=DIRECTION('ref_axis',(-1.,0.,0.));
#6635=DIRECTION('center_axis',(0.,0.,1.));
#6636=DIRECTION('ref_axis',(-1.,0.,0.));
#6637=DIRECTION('',(0.,2.22044604925031E-16,-1.));
#6638=DIRECTION('center_axis',(0.,2.22044604925031E-16,-1.));
#6639=DIRECTION('ref_axis',(-1.,0.,0.));
#6640=DIRECTION('',(0.,2.22044604925031E-16,-1.));
#6641=DIRECTION('center_axis',(0.,-2.22044604925031E-16,1.));
#6642=DIRECTION('ref_axis',(-1.,0.,0.));
#6643=DIRECTION('center_axis',(0.,2.22044604925031E-16,-1.));
#6644=DIRECTION('ref_axis',(-1.,0.,0.));
#6645=DIRECTION('center_axis',(0.,2.22044604925031E-16,-1.));
#6646=DIRECTION('ref_axis',(-1.,0.,0.));
#6647=DIRECTION('',(0.,2.22044604925031E-16,-1.));
#6648=DIRECTION('center_axis',(0.,0.,-1.));
#6649=DIRECTION('ref_axis',(-1.,0.,0.));
#6650=DIRECTION('center_axis',(0.,-2.22044604925031E-16,1.));
#6651=DIRECTION('ref_axis',(1.,0.,0.));
#6652=DIRECTION('',(0.,-2.22044604925031E-16,1.));
#6653=DIRECTION('center_axis',(0.,-2.22044604925031E-16,1.));
#6654=DIRECTION('ref_axis',(1.,0.,0.));
#6655=DIRECTION('center_axis',(0.,-2.22044604925031E-16,1.));
#6656=DIRECTION('ref_axis',(1.,0.,0.));
#6657=DIRECTION('center_axis',(0.,0.,-1.));
#6658=DIRECTION('ref_axis',(1.,0.,0.));
#6659=DIRECTION('',(0.,-2.22044604925031E-16,1.));
#6660=DIRECTION('center_axis',(0.,-2.22044604925031E-16,1.));
#6661=DIRECTION('ref_axis',(1.,0.,0.));
#6662=DIRECTION('center_axis',(0.,0.,1.));
#6663=DIRECTION('ref_axis',(1.,0.,0.));
#6664=DIRECTION('center_axis',(0.,-2.22044604925031E-16,1.));
#6665=DIRECTION('ref_axis',(1.,0.,0.));
#6666=DIRECTION('',(0.,-2.22044604925031E-16,1.));
#6667=DIRECTION('center_axis',(0.,0.,-1.));
#6668=DIRECTION('ref_axis',(-1.,0.,0.));
#6669=DIRECTION('',(0.,1.,0.));
#6670=DIRECTION('',(-1.,0.,0.));
#6671=DIRECTION('center_axis',(0.,0.,1.));
#6672=DIRECTION('ref_axis',(1.,0.,0.));
#6673=DIRECTION('',(0.,-1.,0.));
#6674=DIRECTION('',(1.,0.,0.));
#6675=DIRECTION('center_axis',(1.22464679914735E-16,-1.,-2.22044604925031E-16));
#6676=DIRECTION('ref_axis',(1.,1.22464679914735E-16,2.71926214689378E-32));
#6677=DIRECTION('',(1.,1.22464679914735E-16,2.71926214689378E-32));
#6678=DIRECTION('',(0.,-2.22044604925031E-16,1.));
#6679=DIRECTION('',(1.,1.22464679914735E-16,0.));
#6680=DIRECTION('',(0.,0.,-1.));
#6681=DIRECTION('',(-1.,-1.22464679914735E-16,0.));
#6682=DIRECTION('',(0.,-2.22044604925031E-16,1.));
#6683=DIRECTION('',(1.,1.22464679914735E-16,0.));
#6684=DIRECTION('',(0.,0.,-1.));
#6685=DIRECTION('',(-1.,-1.22464679914735E-16,0.));
#6686=DIRECTION('',(0.,-2.22044604925031E-16,1.));
#6687=DIRECTION('',(-1.,-1.22464679914735E-16,-2.71926214689378E-32));
#6688=DIRECTION('',(0.,0.,1.));
#6689=DIRECTION('',(0.,0.,1.));
#6690=DIRECTION('center_axis',(-1.,0.,0.));
#6691=DIRECTION('ref_axis',(0.,0.,1.));
#6692=DIRECTION('',(0.,2.22044604925031E-16,-1.));
#6693=DIRECTION('',(0.,1.,0.));
#6694=DIRECTION('',(0.,-1.,0.));
#6695=DIRECTION('',(0.,2.22044604925031E-16,-1.));
#6696=DIRECTION('',(0.,1.,0.));
#6697=DIRECTION('',(0.,-1.,0.));
#6698=DIRECTION('',(0.,2.22044604925031E-16,-1.));
#6699=DIRECTION('',(0.,1.,0.));
#6700=DIRECTION('',(0.,0.,1.));
#6701=DIRECTION('',(0.,1.,0.));
#6702=DIRECTION('center_axis',(-1.,0.,0.));
#6703=DIRECTION('ref_axis',(0.,0.,-1.));
#6704=DIRECTION('',(0.,0.,-1.));
#6705=DIRECTION('',(0.,-1.,0.));
#6706=DIRECTION('',(0.,0.,-1.));
#6707=DIRECTION('',(0.,-1.,0.));
#6708=DIRECTION('center_axis',(0.,0.,1.));
#6709=DIRECTION('ref_axis',(-1.,0.,0.));
#6710=DIRECTION('',(-1.,0.,0.));
#6711=DIRECTION('',(0.,1.,0.));
#6712=DIRECTION('',(-1.,0.,0.));
#6713=DIRECTION('center_axis',(0.,0.,-1.));
#6714=DIRECTION('ref_axis',(1.,0.,0.));
#6715=DIRECTION('',(1.,0.,0.));
#6716=DIRECTION('',(1.,0.,0.));
#6717=DIRECTION('',(0.,-1.,0.));
#6718=DIRECTION('center_axis',(0.,-1.,0.));
#6719=DIRECTION('ref_axis',(0.,0.,-1.));
#6720=DIRECTION('',(0.,0.,1.));
#6721=DIRECTION('center_axis',(-1.,0.,0.));
#6722=DIRECTION('ref_axis',(0.,0.,-1.));
#6723=DIRECTION('',(0.,0.,-1.));
#6724=DIRECTION('',(0.,-1.,0.));
#6725=DIRECTION('',(0.,0.,1.));
#6726=DIRECTION('',(0.,-1.,0.));
#6727=DIRECTION('',(0.,0.,1.));
#6728=DIRECTION('',(0.,-1.,0.));
#6729=DIRECTION('',(0.,0.,-1.));
#6730=DIRECTION('center_axis',(0.,0.,1.));
#6731=DIRECTION('ref_axis',(0.,1.,0.));
#6732=DIRECTION('',(0.,-1.,0.));
#6733=DIRECTION('',(-1.,0.,0.));
#6734=DIRECTION('',(0.,1.,0.));
#6735=DIRECTION('',(-1.,0.,0.));
#6736=DIRECTION('center_axis',(0.,-1.,0.));
#6737=DIRECTION('ref_axis',(0.,0.,1.));
#6738=DIRECTION('',(0.,0.,-1.));
#6739=DIRECTION('',(0.,0.,1.));
#6740=DIRECTION('',(-1.,0.,0.));
#6741=DIRECTION('center_axis',(0.,0.,-1.));
#6742=DIRECTION('ref_axis',(0.,-1.,0.));
#6743=DIRECTION('',(0.,1.,0.));
#6744=DIRECTION('',(0.,-1.,0.));
#6745=DIRECTION('',(-1.,0.,0.));
#6746=DIRECTION('center_axis',(0.,1.,0.));
#6747=DIRECTION('ref_axis',(0.,0.,-1.));
#6748=DIRECTION('',(0.,0.,1.));
#6749=DIRECTION('',(0.,0.,-1.));
#6750=DIRECTION('center_axis',(0.,1.,0.));
#6751=DIRECTION('ref_axis',(-1.,0.,0.));
#6752=DIRECTION('',(1.,0.,0.));
#6753=DIRECTION('',(-1.,0.,0.));
#6754=DIRECTION('',(0.,0.,1.));
#6755=DIRECTION('center_axis',(1.,0.,0.));
#6756=DIRECTION('ref_axis',(0.,1.,0.));
#6757=DIRECTION('',(0.,-1.,0.));
#6758=DIRECTION('',(0.,1.,0.));
#6759=DIRECTION('',(0.,0.,1.));
#6760=DIRECTION('center_axis',(0.,0.,-1.));
#6761=DIRECTION('ref_axis',(1.,0.,0.));
#6762=DIRECTION('',(1.,0.,0.));
#6763=DIRECTION('',(0.,-1.,0.));
#6764=DIRECTION('',(1.,0.,0.));
#6765=DIRECTION('center_axis',(1.,0.,0.));
#6766=DIRECTION('ref_axis',(0.,0.,1.));
#6767=DIRECTION('',(0.,0.,1.));
#6768=DIRECTION('',(0.,0.,1.));
#6769=DIRECTION('',(0.,-1.,0.));
#6770=DIRECTION('center_axis',(0.,0.,1.));
#6771=DIRECTION('ref_axis',(-1.,0.,0.));
#6772=DIRECTION('',(-1.,0.,0.));
#6773=DIRECTION('',(-1.,0.,0.));
#6774=DIRECTION('center_axis',(0.,-1.,0.));
#6775=DIRECTION('ref_axis',(0.,0.,-1.));
#6776=DIRECTION('',(1.,0.,0.));
#6777=DIRECTION('center_axis',(1.,0.,0.));
#6778=DIRECTION('ref_axis',(0.,0.,-1.));
#6779=DIRECTION('',(0.,1.,0.));
#6780=DIRECTION('',(0.,0.,-1.));
#6781=DIRECTION('',(0.,1.,0.));
#6782=DIRECTION('center_axis',(0.,1.,0.));
#6783=DIRECTION('ref_axis',(0.,0.,1.));
#6784=DIRECTION('',(1.,0.,0.));
#6785=DIRECTION('',(-1.,0.,0.));
#6786=DIRECTION('center_axis',(0.,-2.22044604925031E-16,1.));
#6787=DIRECTION('ref_axis',(1.,0.,0.));
#6788=DIRECTION('center_axis',(0.,-2.22044604925031E-16,1.));
#6789=DIRECTION('ref_axis',(-1.,-1.22464679914735E-16,-2.71926214689378E-32));
#6790=DIRECTION('',(1.,1.22464679914735E-16,2.71926214689378E-32));
#6791=DIRECTION('center_axis',(0.,-2.22044604925031E-16,1.));
#6792=DIRECTION('ref_axis',(-1.,0.,0.));
#6793=DIRECTION('center_axis',(0.,0.,1.));
#6794=DIRECTION('ref_axis',(1.,0.,0.));
#6795=DIRECTION('center_axis',(0.,0.,1.));
#6796=DIRECTION('ref_axis',(-1.,-1.22464679914735E-16,-2.71926214689378E-32));
#6797=DIRECTION('',(-1.,-1.22464679914735E-16,0.));
#6798=DIRECTION('center_axis',(0.,0.,-1.));
#6799=DIRECTION('ref_axis',(-1.,0.,0.));
#6800=DIRECTION('center_axis',(-1.22464679914735E-16,1.,2.22044604925031E-16));
#6801=DIRECTION('ref_axis',(-1.,-1.22464679914735E-16,-2.71926214689378E-32));
#6802=DIRECTION('',(-1.,-1.22464679914735E-16,0.));
#6803=DIRECTION('',(0.,-2.22044604925031E-16,1.));
#6804=DIRECTION('',(-1.,-1.22464679914735E-16,-2.71926214689378E-32));
#6805=DIRECTION('center_axis',(-1.22464679914735E-16,1.,2.22044604925031E-16));
#6806=DIRECTION('ref_axis',(-1.,-1.22464679914735E-16,-2.71926214689378E-32));
#6807=DIRECTION('',(0.,-2.22044604925031E-16,1.));
#6808=DIRECTION('',(1.,1.22464679914735E-16,0.));
#6809=DIRECTION('center_axis',(-1.22464679914735E-16,1.,2.22044604925031E-16));
#6810=DIRECTION('ref_axis',(-1.,-1.22464679914735E-16,-2.71926214689378E-32));
#6811=DIRECTION('',(0.,-2.22044604925031E-16,1.));
#6812=DIRECTION('',(1.,1.22464679914735E-16,0.));
#6813=DIRECTION('center_axis',(0.,0.,1.));
#6814=DIRECTION('ref_axis',(1.,0.,0.));
#6815=DIRECTION('center_axis',(0.,0.,1.));
#6816=DIRECTION('ref_axis',(-1.,-1.22464679914735E-16,-2.71926214689378E-32));
#6817=DIRECTION('center_axis',(0.,0.,-1.));
#6818=DIRECTION('ref_axis',(-1.,0.,0.));
#6819=DIRECTION('center_axis',(0.,-2.22044604925031E-16,1.));
#6820=DIRECTION('ref_axis',(-1.,-1.22464679914735E-16,-2.71926214689378E-32));
#6821=DIRECTION('center_axis',(0.,-2.22044604925031E-16,1.));
#6822=DIRECTION('ref_axis',(-1.,-1.22464679914735E-16,-2.71926214689378E-32));
#6823=DIRECTION('center_axis',(0.,2.22044604925031E-16,-1.));
#6824=DIRECTION('ref_axis',(-1.,0.,0.));
#6825=DIRECTION('center_axis',(0.,2.22044604925031E-16,-1.));
#6826=DIRECTION('ref_axis',(-1.,0.,0.));
#6827=DIRECTION('center_axis',(0.,0.,1.));
#6828=DIRECTION('ref_axis',(-1.,0.,0.));
#6829=DIRECTION('',(0.,2.22044604925031E-16,-1.));
#6830=DIRECTION('center_axis',(0.,2.22044604925031E-16,-1.));
#6831=DIRECTION('ref_axis',(-1.,0.,0.));
#6832=DIRECTION('center_axis',(0.,0.,1.));
#6833=DIRECTION('ref_axis',(-1.,0.,0.));
#6834=DIRECTION('',(0.,2.22044604925031E-16,-1.));
#6835=DIRECTION('center_axis',(0.,2.22044604925031E-16,-1.));
#6836=DIRECTION('ref_axis',(-1.,0.,0.));
#6837=DIRECTION('',(0.,2.22044604925031E-16,-1.));
#6838=DIRECTION('center_axis',(0.,-2.22044604925031E-16,1.));
#6839=DIRECTION('ref_axis',(-1.,-1.22464679914735E-16,-2.71926214689378E-32));
#6840=DIRECTION('center_axis',(0.,0.,-1.));
#6841=DIRECTION('ref_axis',(-1.,-1.22464679914735E-16,-2.71926214689378E-32));
#6842=DIRECTION('center_axis',(0.,-2.22044604925031E-16,1.));
#6843=DIRECTION('ref_axis',(-1.,-1.22464679914735E-16,-2.71926214689378E-32));
#6844=DIRECTION('center_axis',(0.,0.,-1.));
#6845=DIRECTION('ref_axis',(-1.,-1.22464679914735E-16,-2.71926214689378E-32));
#6846=DIRECTION('center_axis',(0.,-2.22044604925031E-16,1.));
#6847=DIRECTION('ref_axis',(-1.,-1.22464679914735E-16,-2.71926214689378E-32));
#6848=DIRECTION('center_axis',(0.,0.,-1.));
#6849=DIRECTION('ref_axis',(-1.,0.,0.));
#6850=DIRECTION('center_axis',(0.,0.,-1.));
#6851=DIRECTION('ref_axis',(-1.,0.,0.));
#6852=DIRECTION('center_axis',(0.,0.,-1.));
#6853=DIRECTION('ref_axis',(-1.,0.,0.));
#6854=DIRECTION('center_axis',(0.,0.,-1.));
#6855=DIRECTION('ref_axis',(1.,0.,0.));
#6856=DIRECTION('',(1.,0.,0.));
#6857=DIRECTION('center_axis',(0.,0.,-1.));
#6858=DIRECTION('ref_axis',(1.,0.,0.));
#6859=DIRECTION('',(-1.,0.,0.));
#6860=DIRECTION('center_axis',(0.,0.,1.));
#6861=DIRECTION('ref_axis',(1.,0.,0.));
#6862=DIRECTION('center_axis',(0.,0.,1.));
#6863=DIRECTION('ref_axis',(1.,0.,0.));
#6864=DIRECTION('center_axis',(0.,0.,1.));
#6865=DIRECTION('ref_axis',(1.,0.,0.));
#6866=DIRECTION('center_axis',(0.,0.,1.));
#6867=DIRECTION('ref_axis',(1.,0.,0.));
#6868=DIRECTION('',(1.,0.,0.));
#6869=DIRECTION('center_axis',(0.,0.,1.));
#6870=DIRECTION('ref_axis',(1.,0.,0.));
#6871=DIRECTION('',(-1.,0.,0.));
#6872=DIRECTION('center_axis',(0.,0.,-1.));
#6873=DIRECTION('ref_axis',(1.,0.,0.));
#6874=DIRECTION('center_axis',(0.,0.,-1.));
#6875=DIRECTION('ref_axis',(1.,0.,0.));
#6876=DIRECTION('center_axis',(0.,-1.,0.));
#6877=DIRECTION('ref_axis',(1.,0.,0.));
#6878=DIRECTION('',(0.,0.,1.));
#6879=DIRECTION('',(0.,0.,1.));
#6880=DIRECTION('center_axis',(0.,0.,-1.));
#6881=DIRECTION('ref_axis',(1.,0.,0.));
#6882=DIRECTION('',(0.,0.,-1.));
#6883=DIRECTION('center_axis',(0.,0.,-1.));
#6884=DIRECTION('ref_axis',(1.,0.,0.));
#6885=DIRECTION('',(0.,0.,-1.));
#6886=DIRECTION('center_axis',(0.,0.,-1.));
#6887=DIRECTION('ref_axis',(-1.,-1.22464679914735E-16,0.));
#6888=DIRECTION('',(0.,0.,1.));
#6889=DIRECTION('center_axis',(0.,0.,-1.));
#6890=DIRECTION('ref_axis',(1.,0.,0.));
#6891=DIRECTION('',(0.,0.,1.));
#6892=DIRECTION('center_axis',(0.,-1.,0.));
#6893=DIRECTION('ref_axis',(-1.,0.,0.));
#6894=DIRECTION('center_axis',(0.,0.,-1.));
#6895=DIRECTION('ref_axis',(-1.,0.,0.));
#6896=DIRECTION('',(0.,1.,0.));
#6897=DIRECTION('',(-1.,0.,0.));
#6898=DIRECTION('center_axis',(0.,0.,-1.));
#6899=DIRECTION('ref_axis',(1.,0.,0.));
#6900=DIRECTION('',(1.,0.,0.));
#6901=DIRECTION('center_axis',(0.,0.,1.));
#6902=DIRECTION('ref_axis',(-1.,0.,0.));
#6903=DIRECTION('center_axis',(0.,0.,1.));
#6904=DIRECTION('ref_axis',(1.,0.,0.));
#6905=DIRECTION('',(0.,-1.,0.));
#6906=DIRECTION('',(-1.,0.,0.));
#6907=DIRECTION('center_axis',(0.,0.,1.));
#6908=DIRECTION('ref_axis',(1.,0.,0.));
#6909=DIRECTION('',(1.,0.,0.));
#6910=DIRECTION('center_axis',(0.,0.,-1.));
#6911=DIRECTION('ref_axis',(-1.,0.,0.));
#6912=DIRECTION('center_axis',(0.,1.,2.22044604925031E-16));
#6913=DIRECTION('ref_axis',(-1.,0.,0.));
#6914=DIRECTION('',(0.,2.22044604925031E-16,-1.));
#6915=DIRECTION('',(1.,0.,0.));
#6916=DIRECTION('',(0.,-2.22044604925031E-16,1.));
#6917=DIRECTION('center_axis',(0.,1.,2.22044604925031E-16));
#6918=DIRECTION('ref_axis',(-1.,0.,0.));
#6919=DIRECTION('',(0.,2.22044604925031E-16,-1.));
#6920=DIRECTION('',(-1.,0.,0.));
#6921=DIRECTION('',(0.,-2.22044604925031E-16,1.));
#6922=DIRECTION('',(-1.,0.,0.));
#6923=DIRECTION('center_axis',(0.,1.,2.22044604925031E-16));
#6924=DIRECTION('ref_axis',(-1.,0.,0.));
#6925=DIRECTION('',(0.,2.22044604925031E-16,-1.));
#6926=DIRECTION('',(0.,-2.22044604925031E-16,1.));
#6927=DIRECTION('',(1.,0.,0.));
#6928=DIRECTION('center_axis',(0.,2.22044604925031E-16,-1.));
#6929=DIRECTION('ref_axis',(-1.,0.,0.));
#6930=DIRECTION('center_axis',(0.,0.,1.));
#6931=DIRECTION('ref_axis',(-1.,0.,0.));
#6932=DIRECTION('',(0.,2.22044604925031E-16,-1.));
#6933=DIRECTION('center_axis',(0.,2.22044604925031E-16,-1.));
#6934=DIRECTION('ref_axis',(-1.,0.,0.));
#6935=DIRECTION('',(0.,2.22044604925031E-16,-1.));
#6936=DIRECTION('center_axis',(0.,-2.22044604925031E-16,1.));
#6937=DIRECTION('ref_axis',(-1.,0.,0.));
#6938=DIRECTION('center_axis',(0.,2.22044604925031E-16,-1.));
#6939=DIRECTION('ref_axis',(-1.,0.,0.));
#6940=DIRECTION('center_axis',(0.,2.22044604925031E-16,-1.));
#6941=DIRECTION('ref_axis',(-1.,0.,0.));
#6942=DIRECTION('',(0.,2.22044604925031E-16,-1.));
#6943=DIRECTION('center_axis',(0.,0.,-1.));
#6944=DIRECTION('ref_axis',(-1.,0.,0.));
#6945=DIRECTION('center_axis',(0.,-2.22044604925031E-16,1.));
#6946=DIRECTION('ref_axis',(1.,0.,0.));
#6947=DIRECTION('',(0.,-2.22044604925031E-16,1.));
#6948=DIRECTION('center_axis',(0.,-2.22044604925031E-16,1.));
#6949=DIRECTION('ref_axis',(1.,0.,0.));
#6950=DIRECTION('center_axis',(0.,-2.22044604925031E-16,1.));
#6951=DIRECTION('ref_axis',(1.,0.,0.));
#6952=DIRECTION('center_axis',(0.,0.,-1.));
#6953=DIRECTION('ref_axis',(1.,0.,0.));
#6954=DIRECTION('',(0.,-2.22044604925031E-16,1.));
#6955=DIRECTION('center_axis',(0.,-2.22044604925031E-16,1.));
#6956=DIRECTION('ref_axis',(1.,0.,0.));
#6957=DIRECTION('center_axis',(0.,0.,1.));
#6958=DIRECTION('ref_axis',(1.,0.,0.));
#6959=DIRECTION('center_axis',(0.,-2.22044604925031E-16,1.));
#6960=DIRECTION('ref_axis',(1.,0.,0.));
#6961=DIRECTION('',(0.,-2.22044604925031E-16,1.));
#6962=DIRECTION('center_axis',(0.,0.,-1.));
#6963=DIRECTION('ref_axis',(-1.,0.,0.));
#6964=DIRECTION('',(0.,1.,0.));
#6965=DIRECTION('',(-1.,0.,0.));
#6966=DIRECTION('center_axis',(0.,0.,1.));
#6967=DIRECTION('ref_axis',(1.,0.,0.));
#6968=DIRECTION('',(0.,-1.,0.));
#6969=DIRECTION('',(1.,0.,0.));
#6970=DIRECTION('center_axis',(0.,1.,0.));
#6971=DIRECTION('ref_axis',(1.,0.,0.));
#6972=DIRECTION('',(-1.,0.,0.));
#6973=DIRECTION('',(0.,-2.22044604925031E-16,1.));
#6974=DIRECTION('',(1.,1.22464679914735E-16,0.));
#6975=DIRECTION('',(0.,0.,-1.));
#6976=DIRECTION('',(-1.,-1.22464679914735E-16,0.));
#6977=DIRECTION('',(0.,-2.22044604925031E-16,1.));
#6978=DIRECTION('',(1.,1.22464679914735E-16,0.));
#6979=DIRECTION('',(0.,0.,-1.));
#6980=DIRECTION('',(-1.,-1.22464679914735E-16,0.));
#6981=DIRECTION('',(0.,-2.22044604925031E-16,1.));
#6982=DIRECTION('',(-1.,0.,0.));
#6983=DIRECTION('',(0.,0.,1.));
#6984=DIRECTION('',(0.,0.,1.));
#6985=DIRECTION('center_axis',(0.,0.,1.));
#6986=DIRECTION('ref_axis',(1.,0.,0.));
#6987=DIRECTION('',(0.,1.,0.));
#6988=DIRECTION('center_axis',(0.,0.,1.));
#6989=DIRECTION('ref_axis',(-1.,-1.22464679914735E-16,-2.71926214689378E-32));
#6990=DIRECTION('',(-1.,-1.22464679914735E-16,0.));
#6991=DIRECTION('center_axis',(0.,0.,-1.));
#6992=DIRECTION('ref_axis',(-1.,0.,0.));
#6993=DIRECTION('center_axis',(-1.22464679914735E-16,1.,2.22044604925031E-16));
#6994=DIRECTION('ref_axis',(-1.,-1.22464679914735E-16,-2.71926214689378E-32));
#6995=DIRECTION('',(0.,-2.22044604925031E-16,1.));
#6996=DIRECTION('',(-1.,-1.22464679914735E-16,0.));
#6997=DIRECTION('',(0.,-2.22044604925031E-16,1.));
#6998=DIRECTION('',(1.,1.22464679914735E-16,0.));
#6999=DIRECTION('center_axis',(-1.22464679914735E-16,1.,2.22044604925031E-16));
#7000=DIRECTION('ref_axis',(-1.,-1.22464679914735E-16,-2.71926214689378E-32));
#7001=DIRECTION('',(0.,-2.22044604925031E-16,1.));
#7002=DIRECTION('',(0.,-2.22044604925031E-16,1.));
#7003=DIRECTION('',(-1.,-1.22464679914735E-16,-2.71926214689378E-32));
#7004=DIRECTION('center_axis',(0.,0.,1.));
#7005=DIRECTION('ref_axis',(1.,0.,0.));
#7006=DIRECTION('',(0.,1.,0.));
#7007=DIRECTION('center_axis',(0.,0.,1.));
#7008=DIRECTION('ref_axis',(-1.,-1.22464679914735E-16,-2.71926214689378E-32));
#7009=DIRECTION('center_axis',(0.,0.,-1.));
#7010=DIRECTION('ref_axis',(-1.,0.,0.));
#7011=DIRECTION('center_axis',(-1.22464679914735E-16,1.,2.22044604925031E-16));
#7012=DIRECTION('ref_axis',(-1.,-1.22464679914735E-16,-2.71926214689378E-32));
#7013=DIRECTION('',(0.,-2.22044604925031E-16,1.));
#7014=DIRECTION('',(1.,1.22464679914735E-16,2.71926214689378E-32));
#7015=DIRECTION('',(0.,-2.22044604925031E-16,1.));
#7016=DIRECTION('',(1.,1.22464679914735E-16,0.));
#7017=DIRECTION('center_axis',(0.,2.22044604925031E-16,-1.));
#7018=DIRECTION('ref_axis',(-1.,0.,0.));
#7019=DIRECTION('center_axis',(0.,0.,1.));
#7020=DIRECTION('ref_axis',(-1.,0.,0.));
#7021=DIRECTION('',(0.,2.22044604925031E-16,-1.));
#7022=DIRECTION('center_axis',(0.,2.22044604925031E-16,-1.));
#7023=DIRECTION('ref_axis',(-1.,0.,0.));
#7024=DIRECTION('center_axis',(0.,0.,1.));
#7025=DIRECTION('ref_axis',(-1.,0.,0.));
#7026=DIRECTION('',(0.,2.22044604925031E-16,-1.));
#7027=DIRECTION('center_axis',(0.,-2.22044604925031E-16,1.));
#7028=DIRECTION('ref_axis',(-1.,0.,0.));
#7029=DIRECTION('center_axis',(0.,2.22044604925031E-16,-1.));
#7030=DIRECTION('ref_axis',(-1.,0.,0.));
#7031=DIRECTION('center_axis',(0.,2.22044604925031E-16,-1.));
#7032=DIRECTION('ref_axis',(-1.,0.,0.));
#7033=DIRECTION('',(0.,2.22044604925031E-16,-1.));
#7034=DIRECTION('center_axis',(0.,-2.22044604925031E-16,1.));
#7035=DIRECTION('ref_axis',(-1.,-1.22464679914735E-16,-2.71926214689378E-32));
#7036=DIRECTION('center_axis',(0.,0.,-1.));
#7037=DIRECTION('ref_axis',(-1.,-1.22464679914735E-16,-2.71926214689378E-32));
#7038=DIRECTION('center_axis',(0.,-2.22044604925031E-16,1.));
#7039=DIRECTION('ref_axis',(-1.,-1.22464679914735E-16,-2.71926214689378E-32));
#7040=DIRECTION('center_axis',(0.,0.,-1.));
#7041=DIRECTION('ref_axis',(-1.,-1.22464679914735E-16,-2.71926214689378E-32));
#7042=DIRECTION('center_axis',(0.,-2.22044604925031E-16,1.));
#7043=DIRECTION('ref_axis',(-1.,-1.22464679914735E-16,-2.71926214689378E-32));
#7044=DIRECTION('center_axis',(0.,-2.22044604925031E-16,1.));
#7045=DIRECTION('ref_axis',(-1.,-1.22464679914735E-16,-2.71926214689378E-32));
#7046=DIRECTION('center_axis',(0.,-2.22044604925031E-16,1.));
#7047=DIRECTION('ref_axis',(-1.,-1.22464679914735E-16,-2.71926214689378E-32));
#7048=DIRECTION('center_axis',(0.,0.,-1.));
#7049=DIRECTION('ref_axis',(-1.,0.,0.));
#7050=DIRECTION('',(0.,-1.,0.));
#7051=DIRECTION('center_axis',(0.,0.,-1.));
#7052=DIRECTION('ref_axis',(-1.,0.,0.));
#7053=DIRECTION('',(0.,-1.,0.));
#7054=DIRECTION('center_axis',(0.,0.,-1.));
#7055=DIRECTION('ref_axis',(-1.,0.,0.));
#7056=DIRECTION('',(0.,1.,0.));
#7057=DIRECTION('',(-1.,0.,0.));
#7058=DIRECTION('',(0.,1.,0.));
#7059=DIRECTION('center_axis',(-1.,0.,0.));
#7060=DIRECTION('ref_axis',(0.,0.,1.));
#7061=DIRECTION('',(0.,1.,0.));
#7062=DIRECTION('',(0.,0.,1.));
#7063=DIRECTION('center_axis',(1.,0.,0.));
#7064=DIRECTION('ref_axis',(0.,0.,1.));
#7065=DIRECTION('',(0.,0.,1.));
#7066=DIRECTION('',(0.,-1.,0.));
#7067=DIRECTION('',(0.,0.,1.));
#7068=DIRECTION('',(0.,-1.,0.));
#7069=DIRECTION('center_axis',(0.,0.,-1.));
#7070=DIRECTION('ref_axis',(1.,0.,0.));
#7071=DIRECTION('',(1.,0.,0.));
#7072=DIRECTION('',(0.,-1.,0.));
#7073=DIRECTION('',(1.,0.,0.));
#7074=DIRECTION('center_axis',(-1.,0.,0.));
#7075=DIRECTION('ref_axis',(0.,0.,-1.));
#7076=DIRECTION('',(0.,0.,-1.));
#7077=DIRECTION('',(0.,-1.,0.));
#7078=DIRECTION('',(0.,0.,-1.));
#7079=DIRECTION('center_axis',(0.,0.,1.));
#7080=DIRECTION('ref_axis',(-1.,0.,0.));
#7081=DIRECTION('',(-1.,0.,0.));
#7082=DIRECTION('',(-1.,0.,0.));
#7083=DIRECTION('center_axis',(0.,-1.,0.));
#7084=DIRECTION('ref_axis',(0.,0.,-1.));
#7085=DIRECTION('center_axis',(1.,0.,0.));
#7086=DIRECTION('ref_axis',(0.,0.,-1.));
#7087=DIRECTION('',(0.,0.,-1.));
#7088=DIRECTION('',(0.,1.,0.));
#7089=DIRECTION('center_axis',(0.,0.,1.));
#7090=DIRECTION('ref_axis',(1.,0.,0.));
#7091=DIRECTION('',(1.,0.,0.));
#7092=DIRECTION('center_axis',(0.,1.,0.));
#7093=DIRECTION('ref_axis',(0.,0.,1.));
#7094=DIRECTION('center_axis',(0.,0.,-1.));
#7095=DIRECTION('ref_axis',(-1.,0.,0.));
#7096=DIRECTION('center_axis',(0.,0.,-1.));
#7097=DIRECTION('ref_axis',(1.,0.,0.));
#7098=DIRECTION('',(1.,0.,0.));
#7099=DIRECTION('center_axis',(0.,0.,-1.));
#7100=DIRECTION('ref_axis',(1.,0.,0.));
#7101=DIRECTION('',(-1.,0.,0.));
#7102=DIRECTION('center_axis',(0.,0.,1.));
#7103=DIRECTION('ref_axis',(1.,0.,0.));
#7104=DIRECTION('center_axis',(0.,0.,1.));
#7105=DIRECTION('ref_axis',(1.,0.,0.));
#7106=DIRECTION('center_axis',(0.,0.,1.));
#7107=DIRECTION('ref_axis',(1.,0.,0.));
#7108=DIRECTION('center_axis',(0.,0.,1.));
#7109=DIRECTION('ref_axis',(1.,0.,0.));
#7110=DIRECTION('',(1.,0.,0.));
#7111=DIRECTION('center_axis',(0.,0.,1.));
#7112=DIRECTION('ref_axis',(1.,0.,0.));
#7113=DIRECTION('',(-1.,0.,0.));
#7114=DIRECTION('center_axis',(0.,0.,-1.));
#7115=DIRECTION('ref_axis',(1.,0.,0.));
#7116=DIRECTION('center_axis',(0.,0.,-1.));
#7117=DIRECTION('ref_axis',(1.,0.,0.));
#7118=DIRECTION('center_axis',(0.,-1.,0.));
#7119=DIRECTION('ref_axis',(1.,0.,0.));
#7120=DIRECTION('',(0.,0.,1.));
#7121=DIRECTION('',(0.,0.,1.));
#7122=DIRECTION('center_axis',(0.,0.,-1.));
#7123=DIRECTION('ref_axis',(1.,0.,0.));
#7124=DIRECTION('',(0.,0.,-1.));
#7125=DIRECTION('center_axis',(0.,0.,-1.));
#7126=DIRECTION('ref_axis',(1.,0.,0.));
#7127=DIRECTION('',(0.,0.,-1.));
#7128=DIRECTION('center_axis',(0.,0.,-1.));
#7129=DIRECTION('ref_axis',(-1.,-1.22464679914735E-16,0.));
#7130=DIRECTION('',(0.,0.,1.));
#7131=DIRECTION('center_axis',(0.,0.,-1.));
#7132=DIRECTION('ref_axis',(1.,0.,0.));
#7133=DIRECTION('',(0.,0.,1.));
#7134=DIRECTION('center_axis',(0.,-1.,0.));
#7135=DIRECTION('ref_axis',(-1.,0.,0.));
#7136=DIRECTION('center_axis',(0.,0.,-1.));
#7137=DIRECTION('ref_axis',(-1.,0.,0.));
#7138=DIRECTION('center_axis',(0.,0.,-1.));
#7139=DIRECTION('ref_axis',(1.,0.,0.));
#7140=DIRECTION('',(1.,0.,0.));
#7141=DIRECTION('center_axis',(0.,0.,-1.));
#7142=DIRECTION('ref_axis',(1.,0.,0.));
#7143=DIRECTION('',(-1.,0.,0.));
#7144=DIRECTION('center_axis',(0.,0.,1.));
#7145=DIRECTION('ref_axis',(1.,0.,0.));
#7146=DIRECTION('center_axis',(0.,0.,1.));
#7147=DIRECTION('ref_axis',(1.,0.,0.));
#7148=DIRECTION('center_axis',(0.,0.,1.));
#7149=DIRECTION('ref_axis',(1.,0.,0.));
#7150=DIRECTION('center_axis',(0.,0.,1.));
#7151=DIRECTION('ref_axis',(1.,0.,0.));
#7152=DIRECTION('',(1.,0.,0.));
#7153=DIRECTION('center_axis',(0.,0.,1.));
#7154=DIRECTION('ref_axis',(1.,0.,0.));
#7155=DIRECTION('',(-1.,0.,0.));
#7156=DIRECTION('center_axis',(0.,0.,-1.));
#7157=DIRECTION('ref_axis',(1.,0.,0.));
#7158=DIRECTION('center_axis',(0.,0.,-1.));
#7159=DIRECTION('ref_axis',(1.,0.,0.));
#7160=DIRECTION('center_axis',(0.,-1.,0.));
#7161=DIRECTION('ref_axis',(1.,0.,0.));
#7162=DIRECTION('',(0.,0.,1.));
#7163=DIRECTION('',(0.,0.,1.));
#7164=DIRECTION('center_axis',(0.,0.,-1.));
#7165=DIRECTION('ref_axis',(1.,0.,0.));
#7166=DIRECTION('',(0.,0.,-1.));
#7167=DIRECTION('center_axis',(0.,0.,-1.));
#7168=DIRECTION('ref_axis',(1.,0.,0.));
#7169=DIRECTION('',(0.,0.,-1.));
#7170=DIRECTION('center_axis',(0.,0.,-1.));
#7171=DIRECTION('ref_axis',(1.,0.,0.));
#7172=DIRECTION('',(0.,0.,1.));
#7173=DIRECTION('center_axis',(0.,0.,-1.));
#7174=DIRECTION('ref_axis',(-1.,-1.22464679914735E-16,0.));
#7175=DIRECTION('',(0.,0.,1.));
#7176=DIRECTION('center_axis',(0.,-1.,0.));
#7177=DIRECTION('ref_axis',(-1.,0.,0.));
#7178=DIRECTION('center_axis',(0.,0.,1.));
#7179=DIRECTION('ref_axis',(1.,0.,0.));
#7180=DIRECTION('',(0.,1.,0.));
#7181=DIRECTION('',(1.,1.22464679914735E-16,0.));
#7182=DIRECTION('center_axis',(0.,0.,1.));
#7183=DIRECTION('ref_axis',(-1.,-1.22464679914735E-16,-2.71926214689378E-32));
#7184=DIRECTION('',(-1.,-1.22464679914735E-16,0.));
#7185=DIRECTION('center_axis',(0.,0.,-1.));
#7186=DIRECTION('ref_axis',(-1.,0.,0.));
#7187=DIRECTION('center_axis',(-1.22464679914735E-16,1.,2.22044604925031E-16));
#7188=DIRECTION('ref_axis',(-1.,-1.22464679914735E-16,-2.71926214689378E-32));
#7189=DIRECTION('',(0.,-2.22044604925031E-16,1.));
#7190=DIRECTION('',(-1.,-1.22464679914735E-16,0.));
#7191=DIRECTION('',(0.,-2.22044604925031E-16,1.));
#7192=DIRECTION('',(1.,1.22464679914735E-16,0.));
#7193=DIRECTION('center_axis',(-1.22464679914735E-16,1.,2.22044604925031E-16));
#7194=DIRECTION('ref_axis',(-1.,-1.22464679914735E-16,-2.71926214689378E-32));
#7195=DIRECTION('',(0.,-2.22044604925031E-16,1.));
#7196=DIRECTION('',(0.,-2.22044604925031E-16,1.));
#7197=DIRECTION('',(-1.,-1.22464679914735E-16,-2.71926214689378E-32));
#7198=DIRECTION('center_axis',(0.,0.,1.));
#7199=DIRECTION('ref_axis',(1.,0.,0.));
#7200=DIRECTION('',(0.,1.,0.));
#7201=DIRECTION('',(1.,1.22464679914735E-16,0.));
#7202=DIRECTION('center_axis',(0.,0.,1.));
#7203=DIRECTION('ref_axis',(-1.,-1.22464679914735E-16,-2.71926214689378E-32));
#7204=DIRECTION('center_axis',(0.,0.,-1.));
#7205=DIRECTION('ref_axis',(-1.,0.,0.));
#7206=DIRECTION('center_axis',(-1.22464679914735E-16,1.,2.22044604925031E-16));
#7207=DIRECTION('ref_axis',(-1.,-1.22464679914735E-16,-2.71926214689378E-32));
#7208=DIRECTION('',(0.,-2.22044604925031E-16,1.));
#7209=DIRECTION('',(1.,1.22464679914735E-16,2.71926214689378E-32));
#7210=DIRECTION('',(0.,-2.22044604925031E-16,1.));
#7211=DIRECTION('',(1.,1.22464679914735E-16,0.));
#7212=DIRECTION('center_axis',(0.,2.22044604925031E-16,-1.));
#7213=DIRECTION('ref_axis',(-1.,0.,0.));
#7214=DIRECTION('center_axis',(0.,0.,1.));
#7215=DIRECTION('ref_axis',(-1.,0.,0.));
#7216=DIRECTION('',(0.,2.22044604925031E-16,-1.));
#7217=DIRECTION('center_axis',(0.,2.22044604925031E-16,-1.));
#7218=DIRECTION('ref_axis',(-1.,0.,0.));
#7219=DIRECTION('center_axis',(0.,0.,1.));
#7220=DIRECTION('ref_axis',(-1.,0.,0.));
#7221=DIRECTION('',(0.,2.22044604925031E-16,-1.));
#7222=DIRECTION('center_axis',(0.,-2.22044604925031E-16,1.));
#7223=DIRECTION('ref_axis',(-1.,0.,0.));
#7224=DIRECTION('center_axis',(0.,2.22044604925031E-16,-1.));
#7225=DIRECTION('ref_axis',(-1.,0.,0.));
#7226=DIRECTION('center_axis',(0.,2.22044604925031E-16,-1.));
#7227=DIRECTION('ref_axis',(-1.,0.,0.));
#7228=DIRECTION('',(0.,2.22044604925031E-16,-1.));
#7229=DIRECTION('center_axis',(0.,-2.22044604925031E-16,1.));
#7230=DIRECTION('ref_axis',(-1.,-1.22464679914735E-16,-2.71926214689378E-32));
#7231=DIRECTION('',(0.,-2.22044604925031E-16,1.));
#7232=DIRECTION('center_axis',(0.,0.,-1.));
#7233=DIRECTION('ref_axis',(-1.,-1.22464679914735E-16,-2.71926214689378E-32));
#7234=DIRECTION('center_axis',(0.,-2.22044604925031E-16,1.));
#7235=DIRECTION('ref_axis',(-1.,-1.22464679914735E-16,-2.71926214689378E-32));
#7236=DIRECTION('center_axis',(0.,0.,-1.));
#7237=DIRECTION('ref_axis',(-1.,-1.22464679914735E-16,-2.71926214689378E-32));
#7238=DIRECTION('center_axis',(0.,-2.22044604925031E-16,1.));
#7239=DIRECTION('ref_axis',(-1.,-1.22464679914735E-16,-2.71926214689378E-32));
#7240=DIRECTION('',(0.,-2.22044604925031E-16,1.));
#7241=DIRECTION('center_axis',(0.,-2.22044604925031E-16,1.));
#7242=DIRECTION('ref_axis',(-1.,-1.22464679914735E-16,-2.71926214689378E-32));
#7243=DIRECTION('',(0.,-2.22044604925031E-16,1.));
#7244=DIRECTION('center_axis',(0.,-2.22044604925031E-16,1.));
#7245=DIRECTION('ref_axis',(-1.,-1.22464679914735E-16,-2.71926214689378E-32));
#7246=DIRECTION('center_axis',(0.,0.,-1.));
#7247=DIRECTION('ref_axis',(-1.,0.,0.));
#7248=DIRECTION('',(0.,-1.,0.));
#7249=DIRECTION('',(-1.,-1.22464679914735E-16,0.));
#7250=DIRECTION('center_axis',(0.,0.,-1.));
#7251=DIRECTION('ref_axis',(-1.,0.,0.));
#7252=DIRECTION('',(0.,-1.,0.));
#7253=DIRECTION('',(-1.,-1.22464679914735E-16,0.));
#7254=DIRECTION('center_axis',(0.,-2.22044604925031E-16,1.));
#7255=DIRECTION('ref_axis',(1.,0.,0.));
#7256=DIRECTION('',(1.,0.,0.));
#7257=DIRECTION('',(0.,1.,0.));
#7258=DIRECTION('',(-1.,0.,0.));
#7259=DIRECTION('',(0.,1.,0.));
#7260=DIRECTION('',(1.,0.,0.));
#7261=DIRECTION('center_axis',(0.,-2.22044604925031E-16,1.));
#7262=DIRECTION('ref_axis',(1.,0.,0.));
#7263=DIRECTION('center_axis',(0.,-2.22044604925031E-16,1.));
#7264=DIRECTION('ref_axis',(-1.,0.,0.));
#7265=DIRECTION('center_axis',(-1.,0.,0.));
#7266=DIRECTION('ref_axis',(0.,0.,1.));
#7267=DIRECTION('',(0.,0.,-1.));
#7268=DIRECTION('',(0.,0.,-1.));
#7269=DIRECTION('',(0.,1.,0.));
#7270=DIRECTION('',(0.,0.,1.));
#7271=DIRECTION('center_axis',(1.,0.,0.));
#7272=DIRECTION('ref_axis',(0.,0.,-1.));
#7273=DIRECTION('',(0.,0.,-1.));
#7274=DIRECTION('',(0.,-1.,0.));
#7275=DIRECTION('',(0.,0.,1.));
#7276=DIRECTION('',(0.,1.,0.));
#7277=DIRECTION('center_axis',(0.,1.,0.));
#7278=DIRECTION('ref_axis',(0.,0.,1.));
#7279=DIRECTION('',(1.,0.,0.));
#7280=DIRECTION('',(0.,0.,-1.));
#7281=DIRECTION('',(1.,0.,0.));
#7282=DIRECTION('',(-1.,0.,0.));
#7283=DIRECTION('',(0.,0.,-1.));
#7284=DIRECTION('center_axis',(-1.,0.,0.));
#7285=DIRECTION('ref_axis',(0.,0.,1.));
#7286=DIRECTION('',(0.,0.,1.));
#7287=DIRECTION('',(0.,-1.,0.));
#7288=DIRECTION('',(0.,1.,0.));
#7289=DIRECTION('center_axis',(0.,0.,-1.));
#7290=DIRECTION('ref_axis',(-1.,0.,0.));
#7291=DIRECTION('',(-1.,0.,0.));
#7292=DIRECTION('center_axis',(0.,0.,1.));
#7293=DIRECTION('ref_axis',(1.,0.,0.));
#7294=DIRECTION('',(1.,0.,0.));
#7295=DIRECTION('center_axis',(1.,0.,0.));
#7296=DIRECTION('ref_axis',(0.,0.,-1.));
#7297=DIRECTION('',(0.,-2.22044604925031E-16,1.));
#7298=DIRECTION('',(0.,1.,0.));
#7299=DIRECTION('',(0.,-2.22044604925031E-16,1.));
#7300=DIRECTION('',(0.,1.,0.));
#7301=DIRECTION('',(0.,0.,1.));
#7302=DIRECTION('',(0.,-1.,0.));
#7303=DIRECTION('',(0.,-2.22044604925031E-16,1.));
#7304=DIRECTION('',(0.,1.,0.));
#7305=DIRECTION('',(0.,0.,1.));
#7306=DIRECTION('',(0.,-1.,0.));
#7307=DIRECTION('center_axis',(0.,1.,0.));
#7308=DIRECTION('ref_axis',(0.,0.,1.));
#7309=DIRECTION('center_axis',(0.,0.,-1.));
#7310=DIRECTION('ref_axis',(-1.,0.,0.));
#7311=DIRECTION('',(-1.,0.,0.));
#7312=DIRECTION('center_axis',(0.,0.,-1.));
#7313=DIRECTION('ref_axis',(1.,0.,0.));
#7314=DIRECTION('',(1.,0.,0.));
#7315=DIRECTION('center_axis',(0.,0.,1.));
#7316=DIRECTION('ref_axis',(-1.,0.,0.));
#7317=DIRECTION('center_axis',(0.,-2.22044604925031E-16,1.));
#7318=DIRECTION('ref_axis',(1.,0.,0.));
#7319=DIRECTION('',(1.,0.,0.));
#7320=DIRECTION('center_axis',(0.,-2.22044604925031E-16,1.));
#7321=DIRECTION('ref_axis',(1.,0.,0.));
#7322=DIRECTION('',(-1.,0.,0.));
#7323=DIRECTION('center_axis',(0.,2.22044604925031E-16,-1.));
#7324=DIRECTION('ref_axis',(-1.,0.,0.));
#7325=DIRECTION('center_axis',(0.,1.,2.22044604925031E-16));
#7326=DIRECTION('ref_axis',(-1.,0.,0.));
#7327=DIRECTION('',(1.,0.,0.));
#7328=DIRECTION('',(0.,-2.22044604925031E-16,1.));
#7329=DIRECTION('',(-1.,0.,0.));
#7330=DIRECTION('center_axis',(0.,1.,2.22044604925031E-16));
#7331=DIRECTION('ref_axis',(-1.,0.,0.));
#7332=DIRECTION('',(0.,-2.22044604925031E-16,1.));
#7333=DIRECTION('',(-1.,0.,0.));
#7334=DIRECTION('center_axis',(0.,1.,2.22044604925031E-16));
#7335=DIRECTION('ref_axis',(-1.,0.,0.));
#7336=DIRECTION('',(0.,-2.22044604925031E-16,1.));
#7337=DIRECTION('center_axis',(0.,0.,-1.));
#7338=DIRECTION('ref_axis',(-1.,0.,0.));
#7339=DIRECTION('',(-1.,0.,0.));
#7340=DIRECTION('center_axis',(0.,0.,-1.));
#7341=DIRECTION('ref_axis',(1.,0.,0.));
#7342=DIRECTION('center_axis',(0.,0.,1.));
#7343=DIRECTION('ref_axis',(-1.,0.,0.));
#7344=DIRECTION('center_axis',(0.,-1.,-2.22044604925031E-16));
#7345=DIRECTION('ref_axis',(1.,0.,0.));
#7346=DIRECTION('',(0.,-2.22044604925031E-16,1.));
#7347=DIRECTION('',(1.,0.,0.));
#7348=DIRECTION('',(0.,-2.22044604925031E-16,1.));
#7349=DIRECTION('',(1.,0.,0.));
#7350=DIRECTION('',(0.,-2.22044604925031E-16,1.));
#7351=DIRECTION('center_axis',(0.,2.22044604925031E-16,-1.));
#7352=DIRECTION('ref_axis',(-1.,0.,0.));
#7353=DIRECTION('',(0.,2.22044604925031E-16,-1.));
#7354=DIRECTION('center_axis',(0.,0.,-1.));
#7355=DIRECTION('ref_axis',(-1.,0.,0.));
#7356=DIRECTION('center_axis',(0.,2.22044604925031E-16,-1.));
#7357=DIRECTION('ref_axis',(-1.,0.,0.));
#7358=DIRECTION('',(0.,2.22044604925031E-16,-1.));
#7359=DIRECTION('center_axis',(0.,2.22044604925031E-16,-1.));
#7360=DIRECTION('ref_axis',(-1.,0.,0.));
#7361=DIRECTION('',(0.,2.22044604925031E-16,-1.));
#7362=DIRECTION('center_axis',(0.,0.,-1.));
#7363=DIRECTION('ref_axis',(-1.,0.,0.));
#7364=DIRECTION('center_axis',(0.,-2.22044604925031E-16,1.));
#7365=DIRECTION('ref_axis',(1.,0.,0.));
#7366=DIRECTION('center_axis',(0.,-2.22044604925031E-16,1.));
#7367=DIRECTION('ref_axis',(1.,0.,0.));
#7368=DIRECTION('center_axis',(0.,0.,1.));
#7369=DIRECTION('ref_axis',(1.,0.,0.));
#7370=DIRECTION('center_axis',(0.,-2.22044604925031E-16,1.));
#7371=DIRECTION('ref_axis',(1.,0.,0.));
#7372=DIRECTION('center_axis',(0.,0.,1.));
#7373=DIRECTION('ref_axis',(1.,0.,0.));
#7374=DIRECTION('center_axis',(0.,0.,1.));
#7375=DIRECTION('ref_axis',(1.,0.,0.));
#7376=DIRECTION('center_axis',(0.,0.,1.));
#7377=DIRECTION('ref_axis',(1.,0.,0.));
#7378=DIRECTION('center_axis',(0.,0.,-1.));
#7379=DIRECTION('ref_axis',(-1.,0.,0.));
#7380=DIRECTION('',(-1.49975978266186E-32,1.,0.));
#7381=DIRECTION('',(-1.,0.,0.));
#7382=DIRECTION('center_axis',(0.,0.,-1.));
#7383=DIRECTION('ref_axis',(1.,0.,0.));
#7384=DIRECTION('',(1.,0.,0.));
#7385=DIRECTION('center_axis',(0.,0.,1.));
#7386=DIRECTION('ref_axis',(-1.,0.,0.));
#7387=DIRECTION('center_axis',(0.,0.,1.));
#7388=DIRECTION('ref_axis',(1.,0.,0.));
#7389=DIRECTION('',(1.49975978266186E-32,-1.,0.));
#7390=DIRECTION('',(-1.,0.,0.));
#7391=DIRECTION('center_axis',(0.,0.,1.));
#7392=DIRECTION('ref_axis',(1.,0.,0.));
#7393=DIRECTION('',(1.,0.,0.));
#7394=DIRECTION('center_axis',(0.,0.,-1.));
#7395=DIRECTION('ref_axis',(-1.,0.,0.));
#7396=DIRECTION('center_axis',(0.,1.,2.22044604925031E-16));
#7397=DIRECTION('ref_axis',(-1.,0.,0.));
#7398=DIRECTION('',(1.22464679914735E-16,2.22044604925031E-16,-1.));
#7399=DIRECTION('',(1.,0.,0.));
#7400=DIRECTION('',(0.,-2.22044604925031E-16,1.));
#7401=DIRECTION('center_axis',(0.,1.,2.22044604925031E-16));
#7402=DIRECTION('ref_axis',(-1.,0.,0.));
#7403=DIRECTION('',(1.22464679914735E-16,2.22044604925031E-16,-1.));
#7404=DIRECTION('',(-1.,0.,0.));
#7405=DIRECTION('',(0.,-2.22044604925031E-16,1.));
#7406=DIRECTION('',(-1.,0.,0.));
#7407=DIRECTION('center_axis',(0.,1.,2.22044604925031E-16));
#7408=DIRECTION('ref_axis',(-1.,0.,0.));
#7409=DIRECTION('',(1.22464679914735E-16,2.22044604925031E-16,-1.));
#7410=DIRECTION('',(0.,-2.22044604925031E-16,1.));
#7411=DIRECTION('',(1.,0.,0.));
#7412=DIRECTION('center_axis',(0.,2.22044604925031E-16,-1.));
#7413=DIRECTION('ref_axis',(-1.,0.,0.));
#7414=DIRECTION('center_axis',(0.,0.,1.));
#7415=DIRECTION('ref_axis',(-1.,0.,0.));
#7416=DIRECTION('',(0.,2.22044604925031E-16,-1.));
#7417=DIRECTION('center_axis',(0.,2.22044604925031E-16,-1.));
#7418=DIRECTION('ref_axis',(-1.,0.,0.));
#7419=DIRECTION('',(0.,2.22044604925031E-16,-1.));
#7420=DIRECTION('center_axis',(0.,-2.22044604925031E-16,1.));
#7421=DIRECTION('ref_axis',(-1.,0.,0.));
#7422=DIRECTION('center_axis',(0.,2.22044604925031E-16,-1.));
#7423=DIRECTION('ref_axis',(-1.,0.,0.));
#7424=DIRECTION('center_axis',(0.,2.22044604925031E-16,-1.));
#7425=DIRECTION('ref_axis',(-1.,0.,0.));
#7426=DIRECTION('',(0.,2.22044604925031E-16,-1.));
#7427=DIRECTION('center_axis',(0.,0.,-1.));
#7428=DIRECTION('ref_axis',(-1.,0.,0.));
#7429=DIRECTION('center_axis',(0.,-2.22044604925031E-16,1.));
#7430=DIRECTION('ref_axis',(1.,0.,0.));
#7431=DIRECTION('',(0.,-2.22044604925031E-16,1.));
#7432=DIRECTION('center_axis',(0.,-2.22044604925031E-16,1.));
#7433=DIRECTION('ref_axis',(1.,0.,0.));
#7434=DIRECTION('center_axis',(0.,-2.22044604925031E-16,1.));
#7435=DIRECTION('ref_axis',(1.,0.,0.));
#7436=DIRECTION('center_axis',(0.,0.,-1.));
#7437=DIRECTION('ref_axis',(1.,0.,0.));
#7438=DIRECTION('',(0.,-2.22044604925031E-16,1.));
#7439=DIRECTION('center_axis',(0.,-2.22044604925031E-16,1.));
#7440=DIRECTION('ref_axis',(1.,0.,0.));
#7441=DIRECTION('center_axis',(0.,0.,1.));
#7442=DIRECTION('ref_axis',(1.,0.,0.));
#7443=DIRECTION('center_axis',(0.,-2.22044604925031E-16,1.));
#7444=DIRECTION('ref_axis',(1.,0.,0.));
#7445=DIRECTION('',(0.,-2.22044604925031E-16,1.));
#7446=DIRECTION('center_axis',(0.,0.,-1.));
#7447=DIRECTION('ref_axis',(-1.,0.,0.));
#7448=DIRECTION('',(-1.49975978266186E-32,1.,0.));
#7449=DIRECTION('',(-1.,0.,0.));
#7450=DIRECTION('center_axis',(0.,0.,1.));
#7451=DIRECTION('ref_axis',(1.,0.,0.));
#7452=DIRECTION('',(1.49975978266186E-32,-1.,0.));
#7453=DIRECTION('',(1.,0.,0.));
#7454=DIRECTION('center_axis',(1.22464679914735E-16,-1.22464679914735E-16,
-1.));
#7455=DIRECTION('ref_axis',(1.,1.49975978266186E-32,1.22464679914735E-16));
#7456=DIRECTION('',(-1.,0.,0.));
#7457=DIRECTION('',(0.,1.,-1.22464679914735E-16));
#7458=DIRECTION('',(-1.,0.,0.));
#7459=DIRECTION('',(0.,-1.,1.22464679914735E-16));
#7460=DIRECTION('center_axis',(-1.22464679914735E-16,1.22464679914735E-16,
1.));
#7461=DIRECTION('ref_axis',(-1.,-1.49975978266186E-32,-1.22464679914735E-16));
#7462=DIRECTION('',(-1.,-1.49975978266186E-32,-1.22464679914735E-16));
#7463=DIRECTION('',(0.,-1.,1.22464679914735E-16));
#7464=DIRECTION('',(1.,1.49975978266186E-32,1.22464679914735E-16));
#7465=DIRECTION('',(0.,-1.,1.22464679914735E-16));
#7466=DIRECTION('center_axis',(0.,-1.,1.22464679914735E-16));
#7467=DIRECTION('ref_axis',(-1.22464679914735E-16,1.22464679914735E-16,
1.));
#7468=DIRECTION('',(0.,-1.22464679914735E-16,-1.));
#7469=DIRECTION('',(1.,1.49975978266186E-32,1.22464679914735E-16));
#7470=DIRECTION('',(1.22464679914735E-16,-1.22464679914735E-16,-1.));
#7471=DIRECTION('',(-1.,0.,0.));
#7472=DIRECTION('',(0.,-1.22464679914735E-16,-1.));
#7473=DIRECTION('',(-1.22464679914735E-16,1.22464679914735E-16,1.));
#7474=DIRECTION('',(-1.22464679914735E-16,1.22464679914735E-16,1.));
#7475=DIRECTION('center_axis',(1.,0.,0.));
#7476=DIRECTION('ref_axis',(0.,-1.,0.));
#7477=DIRECTION('',(0.,1.,-1.22464679914735E-16));
#7478=DIRECTION('',(0.,1.22464679914735E-16,1.));
#7479=DIRECTION('',(0.,-1.,1.22464679914735E-16));
#7480=DIRECTION('',(0.,1.22464679914735E-16,1.));
#7481=DIRECTION('',(0.,-1.,1.22464679914735E-16));
#7482=DIRECTION('',(0.,-1.22464679914735E-16,-1.));
#7483=DIRECTION('',(0.,1.,-1.22464679914735E-16));
#7484=DIRECTION('',(0.,1.22464679914735E-16,1.));
#7485=DIRECTION('center_axis',(0.,-1.,1.22464679914735E-16));
#7486=DIRECTION('ref_axis',(-1.,-1.49975978266186E-32,-1.22464679914735E-16));
#7487=DIRECTION('',(1.22464679914735E-16,-1.22464679914735E-16,-1.));
#7488=DIRECTION('center_axis',(-1.22464679914735E-16,1.22464679914735E-16,
1.));
#7489=DIRECTION('ref_axis',(0.,-1.,1.22464679914735E-16));
#7490=DIRECTION('',(1.,1.49975978266186E-32,1.22464679914735E-16));
#7491=DIRECTION('',(0.,-1.,1.22464679914735E-16));
#7492=DIRECTION('center_axis',(0.,-1.,1.22464679914735E-16));
#7493=DIRECTION('ref_axis',(1.22464679914735E-16,-1.22464679914735E-16,
-1.));
#7494=DIRECTION('',(1.,1.49975978266186E-32,1.22464679914735E-16));
#7495=DIRECTION('',(1.22464679914735E-16,-1.22464679914735E-16,-1.));
#7496=DIRECTION('center_axis',(1.22464679914735E-16,-1.22464679914735E-16,
-1.));
#7497=DIRECTION('ref_axis',(0.,1.,-1.22464679914735E-16));
#7498=DIRECTION('',(0.,1.,-1.22464679914735E-16));
#7499=DIRECTION('',(1.,1.49975978266186E-32,1.22464679914735E-16));
#7500=DIRECTION('center_axis',(-1.22464679914735E-16,1.22464679914735E-16,
1.));
#7501=DIRECTION('ref_axis',(0.,-1.,1.22464679914735E-16));
#7502=DIRECTION('',(1.,1.49975978266186E-32,1.22464679914735E-16));
#7503=DIRECTION('',(0.,-1.,1.22464679914735E-16));
#7504=DIRECTION('center_axis',(0.,-1.,1.22464679914735E-16));
#7505=DIRECTION('ref_axis',(1.22464679914735E-16,-1.22464679914735E-16,
-1.));
#7506=DIRECTION('',(1.22464679914735E-16,-1.22464679914735E-16,-1.));
#7507=DIRECTION('',(1.,1.49975978266186E-32,1.22464679914735E-16));
#7508=DIRECTION('center_axis',(0.,1.,-1.22464679914735E-16));
#7509=DIRECTION('ref_axis',(-1.22464679914735E-16,1.22464679914735E-16,
1.));
#7510=DIRECTION('',(-1.,0.,0.));
#7511=DIRECTION('',(-1.22464679914735E-16,1.22464679914735E-16,1.));
#7512=DIRECTION('center_axis',(1.22464679914735E-16,-1.22464679914735E-16,
-1.));
#7513=DIRECTION('ref_axis',(0.,1.,-1.22464679914735E-16));
#7514=DIRECTION('',(0.,1.,-1.22464679914735E-16));
#7515=DIRECTION('center_axis',(1.,1.49975978266186E-32,1.22464679914735E-16));
#7516=DIRECTION('ref_axis',(-1.22464679914735E-16,1.22464679914735E-16,
1.));
#7517=DIRECTION('center_axis',(1.,1.49975978266186E-32,1.22464679914735E-16));
#7518=DIRECTION('ref_axis',(-1.22464679914735E-16,1.22464679914735E-16,
1.));
#7519=DIRECTION('center_axis',(0.,0.,-1.));
#7520=DIRECTION('ref_axis',(-1.,0.,0.));
#7521=DIRECTION('center_axis',(0.,0.,-1.));
#7522=DIRECTION('ref_axis',(1.,0.,0.));
#7523=DIRECTION('',(1.,0.,0.));
#7524=DIRECTION('center_axis',(0.,0.,-1.));
#7525=DIRECTION('ref_axis',(1.,0.,0.));
#7526=DIRECTION('',(-1.,0.,0.));
#7527=DIRECTION('center_axis',(0.,0.,1.));
#7528=DIRECTION('ref_axis',(1.,0.,0.));
#7529=DIRECTION('center_axis',(0.,0.,1.));
#7530=DIRECTION('ref_axis',(1.,0.,0.));
#7531=DIRECTION('center_axis',(0.,0.,1.));
#7532=DIRECTION('ref_axis',(1.,0.,0.));
#7533=DIRECTION('center_axis',(0.,0.,1.));
#7534=DIRECTION('ref_axis',(1.,0.,0.));
#7535=DIRECTION('',(1.,0.,0.));
#7536=DIRECTION('center_axis',(0.,0.,1.));
#7537=DIRECTION('ref_axis',(1.,0.,0.));
#7538=DIRECTION('',(-1.,0.,0.));
#7539=DIRECTION('center_axis',(0.,0.,-1.));
#7540=DIRECTION('ref_axis',(1.,0.,0.));
#7541=DIRECTION('center_axis',(0.,0.,-1.));
#7542=DIRECTION('ref_axis',(1.,0.,0.));
#7543=DIRECTION('center_axis',(0.,-1.,0.));
#7544=DIRECTION('ref_axis',(1.,0.,0.));
#7545=DIRECTION('',(0.,0.,1.));
#7546=DIRECTION('',(0.,0.,1.));
#7547=DIRECTION('center_axis',(0.,0.,-1.));
#7548=DIRECTION('ref_axis',(1.,0.,0.));
#7549=DIRECTION('',(0.,0.,-1.));
#7550=DIRECTION('center_axis',(0.,0.,-1.));
#7551=DIRECTION('ref_axis',(1.,0.,0.));
#7552=DIRECTION('',(0.,0.,-1.));
#7553=DIRECTION('center_axis',(0.,0.,-1.));
#7554=DIRECTION('ref_axis',(1.,0.,0.));
#7555=DIRECTION('',(0.,0.,1.));
#7556=DIRECTION('center_axis',(0.,0.,-1.));
#7557=DIRECTION('ref_axis',(-1.,-1.22464679914735E-16,0.));
#7558=DIRECTION('',(0.,0.,1.));
#7559=DIRECTION('center_axis',(0.,-1.,0.));
#7560=DIRECTION('ref_axis',(-1.,0.,0.));
#7561=DIRECTION('center_axis',(0.,0.,-1.));
#7562=DIRECTION('ref_axis',(0.,1.,0.));
#7563=DIRECTION('',(0.,1.,0.));
#7564=DIRECTION('',(1.,0.,0.));
#7565=DIRECTION('',(0.,1.,0.));
#7566=DIRECTION('',(1.,0.,0.));
#7567=DIRECTION('center_axis',(0.,-1.,0.));
#7568=DIRECTION('ref_axis',(0.,0.,-1.));
#7569=DIRECTION('',(0.,0.,-1.));
#7570=DIRECTION('',(0.,0.,-1.));
#7571=DIRECTION('',(1.,0.,0.));
#7572=DIRECTION('center_axis',(0.,0.,1.));
#7573=DIRECTION('ref_axis',(0.,-1.,0.));
#7574=DIRECTION('',(0.,-1.,0.));
#7575=DIRECTION('',(0.,-1.,0.));
#7576=DIRECTION('',(1.,0.,0.));
#7577=DIRECTION('center_axis',(0.,1.,0.));
#7578=DIRECTION('ref_axis',(0.,0.,1.));
#7579=DIRECTION('',(0.,0.,1.));
#7580=DIRECTION('',(0.,0.,1.));
#7581=DIRECTION('',(1.,0.,0.));
#7582=DIRECTION('center_axis',(0.,0.,1.));
#7583=DIRECTION('ref_axis',(0.,-1.,0.));
#7584=DIRECTION('',(0.,-1.,0.));
#7585=DIRECTION('',(0.,-1.,0.));
#7586=DIRECTION('',(1.,0.,0.));
#7587=DIRECTION('center_axis',(0.,1.,0.));
#7588=DIRECTION('ref_axis',(0.,0.,1.));
#7589=DIRECTION('',(0.,0.,1.));
#7590=DIRECTION('',(1.,0.,0.));
#7591=DIRECTION('',(0.,0.,1.));
#7592=DIRECTION('center_axis',(0.,0.,-1.));
#7593=DIRECTION('ref_axis',(0.,1.,0.));
#7594=DIRECTION('',(0.,1.,0.));
#7595=DIRECTION('',(-1.,0.,0.));
#7596=DIRECTION('',(0.,1.,0.));
#7597=DIRECTION('center_axis',(1.,0.,0.));
#7598=DIRECTION('ref_axis',(0.,0.,-1.));
#7599=DIRECTION('',(0.,-2.22044604925031E-16,1.));
#7600=DIRECTION('',(0.,1.,2.22044604925031E-16));
#7601=DIRECTION('',(0.,2.22044604925031E-16,-1.));
#7602=DIRECTION('',(0.,2.22044604925031E-16,-1.));
#7603=DIRECTION('',(0.,-1.,-2.22044604925031E-16));
#7604=DIRECTION('center_axis',(-1.,0.,0.));
#7605=DIRECTION('ref_axis',(0.,0.,1.));
#7606=DIRECTION('',(0.,-2.22044604925031E-16,1.));
#7607=DIRECTION('center_axis',(0.,-1.,-2.22044604925031E-16));
#7608=DIRECTION('ref_axis',(1.,0.,0.));
#7609=DIRECTION('',(-1.,0.,0.));
#7610=DIRECTION('',(0.,-2.22044604925031E-16,1.));
#7611=DIRECTION('',(-1.,0.,0.));
#7612=DIRECTION('',(0.,-2.22044604925031E-16,1.));
#7613=DIRECTION('',(1.,0.,0.));
#7614=DIRECTION('',(0.,-2.22044604925031E-16,1.));
#7615=DIRECTION('',(-1.,0.,0.));
#7616=DIRECTION('',(0.,-2.22044604925031E-16,1.));
#7617=DIRECTION('',(1.,0.,0.));
#7618=DIRECTION('',(0.,-2.22044604925031E-16,1.));
#7619=DIRECTION('',(1.,0.,0.));
#7620=DIRECTION('center_axis',(0.,-2.22044604925031E-16,1.));
#7621=DIRECTION('ref_axis',(1.,0.,0.));
#7622=DIRECTION('',(1.,0.,0.));
#7623=DIRECTION('center_axis',(0.,-2.22044604925031E-16,1.));
#7624=DIRECTION('ref_axis',(1.,0.,0.));
#7625=DIRECTION('center_axis',(0.,-2.22044604925031E-16,1.));
#7626=DIRECTION('ref_axis',(-1.,0.,0.));
#7627=DIRECTION('center_axis',(-1.,0.,0.));
#7628=DIRECTION('ref_axis',(0.,0.,-1.));
#7629=DIRECTION('',(0.,-1.,0.));
#7630=DIRECTION('',(0.,2.22044604925031E-16,-1.));
#7631=DIRECTION('',(0.,-1.,0.));
#7632=DIRECTION('center_axis',(-1.,0.,0.));
#7633=DIRECTION('ref_axis',(0.,0.,-1.));
#7634=DIRECTION('',(0.,-1.,0.));
#7635=DIRECTION('',(0.,2.22044604925031E-16,-1.));
#7636=DIRECTION('',(0.,-1.,0.));
#7637=DIRECTION('center_axis',(0.,1.,2.22044604925031E-16));
#7638=DIRECTION('ref_axis',(-1.,0.,0.));
#7639=DIRECTION('',(-1.,0.,0.));
#7640=DIRECTION('',(0.,-2.22044604925031E-16,1.));
#7641=DIRECTION('',(-1.,0.,0.));
#7642=DIRECTION('',(1.,0.,0.));
#7643=DIRECTION('',(0.,-2.22044604925031E-16,1.));
#7644=DIRECTION('',(-1.,0.,0.));
#7645=DIRECTION('',(1.,0.,0.));
#7646=DIRECTION('',(0.,-2.22044604925031E-16,1.));
#7647=DIRECTION('center_axis',(0.,-2.22044604925031E-16,1.));
#7648=DIRECTION('ref_axis',(1.,0.,0.));
#7649=DIRECTION('center_axis',(0.,-2.22044604925031E-16,1.));
#7650=DIRECTION('ref_axis',(1.,0.,0.));
#7651=DIRECTION('center_axis',(0.,2.22044604925031E-16,-1.));
#7652=DIRECTION('ref_axis',(-1.,0.,0.));
#7653=DIRECTION('center_axis',(0.,2.22044604925031E-16,-1.));
#7654=DIRECTION('ref_axis',(-1.,0.,0.));
#7655=DIRECTION('center_axis',(0.,0.,1.));
#7656=DIRECTION('ref_axis',(-1.,0.,0.));
#7657=DIRECTION('',(0.,2.22044604925031E-16,-1.));
#7658=DIRECTION('center_axis',(0.,0.,-1.));
#7659=DIRECTION('ref_axis',(-1.,0.,0.));
#7660=DIRECTION('center_axis',(0.,2.22044604925031E-16,-1.));
#7661=DIRECTION('ref_axis',(-1.,0.,0.));
#7662=DIRECTION('center_axis',(0.,0.,1.));
#7663=DIRECTION('ref_axis',(-1.,0.,0.));
#7664=DIRECTION('',(0.,2.22044604925031E-16,-1.));
#7665=DIRECTION('center_axis',(0.,2.22044604925031E-16,-1.));
#7666=DIRECTION('ref_axis',(-1.,0.,0.));
#7667=DIRECTION('',(0.,2.22044604925031E-16,-1.));
#7668=DIRECTION('center_axis',(0.,0.,-1.));
#7669=DIRECTION('ref_axis',(-1.,0.,0.));
#7670=DIRECTION('center_axis',(0.,-2.22044604925031E-16,1.));
#7671=DIRECTION('ref_axis',(1.,0.,0.));
#7672=DIRECTION('center_axis',(0.,0.,-1.));
#7673=DIRECTION('ref_axis',(1.,0.,0.));
#7674=DIRECTION('center_axis',(0.,-2.22044604925031E-16,1.));
#7675=DIRECTION('ref_axis',(1.,0.,0.));
#7676=DIRECTION('center_axis',(0.,0.,1.));
#7677=DIRECTION('ref_axis',(1.,0.,0.));
#7678=DIRECTION('center_axis',(0.,0.,-1.));
#7679=DIRECTION('ref_axis',(1.,0.,0.));
#7680=DIRECTION('center_axis',(0.,-2.22044604925031E-16,1.));
#7681=DIRECTION('ref_axis',(1.,0.,0.));
#7682=DIRECTION('center_axis',(0.,0.,1.));
#7683=DIRECTION('ref_axis',(1.,0.,0.));
#7684=DIRECTION('center_axis',(0.,0.,-1.));
#7685=DIRECTION('ref_axis',(-1.,0.,0.));
#7686=DIRECTION('center_axis',(0.,0.,1.));
#7687=DIRECTION('ref_axis',(1.,0.,0.));
#7688=DIRECTION('center_axis',(0.,0.,-1.));
#7689=DIRECTION('ref_axis',(-1.,0.,0.));
#7690=DIRECTION('center_axis',(0.,0.,1.));
#7691=DIRECTION('ref_axis',(1.,0.,0.));
#7692=DIRECTION('center_axis',(0.,1.22464679914735E-16,1.));
#7693=DIRECTION('ref_axis',(0.,1.,-1.22464679914735E-16));
#7694=DIRECTION('',(0.,1.,-1.22464679914735E-16));
#7695=DIRECTION('',(-1.,0.,0.));
#7696=DIRECTION('',(0.,1.,-1.22464679914735E-16));
#7697=DIRECTION('',(-1.,0.,0.));
#7698=DIRECTION('center_axis',(0.,-1.,1.22464679914735E-16));
#7699=DIRECTION('ref_axis',(0.,1.22464679914735E-16,1.));
#7700=DIRECTION('',(0.,1.22464679914735E-16,1.));
#7701=DIRECTION('',(0.,1.22464679914735E-16,1.));
#7702=DIRECTION('',(-1.,0.,0.));
#7703=DIRECTION('center_axis',(0.,-1.22464679914735E-16,-1.));
#7704=DIRECTION('ref_axis',(0.,-1.,1.22464679914735E-16));
#7705=DIRECTION('',(0.,-1.,1.22464679914735E-16));
#7706=DIRECTION('',(0.,-1.,1.22464679914735E-16));
#7707=DIRECTION('',(-1.,0.,0.));
#7708=DIRECTION('center_axis',(0.,1.,-1.22464679914735E-16));
#7709=DIRECTION('ref_axis',(0.,-1.22464679914735E-16,-1.));
#7710=DIRECTION('',(0.,-1.22464679914735E-16,-1.));
#7711=DIRECTION('',(0.,-1.22464679914735E-16,-1.));
#7712=DIRECTION('',(-1.,0.,0.));
#7713=DIRECTION('center_axis',(0.,-1.22464679914735E-16,-1.));
#7714=DIRECTION('ref_axis',(0.,-1.,1.22464679914735E-16));
#7715=DIRECTION('',(0.,-1.,1.22464679914735E-16));
#7716=DIRECTION('',(0.,-1.,1.22464679914735E-16));
#7717=DIRECTION('',(-1.,-1.22464679914735E-16,1.49975978266186E-32));
#7718=DIRECTION('center_axis',(0.,1.,-1.22464679914735E-16));
#7719=DIRECTION('ref_axis',(0.,-1.22464679914735E-16,-1.));
#7720=DIRECTION('',(0.,-1.22464679914735E-16,-1.));
#7721=DIRECTION('',(-1.,0.,0.));
#7722=DIRECTION('',(0.,-1.22464679914735E-16,-1.));
#7723=DIRECTION('center_axis',(0.,1.22464679914735E-16,1.));
#7724=DIRECTION('ref_axis',(0.,1.,-1.22464679914735E-16));
#7725=DIRECTION('',(0.,1.,-1.22464679914735E-16));
#7726=DIRECTION('',(1.,1.22464679914735E-16,-1.49975978266186E-32));
#7727=DIRECTION('',(0.,1.,-1.22464679914735E-16));
#7728=DIRECTION('center_axis',(-1.,0.,0.));
#7729=DIRECTION('ref_axis',(0.,0.,1.));
#7730=DIRECTION('',(0.,2.22044604925031E-16,-1.));
#7731=DIRECTION('',(0.,1.,2.22044604925031E-16));
#7732=DIRECTION('',(0.,-2.22044604925031E-16,1.));
#7733=DIRECTION('',(0.,-2.22044604925031E-16,1.));
#7734=DIRECTION('',(0.,-1.,-2.22044604925031E-16));
#7735=DIRECTION('center_axis',(1.,0.,0.));
#7736=DIRECTION('ref_axis',(0.,0.,-1.));
#7737=DIRECTION('',(0.,2.22044604925031E-16,-1.));
#7738=DIRECTION('center_axis',(-1.22464679914735E-16,1.,2.22044604925031E-16));
#7739=DIRECTION('ref_axis',(-1.,-1.22464679914735E-16,-2.71926214689378E-32));
#7740=DIRECTION('',(1.,0.,0.));
#7741=DIRECTION('',(0.,-2.22044604925031E-16,1.));
#7742=DIRECTION('',(1.,1.22464679914735E-16,0.));
#7743=DIRECTION('',(0.,-2.22044604925031E-16,1.));
#7744=DIRECTION('',(-1.,-1.22464679914735E-16,0.));
#7745=DIRECTION('',(0.,-2.22044604925031E-16,1.));
#7746=DIRECTION('',(1.,1.22464679914735E-16,0.));
#7747=DIRECTION('',(0.,-2.22044604925031E-16,1.));
#7748=DIRECTION('',(-1.,-1.22464679914735E-16,0.));
#7749=DIRECTION('',(0.,-2.22044604925031E-16,1.));
#7750=DIRECTION('',(-1.,-1.22464679914735E-16,-2.71926214689378E-32));
#7751=DIRECTION('center_axis',(0.,-2.22044604925031E-16,1.));
#7752=DIRECTION('ref_axis',(1.,0.,0.));
#7753=DIRECTION('',(-1.,-1.22464679914735E-16,-2.71926214689378E-32));
#7754=DIRECTION('center_axis',(0.,-2.22044604925031E-16,1.));
#7755=DIRECTION('ref_axis',(-1.,-1.22464679914735E-16,-2.71926214689378E-32));
#7756=DIRECTION('center_axis',(0.,-2.22044604925031E-16,1.));
#7757=DIRECTION('ref_axis',(-1.,0.,0.));
#7758=DIRECTION('center_axis',(1.,0.,0.));
#7759=DIRECTION('ref_axis',(0.,0.,1.));
#7760=DIRECTION('',(0.,2.22044604925031E-16,-1.));
#7761=DIRECTION('',(0.,-1.,0.));
#7762=DIRECTION('',(0.,-1.,0.));
#7763=DIRECTION('center_axis',(1.,0.,0.));
#7764=DIRECTION('ref_axis',(0.,0.,1.));
#7765=DIRECTION('',(0.,2.22044604925031E-16,-1.));
#7766=DIRECTION('',(0.,-1.,0.));
#7767=DIRECTION('',(0.,-1.,0.));
#7768=DIRECTION('center_axis',(1.22464679914735E-16,-1.,-2.22044604925031E-16));
#7769=DIRECTION('ref_axis',(1.,1.22464679914735E-16,2.71926214689378E-32));
#7770=DIRECTION('',(1.,1.22464679914735E-16,2.71926214689378E-32));
#7771=DIRECTION('',(0.,-2.22044604925031E-16,1.));
#7772=DIRECTION('',(1.,1.22464679914735E-16,0.));
#7773=DIRECTION('',(-1.,-1.22464679914735E-16,0.));
#7774=DIRECTION('',(0.,-2.22044604925031E-16,1.));
#7775=DIRECTION('',(1.,1.22464679914735E-16,0.));
#7776=DIRECTION('',(-1.,-1.22464679914735E-16,0.));
#7777=DIRECTION('',(0.,-2.22044604925031E-16,1.));
#7778=DIRECTION('center_axis',(0.,-2.22044604925031E-16,1.));
#7779=DIRECTION('ref_axis',(-1.,-1.22464679914735E-16,-2.71926214689378E-32));
#7780=DIRECTION('center_axis',(0.,-2.22044604925031E-16,1.));
#7781=DIRECTION('ref_axis',(-1.,-1.22464679914735E-16,-2.71926214689378E-32));
#7782=DIRECTION('center_axis',(0.,2.22044604925031E-16,-1.));
#7783=DIRECTION('ref_axis',(-1.,0.,0.));
#7784=DIRECTION('center_axis',(0.,2.22044604925031E-16,-1.));
#7785=DIRECTION('ref_axis',(-1.,0.,0.));
#7786=DIRECTION('center_axis',(0.,0.,1.));
#7787=DIRECTION('ref_axis',(-1.,0.,0.));
#7788=DIRECTION('',(0.,2.22044604925031E-16,-1.));
#7789=DIRECTION('center_axis',(0.,0.,-1.));
#7790=DIRECTION('ref_axis',(-1.,0.,0.));
#7791=DIRECTION('center_axis',(0.,2.22044604925031E-16,-1.));
#7792=DIRECTION('ref_axis',(-1.,0.,0.));
#7793=DIRECTION('center_axis',(0.,0.,1.));
#7794=DIRECTION('ref_axis',(-1.,0.,0.));
#7795=DIRECTION('',(0.,2.22044604925031E-16,-1.));
#7796=DIRECTION('center_axis',(0.,2.22044604925031E-16,-1.));
#7797=DIRECTION('ref_axis',(-1.,0.,0.));
#7798=DIRECTION('',(0.,2.22044604925031E-16,-1.));
#7799=DIRECTION('center_axis',(0.,0.,-1.));
#7800=DIRECTION('ref_axis',(-1.,0.,0.));
#7801=DIRECTION('center_axis',(0.,-2.22044604925031E-16,1.));
#7802=DIRECTION('ref_axis',(-1.,-1.22464679914735E-16,-2.71926214689378E-32));
#7803=DIRECTION('center_axis',(0.,0.,1.));
#7804=DIRECTION('ref_axis',(-1.,-1.22464679914735E-16,-2.71926214689378E-32));
#7805=DIRECTION('center_axis',(0.,0.,-1.));
#7806=DIRECTION('ref_axis',(-1.,-1.22464679914735E-16,-2.71926214689378E-32));
#7807=DIRECTION('center_axis',(0.,-2.22044604925031E-16,1.));
#7808=DIRECTION('ref_axis',(-1.,-1.22464679914735E-16,-2.71926214689378E-32));
#7809=DIRECTION('center_axis',(0.,0.,-1.));
#7810=DIRECTION('ref_axis',(-1.,-1.22464679914735E-16,-2.71926214689378E-32));
#7811=DIRECTION('center_axis',(0.,-2.22044604925031E-16,1.));
#7812=DIRECTION('ref_axis',(-1.,-1.22464679914735E-16,-2.71926214689378E-32));
#7813=DIRECTION('center_axis',(0.,0.,1.));
#7814=DIRECTION('ref_axis',(-1.,-1.22464679914735E-16,-2.71926214689378E-32));
#7815=DIRECTION('center_axis',(0.,0.,-1.));
#7816=DIRECTION('ref_axis',(-1.,0.,0.));
#7817=DIRECTION('center_axis',(0.,0.,1.));
#7818=DIRECTION('ref_axis',(1.,0.,0.));
#7819=DIRECTION('center_axis',(0.,0.,-1.));
#7820=DIRECTION('ref_axis',(-1.,0.,0.));
#7821=DIRECTION('center_axis',(0.,0.,1.));
#7822=DIRECTION('ref_axis',(1.,0.,0.));
#7823=DIRECTION('center_axis',(0.,0.,-1.));
#7824=DIRECTION('ref_axis',(-1.,0.,0.));
#7825=DIRECTION('center_axis',(0.,0.,-1.));
#7826=DIRECTION('ref_axis',(1.,0.,0.));
#7827=DIRECTION('',(1.,0.,0.));
#7828=DIRECTION('center_axis',(0.,0.,-1.));
#7829=DIRECTION('ref_axis',(1.,0.,0.));
#7830=DIRECTION('',(-1.,0.,0.));
#7831=DIRECTION('center_axis',(0.,0.,1.));
#7832=DIRECTION('ref_axis',(1.,0.,0.));
#7833=DIRECTION('center_axis',(0.,0.,1.));
#7834=DIRECTION('ref_axis',(1.,0.,0.));
#7835=DIRECTION('center_axis',(0.,0.,1.));
#7836=DIRECTION('ref_axis',(1.,0.,0.));
#7837=DIRECTION('center_axis',(0.,0.,1.));
#7838=DIRECTION('ref_axis',(1.,0.,0.));
#7839=DIRECTION('',(1.,0.,0.));
#7840=DIRECTION('center_axis',(0.,0.,1.));
#7841=DIRECTION('ref_axis',(1.,0.,0.));
#7842=DIRECTION('',(-1.,0.,0.));
#7843=DIRECTION('center_axis',(0.,0.,-1.));
#7844=DIRECTION('ref_axis',(1.,0.,0.));
#7845=DIRECTION('center_axis',(0.,0.,-1.));
#7846=DIRECTION('ref_axis',(1.,0.,0.));
#7847=DIRECTION('center_axis',(0.,-1.,0.));
#7848=DIRECTION('ref_axis',(1.,0.,0.));
#7849=DIRECTION('',(0.,0.,1.));
#7850=DIRECTION('',(0.,0.,1.));
#7851=DIRECTION('center_axis',(0.,0.,-1.));
#7852=DIRECTION('ref_axis',(1.,0.,0.));
#7853=DIRECTION('',(0.,0.,-1.));
#7854=DIRECTION('center_axis',(0.,0.,-1.));
#7855=DIRECTION('ref_axis',(1.,0.,0.));
#7856=DIRECTION('',(0.,0.,-1.));
#7857=DIRECTION('center_axis',(0.,0.,-1.));
#7858=DIRECTION('ref_axis',(-1.,-1.22464679914735E-16,0.));
#7859=DIRECTION('',(0.,0.,1.));
#7860=DIRECTION('center_axis',(0.,0.,-1.));
#7861=DIRECTION('ref_axis',(1.,0.,0.));
#7862=DIRECTION('',(0.,0.,1.));
#7863=DIRECTION('center_axis',(0.,-1.,0.));
#7864=DIRECTION('ref_axis',(-1.,0.,0.));
#7865=DIRECTION('center_axis',(0.,0.,1.));
#7866=DIRECTION('ref_axis',(1.,0.,0.));
#7867=DIRECTION('',(0.,1.,0.));
#7868=DIRECTION('',(1.,1.22464679914735E-16,0.));
#7869=DIRECTION('center_axis',(0.,0.,1.));
#7870=DIRECTION('ref_axis',(-1.,-1.22464679914735E-16,-2.71926214689378E-32));
#7871=DIRECTION('',(-1.,-1.22464679914735E-16,0.));
#7872=DIRECTION('center_axis',(0.,0.,-1.));
#7873=DIRECTION('ref_axis',(-1.,0.,0.));
#7874=DIRECTION('center_axis',(-1.22464679914735E-16,1.,2.22044604925031E-16));
#7875=DIRECTION('ref_axis',(-1.,-1.22464679914735E-16,-2.71926214689378E-32));
#7876=DIRECTION('',(0.,-2.22044604925031E-16,1.));
#7877=DIRECTION('',(-1.,-1.22464679914735E-16,0.));
#7878=DIRECTION('',(0.,-2.22044604925031E-16,1.));
#7879=DIRECTION('',(1.,1.22464679914735E-16,0.));
#7880=DIRECTION('center_axis',(-1.22464679914735E-16,1.,2.22044604925031E-16));
#7881=DIRECTION('ref_axis',(-1.,-1.22464679914735E-16,-2.71926214689378E-32));
#7882=DIRECTION('',(0.,-2.22044604925031E-16,1.));
#7883=DIRECTION('',(0.,-2.22044604925031E-16,1.));
#7884=DIRECTION('',(-1.,-1.22464679914735E-16,-2.71926214689378E-32));
#7885=DIRECTION('center_axis',(0.,0.,1.));
#7886=DIRECTION('ref_axis',(1.,0.,0.));
#7887=DIRECTION('',(0.,1.,0.));
#7888=DIRECTION('',(1.,1.22464679914735E-16,0.));
#7889=DIRECTION('center_axis',(0.,0.,1.));
#7890=DIRECTION('ref_axis',(-1.,-1.22464679914735E-16,-2.71926214689378E-32));
#7891=DIRECTION('center_axis',(0.,0.,-1.));
#7892=DIRECTION('ref_axis',(-1.,0.,0.));
#7893=DIRECTION('center_axis',(-1.22464679914735E-16,1.,2.22044604925031E-16));
#7894=DIRECTION('ref_axis',(-1.,-1.22464679914735E-16,-2.71926214689378E-32));
#7895=DIRECTION('',(0.,-2.22044604925031E-16,1.));
#7896=DIRECTION('',(1.,1.22464679914735E-16,2.71926214689378E-32));
#7897=DIRECTION('',(0.,-2.22044604925031E-16,1.));
#7898=DIRECTION('',(1.,1.22464679914735E-16,0.));
#7899=DIRECTION('center_axis',(0.,2.22044604925031E-16,-1.));
#7900=DIRECTION('ref_axis',(-1.,0.,0.));
#7901=DIRECTION('center_axis',(0.,0.,1.));
#7902=DIRECTION('ref_axis',(-1.,0.,0.));
#7903=DIRECTION('',(0.,2.22044604925031E-16,-1.));
#7904=DIRECTION('center_axis',(0.,2.22044604925031E-16,-1.));
#7905=DIRECTION('ref_axis',(-1.,0.,0.));
#7906=DIRECTION('center_axis',(0.,0.,1.));
#7907=DIRECTION('ref_axis',(-1.,0.,0.));
#7908=DIRECTION('',(0.,2.22044604925031E-16,-1.));
#7909=DIRECTION('center_axis',(0.,-2.22044604925031E-16,1.));
#7910=DIRECTION('ref_axis',(-1.,0.,0.));
#7911=DIRECTION('center_axis',(0.,2.22044604925031E-16,-1.));
#7912=DIRECTION('ref_axis',(-1.,0.,0.));
#7913=DIRECTION('center_axis',(0.,2.22044604925031E-16,-1.));
#7914=DIRECTION('ref_axis',(-1.,0.,0.));
#7915=DIRECTION('',(0.,2.22044604925031E-16,-1.));
#7916=DIRECTION('center_axis',(0.,-2.22044604925031E-16,1.));
#7917=DIRECTION('ref_axis',(-1.,-1.22464679914735E-16,-2.71926214689378E-32));
#7918=DIRECTION('',(0.,-2.22044604925031E-16,1.));
#7919=DIRECTION('center_axis',(0.,0.,-1.));
#7920=DIRECTION('ref_axis',(-1.,-1.22464679914735E-16,-2.71926214689378E-32));
#7921=DIRECTION('center_axis',(0.,-2.22044604925031E-16,1.));
#7922=DIRECTION('ref_axis',(-1.,-1.22464679914735E-16,-2.71926214689378E-32));
#7923=DIRECTION('center_axis',(0.,0.,-1.));
#7924=DIRECTION('ref_axis',(-1.,-1.22464679914735E-16,-2.71926214689378E-32));
#7925=DIRECTION('center_axis',(0.,-2.22044604925031E-16,1.));
#7926=DIRECTION('ref_axis',(-1.,-1.22464679914735E-16,-2.71926214689378E-32));
#7927=DIRECTION('',(0.,-2.22044604925031E-16,1.));
#7928=DIRECTION('center_axis',(0.,-2.22044604925031E-16,1.));
#7929=DIRECTION('ref_axis',(-1.,-1.22464679914735E-16,-2.71926214689378E-32));
#7930=DIRECTION('',(0.,-2.22044604925031E-16,1.));
#7931=DIRECTION('center_axis',(0.,-2.22044604925031E-16,1.));
#7932=DIRECTION('ref_axis',(-1.,-1.22464679914735E-16,-2.71926214689378E-32));
#7933=DIRECTION('center_axis',(0.,0.,-1.));
#7934=DIRECTION('ref_axis',(-1.,0.,0.));
#7935=DIRECTION('',(0.,-1.,0.));
#7936=DIRECTION('',(-1.,-1.22464679914735E-16,0.));
#7937=DIRECTION('center_axis',(0.,0.,-1.));
#7938=DIRECTION('ref_axis',(-1.,0.,0.));
#7939=DIRECTION('',(0.,-1.,0.));
#7940=DIRECTION('',(-1.,-1.22464679914735E-16,0.));
#7941=DIRECTION('center_axis',(0.,0.,-1.));
#7942=DIRECTION('ref_axis',(-1.,0.,0.));
#7943=DIRECTION('',(1.,0.,0.));
#7944=DIRECTION('',(0.,1.,0.));
#7945=DIRECTION('',(-1.,0.,0.));
#7946=DIRECTION('',(0.,-1.,0.));
#7947=DIRECTION('center_axis',(-1.,0.,0.));
#7948=DIRECTION('ref_axis',(0.,0.,1.));
#7949=DIRECTION('',(0.,0.,-1.));
#7950=DIRECTION('',(0.,0.,-1.));
#7951=DIRECTION('',(0.,1.,0.));
#7952=DIRECTION('',(0.,0.,1.));
#7953=DIRECTION('center_axis',(-1.,0.,0.));
#7954=DIRECTION('ref_axis',(0.,0.,1.));
#7955=DIRECTION('',(0.,-1.,0.));
#7956=DIRECTION('',(0.,0.,1.));
#7957=DIRECTION('',(0.,1.,0.));
#7958=DIRECTION('',(0.,0.,-1.));
#7959=DIRECTION('',(0.,1.,0.));
#7960=DIRECTION('',(0.,0.,1.));
#7961=DIRECTION('',(0.,1.,0.));
#7962=DIRECTION('',(0.,0.,-1.));
#7963=DIRECTION('center_axis',(0.,1.,0.));
#7964=DIRECTION('ref_axis',(0.,0.,1.));
#7965=DIRECTION('',(0.,0.,1.));
#7966=DIRECTION('',(1.,0.,0.));
#7967=DIRECTION('',(-1.,0.,0.));
#7968=DIRECTION('center_axis',(0.,0.,-1.));
#7969=DIRECTION('ref_axis',(-1.,0.,0.));
#7970=DIRECTION('',(0.,1.,0.));
#7971=DIRECTION('',(1.,0.,0.));
#7972=DIRECTION('center_axis',(0.,0.,1.));
#7973=DIRECTION('ref_axis',(1.,0.,0.));
#7974=DIRECTION('',(0.,-1.,0.));
#7975=DIRECTION('',(-1.,0.,0.));
#7976=DIRECTION('center_axis',(0.,1.,0.));
#7977=DIRECTION('ref_axis',(0.,0.,-1.));
#7978=DIRECTION('',(0.,0.,-1.));
#7979=DIRECTION('',(1.,0.,0.));
#7980=DIRECTION('center_axis',(0.,1.,0.));
#7981=DIRECTION('ref_axis',(0.,0.,-1.));
#7982=DIRECTION('',(0.,0.,-1.));
#7983=DIRECTION('',(1.,0.,0.));
#7984=DIRECTION('center_axis',(0.,0.,1.));
#7985=DIRECTION('ref_axis',(0.,1.,0.));
#7986=DIRECTION('',(0.,1.,0.));
#7987=DIRECTION('',(1.,0.,0.));
#7988=DIRECTION('center_axis',(0.,0.,-1.));
#7989=DIRECTION('ref_axis',(0.,-1.,0.));
#7990=DIRECTION('',(0.,-1.,0.));
#7991=DIRECTION('',(1.,0.,0.));
#7992=DIRECTION('center_axis',(0.,1.,0.));
#7993=DIRECTION('ref_axis',(1.,0.,0.));
#7994=DIRECTION('',(0.,0.,1.));
#7995=DIRECTION('',(0.,0.,1.));
#7996=DIRECTION('',(-1.,0.,0.));
#7997=DIRECTION('center_axis',(0.,0.,1.));
#7998=DIRECTION('ref_axis',(1.,0.,0.));
#7999=DIRECTION('',(0.,1.,0.));
#8000=DIRECTION('',(1.,0.,0.));
#8001=DIRECTION('center_axis',(0.,1.,0.));
#8002=DIRECTION('ref_axis',(0.,0.,1.));
#8003=DIRECTION('',(0.,0.,-1.));
#8004=DIRECTION('center_axis',(-1.,0.,0.));
#8005=DIRECTION('ref_axis',(0.,1.,0.));
#8006=CARTESIAN_POINT('',(0.,0.,0.));
#8007=CARTESIAN_POINT('Origin',(8.00000040372834,-2.22044604925031E-15,
12.5000005699694));
#8008=CARTESIAN_POINT('',(1.49999996647239,-8.94069673851305E-8,12.5000005699694));
#8009=CARTESIAN_POINT('',(1.49999996647239,3.99999982118607,12.5000005699694));
#8010=CARTESIAN_POINT('Origin',(1.49999996647239,1.99999986588955,12.5000005699694));
#8011=CARTESIAN_POINT('',(6.49999985471368,3.99999982118607,12.5000005699694));
#8012=CARTESIAN_POINT('',(8.00000040372834,4.,12.5000005699694));
#8013=CARTESIAN_POINT('',(6.49999985471368,-8.94069673851305E-8,12.5000005699694));
#8014=CARTESIAN_POINT('Origin',(6.49999985471368,1.99999986588955,12.5000005699694));
#8015=CARTESIAN_POINT('',(8.00000040372834,-2.22044604925031E-15,12.5000005699694));
#8016=CARTESIAN_POINT('',(5.49999985471368,1.99999986588955,12.5000005699694));
#8017=CARTESIAN_POINT('Origin',(6.49999985471368,1.99999986588955,12.5000005699694));
#8018=CARTESIAN_POINT('',(0.499999966472388,1.99999986588955,12.5000005699694));
#8019=CARTESIAN_POINT('Origin',(1.49999996647239,1.99999986588955,12.5000005699694));
#8020=CARTESIAN_POINT('Origin',(1.66241079374574E-7,-2.22044604925031E-15,
17.5000010449439));
#8021=CARTESIAN_POINT('',(1.49999996647239,3.99999982118607,17.5000010449439));
#8022=CARTESIAN_POINT('',(1.49999996647239,-8.94069673851305E-8,17.5000010449439));
#8023=CARTESIAN_POINT('Origin',(1.49999996647239,1.99999986588955,17.5000010449439));
#8024=CARTESIAN_POINT('',(6.49999985471368,-8.94069673851305E-8,17.5000010449439));
#8025=CARTESIAN_POINT('',(1.66241079374574E-7,-2.22044604925031E-15,17.5000010449439));
#8026=CARTESIAN_POINT('',(6.49999985471368,3.99999982118607,17.5000010449439));
#8027=CARTESIAN_POINT('Origin',(6.49999985471368,1.99999986588955,17.5000010449439));
#8028=CARTESIAN_POINT('',(1.66241079790908E-7,4.,17.5000010449439));
#8029=CARTESIAN_POINT('',(0.499999966472388,1.99999986588955,17.5000010449439));
#8030=CARTESIAN_POINT('Origin',(1.49999996647239,1.99999986588955,17.5000010449439));
#8031=CARTESIAN_POINT('',(5.49999985471368,1.99999986588955,17.5000010449439));
#8032=CARTESIAN_POINT('Origin',(6.49999985471368,1.99999986588955,17.5000010449439));
#8033=CARTESIAN_POINT('Origin',(4.00000028498471,-2.22044604925031E-15,
15.0000008074567));
#8034=CARTESIAN_POINT('',(1.49999996647239,-2.22044604925031E-15,17.5000010449439));
#8035=CARTESIAN_POINT('',(6.49999985471368,-2.22044604925031E-15,17.5000010449439));
#8036=CARTESIAN_POINT('Origin',(1.49999996647239,1.99999986588955,17.5000010449439));
#8037=CARTESIAN_POINT('',(0.499999966472388,1.99999986588955,17.5000010449439));
#8038=CARTESIAN_POINT('Origin',(6.49999985471368,1.99999986588955,17.5000010449439));
#8039=CARTESIAN_POINT('',(5.49999985471368,1.99999986588955,17.5000010449439));
#8040=CARTESIAN_POINT('Origin',(1.49999996647239,1.99999986588955,17.5000010449439));
#8041=CARTESIAN_POINT('',(1.49999996647239,4.,17.5000010449439));
#8042=CARTESIAN_POINT('Origin',(6.49999985471368,1.99999986588955,17.5000010449439));
#8043=CARTESIAN_POINT('',(6.49999985471368,4.,17.5000010449439));
#8044=CARTESIAN_POINT('Origin',(9.00000013411045,4.00000005960464,35.9999999701977));
#8045=CARTESIAN_POINT('Origin',(8.00000011920929,-2.22044604925031E-15,
2.5000000372529));
#8046=CARTESIAN_POINT('',(1.49999996647239,-8.94069673851305E-8,2.5000000372529));
#8047=CARTESIAN_POINT('',(1.49999996647239,3.99999982118607,2.5000000372529));
#8048=CARTESIAN_POINT('Origin',(1.49999996647239,1.99999986588955,2.5000000372529));
#8049=CARTESIAN_POINT('',(6.49999985471368,3.99999982118607,2.5000000372529));
#8050=CARTESIAN_POINT('',(8.00000011920929,4.,2.5000000372529));
#8051=CARTESIAN_POINT('',(6.49999985471368,-8.94069673851305E-8,2.5000000372529));
#8052=CARTESIAN_POINT('Origin',(6.49999985471368,1.99999986588955,2.5000000372529));
#8053=CARTESIAN_POINT('',(8.00000011920929,-2.22044604925031E-15,2.5000000372529));
#8054=CARTESIAN_POINT('',(5.49999985471368,1.99999986588955,2.5000000372529));
#8055=CARTESIAN_POINT('Origin',(6.49999985471368,1.99999986588955,2.5000000372529));
#8056=CARTESIAN_POINT('',(0.499999966472388,1.99999986588955,2.5000000372529));
#8057=CARTESIAN_POINT('Origin',(1.49999996647239,1.99999986588955,2.5000000372529));
#8058=CARTESIAN_POINT('Origin',(0.,-2.22044604925031E-15,7.50000011175871));
#8059=CARTESIAN_POINT('',(1.49999996647239,3.99999982118607,7.50000011175871));
#8060=CARTESIAN_POINT('',(1.49999996647239,-8.94069673851305E-8,7.50000011175871));
#8061=CARTESIAN_POINT('Origin',(1.49999996647239,1.99999986588955,7.50000011175871));
#8062=CARTESIAN_POINT('',(6.49999985471368,-8.94069673851305E-8,7.50000011175871));
#8063=CARTESIAN_POINT('',(0.,-2.22044604925031E-15,7.50000011175871));
#8064=CARTESIAN_POINT('',(6.49999985471368,3.99999982118607,7.50000011175871));
#8065=CARTESIAN_POINT('Origin',(6.49999985471368,1.99999986588955,7.50000011175871));
#8066=CARTESIAN_POINT('',(0.,4.,7.50000011175871));
#8067=CARTESIAN_POINT('',(0.499999966472388,1.99999986588955,7.50000011175871));
#8068=CARTESIAN_POINT('Origin',(1.49999996647239,1.99999986588955,7.50000011175871));
#8069=CARTESIAN_POINT('',(5.49999985471368,1.99999986588955,7.50000011175871));
#8070=CARTESIAN_POINT('Origin',(6.49999985471368,1.99999986588955,7.50000011175871));
#8071=CARTESIAN_POINT('Origin',(4.00000005960464,-2.22044604925031E-15,
5.00000007450581));
#8072=CARTESIAN_POINT('',(1.49999996647239,-2.22044604925031E-15,17.5000010449439));
#8073=CARTESIAN_POINT('',(6.49999985471368,-2.22044604925031E-15,17.5000010449439));
#8074=CARTESIAN_POINT('Origin',(1.49999996647239,1.99999986588955,17.5000010449439));
#8075=CARTESIAN_POINT('',(0.499999966472388,1.99999986588955,17.5000010449439));
#8076=CARTESIAN_POINT('Origin',(6.49999985471368,1.99999986588955,17.5000010449439));
#8077=CARTESIAN_POINT('',(5.49999985471368,1.99999986588955,17.5000010449439));
#8078=CARTESIAN_POINT('Origin',(6.49999985471368,1.99999986588955,17.5000010449439));
#8079=CARTESIAN_POINT('',(6.49999985471368,4.,17.5000010449439));
#8080=CARTESIAN_POINT('Origin',(1.49999996647239,1.99999986588955,17.5000010449439));
#8081=CARTESIAN_POINT('',(1.49999996647239,4.,17.5000010449439));
#8082=CARTESIAN_POINT('Origin',(9.00000013411045,4.00000005960464,35.9999999701977));
#8083=CARTESIAN_POINT('Origin',(51.0000001192093,-2.22044604925031E-15,
2.5000000372529));
#8084=CARTESIAN_POINT('',(44.4999999664724,-8.94069673851305E-8,2.5000000372529));
#8085=CARTESIAN_POINT('',(44.4999999664724,3.99999982118607,2.5000000372529));
#8086=CARTESIAN_POINT('Origin',(44.4999999664724,1.99999986588955,2.5000000372529));
#8087=CARTESIAN_POINT('',(49.4999998547137,3.99999982118607,2.5000000372529));
#8088=CARTESIAN_POINT('',(51.0000001192093,4.,2.5000000372529));
#8089=CARTESIAN_POINT('',(49.4999998547137,-8.94069673851305E-8,2.5000000372529));
#8090=CARTESIAN_POINT('Origin',(49.4999998547137,1.99999986588955,2.5000000372529));
#8091=CARTESIAN_POINT('',(51.0000001192093,-2.22044604925031E-15,2.5000000372529));
#8092=CARTESIAN_POINT('',(48.4999998547137,1.99999986588955,2.5000000372529));
#8093=CARTESIAN_POINT('Origin',(49.4999998547137,1.99999986588955,2.5000000372529));
#8094=CARTESIAN_POINT('',(43.4999999664724,1.99999986588955,2.5000000372529));
#8095=CARTESIAN_POINT('Origin',(44.4999999664724,1.99999986588955,2.5000000372529));
#8096=CARTESIAN_POINT('Origin',(43.,-2.22044604925031E-15,7.50000011175871));
#8097=CARTESIAN_POINT('',(44.4999999664724,3.99999982118607,7.50000011175871));
#8098=CARTESIAN_POINT('',(44.4999999664724,-8.94069673851305E-8,7.50000011175871));
#8099=CARTESIAN_POINT('Origin',(44.4999999664724,1.99999986588955,7.50000011175871));
#8100=CARTESIAN_POINT('',(49.4999998547137,-8.94069673851305E-8,7.50000011175871));
#8101=CARTESIAN_POINT('',(43.,-2.22044604925031E-15,7.50000011175871));
#8102=CARTESIAN_POINT('',(49.4999998547137,3.99999982118607,7.50000011175871));
#8103=CARTESIAN_POINT('Origin',(49.4999998547137,1.99999986588955,7.50000011175871));
#8104=CARTESIAN_POINT('',(43.,4.,7.50000011175871));
#8105=CARTESIAN_POINT('',(43.4999999664724,1.99999986588955,7.50000011175871));
#8106=CARTESIAN_POINT('Origin',(44.4999999664724,1.99999986588955,7.50000011175871));
#8107=CARTESIAN_POINT('',(48.4999998547137,1.99999986588955,7.50000011175871));
#8108=CARTESIAN_POINT('Origin',(49.4999998547137,1.99999986588955,7.50000011175871));
#8109=CARTESIAN_POINT('Origin',(47.0000000596046,-2.22044604925031E-15,
5.00000007450581));
#8110=CARTESIAN_POINT('',(44.4999999664724,-2.22044604925031E-15,17.5000010449439));
#8111=CARTESIAN_POINT('',(49.4999998547137,-2.22044604925031E-15,17.5000010449439));
#8112=CARTESIAN_POINT('Origin',(44.4999999664724,1.99999986588955,17.5000010449439));
#8113=CARTESIAN_POINT('',(43.4999999664724,1.99999986588955,17.5000010449439));
#8114=CARTESIAN_POINT('Origin',(49.4999998547137,1.99999986588955,17.5000010449439));
#8115=CARTESIAN_POINT('',(48.4999998547137,1.99999986588955,17.5000010449439));
#8116=CARTESIAN_POINT('Origin',(49.4999998547137,1.99999986588955,17.5000010449439));
#8117=CARTESIAN_POINT('',(49.4999998547137,4.,17.5000010449439));
#8118=CARTESIAN_POINT('Origin',(44.4999999664724,1.99999986588955,17.5000010449439));
#8119=CARTESIAN_POINT('',(44.4999999664724,4.,17.5000010449439));
#8120=CARTESIAN_POINT('Origin',(52.0000001341105,4.00000005960464,35.9999999701977));
#8121=CARTESIAN_POINT('Origin',(51.0000004037283,-2.22044604925031E-15,
12.5000005699694));
#8122=CARTESIAN_POINT('',(44.4999999664724,-8.94069673851305E-8,12.5000005699694));
#8123=CARTESIAN_POINT('',(44.4999999664724,3.99999982118607,12.5000005699694));
#8124=CARTESIAN_POINT('Origin',(44.4999999664724,1.99999986588955,12.5000005699694));
#8125=CARTESIAN_POINT('',(49.4999998547137,3.99999982118607,12.5000005699694));
#8126=CARTESIAN_POINT('',(51.0000004037283,4.,12.5000005699694));
#8127=CARTESIAN_POINT('',(49.4999998547137,-8.94069673851305E-8,12.5000005699694));
#8128=CARTESIAN_POINT('Origin',(49.4999998547137,1.99999986588955,12.5000005699694));
#8129=CARTESIAN_POINT('',(51.0000004037283,-2.22044604925031E-15,12.5000005699694));
#8130=CARTESIAN_POINT('',(48.4999998547137,1.99999986588955,12.5000005699694));
#8131=CARTESIAN_POINT('Origin',(49.4999998547137,1.99999986588955,12.5000005699694));
#8132=CARTESIAN_POINT('',(43.4999999664724,1.99999986588955,12.5000005699694));
#8133=CARTESIAN_POINT('Origin',(44.4999999664724,1.99999986588955,12.5000005699694));
#8134=CARTESIAN_POINT('Origin',(43.0000001662411,-2.22044604925031E-15,
17.5000010449439));
#8135=CARTESIAN_POINT('',(44.4999999664724,3.99999982118607,17.5000010449439));
#8136=CARTESIAN_POINT('',(44.4999999664724,-8.94069673851305E-8,17.5000010449439));
#8137=CARTESIAN_POINT('Origin',(44.4999999664724,1.99999986588955,17.5000010449439));
#8138=CARTESIAN_POINT('',(49.4999998547137,-8.94069673851305E-8,17.5000010449439));
#8139=CARTESIAN_POINT('',(43.0000001662411,-2.22044604925031E-15,17.5000010449439));
#8140=CARTESIAN_POINT('',(49.4999998547137,3.99999982118607,17.5000010449439));
#8141=CARTESIAN_POINT('Origin',(49.4999998547137,1.99999986588955,17.5000010449439));
#8142=CARTESIAN_POINT('',(43.0000001662411,4.,17.5000010449439));
#8143=CARTESIAN_POINT('',(43.4999999664724,1.99999986588955,17.5000010449439));
#8144=CARTESIAN_POINT('Origin',(44.4999999664724,1.99999986588955,17.5000010449439));
#8145=CARTESIAN_POINT('',(48.4999998547137,1.99999986588955,17.5000010449439));
#8146=CARTESIAN_POINT('Origin',(49.4999998547137,1.99999986588955,17.5000010449439));
#8147=CARTESIAN_POINT('Origin',(47.0000002849847,-2.22044604925031E-15,
15.0000008074567));
#8148=CARTESIAN_POINT('',(44.4999999664724,-2.22044604925031E-15,17.5000010449439));
#8149=CARTESIAN_POINT('',(49.4999998547137,-2.22044604925031E-15,17.5000010449439));
#8150=CARTESIAN_POINT('Origin',(44.4999999664724,1.99999986588955,17.5000010449439));
#8151=CARTESIAN_POINT('',(43.4999999664724,1.99999986588955,17.5000010449439));
#8152=CARTESIAN_POINT('Origin',(49.4999998547137,1.99999986588955,17.5000010449439));
#8153=CARTESIAN_POINT('',(48.4999998547137,1.99999986588955,17.5000010449439));
#8154=CARTESIAN_POINT('Origin',(44.4999999664724,1.99999986588955,17.5000010449439));
#8155=CARTESIAN_POINT('',(44.4999999664724,4.,17.5000010449439));
#8156=CARTESIAN_POINT('Origin',(49.4999998547137,1.99999986588955,17.5000010449439));
#8157=CARTESIAN_POINT('',(49.4999998547137,4.,17.5000010449439));
#8158=CARTESIAN_POINT('Origin',(52.0000001341105,4.00000005960464,35.9999999701977));
#8159=CARTESIAN_POINT('Origin',(154.000000119209,-2.22044604925031E-15,
2.5000000372529));
#8160=CARTESIAN_POINT('',(147.499999966472,-8.94069673851305E-8,2.5000000372529));
#8161=CARTESIAN_POINT('',(147.499999966472,3.99999982118607,2.5000000372529));
#8162=CARTESIAN_POINT('Origin',(147.499999966472,1.99999986588955,2.5000000372529));
#8163=CARTESIAN_POINT('',(152.499999854714,3.99999982118607,2.5000000372529));
#8164=CARTESIAN_POINT('',(154.000000119209,4.,2.5000000372529));
#8165=CARTESIAN_POINT('',(152.499999854714,-8.94069673851305E-8,2.5000000372529));
#8166=CARTESIAN_POINT('Origin',(152.499999854714,1.99999986588955,2.5000000372529));
#8167=CARTESIAN_POINT('',(154.000000119209,-2.22044604925031E-15,2.5000000372529));
#8168=CARTESIAN_POINT('',(151.499999854714,1.99999986588955,2.5000000372529));
#8169=CARTESIAN_POINT('Origin',(152.499999854714,1.99999986588955,2.5000000372529));
#8170=CARTESIAN_POINT('',(146.499999966472,1.99999986588955,2.5000000372529));
#8171=CARTESIAN_POINT('Origin',(147.499999966472,1.99999986588955,2.5000000372529));
#8172=CARTESIAN_POINT('Origin',(146.,-2.22044604925031E-15,7.50000011175871));
#8173=CARTESIAN_POINT('',(147.499999966472,3.99999982118607,7.50000011175871));
#8174=CARTESIAN_POINT('',(147.499999966472,-8.94069673851305E-8,7.50000011175871));
#8175=CARTESIAN_POINT('Origin',(147.499999966472,1.99999986588955,7.50000011175871));
#8176=CARTESIAN_POINT('',(152.499999854714,-8.94069673851305E-8,7.50000011175871));
#8177=CARTESIAN_POINT('',(146.,-2.22044604925031E-15,7.50000011175871));
#8178=CARTESIAN_POINT('',(152.499999854714,3.99999982118607,7.50000011175871));
#8179=CARTESIAN_POINT('Origin',(152.499999854714,1.99999986588955,7.50000011175871));
#8180=CARTESIAN_POINT('',(146.,4.,7.50000011175871));
#8181=CARTESIAN_POINT('',(146.499999966472,1.99999986588955,7.50000011175871));
#8182=CARTESIAN_POINT('Origin',(147.499999966472,1.99999986588955,7.50000011175871));
#8183=CARTESIAN_POINT('',(151.499999854714,1.99999986588955,7.50000011175871));
#8184=CARTESIAN_POINT('Origin',(152.499999854714,1.99999986588955,7.50000011175871));
#8185=CARTESIAN_POINT('Origin',(150.000000059605,-2.22044604925031E-15,
5.00000007450581));
#8186=CARTESIAN_POINT('',(147.499999966472,-2.22044604925031E-15,17.5000010449439));
#8187=CARTESIAN_POINT('',(152.499999854714,-2.22044604925031E-15,17.5000010449439));
#8188=CARTESIAN_POINT('Origin',(147.499999966472,1.99999986588955,17.5000010449439));
#8189=CARTESIAN_POINT('',(146.499999966472,1.99999986588955,17.5000010449439));
#8190=CARTESIAN_POINT('Origin',(152.499999854714,1.99999986588955,17.5000010449439));
#8191=CARTESIAN_POINT('',(151.499999854714,1.99999986588955,17.5000010449439));
#8192=CARTESIAN_POINT('Origin',(152.499999854714,1.99999986588955,17.5000010449439));
#8193=CARTESIAN_POINT('',(152.499999854714,4.,17.5000010449439));
#8194=CARTESIAN_POINT('Origin',(147.499999966472,1.99999986588955,17.5000010449439));
#8195=CARTESIAN_POINT('',(147.499999966472,4.,17.5000010449439));
#8196=CARTESIAN_POINT('Origin',(155.00000013411,4.00000005960464,35.9999999701977));
#8197=CARTESIAN_POINT('Origin',(8.50000012665987,0.,2.00000002980232));
#8198=CARTESIAN_POINT('',(-0.49999953061342,0.,2.00000002980232));
#8199=CARTESIAN_POINT('',(-0.49999953061342,4.,2.00000002980232));
#8200=CARTESIAN_POINT('',(-0.49999953061342,-1.11022302462516E-15,2.00000002980232));
#8201=CARTESIAN_POINT('',(1.50000108033419,0.,2.00000002980232));
#8202=CARTESIAN_POINT('',(-3.62499937671237,0.,2.00000002980232));
#8203=CARTESIAN_POINT('',(1.50000108033419,3.99999999999999,2.00000002980232));
#8204=CARTESIAN_POINT('Origin',(1.50000108033419,2.,2.00000002980232));
#8205=CARTESIAN_POINT('',(0.375000623287633,4.,2.00000002980232));
#8206=CARTESIAN_POINT('',(2.50000108033418,2.,2.00000002980232));
#8207=CARTESIAN_POINT('Origin',(1.50000108033419,2.,2.00000002980232));
#8208=CARTESIAN_POINT('Origin',(-0.499999833758921,0.,8.0000000372529));
#8209=CARTESIAN_POINT('',(-0.49999953061342,4.,8.0000000372529));
#8210=CARTESIAN_POINT('',(-0.49999953061342,-2.22044604925031E-15,8.0000000372529));
#8211=CARTESIAN_POINT('',(-0.49999953061342,-1.11022302462516E-15,8.0000000372529));
#8212=CARTESIAN_POINT('',(1.50000108033419,3.99999999999999,8.0000000372529));
#8213=CARTESIAN_POINT('',(0.500000623287633,4.,8.0000000372529));
#8214=CARTESIAN_POINT('',(1.50000108033419,0.,8.0000000372529));
#8215=CARTESIAN_POINT('Origin',(1.50000108033419,2.,8.0000000372529));
#8216=CARTESIAN_POINT('',(-3.49999937671237,-2.22044604925031E-15,8.0000000372529));
#8217=CARTESIAN_POINT('',(2.50000108033418,2.,8.0000000372529));
#8218=CARTESIAN_POINT('Origin',(1.50000108033419,2.,8.0000000372529));
#8219=CARTESIAN_POINT('Origin',(1.50000108033419,4.,-2.00000002980234));
#8220=CARTESIAN_POINT('',(-0.49999953061342,4.,12.0000010449439));
#8221=CARTESIAN_POINT('',(-0.49999953061342,4.,9.99999997019767));
#8222=CARTESIAN_POINT('',(1.50000108033419,3.99999999999999,12.0000010449439));
#8223=CARTESIAN_POINT('',(5.00000044517219,4.,12.0000010449439));
#8224=CARTESIAN_POINT('',(1.50000108033419,3.99999999999999,-2.00000002980234));
#8225=CARTESIAN_POINT('Origin',(1.50000108033419,4.,-2.00000002980234));
#8226=CARTESIAN_POINT('',(-0.49999953061342,3.99999999999999,21.9999999701977));
#8227=CARTESIAN_POINT('',(-0.49999953061342,3.99999999999999,18.0000010449439));
#8228=CARTESIAN_POINT('',(-0.49999953061342,4.,9.99999997019767));
#8229=CARTESIAN_POINT('',(1.50000108033419,3.99999999999999,21.9999999701977));
#8230=CARTESIAN_POINT('',(-6.49999891966582,3.99999999999999,21.9999999701977));
#8231=CARTESIAN_POINT('',(1.50000108033419,3.99999999999999,18.0000010449439));
#8232=CARTESIAN_POINT('',(1.50000108033419,3.99999999999999,-2.00000002980234));
#8233=CARTESIAN_POINT('',(0.500000623287633,3.99999999999999,18.0000010449439));
#8234=CARTESIAN_POINT('Origin',(1.50000108033419,4.,-2.00000002980234));
#8235=CARTESIAN_POINT('',(-0.49999953061342,4.00000005960464,-2.00000002980234));
#8236=CARTESIAN_POINT('',(-0.49999953061342,4.,9.99999997019767));
#8237=CARTESIAN_POINT('',(1.50000108033419,3.99999999999999,-2.00000002980234));
#8238=CARTESIAN_POINT('',(1.50000108033419,3.99999999999999,-2.00000002980234));
#8239=CARTESIAN_POINT('',(3.75000060722231,4.00000005960464,-2.00000002980234));
#8240=CARTESIAN_POINT('Origin',(1.50000108033419,1.99999999999999,21.9999999701977));
#8241=CARTESIAN_POINT('',(2.50000108033418,2.,12.0000010449439));
#8242=CARTESIAN_POINT('Origin',(1.50000108033419,2.,12.0000010449439));
#8243=CARTESIAN_POINT('',(2.50000108033418,1.99999999999999,21.9999999701977));
#8244=CARTESIAN_POINT('Origin',(1.50000108033419,1.99999999999999,21.9999999701977));
#8245=CARTESIAN_POINT('',(2.50000108033418,2.,-2.00000002980234));
#8246=CARTESIAN_POINT('',(2.50000108033418,1.99999999999999,21.9999999701977));
#8247=CARTESIAN_POINT('Origin',(1.50000108033419,2.,-2.00000002980234));
#8248=CARTESIAN_POINT('Origin',(1.50000108033419,1.99999999999999,21.9999999701977));
#8249=CARTESIAN_POINT('',(2.50000108033418,1.99999999999999,21.9999999701977));
#8250=CARTESIAN_POINT('Origin',(1.50000108033419,1.99999999999999,21.9999999701977));
#8251=CARTESIAN_POINT('',(2.50000108033418,1.99999999999999,18.0000010449439));
#8252=CARTESIAN_POINT('',(2.50000108033418,1.99999999999999,21.9999999701977));
#8253=CARTESIAN_POINT('Origin',(1.50000108033419,1.99999999999999,18.0000010449439));
#8254=CARTESIAN_POINT('Origin',(1.50000108033419,2.,-2.00000002980234));
#8255=CARTESIAN_POINT('',(1.50000108033419,4.44089209850063E-15,-2.00000002980234));
#8256=CARTESIAN_POINT('',(1.50000108033419,4.44089209850063E-15,-2.00000002980234));
#8257=CARTESIAN_POINT('Origin',(1.50000108033419,2.,-2.00000002980234));
#8258=CARTESIAN_POINT('Origin',(1.50000108033419,2.,-2.00000002980234));
#8259=CARTESIAN_POINT('',(1.50000108033419,0.,12.0000010449439));
#8260=CARTESIAN_POINT('Origin',(1.50000108033419,1.99999999999999,12.0000010449439));
#8261=CARTESIAN_POINT('',(1.50000108033419,4.44089209850063E-15,-2.00000002980234));
#8262=CARTESIAN_POINT('Origin',(1.50000108033419,2.,-2.00000002980234));
#8263=CARTESIAN_POINT('',(1.50000108033419,0.,18.0000010449439));
#8264=CARTESIAN_POINT('Origin',(1.50000108033419,1.99999999999999,18.0000010449439));
#8265=CARTESIAN_POINT('',(1.50000108033419,0.,21.9999999701977));
#8266=CARTESIAN_POINT('Origin',(1.50000108033419,1.99999999999999,21.9999999701977));
#8267=CARTESIAN_POINT('',(1.50000108033419,4.44089209850063E-15,-2.00000002980234));
#8268=CARTESIAN_POINT('Origin',(8.49999981001019,0.,12.0000010449439));
#8269=CARTESIAN_POINT('',(-0.49999953061342,-3.33066907387547E-15,12.0000010449439));
#8270=CARTESIAN_POINT('',(-0.49999953061342,-1.11022302462516E-15,12.0000010449439));
#8271=CARTESIAN_POINT('',(1.00000044517219,-3.33066907387547E-15,12.0000010449439));
#8272=CARTESIAN_POINT('Origin',(-0.499999833758921,0.,18.0000010449439));
#8273=CARTESIAN_POINT('',(-0.49999953061342,-4.44089209850063E-15,18.0000010449439));
#8274=CARTESIAN_POINT('',(-0.49999953061342,-1.11022302462516E-15,18.0000010449439));
#8275=CARTESIAN_POINT('',(-3.49999937671237,-4.44089209850063E-15,18.0000010449439));
#8276=CARTESIAN_POINT('Origin',(-34.4999989196658,1.11022302462516E-15,
-2.00000002980234));
#8277=CARTESIAN_POINT('',(-34.4999989196658,1.11022302462516E-15,21.9999999701977));
#8278=CARTESIAN_POINT('',(-26.4999989196658,-3.33066907387547E-15,21.9999999701977));
#8279=CARTESIAN_POINT('',(-34.4999989196658,1.11022302462516E-15,18.0000010449439));
#8280=CARTESIAN_POINT('',(-34.4999989196658,5.55111512312578E-15,-2.00000002980234));
#8281=CARTESIAN_POINT('',(-32.4999995306134,-3.22351249537387E-15,18.0000002682209));
#8282=CARTESIAN_POINT('',(-33.374999396503,-3.33066907387547E-15,18.0000002682209));
#8283=CARTESIAN_POINT('',(-32.4999995306134,-2.09798136637017E-15,12.0000010449439));
#8284=CARTESIAN_POINT('',(-32.4999995306134,-2.22044604925031E-15,21.9999999701977));
#8285=CARTESIAN_POINT('',(-34.4999989196658,2.22044604925031E-15,12.0000010449439));
#8286=CARTESIAN_POINT('',(-33.4999995548278,-2.22044604925031E-15,12.0000010449439));
#8287=CARTESIAN_POINT('',(-34.4999989196658,3.33066907387547E-15,8.0000000372529));
#8288=CARTESIAN_POINT('',(-34.4999989196658,5.55111512312578E-15,-2.00000002980234));
#8289=CARTESIAN_POINT('',(-32.4999995306134,-1.54689032856671E-15,8.0000000372529));
#8290=CARTESIAN_POINT('',(-37.9999993767124,-2.22044604925031E-15,8.0000000372529));
#8291=CARTESIAN_POINT('',(-32.4999995306134,1.22464663490943E-16,2.00000002980232));
#8292=CARTESIAN_POINT('',(-32.4999995306134,-2.22044604925031E-15,21.9999999701977));
#8293=CARTESIAN_POINT('',(-34.4999989196658,4.44089209850063E-15,2.00000002980232));
#8294=CARTESIAN_POINT('',(-33.499999396503,0.,2.00000002980232));
#8295=CARTESIAN_POINT('',(-34.4999989196658,5.55111512312578E-15,-2.00000002980234));
#8296=CARTESIAN_POINT('',(-34.4999989196658,5.55111512312578E-15,-2.00000002980234));
#8297=CARTESIAN_POINT('',(-26.4999989196658,1.11022302462516E-15,-2.00000002980234));
#8298=CARTESIAN_POINT('',(-0.49999953061342,-2.22044604925031E-15,-2.00000002980232));
#8299=CARTESIAN_POINT('',(-0.49999953061342,-2.22044604925031E-15,-2.00000002980232));
#8300=CARTESIAN_POINT('Origin',(-32.4999995306134,-2.22044604925031E-15,
-2.00000002980232));
#8301=CARTESIAN_POINT('',(-32.4999995306134,4.,2.00000002980232));
#8302=CARTESIAN_POINT('',(-32.4999995306134,4.,-2.00000002980232));
#8303=CARTESIAN_POINT('',(-32.4999995306134,4.,-2.00000002980233));
#8304=CARTESIAN_POINT('',(-32.4999995306134,-1.11022302462516E-15,2.00000002980232));
#8305=CARTESIAN_POINT('',(-32.4999995306134,4.,8.0000000372529));
#8306=CARTESIAN_POINT('',(-32.4999995306134,-1.11022302462516E-15,8.0000000372529));
#8307=CARTESIAN_POINT('',(-32.4999995306134,4.,12.0000010449439));
#8308=CARTESIAN_POINT('',(-32.4999995306134,4.,-2.00000002980233));
#8309=CARTESIAN_POINT('',(-32.4999995306134,-1.11022302462516E-15,12.0000010449439));
#8310=CARTESIAN_POINT('',(-32.4999995306134,3.99999999999999,18.0000002682209));
#8311=CARTESIAN_POINT('',(-32.4999995306134,-1.11022302462516E-15,18.0000010449439));
#8312=CARTESIAN_POINT('',(-32.4999995306134,3.99999999999999,21.9999999701977));
#8313=CARTESIAN_POINT('',(-32.4999995306134,4.,-2.00000002980233));
#8314=CARTESIAN_POINT('',(-32.4999995306134,14.,21.9999999701977));
#8315=CARTESIAN_POINT('',(-32.4999995306134,-2.22044604925031E-15,21.9999999701977));
#8316=CARTESIAN_POINT('',(-32.4999995306134,14.,-2.00000002980232));
#8317=CARTESIAN_POINT('',(-32.4999995306134,14.,21.9999999701977));
#8318=CARTESIAN_POINT('',(-32.4999995306134,-2.22044604925031E-15,-2.00000002980232));
#8319=CARTESIAN_POINT('Origin',(-31.4999995008111,14.,17.9999995976686));
#8320=CARTESIAN_POINT('',(-31.4999995008111,14.,17.9999995976686));
#8321=CARTESIAN_POINT('',(-31.4999995008111,14.,8.99999959766865));
#8322=CARTESIAN_POINT('',(-31.4999995008111,14.,13.9999997839332));
#8323=CARTESIAN_POINT('',(-31.4999995008111,3.,17.9999995976686));
#8324=CARTESIAN_POINT('',(-31.4999995008111,14.,17.9999995976686));
#8325=CARTESIAN_POINT('',(-31.4999995008111,3.,8.99999959766865));
#8326=CARTESIAN_POINT('',(-31.4999995008111,3.,17.9999995976686));
#8327=CARTESIAN_POINT('',(-31.4999995008111,14.,8.99999959766865));
#8328=CARTESIAN_POINT('Origin',(-30.4999995008111,14.,17.9999995976686));
#8329=CARTESIAN_POINT('',(-30.4999995008111,14.,17.9999995976686));
#8330=CARTESIAN_POINT('',(-23.4999995157123,14.,17.9999995976686));
#8331=CARTESIAN_POINT('',(-30.4999995008111,3.,17.9999995976686));
#8332=CARTESIAN_POINT('',(-30.4999995008111,14.,17.9999995976686));
#8333=CARTESIAN_POINT('',(-30.4999995008111,3.,17.9999995976686));
#8334=CARTESIAN_POINT('Origin',(-31.4999995008111,14.,8.99999959766865));
#8335=CARTESIAN_POINT('',(-30.4999995008111,14.,8.99999959766865));
#8336=CARTESIAN_POINT('',(-23.9999995157123,14.,8.99999959766865));
#8337=CARTESIAN_POINT('',(-30.4999995008111,3.,8.99999959766865));
#8338=CARTESIAN_POINT('',(-31.4999995008111,3.,8.99999959766865));
#8339=CARTESIAN_POINT('',(-30.4999995008111,14.,8.99999959766865));
#8340=CARTESIAN_POINT('Origin',(-30.9999995008111,3.,13.4999995976686));
#8341=CARTESIAN_POINT('',(-30.4999995008111,3.,16.7499997988343));
#8342=CARTESIAN_POINT('Origin',(-30.4999995008111,14.,20.));
#8343=CARTESIAN_POINT('',(-30.4999995008111,14.,20.));
#8344=CARTESIAN_POINT('',(-30.4999995008111,14.,14.9999999850988));
#8345=CARTESIAN_POINT('',(-30.4999995008111,2.,20.));
#8346=CARTESIAN_POINT('',(-30.4999995008111,14.,20.));
#8347=CARTESIAN_POINT('',(-30.4999995306134,2.,-2.00000002980232));
#8348=CARTESIAN_POINT('',(-30.4999995306134,2.,-2.00000002980232));
#8349=CARTESIAN_POINT('',(-30.4999995306134,6.,-2.00000002980232));
#8350=CARTESIAN_POINT('',(-30.4999995306134,3.,-2.00000002980232));
#8351=CARTESIAN_POINT('',(-30.4999995306134,6.,0.));
#8352=CARTESIAN_POINT('',(-30.4999995306134,6.,-2.00000002980232));
#8353=CARTESIAN_POINT('',(-30.4999995008111,14.,0.));
#8354=CARTESIAN_POINT('',(-30.4999995008111,14.,0.));
#8355=CARTESIAN_POINT('',(-30.4999995008111,14.,14.9999999850988));
#8356=CARTESIAN_POINT('Origin',(-0.49999953061342,9.00000013411045,14.9999999701977));
#8357=CARTESIAN_POINT('',(-2.49999950081109,13.0000001937151,14.9999999701977));
#8358=CARTESIAN_POINT('',(-2.49999950081109,9.00000013411045,14.9999999701977));
#8359=CARTESIAN_POINT('',(-2.49999950081109,11.5000000670552,14.9999999701977));
#8360=CARTESIAN_POINT('',(-0.49999953061342,13.0000001937151,14.9999999701977));
#8361=CARTESIAN_POINT('',(-0.49999953061342,13.0000001937151,14.9999999701977));
#8362=CARTESIAN_POINT('',(-0.49999953061342,9.00000013411045,14.9999999701977));
#8363=CARTESIAN_POINT('',(-0.49999953061342,4.50000006705522,14.9999999701977));
#8364=CARTESIAN_POINT('',(-0.49999953061342,9.00000013411045,14.9999999701977));
#8365=CARTESIAN_POINT('Origin',(-0.49999953061342,9.00000013411045,5.00000007450581));
#8366=CARTESIAN_POINT('',(-2.49999950081109,9.00000013411045,5.00000007450581));
#8367=CARTESIAN_POINT('',(-2.49999950081109,9.00000013411045,2.5000000372529));
#8368=CARTESIAN_POINT('',(-0.49999953061342,9.00000013411045,5.00000007450581));
#8369=CARTESIAN_POINT('',(-0.49999953061342,9.00000013411045,13.5000000223517));
#8370=CARTESIAN_POINT('',(-0.49999953061342,9.00000013411045,5.00000007450581));
#8371=CARTESIAN_POINT('Origin',(-0.49999953061342,13.0000001937151,5.00000007450581));
#8372=CARTESIAN_POINT('',(-2.49999950081109,13.0000001937151,5.00000007450581));
#8373=CARTESIAN_POINT('',(-2.49999950081109,13.5000000968575,5.00000007450581));
#8374=CARTESIAN_POINT('',(-0.49999953061342,13.0000001937151,5.00000007450581));
#8375=CARTESIAN_POINT('',(-0.49999953061342,6.50000009685755,5.00000007450581));
#8376=CARTESIAN_POINT('',(-0.49999953061342,13.0000001937151,5.00000007450581));
#8377=CARTESIAN_POINT('Origin',(-0.49999953061342,13.0000001937151,14.9999999701977));
#8378=CARTESIAN_POINT('',(-2.49999950081109,13.0000001937151,7.49999998509884));
#8379=CARTESIAN_POINT('',(-0.49999953061342,13.0000001937151,18.4999999701977));
#8380=CARTESIAN_POINT('Origin',(-25.4999995306134,6.,-2.00000002980232));
#8381=CARTESIAN_POINT('',(-25.4999995306134,6.,0.));
#8382=CARTESIAN_POINT('',(-27.9999995157123,6.,0.));
#8383=CARTESIAN_POINT('',(-25.4999995306134,6.,-2.00000002980232));
#8384=CARTESIAN_POINT('',(-12.9999995306134,6.,-2.00000002980232));
#8385=CARTESIAN_POINT('',(-25.4999995306134,6.,-2.00000002980232));
#8386=CARTESIAN_POINT('Origin',(-25.4999995306134,2.,-2.00000002980232));
#8387=CARTESIAN_POINT('',(-25.4999995306134,2.,0.));
#8388=CARTESIAN_POINT('',(-25.4999995306134,8.,0.));
#8389=CARTESIAN_POINT('',(-25.4999995306134,2.,-2.00000002980232));
#8390=CARTESIAN_POINT('',(-25.4999995306134,0.999999999999999,-2.00000002980232));
#8391=CARTESIAN_POINT('',(-25.4999995306134,2.,-2.00000002980232));
#8392=CARTESIAN_POINT('Origin',(-30.4999995008111,14.,0.));
#8393=CARTESIAN_POINT('',(-2.49999950081109,2.,0.));
#8394=CARTESIAN_POINT('',(-30.4999995008111,2.,0.));
#8395=CARTESIAN_POINT('',(-2.49999950081109,14.,0.));
#8396=CARTESIAN_POINT('',(-2.49999950081109,14.,0.));
#8397=CARTESIAN_POINT('',(-23.4999995157123,14.,0.));
#8398=CARTESIAN_POINT('Origin',(-2.49999950081109,14.,0.));
#8399=CARTESIAN_POINT('',(-2.49999950081109,14.,20.));
#8400=CARTESIAN_POINT('',(-2.49999950081109,14.,4.99999998509884));
#8401=CARTESIAN_POINT('',(-2.49999950081109,2.,20.));
#8402=CARTESIAN_POINT('',(-2.49999950081109,2.,0.));
#8403=CARTESIAN_POINT('',(-2.49999950081109,14.,20.));
#8404=CARTESIAN_POINT('Origin',(-2.49999950081109,14.,20.));
#8405=CARTESIAN_POINT('',(-9.49999951571226,14.,20.));
#8406=CARTESIAN_POINT('',(-2.49999950081109,2.,20.));
#8407=CARTESIAN_POINT('Origin',(-16.4999995008111,2.,10.));
#8408=CARTESIAN_POINT('',(-15.4999995306134,2.,-2.00000002980232));
#8409=CARTESIAN_POINT('Origin',(-0.49999953061342,-2.22044604925031E-15,
21.9999999701977));
#8410=CARTESIAN_POINT('',(-0.49999953061342,14.,-2.00000002980232));
#8411=CARTESIAN_POINT('',(-0.49999953061342,-2.22044604925031E-15,-2.00000002980232));
#8412=CARTESIAN_POINT('',(-0.49999953061342,14.,21.9999999701977));
#8413=CARTESIAN_POINT('',(-0.49999953061342,14.,-2.00000002980232));
#8414=CARTESIAN_POINT('',(-0.49999953061342,-2.22044604925031E-15,21.9999999701977));
#8415=CARTESIAN_POINT('Origin',(-16.4999995306134,14.,9.99999997019768));
#8416=CARTESIAN_POINT('',(-0.49999953061342,14.,21.9999999701977));
#8417=CARTESIAN_POINT('',(-32.4999995306134,14.,-2.00000002980232));
#8418=CARTESIAN_POINT('Origin',(-42.4999989196658,2.,-2.00000002980234));
#8419=CARTESIAN_POINT('',(-34.4999989196658,4.,-2.00000002980234));
#8420=CARTESIAN_POINT('Origin',(-34.4999989196658,2.,-2.00000002980234));
#8421=CARTESIAN_POINT('',(-34.4999989196658,4.,-2.00000002980234));
#8422=CARTESIAN_POINT('',(-33.4999989196658,2.,-2.00000002980234));
#8423=CARTESIAN_POINT('Origin',(-34.4999989196658,2.,-2.00000002980234));
#8424=CARTESIAN_POINT('Origin',(-41.4999998337589,0.,8.0000000372529));
#8425=CARTESIAN_POINT('',(-34.4999989196658,3.99999999999999,8.0000000372529));
#8426=CARTESIAN_POINT('Origin',(-34.4999989196658,2.,8.0000000372529));
#8427=CARTESIAN_POINT('',(-33.9999993767124,4.,8.0000000372529));
#8428=CARTESIAN_POINT('',(-33.4999989196658,2.,8.0000000372529));
#8429=CARTESIAN_POINT('Origin',(-34.4999989196658,2.,8.0000000372529));
#8430=CARTESIAN_POINT('Origin',(-26.4999989196658,4.,-2.00000002980234));
#8431=CARTESIAN_POINT('',(-34.4999989196658,3.99999999999999,18.0000010449439));
#8432=CARTESIAN_POINT('',(-29.374999396503,3.99999999999999,18.0000002682209));
#8433=CARTESIAN_POINT('',(-34.4999989196658,3.99999999999999,21.9999999701977));
#8434=CARTESIAN_POINT('',(-34.4999989196658,4.,-2.00000002980234));
#8435=CARTESIAN_POINT('',(-34.4999989196658,4.,21.9999999701977));
#8436=CARTESIAN_POINT('Origin',(-26.4999989196658,4.,-2.00000002980234));
#8437=CARTESIAN_POINT('',(-34.4999989196658,3.99999999999999,12.0000010449439));
#8438=CARTESIAN_POINT('',(-34.4999989196658,4.,-2.00000002980234));
#8439=CARTESIAN_POINT('',(-29.4999995548278,4.,12.0000010449439));
#8440=CARTESIAN_POINT('Origin',(-26.4999989196658,4.,-2.00000002980234));
#8441=CARTESIAN_POINT('',(-34.4999989196658,3.99999999999999,2.00000002980232));
#8442=CARTESIAN_POINT('',(-34.4999989196658,4.,-2.00000002980234));
#8443=CARTESIAN_POINT('',(-29.499999396503,4.,2.00000002980232));
#8444=CARTESIAN_POINT('Origin',(-41.4999998337589,0.,18.0000010449439));
#8445=CARTESIAN_POINT('Origin',(-34.4999989196658,1.99999999999999,18.0000010449439));
#8446=CARTESIAN_POINT('',(-33.4999989196658,1.99999999999999,18.0000010449439));
#8447=CARTESIAN_POINT('Origin',(-34.4999989196658,1.99999999999999,18.0000010449439));
#8448=CARTESIAN_POINT('Origin',(-31.4999989196658,1.99999999999999,21.9999999701977));
#8449=CARTESIAN_POINT('Origin',(-34.4999989196658,1.99999999999999,21.9999999701977));
#8450=CARTESIAN_POINT('',(-33.4999989196658,1.99999999999999,21.9999999701977));
#8451=CARTESIAN_POINT('Origin',(-34.4999989196658,1.99999999999999,21.9999999701977));
#8452=CARTESIAN_POINT('Origin',(-34.4999989196658,1.99999999999999,21.9999999701977));
#8453=CARTESIAN_POINT('',(-33.4999989196658,2.,12.0000010449439));
#8454=CARTESIAN_POINT('Origin',(-34.4999989196658,2.,12.0000010449439));
#8455=CARTESIAN_POINT('',(-33.4999989196658,1.99999999999999,21.9999999701977));
#8456=CARTESIAN_POINT('Origin',(-34.4999989196658,1.99999999999999,21.9999999701977));
#8457=CARTESIAN_POINT('',(-33.4999989196658,2.,2.00000002980232));
#8458=CARTESIAN_POINT('Origin',(-34.4999989196658,2.,2.00000002980232));
#8459=CARTESIAN_POINT('',(-33.4999989196658,1.99999999999999,21.9999999701977));
#8460=CARTESIAN_POINT('Origin',(-34.4999989196658,1.99999999999999,21.9999999701977));
#8461=CARTESIAN_POINT('',(-33.4999989196658,1.99999999999999,21.9999999701977));
#8462=CARTESIAN_POINT('Origin',(-34.4999989196658,2.,-2.00000002980234));
#8463=CARTESIAN_POINT('Origin',(-34.4999989196658,2.,12.0000010449439));
#8464=CARTESIAN_POINT('Origin',(-34.4999989196658,2.,-2.00000002980234));
#8465=CARTESIAN_POINT('Origin',(-34.4999989196658,2.,2.00000002980232));
#8466=CARTESIAN_POINT('Origin',(-34.4999989196658,2.,-2.00000002980234));
#8467=CARTESIAN_POINT('Origin',(-32.5000001899898,0.,12.0000010449439));
#8468=CARTESIAN_POINT('Origin',(-32.4999998733401,0.,2.00000002980232));
#8469=CARTESIAN_POINT('Origin',(154.000000403728,-2.22044604925031E-15,
12.5000005699694));
#8470=CARTESIAN_POINT('',(147.499999966472,-8.94069673851305E-8,12.5000005699694));
#8471=CARTESIAN_POINT('',(147.499999966472,3.99999982118607,12.5000005699694));
#8472=CARTESIAN_POINT('Origin',(147.499999966472,1.99999986588955,12.5000005699694));
#8473=CARTESIAN_POINT('',(152.499999854714,3.99999982118607,12.5000005699694));
#8474=CARTESIAN_POINT('',(154.000000403728,4.,12.5000005699694));
#8475=CARTESIAN_POINT('',(152.499999854714,-8.94069673851305E-8,12.5000005699694));
#8476=CARTESIAN_POINT('Origin',(152.499999854714,1.99999986588955,12.5000005699694));
#8477=CARTESIAN_POINT('',(154.000000403728,-2.22044604925031E-15,12.5000005699694));
#8478=CARTESIAN_POINT('',(151.499999854714,1.99999986588955,12.5000005699694));
#8479=CARTESIAN_POINT('Origin',(152.499999854714,1.99999986588955,12.5000005699694));
#8480=CARTESIAN_POINT('',(146.499999966472,1.99999986588955,12.5000005699694));
#8481=CARTESIAN_POINT('Origin',(147.499999966472,1.99999986588955,12.5000005699694));
#8482=CARTESIAN_POINT('Origin',(146.000000166241,-2.22044604925031E-15,
17.5000010449439));
#8483=CARTESIAN_POINT('',(147.499999966472,3.99999982118607,17.5000010449439));
#8484=CARTESIAN_POINT('',(147.499999966472,-8.94069673851305E-8,17.5000010449439));
#8485=CARTESIAN_POINT('Origin',(147.499999966472,1.99999986588955,17.5000010449439));
#8486=CARTESIAN_POINT('',(152.499999854714,-8.94069673851305E-8,17.5000010449439));
#8487=CARTESIAN_POINT('',(146.000000166241,-2.22044604925031E-15,17.5000010449439));
#8488=CARTESIAN_POINT('',(152.499999854714,3.99999982118607,17.5000010449439));
#8489=CARTESIAN_POINT('Origin',(152.499999854714,1.99999986588955,17.5000010449439));
#8490=CARTESIAN_POINT('',(146.000000166241,4.,17.5000010449439));
#8491=CARTESIAN_POINT('',(146.499999966472,1.99999986588955,17.5000010449439));
#8492=CARTESIAN_POINT('Origin',(147.499999966472,1.99999986588955,17.5000010449439));
#8493=CARTESIAN_POINT('',(151.499999854714,1.99999986588955,17.5000010449439));
#8494=CARTESIAN_POINT('Origin',(152.499999854714,1.99999986588955,17.5000010449439));
#8495=CARTESIAN_POINT('Origin',(150.000000284985,-2.22044604925031E-15,
15.0000008074567));
#8496=CARTESIAN_POINT('',(147.499999966472,-2.22044604925031E-15,17.5000010449439));
#8497=CARTESIAN_POINT('',(152.499999854714,-2.22044604925031E-15,17.5000010449439));
#8498=CARTESIAN_POINT('Origin',(147.499999966472,1.99999986588955,17.5000010449439));
#8499=CARTESIAN_POINT('',(146.499999966472,1.99999986588955,17.5000010449439));
#8500=CARTESIAN_POINT('Origin',(152.499999854714,1.99999986588955,17.5000010449439));
#8501=CARTESIAN_POINT('',(151.499999854714,1.99999986588955,17.5000010449439));
#8502=CARTESIAN_POINT('Origin',(147.499999966472,1.99999986588955,17.5000010449439));
#8503=CARTESIAN_POINT('',(147.499999966472,4.,17.5000010449439));
#8504=CARTESIAN_POINT('Origin',(152.499999854714,1.99999986588955,17.5000010449439));
#8505=CARTESIAN_POINT('',(152.499999854714,4.,17.5000010449439));
#8506=CARTESIAN_POINT('Origin',(155.00000013411,4.00000005960464,35.9999999701977));
#8507=CARTESIAN_POINT('Origin',(51.5000001266599,0.,2.00000002980232));
#8508=CARTESIAN_POINT('',(42.5000008940697,0.,2.00000002980232));
#8509=CARTESIAN_POINT('',(42.5000008940697,4.,2.00000002980232));
#8510=CARTESIAN_POINT('',(42.5000008940697,0.,2.00000002980232));
#8511=CARTESIAN_POINT('',(44.5000010803342,0.,2.00000002980232));
#8512=CARTESIAN_POINT('',(39.3750006232876,0.,2.00000002980232));
#8513=CARTESIAN_POINT('',(44.5000010803342,3.99999999999999,2.00000002980232));
#8514=CARTESIAN_POINT('Origin',(44.5000010803342,2.,2.00000002980232));
#8515=CARTESIAN_POINT('',(43.3750006232876,4.,2.00000002980232));
#8516=CARTESIAN_POINT('',(45.5000010803342,2.,2.00000002980232));
#8517=CARTESIAN_POINT('Origin',(44.5000010803342,2.,2.00000002980232));
#8518=CARTESIAN_POINT('Origin',(42.5000001662411,0.,8.0000000372529));
#8519=CARTESIAN_POINT('',(42.5000008940697,4.,8.0000000372529));
#8520=CARTESIAN_POINT('',(42.5000008940697,-2.22044604925031E-15,8.0000000372529));
#8521=CARTESIAN_POINT('',(42.5000008940697,0.,8.0000000372529));
#8522=CARTESIAN_POINT('',(44.5000010803342,3.99999999999999,8.0000000372529));
#8523=CARTESIAN_POINT('',(43.5000006232876,4.,8.0000000372529));
#8524=CARTESIAN_POINT('',(44.5000010803342,0.,8.0000000372529));
#8525=CARTESIAN_POINT('Origin',(44.5000010803342,2.,8.0000000372529));
#8526=CARTESIAN_POINT('',(39.5000006232876,-2.22044604925031E-15,8.0000000372529));
#8527=CARTESIAN_POINT('',(45.5000010803342,2.,8.0000000372529));
#8528=CARTESIAN_POINT('Origin',(44.5000010803342,2.,8.0000000372529));
#8529=CARTESIAN_POINT('Origin',(44.5000010803342,4.,-2.00000002980234));
#8530=CARTESIAN_POINT('',(42.5000008940697,4.,12.0000010449439));
#8531=CARTESIAN_POINT('',(42.5000008940697,4.,9.99999997019767));
#8532=CARTESIAN_POINT('',(44.5000010803342,3.99999999999999,12.0000010449439));
#8533=CARTESIAN_POINT('',(48.0000004451722,4.,12.0000010449439));
#8534=CARTESIAN_POINT('',(44.5000010803342,3.99999999999999,-2.00000002980234));
#8535=CARTESIAN_POINT('Origin',(44.5000010803342,4.,-2.00000002980234));
#8536=CARTESIAN_POINT('',(42.5000008940697,3.99999999999999,21.9999999701977));
#8537=CARTESIAN_POINT('',(42.5000008940697,3.99999999999999,18.0000010449439));
#8538=CARTESIAN_POINT('',(42.5000008940697,4.,9.99999997019767));
#8539=CARTESIAN_POINT('',(44.5000010803342,3.99999999999999,21.9999999701977));
#8540=CARTESIAN_POINT('',(36.5000010803342,3.99999999999999,21.9999999701977));
#8541=CARTESIAN_POINT('',(44.5000010803342,3.99999999999999,18.0000010449439));
#8542=CARTESIAN_POINT('',(44.5000010803342,3.99999999999999,-2.00000002980234));
#8543=CARTESIAN_POINT('',(43.5000006232876,3.99999999999999,18.0000010449439));
#8544=CARTESIAN_POINT('Origin',(44.5000010803342,4.,-2.00000002980234));
#8545=CARTESIAN_POINT('',(42.5000008940697,4.00000005960464,-2.00000002980234));
#8546=CARTESIAN_POINT('',(42.5000008940697,4.,9.99999997019767));
#8547=CARTESIAN_POINT('',(44.5000010803342,3.99999999999999,-2.00000002980234));
#8548=CARTESIAN_POINT('',(44.5000010803342,3.99999999999999,-2.00000002980234));
#8549=CARTESIAN_POINT('',(46.7500006072223,4.00000005960464,-2.00000002980234));
#8550=CARTESIAN_POINT('Origin',(44.5000010803342,1.99999999999999,21.9999999701977));
#8551=CARTESIAN_POINT('',(45.5000010803342,2.,12.0000010449439));
#8552=CARTESIAN_POINT('Origin',(44.5000010803342,2.,12.0000010449439));
#8553=CARTESIAN_POINT('',(45.5000010803342,1.99999999999999,21.9999999701977));
#8554=CARTESIAN_POINT('Origin',(44.5000010803342,1.99999999999999,21.9999999701977));
#8555=CARTESIAN_POINT('',(45.5000010803342,2.,-2.00000002980234));
#8556=CARTESIAN_POINT('',(45.5000010803342,1.99999999999999,21.9999999701977));
#8557=CARTESIAN_POINT('Origin',(44.5000010803342,2.,-2.00000002980234));
#8558=CARTESIAN_POINT('Origin',(44.5000010803342,1.99999999999999,21.9999999701977));
#8559=CARTESIAN_POINT('',(45.5000010803342,1.99999999999999,21.9999999701977));
#8560=CARTESIAN_POINT('Origin',(44.5000010803342,1.99999999999999,21.9999999701977));
#8561=CARTESIAN_POINT('',(45.5000010803342,1.99999999999999,18.0000010449439));
#8562=CARTESIAN_POINT('',(45.5000010803342,1.99999999999999,21.9999999701977));
#8563=CARTESIAN_POINT('Origin',(44.5000010803342,1.99999999999999,18.0000010449439));
#8564=CARTESIAN_POINT('Origin',(44.5000010803342,2.,-2.00000002980234));
#8565=CARTESIAN_POINT('',(44.5000010803342,4.44089209850063E-15,-2.00000002980234));
#8566=CARTESIAN_POINT('',(44.5000010803342,4.44089209850063E-15,-2.00000002980234));
#8567=CARTESIAN_POINT('Origin',(44.5000010803342,2.,-2.00000002980234));
#8568=CARTESIAN_POINT('Origin',(44.5000010803342,2.,-2.00000002980234));
#8569=CARTESIAN_POINT('',(44.5000010803342,0.,12.0000010449439));
#8570=CARTESIAN_POINT('Origin',(44.5000010803342,1.99999999999999,12.0000010449439));
#8571=CARTESIAN_POINT('',(44.5000010803342,4.44089209850063E-15,-2.00000002980234));
#8572=CARTESIAN_POINT('Origin',(44.5000010803342,2.,-2.00000002980234));
#8573=CARTESIAN_POINT('',(44.5000010803342,0.,18.0000010449439));
#8574=CARTESIAN_POINT('Origin',(44.5000010803342,1.99999999999999,18.0000010449439));
#8575=CARTESIAN_POINT('',(44.5000010803342,0.,21.9999999701977));
#8576=CARTESIAN_POINT('Origin',(44.5000010803342,1.99999999999999,21.9999999701977));
#8577=CARTESIAN_POINT('',(44.5000010803342,4.44089209850063E-15,-2.00000002980234));
#8578=CARTESIAN_POINT('Origin',(51.4999998100102,0.,12.0000010449439));
#8579=CARTESIAN_POINT('',(42.5000008940697,-3.33066907387547E-15,12.0000010449439));
#8580=CARTESIAN_POINT('',(42.5000008940697,0.,12.0000010449439));
#8581=CARTESIAN_POINT('',(44.0000004451722,-3.33066907387547E-15,12.0000010449439));
#8582=CARTESIAN_POINT('Origin',(42.5000001662411,0.,18.0000010449439));
#8583=CARTESIAN_POINT('',(42.5000008940697,-4.44089209850063E-15,18.0000010449439));
#8584=CARTESIAN_POINT('',(42.5000008940697,0.,18.0000010449439));
#8585=CARTESIAN_POINT('',(39.5000006232876,-4.44089209850063E-15,18.0000010449439));
#8586=CARTESIAN_POINT('Origin',(25.5000008940697,0.,9.99999997019768));
#8587=CARTESIAN_POINT('',(6.50000108033419,1.11022302462516E-15,21.9999999701977));
#8588=CARTESIAN_POINT('',(42.5000008940697,0.,21.9999999701977));
#8589=CARTESIAN_POINT('',(6.50000108033419,1.11022302462516E-15,18.0000010449439));
#8590=CARTESIAN_POINT('',(6.50000108033419,5.55111512312578E-15,-2.00000002980234));
#8591=CARTESIAN_POINT('',(8.50000089406967,-3.22351244336519E-15,18.0000002682209));
#8592=CARTESIAN_POINT('',(7.62500060349703,-3.33066907387547E-15,18.0000002682209));
#8593=CARTESIAN_POINT('',(8.50000089406967,-2.09798131436149E-15,12.0000010449439));
#8594=CARTESIAN_POINT('',(8.50000089406967,0.,21.9999999701977));
#8595=CARTESIAN_POINT('',(6.50000108033419,2.22044604925031E-15,12.0000010449439));
#8596=CARTESIAN_POINT('',(7.50000044517219,-2.22044604925031E-15,12.0000010449439));
#8597=CARTESIAN_POINT('',(6.50000108033419,3.33066907387547E-15,8.0000000372529));
#8598=CARTESIAN_POINT('',(6.50000108033419,5.55111512312578E-15,-2.00000002980234));
#8599=CARTESIAN_POINT('',(8.50000089406967,-1.54689027655803E-15,8.0000000372529));
#8600=CARTESIAN_POINT('',(3.00000062328763,-2.22044604925031E-15,8.0000000372529));
#8601=CARTESIAN_POINT('',(8.50000089406967,1.22464715499621E-16,2.00000002980232));
#8602=CARTESIAN_POINT('',(8.50000089406967,0.,21.9999999701977));
#8603=CARTESIAN_POINT('',(6.50000108033419,4.44089209850063E-15,2.00000002980232));
#8604=CARTESIAN_POINT('',(7.50000060349703,0.,2.00000002980232));
#8605=CARTESIAN_POINT('',(6.50000108033419,5.55111512312578E-15,-2.00000002980234));
#8606=CARTESIAN_POINT('',(6.50000108033419,5.55111512312578E-15,-2.00000002980234));
#8607=CARTESIAN_POINT('',(44.5000010803342,0.,-2.00000002980234));
#8608=CARTESIAN_POINT('',(42.5000008940697,0.,-2.00000002980232));
#8609=CARTESIAN_POINT('',(42.5000008940697,0.,-2.00000002980232));
#8610=CARTESIAN_POINT('Origin',(-0.499999833758921,0.,18.0000010449439));
#8611=CARTESIAN_POINT('',(8.50000089406967,3.99999999999999,18.0000002682209));
#8612=CARTESIAN_POINT('',(8.50000089406967,0.,18.0000010449439));
#8613=CARTESIAN_POINT('',(6.50000108033419,3.99999999999999,18.0000010449439));
#8614=CARTESIAN_POINT('Origin',(6.50000108033419,1.99999999999999,18.0000010449439));
#8615=CARTESIAN_POINT('',(11.625000603497,3.99999999999999,18.0000002682209));
#8616=CARTESIAN_POINT('',(7.50000108033418,1.99999999999999,18.0000010449439));
#8617=CARTESIAN_POINT('Origin',(6.50000108033419,1.99999999999999,18.0000010449439));
#8618=CARTESIAN_POINT('Origin',(14.5000010803342,4.,-2.00000002980234));
#8619=CARTESIAN_POINT('',(8.50000089406967,4.,8.0000000372529));
#8620=CARTESIAN_POINT('',(8.50000089406967,4.,12.0000010449439));
#8621=CARTESIAN_POINT('',(8.50000089406967,4.,-2.00000002980233));
#8622=CARTESIAN_POINT('',(6.50000108033419,3.99999999999999,8.0000000372529));
#8623=CARTESIAN_POINT('',(7.00000062328764,4.,8.0000000372529));
#8624=CARTESIAN_POINT('',(6.50000108033419,3.99999999999999,12.0000010449439));
#8625=CARTESIAN_POINT('',(6.50000108033419,4.,-2.00000002980234));
#8626=CARTESIAN_POINT('',(11.5000004451722,4.,12.0000010449439));
#8627=CARTESIAN_POINT('Origin',(14.5000010803342,4.,-2.00000002980234));
#8628=CARTESIAN_POINT('',(8.50000089406967,4.,21.9999999701977));
#8629=CARTESIAN_POINT('',(8.50000089406967,4.,-2.00000002980233));
#8630=CARTESIAN_POINT('',(6.50000108033419,3.99999999999999,21.9999999701977));
#8631=CARTESIAN_POINT('',(6.50000108033419,4.,-2.00000002980234));
#8632=CARTESIAN_POINT('',(6.50000108033419,4.,21.9999999701977));
#8633=CARTESIAN_POINT('Origin',(-0.499999833758921,0.,8.0000000372529));
#8634=CARTESIAN_POINT('',(8.50000089406967,0.,8.0000000372529));
#8635=CARTESIAN_POINT('Origin',(6.50000108033419,2.,8.0000000372529));
#8636=CARTESIAN_POINT('',(7.50000108033418,2.,8.0000000372529));
#8637=CARTESIAN_POINT('Origin',(6.50000108033419,2.,8.0000000372529));
#8638=CARTESIAN_POINT('Origin',(14.5000010803342,4.,-2.00000002980234));
#8639=CARTESIAN_POINT('',(8.50000089406967,4.,-2.00000002980234));
#8640=CARTESIAN_POINT('',(8.50000089406967,4.,2.00000002980232));
#8641=CARTESIAN_POINT('',(8.50000089406967,4.,-2.00000002980233));
#8642=CARTESIAN_POINT('',(6.50000108033419,4.,-2.00000002980234));
#8643=CARTESIAN_POINT('',(6.50000108033419,4.,-2.00000002980234));
#8644=CARTESIAN_POINT('',(6.50000108033419,3.99999999999999,2.00000002980232));
#8645=CARTESIAN_POINT('',(6.50000108033419,4.,-2.00000002980234));
#8646=CARTESIAN_POINT('',(11.500000603497,4.,2.00000002980232));
#8647=CARTESIAN_POINT('Origin',(6.50000108033419,1.99999999999999,21.9999999701977));
#8648=CARTESIAN_POINT('',(7.50000108033418,2.,12.0000010449439));
#8649=CARTESIAN_POINT('Origin',(6.50000108033419,2.,12.0000010449439));
#8650=CARTESIAN_POINT('',(7.50000108033418,1.99999999999999,21.9999999701977));
#8651=CARTESIAN_POINT('Origin',(6.50000108033419,1.99999999999999,21.9999999701977));
#8652=CARTESIAN_POINT('',(7.50000108033418,2.,2.00000002980232));
#8653=CARTESIAN_POINT('Origin',(6.50000108033419,2.,2.00000002980232));
#8654=CARTESIAN_POINT('',(7.50000108033418,2.,-2.00000002980234));
#8655=CARTESIAN_POINT('',(7.50000108033418,1.99999999999999,21.9999999701977));
#8656=CARTESIAN_POINT('Origin',(6.50000108033419,2.,-2.00000002980234));
#8657=CARTESIAN_POINT('Origin',(6.50000108033419,1.99999999999999,21.9999999701977));
#8658=CARTESIAN_POINT('',(7.50000108033418,1.99999999999999,21.9999999701977));
#8659=CARTESIAN_POINT('Origin',(6.50000108033419,1.99999999999999,21.9999999701977));
#8660=CARTESIAN_POINT('',(7.50000108033418,1.99999999999999,21.9999999701977));
#8661=CARTESIAN_POINT('Origin',(6.50000108033419,2.,-2.00000002980234));
#8662=CARTESIAN_POINT('Origin',(6.50000108033419,2.,12.0000010449439));
#8663=CARTESIAN_POINT('Origin',(6.50000108033419,2.,-2.00000002980234));
#8664=CARTESIAN_POINT('Origin',(6.50000108033419,2.,2.00000002980232));
#8665=CARTESIAN_POINT('Origin',(6.50000108033419,2.,-2.00000002980234));
#8666=CARTESIAN_POINT('Origin',(6.50000108033419,2.,-2.00000002980234));
#8667=CARTESIAN_POINT('Origin',(6.50000108033419,1.99999999999999,21.9999999701977));
#8668=CARTESIAN_POINT('Origin',(8.49999981001019,0.,12.0000010449439));
#8669=CARTESIAN_POINT('',(8.50000089406967,0.,12.0000010449439));
#8670=CARTESIAN_POINT('Origin',(8.50000012665987,0.,2.00000002980232));
#8671=CARTESIAN_POINT('',(8.50000089406967,0.,2.00000002980232));
#8672=CARTESIAN_POINT('Origin',(42.5000008940697,0.,-2.00000002980232));
#8673=CARTESIAN_POINT('',(8.50000089406967,7.,-2.00000002980232));
#8674=CARTESIAN_POINT('',(8.50000089406967,0.,-2.00000002980232));
#8675=CARTESIAN_POINT('',(42.5000008940697,7.,-2.00000002980232));
#8676=CARTESIAN_POINT('',(8.50000089406967,7.,-2.00000002980232));
#8677=CARTESIAN_POINT('',(42.5000008940697,0.,-2.00000002980232));
#8678=CARTESIAN_POINT('Origin',(8.50000089406967,0.,-2.00000002980232));
#8679=CARTESIAN_POINT('',(8.50000089406967,7.,21.9999999701977));
#8680=CARTESIAN_POINT('',(8.50000089406967,0.,21.9999999701977));
#8681=CARTESIAN_POINT('',(8.50000089406967,7.,21.9999999701977));
#8682=CARTESIAN_POINT('Origin',(40.5000013709068,7.,0.));
#8683=CARTESIAN_POINT('',(40.5000013709068,7.,0.));
#8684=CARTESIAN_POINT('',(40.5000013709068,7.,20.0000002980232));
#8685=CARTESIAN_POINT('',(40.5000013709068,7.,4.99999998509884));
#8686=CARTESIAN_POINT('',(40.5000013709068,2.,0.));
#8687=CARTESIAN_POINT('',(40.5000013709068,7.,0.));
#8688=CARTESIAN_POINT('',(40.5000013709068,2.,20.0000002980232));
#8689=CARTESIAN_POINT('',(40.5000013709068,2.,0.));
#8690=CARTESIAN_POINT('',(40.5000013709068,7.,20.0000002980232));
#8691=CARTESIAN_POINT('Origin',(10.500000923872,7.,0.));
#8692=CARTESIAN_POINT('',(10.500000923872,7.,0.));
#8693=CARTESIAN_POINT('',(18.0000009089708,7.,0.));
#8694=CARTESIAN_POINT('',(10.500000923872,2.,0.));
#8695=CARTESIAN_POINT('',(10.500000923872,7.,0.));
#8696=CARTESIAN_POINT('',(10.500000923872,2.,0.));
#8697=CARTESIAN_POINT('Origin',(10.500000923872,7.,20.0000002980232));
#8698=CARTESIAN_POINT('',(10.500000923872,7.,20.0000002980232));
#8699=CARTESIAN_POINT('',(10.500000923872,7.,15.0000001341105));
#8700=CARTESIAN_POINT('',(10.500000923872,2.,20.0000002980232));
#8701=CARTESIAN_POINT('',(10.500000923872,7.,20.0000002980232));
#8702=CARTESIAN_POINT('',(10.500000923872,2.,20.0000002980232));
#8703=CARTESIAN_POINT('Origin',(40.5000013709068,7.,20.0000002980232));
#8704=CARTESIAN_POINT('',(33.0000011324882,7.,20.0000002980232));
#8705=CARTESIAN_POINT('',(40.5000013709068,2.,20.0000002980232));
#8706=CARTESIAN_POINT('Origin',(25.5000011473894,2.,10.0000001490116));
#8707=CARTESIAN_POINT('Origin',(42.5000008940697,0.,21.9999999701977));
#8708=CARTESIAN_POINT('',(42.5000008940697,7.,21.9999999701977));
#8709=CARTESIAN_POINT('',(42.5000008940697,7.,-2.00000002980232));
#8710=CARTESIAN_POINT('',(42.5000008940697,0.,21.9999999701977));
#8711=CARTESIAN_POINT('Origin',(8.50000089406967,0.,21.9999999701977));
#8712=CARTESIAN_POINT('',(42.5000008940697,7.,21.9999999701977));
#8713=CARTESIAN_POINT('Origin',(25.5000008940697,7.,9.99999997019768));
#8714=CARTESIAN_POINT('Origin',(86.0000004037283,-2.22044604925031E-15,
12.5000005699694));
#8715=CARTESIAN_POINT('',(79.4999999664724,-8.94069673851305E-8,12.5000005699694));
#8716=CARTESIAN_POINT('',(79.4999999664724,3.99999982118607,12.5000005699694));
#8717=CARTESIAN_POINT('Origin',(79.4999999664724,1.99999986588955,12.5000005699694));
#8718=CARTESIAN_POINT('',(84.4999998547137,3.99999982118607,12.5000005699694));
#8719=CARTESIAN_POINT('',(86.0000004037283,4.,12.5000005699694));
#8720=CARTESIAN_POINT('',(84.4999998547137,-8.94069673851305E-8,12.5000005699694));
#8721=CARTESIAN_POINT('Origin',(84.4999998547137,1.99999986588955,12.5000005699694));
#8722=CARTESIAN_POINT('',(86.0000004037283,-2.22044604925031E-15,12.5000005699694));
#8723=CARTESIAN_POINT('',(83.4999998547137,1.99999986588955,12.5000005699694));
#8724=CARTESIAN_POINT('Origin',(84.4999998547137,1.99999986588955,12.5000005699694));
#8725=CARTESIAN_POINT('',(78.4999999664724,1.99999986588955,12.5000005699694));
#8726=CARTESIAN_POINT('Origin',(79.4999999664724,1.99999986588955,12.5000005699694));
#8727=CARTESIAN_POINT('Origin',(78.0000001662411,-2.22044604925031E-15,
17.5000010449439));
#8728=CARTESIAN_POINT('',(79.4999999664724,3.99999982118607,17.5000010449439));
#8729=CARTESIAN_POINT('',(79.4999999664724,-8.94069673851305E-8,17.5000010449439));
#8730=CARTESIAN_POINT('Origin',(79.4999999664724,1.99999986588955,17.5000010449439));
#8731=CARTESIAN_POINT('',(84.4999998547137,-8.94069673851305E-8,17.5000010449439));
#8732=CARTESIAN_POINT('',(78.0000001662411,-2.22044604925031E-15,17.5000010449439));
#8733=CARTESIAN_POINT('',(84.4999998547137,3.99999982118607,17.5000010449439));
#8734=CARTESIAN_POINT('Origin',(84.4999998547137,1.99999986588955,17.5000010449439));
#8735=CARTESIAN_POINT('',(78.0000001662411,4.,17.5000010449439));
#8736=CARTESIAN_POINT('',(78.4999999664724,1.99999986588955,17.5000010449439));
#8737=CARTESIAN_POINT('Origin',(79.4999999664724,1.99999986588955,17.5000010449439));
#8738=CARTESIAN_POINT('',(83.4999998547137,1.99999986588955,17.5000010449439));
#8739=CARTESIAN_POINT('Origin',(84.4999998547137,1.99999986588955,17.5000010449439));
#8740=CARTESIAN_POINT('Origin',(82.0000002849847,-2.22044604925031E-15,
15.0000008074567));
#8741=CARTESIAN_POINT('',(79.4999999664724,-2.22044604925031E-15,17.5000010449439));
#8742=CARTESIAN_POINT('',(84.4999998547137,-2.22044604925031E-15,17.5000010449439));
#8743=CARTESIAN_POINT('Origin',(79.4999999664724,1.99999986588955,17.5000010449439));
#8744=CARTESIAN_POINT('',(78.4999999664724,1.99999986588955,17.5000010449439));
#8745=CARTESIAN_POINT('Origin',(84.4999998547137,1.99999986588955,17.5000010449439));
#8746=CARTESIAN_POINT('',(83.4999998547137,1.99999986588955,17.5000010449439));
#8747=CARTESIAN_POINT('Origin',(79.4999999664724,1.99999986588955,17.5000010449439));
#8748=CARTESIAN_POINT('',(79.4999999664724,4.,17.5000010449439));
#8749=CARTESIAN_POINT('Origin',(84.4999998547137,1.99999986588955,17.5000010449439));
#8750=CARTESIAN_POINT('',(84.4999998547137,4.,17.5000010449439));
#8751=CARTESIAN_POINT('Origin',(87.0000001341105,4.00000005960464,35.9999999701977));
#8752=CARTESIAN_POINT('Origin',(86.0000001192093,-2.22044604925031E-15,
2.5000000372529));
#8753=CARTESIAN_POINT('',(79.4999999664724,-8.94069673851305E-8,2.5000000372529));
#8754=CARTESIAN_POINT('',(79.4999999664724,3.99999982118607,2.5000000372529));
#8755=CARTESIAN_POINT('Origin',(79.4999999664724,1.99999986588955,2.5000000372529));
#8756=CARTESIAN_POINT('',(84.4999998547137,3.99999982118607,2.5000000372529));
#8757=CARTESIAN_POINT('',(86.0000001192093,4.,2.5000000372529));
#8758=CARTESIAN_POINT('',(84.4999998547137,-8.94069673851305E-8,2.5000000372529));
#8759=CARTESIAN_POINT('Origin',(84.4999998547137,1.99999986588955,2.5000000372529));
#8760=CARTESIAN_POINT('',(86.0000001192093,-2.22044604925031E-15,2.5000000372529));
#8761=CARTESIAN_POINT('',(83.4999998547137,1.99999986588955,2.5000000372529));
#8762=CARTESIAN_POINT('Origin',(84.4999998547137,1.99999986588955,2.5000000372529));
#8763=CARTESIAN_POINT('',(78.4999999664724,1.99999986588955,2.5000000372529));
#8764=CARTESIAN_POINT('Origin',(79.4999999664724,1.99999986588955,2.5000000372529));
#8765=CARTESIAN_POINT('Origin',(78.,-2.22044604925031E-15,7.50000011175871));
#8766=CARTESIAN_POINT('',(79.4999999664724,3.99999982118607,7.50000011175871));
#8767=CARTESIAN_POINT('',(79.4999999664724,-8.94069673851305E-8,7.50000011175871));
#8768=CARTESIAN_POINT('Origin',(79.4999999664724,1.99999986588955,7.50000011175871));
#8769=CARTESIAN_POINT('',(84.4999998547137,-8.94069673851305E-8,7.50000011175871));
#8770=CARTESIAN_POINT('',(78.,-2.22044604925031E-15,7.50000011175871));
#8771=CARTESIAN_POINT('',(84.4999998547137,3.99999982118607,7.50000011175871));
#8772=CARTESIAN_POINT('Origin',(84.4999998547137,1.99999986588955,7.50000011175871));
#8773=CARTESIAN_POINT('',(78.,4.,7.50000011175871));
#8774=CARTESIAN_POINT('',(78.4999999664724,1.99999986588955,7.50000011175871));
#8775=CARTESIAN_POINT('Origin',(79.4999999664724,1.99999986588955,7.50000011175871));
#8776=CARTESIAN_POINT('',(83.4999998547137,1.99999986588955,7.50000011175871));
#8777=CARTESIAN_POINT('Origin',(84.4999998547137,1.99999986588955,7.50000011175871));
#8778=CARTESIAN_POINT('Origin',(82.0000000596046,-2.22044604925031E-15,
5.00000007450581));
#8779=CARTESIAN_POINT('',(79.4999999664724,-2.22044604925031E-15,17.5000010449439));
#8780=CARTESIAN_POINT('',(84.4999998547137,-2.22044604925031E-15,17.5000010449439));
#8781=CARTESIAN_POINT('Origin',(79.4999999664724,1.99999986588955,17.5000010449439));
#8782=CARTESIAN_POINT('',(78.4999999664724,1.99999986588955,17.5000010449439));
#8783=CARTESIAN_POINT('Origin',(84.4999998547137,1.99999986588955,17.5000010449439));
#8784=CARTESIAN_POINT('',(83.4999998547137,1.99999986588955,17.5000010449439));
#8785=CARTESIAN_POINT('Origin',(84.4999998547137,1.99999986588955,17.5000010449439));
#8786=CARTESIAN_POINT('',(84.4999998547137,4.,17.5000010449439));
#8787=CARTESIAN_POINT('Origin',(79.4999999664724,1.99999986588955,17.5000010449439));
#8788=CARTESIAN_POINT('',(79.4999999664724,4.,17.5000010449439));
#8789=CARTESIAN_POINT('Origin',(87.0000001341105,4.00000005960464,35.9999999701977));
#8790=CARTESIAN_POINT('Origin',(42.5000001662411,0.,18.0000010449439));
#8791=CARTESIAN_POINT('',(51.5,-3.22351255285715E-15,18.0000002682209));
#8792=CARTESIAN_POINT('',(51.5,3.99999999999999,18.0000002682209));
#8793=CARTESIAN_POINT('',(51.5,5.55111512312578E-16,18.0000010449439));
#8794=CARTESIAN_POINT('',(49.5000010803342,1.11022302462516E-15,18.0000010449439));
#8795=CARTESIAN_POINT('',(50.625000603497,-3.33066907387547E-15,18.0000002682209));
#8796=CARTESIAN_POINT('',(49.5000010803342,3.99999999999999,18.0000010449439));
#8797=CARTESIAN_POINT('Origin',(49.5000010803342,1.99999999999999,18.0000010449439));
#8798=CARTESIAN_POINT('',(54.625000603497,3.99999999999999,18.0000002682209));
#8799=CARTESIAN_POINT('',(50.5000010803342,1.99999999999999,18.0000010449439));
#8800=CARTESIAN_POINT('Origin',(49.5000010803342,1.99999999999999,18.0000010449439));
#8801=CARTESIAN_POINT('Origin',(57.5000010803342,4.,-2.00000002980234));
#8802=CARTESIAN_POINT('',(51.5,4.,8.0000000372529));
#8803=CARTESIAN_POINT('',(51.5,4.,12.0000010449439));
#8804=CARTESIAN_POINT('',(51.5,4.,-2.00000001490117));
#8805=CARTESIAN_POINT('',(49.5000010803342,3.99999999999999,8.0000000372529));
#8806=CARTESIAN_POINT('',(50.0000006232876,4.,8.0000000372529));
#8807=CARTESIAN_POINT('',(49.5000010803342,3.99999999999999,12.0000010449439));
#8808=CARTESIAN_POINT('',(49.5000010803342,4.,-2.00000002980234));
#8809=CARTESIAN_POINT('',(54.5000004451722,4.,12.0000010449439));
#8810=CARTESIAN_POINT('Origin',(57.5000010803342,4.,-2.00000002980234));
#8811=CARTESIAN_POINT('',(51.5,4.,21.9999999701977));
#8812=CARTESIAN_POINT('',(51.5,4.,-2.00000001490117));
#8813=CARTESIAN_POINT('',(49.5000010803342,3.99999999999999,21.9999999701977));
#8814=CARTESIAN_POINT('',(49.5000010803342,4.,-2.00000002980234));
#8815=CARTESIAN_POINT('',(49.5000010803342,4.,21.9999999701977));
#8816=CARTESIAN_POINT('Origin',(42.5000001662411,0.,8.0000000372529));
#8817=CARTESIAN_POINT('',(51.5,-1.54689038604999E-15,8.0000000372529));
#8818=CARTESIAN_POINT('',(51.5,5.55111512312578E-16,8.0000000372529));
#8819=CARTESIAN_POINT('',(49.5000010803342,3.33066907387547E-15,8.0000000372529));
#8820=CARTESIAN_POINT('',(46.0000006232876,-2.22044604925031E-15,8.0000000372529));
#8821=CARTESIAN_POINT('Origin',(49.5000010803342,2.,8.0000000372529));
#8822=CARTESIAN_POINT('',(50.5000010803342,2.,8.0000000372529));
#8823=CARTESIAN_POINT('Origin',(49.5000010803342,2.,8.0000000372529));
#8824=CARTESIAN_POINT('Origin',(57.5000010803342,4.,-2.00000002980234));
#8825=CARTESIAN_POINT('',(51.5,4.,-2.00000002980234));
#8826=CARTESIAN_POINT('',(51.5,4.,2.00000002980232));
#8827=CARTESIAN_POINT('',(51.5,4.,-2.00000001490117));
#8828=CARTESIAN_POINT('',(49.5000010803342,4.,-2.00000002980234));
#8829=CARTESIAN_POINT('',(49.5000010803342,4.,-2.00000002980234));
#8830=CARTESIAN_POINT('',(49.5000010803342,3.99999999999999,2.00000002980232));
#8831=CARTESIAN_POINT('',(49.5000010803342,4.,-2.00000002980234));
#8832=CARTESIAN_POINT('',(54.500000603497,4.,2.00000002980232));
#8833=CARTESIAN_POINT('Origin',(49.5000010803342,1.99999999999999,21.9999999701977));
#8834=CARTESIAN_POINT('',(50.5000010803342,2.,12.0000010449439));
#8835=CARTESIAN_POINT('Origin',(49.5000010803342,2.,12.0000010449439));
#8836=CARTESIAN_POINT('',(50.5000010803342,1.99999999999999,21.9999999701977));
#8837=CARTESIAN_POINT('Origin',(49.5000010803342,1.99999999999999,21.9999999701977));
#8838=CARTESIAN_POINT('',(50.5000010803342,2.,2.00000002980232));
#8839=CARTESIAN_POINT('Origin',(49.5000010803342,2.,2.00000002980232));
#8840=CARTESIAN_POINT('',(50.5000010803342,2.,-2.00000002980234));
#8841=CARTESIAN_POINT('',(50.5000010803342,1.99999999999999,21.9999999701977));
#8842=CARTESIAN_POINT('Origin',(49.5000010803342,2.,-2.00000002980234));
#8843=CARTESIAN_POINT('Origin',(49.5000010803342,1.99999999999999,21.9999999701977));
#8844=CARTESIAN_POINT('',(50.5000010803342,1.99999999999999,21.9999999701977));
#8845=CARTESIAN_POINT('Origin',(49.5000010803342,1.99999999999999,21.9999999701977));
#8846=CARTESIAN_POINT('',(50.5000010803342,1.99999999999999,21.9999999701977));
#8847=CARTESIAN_POINT('Origin',(49.5000010803342,2.,-2.00000002980234));
#8848=CARTESIAN_POINT('',(49.5000010803342,2.22044604925031E-15,12.0000010449439));
#8849=CARTESIAN_POINT('',(49.5000010803342,5.55111512312578E-15,-2.00000002980234));
#8850=CARTESIAN_POINT('Origin',(49.5000010803342,2.,12.0000010449439));
#8851=CARTESIAN_POINT('Origin',(49.5000010803342,2.,-2.00000002980234));
#8852=CARTESIAN_POINT('',(49.5000010803342,4.44089209850063E-15,2.00000002980232));
#8853=CARTESIAN_POINT('Origin',(49.5000010803342,2.,2.00000002980232));
#8854=CARTESIAN_POINT('',(49.5000010803342,5.55111512312578E-15,-2.00000002980234));
#8855=CARTESIAN_POINT('Origin',(49.5000010803342,2.,-2.00000002980234));
#8856=CARTESIAN_POINT('',(49.5000010803342,5.55111512312578E-15,-2.00000002980234));
#8857=CARTESIAN_POINT('Origin',(49.5000010803342,2.,-2.00000002980234));
#8858=CARTESIAN_POINT('',(49.5000010803342,1.11022302462516E-15,21.9999999701977));
#8859=CARTESIAN_POINT('',(49.5000010803342,5.55111512312578E-15,-2.00000002980234));
#8860=CARTESIAN_POINT('Origin',(49.5000010803342,1.99999999999999,21.9999999701977));
#8861=CARTESIAN_POINT('Origin',(51.4999998100102,0.,12.0000010449439));
#8862=CARTESIAN_POINT('',(51.5,-2.09798142385345E-15,12.0000010449439));
#8863=CARTESIAN_POINT('',(51.5,5.55111512312578E-16,12.0000010449439));
#8864=CARTESIAN_POINT('',(50.5000004451722,-2.22044604925031E-15,12.0000010449439));
#8865=CARTESIAN_POINT('Origin',(51.5000001266599,0.,2.00000002980232));
#8866=CARTESIAN_POINT('',(51.5,1.22464606007665E-16,2.00000002980232));
#8867=CARTESIAN_POINT('',(51.5,5.55111512312578E-16,2.00000002980232));
#8868=CARTESIAN_POINT('',(50.500000603497,0.,2.00000002980232));
#8869=CARTESIAN_POINT('Origin',(76.5000010803342,2.,-2.00000002980234));
#8870=CARTESIAN_POINT('',(79.5000010803342,4.44089209850063E-15,-2.00000002980234));
#8871=CARTESIAN_POINT('',(51.5,1.11022302462516E-15,-2.));
#8872=CARTESIAN_POINT('',(51.5,6.,-2.));
#8873=CARTESIAN_POINT('',(51.5,1.11022302462516E-15,-2.));
#8874=CARTESIAN_POINT('',(77.5000003576279,6.,-2.));
#8875=CARTESIAN_POINT('',(77.5000003576279,6.,-2.));
#8876=CARTESIAN_POINT('',(77.5000003576279,4.,-2.));
#8877=CARTESIAN_POINT('',(77.5000003576279,1.11022302462516E-15,-2.));
#8878=CARTESIAN_POINT('',(79.5000010803342,3.99999999999999,-2.00000002980234));
#8879=CARTESIAN_POINT('',(81.7500006072223,4.00000005960464,-2.00000002980234));
#8880=CARTESIAN_POINT('Origin',(79.5000010803342,2.,-2.00000002980234));
#8881=CARTESIAN_POINT('',(80.5000010803342,2.,-2.00000002980234));
#8882=CARTESIAN_POINT('Origin',(79.5000010803342,2.,-2.00000002980234));
#8883=CARTESIAN_POINT('Origin',(51.5,1.11022302462516E-15,-2.));
#8884=CARTESIAN_POINT('',(51.5,1.11022302462516E-15,22.0000003278255));
#8885=CARTESIAN_POINT('',(51.5,1.11022302462516E-15,22.0000003278255));
#8886=CARTESIAN_POINT('',(51.5,6.,22.0000003278255));
#8887=CARTESIAN_POINT('',(51.5,1.11022302462516E-15,22.0000003278255));
#8888=CARTESIAN_POINT('',(51.5,6.,-2.));
#8889=CARTESIAN_POINT('Origin',(75.7000003278256,2.,0.));
#8890=CARTESIAN_POINT('',(75.7000003278256,2.,20.2000002980232));
#8891=CARTESIAN_POINT('',(75.7000003278256,2.,-0.2));
#8892=CARTESIAN_POINT('',(75.7000003278256,2.,5.00000008195639));
#8893=CARTESIAN_POINT('',(75.7000003278256,6.,20.2000002980232));
#8894=CARTESIAN_POINT('',(75.7000003278256,2.,20.2000002980232));
#8895=CARTESIAN_POINT('',(75.7000003278256,6.,-0.2));
#8896=CARTESIAN_POINT('',(75.7000003278256,6.,5.00000008195639));
#8897=CARTESIAN_POINT('',(75.7000003278256,2.,-0.2));
#8898=CARTESIAN_POINT('Origin',(64.5000001788139,6.,10.0000001639128));
#8899=CARTESIAN_POINT('',(77.5000003576279,6.,22.0000003278255));
#8900=CARTESIAN_POINT('',(51.5,6.,22.0000003278255));
#8901=CARTESIAN_POINT('',(77.5000003576279,6.,22.0000003278255));
#8902=CARTESIAN_POINT('',(53.3,6.,-0.2));
#8903=CARTESIAN_POINT('',(70.0000002533198,6.,-0.2));
#8904=CARTESIAN_POINT('',(53.3,6.,20.2000002980232));
#8905=CARTESIAN_POINT('',(70.0000002533198,6.,20.2000002980232));
#8906=CARTESIAN_POINT('',(53.3,6.,15.000000230968));
#8907=CARTESIAN_POINT('Origin',(53.3,2.,20.0000002980232));
#8908=CARTESIAN_POINT('',(53.3,2.,-0.2));
#8909=CARTESIAN_POINT('',(53.3,2.,20.2000002980232));
#8910=CARTESIAN_POINT('',(53.3,2.,15.000000230968));
#8911=CARTESIAN_POINT('',(53.3,2.,-0.2));
#8912=CARTESIAN_POINT('',(53.3,2.,20.2000002980232));
#8913=CARTESIAN_POINT('Origin',(53.5,2.,-0.2));
#8914=CARTESIAN_POINT('',(53.5,2.,-0.2));
#8915=CARTESIAN_POINT('Origin',(75.5000003278256,2.,20.2000002980232));
#8916=CARTESIAN_POINT('',(75.5000003278256,2.,20.2000002980232));
#8917=CARTESIAN_POINT('Origin',(77.5000003576279,1.11022302462516E-15,22.0000003278255));
#8918=CARTESIAN_POINT('',(77.5000003576279,4.,2.00000002980232));
#8919=CARTESIAN_POINT('',(77.5000003576279,4.,10.0000001490116));
#8920=CARTESIAN_POINT('',(77.5000003576279,3.99999999999999,22.0000003278255));
#8921=CARTESIAN_POINT('',(77.5000003576279,1.11022302462516E-15,22.0000003278255));
#8922=CARTESIAN_POINT('',(77.5000003576279,3.99999999999999,18.0000010449439));
#8923=CARTESIAN_POINT('',(77.5000003576279,4.,10.0000001490116));
#8924=CARTESIAN_POINT('',(77.5000003576279,-4.44089209850063E-15,18.0000010449439));
#8925=CARTESIAN_POINT('',(77.5000003576279,5.55111512312578E-16,18.0000010449439));
#8926=CARTESIAN_POINT('',(77.5000003576279,-3.33066907387547E-15,12.0000010449439));
#8927=CARTESIAN_POINT('',(77.5000003576279,1.11022302462516E-15,-2.));
#8928=CARTESIAN_POINT('',(77.5000003576279,4.,12.0000010449439));
#8929=CARTESIAN_POINT('',(77.5000003576279,5.55111512312578E-16,12.0000010449439));
#8930=CARTESIAN_POINT('',(77.5000003576279,4.,8.0000000372529));
#8931=CARTESIAN_POINT('',(77.5000003576279,4.,10.0000001490116));
#8932=CARTESIAN_POINT('',(77.5000003576279,-2.22044604925031E-15,8.0000000372529));
#8933=CARTESIAN_POINT('',(77.5000003576279,5.55111512312578E-16,8.0000000372529));
#8934=CARTESIAN_POINT('',(77.5000003576279,0.,2.00000002980232));
#8935=CARTESIAN_POINT('',(77.5000003576279,1.11022302462516E-15,-2.));
#8936=CARTESIAN_POINT('',(77.5000003576279,5.55111512312578E-16,2.00000002980232));
#8937=CARTESIAN_POINT('Origin',(64.5000001788139,2.,10.0000001639128));
#8938=CARTESIAN_POINT('Origin',(86.5000001266599,0.,2.00000002980232));
#8939=CARTESIAN_POINT('',(79.5000010803342,0.,2.00000002980232));
#8940=CARTESIAN_POINT('',(74.3750006232876,0.,2.00000002980232));
#8941=CARTESIAN_POINT('',(79.5000010803342,3.99999999999999,2.00000002980232));
#8942=CARTESIAN_POINT('Origin',(79.5000010803342,2.,2.00000002980232));
#8943=CARTESIAN_POINT('',(78.3750006232876,4.,2.00000002980232));
#8944=CARTESIAN_POINT('',(80.5000010803342,2.,2.00000002980232));
#8945=CARTESIAN_POINT('Origin',(79.5000010803342,2.,2.00000002980232));
#8946=CARTESIAN_POINT('Origin',(76.5000010803342,1.99999999999999,21.9999999701977));
#8947=CARTESIAN_POINT('',(79.5000010803342,0.,21.9999999701977));
#8948=CARTESIAN_POINT('',(79.5000010803342,-4.44089209850063E-15,21.9999999701977));
#8949=CARTESIAN_POINT('',(79.5000010803342,3.99999999999999,21.9999999701977));
#8950=CARTESIAN_POINT('Origin',(79.5000010803342,1.99999999999999,21.9999999701977));
#8951=CARTESIAN_POINT('',(71.5000010803342,3.99999999999999,21.9999999701977));
#8952=CARTESIAN_POINT('',(80.5000010803342,1.99999999999999,21.9999999701977));
#8953=CARTESIAN_POINT('Origin',(79.5000010803342,1.99999999999999,21.9999999701977));
#8954=CARTESIAN_POINT('Origin',(79.5000010803342,4.,-2.00000002980234));
#8955=CARTESIAN_POINT('',(79.5000010803342,3.99999999999999,12.0000010449439));
#8956=CARTESIAN_POINT('',(83.0000004451722,4.,12.0000010449439));
#8957=CARTESIAN_POINT('',(79.5000010803342,3.99999999999999,8.0000000372529));
#8958=CARTESIAN_POINT('',(79.5000010803342,3.99999999999999,-2.00000002980234));
#8959=CARTESIAN_POINT('',(78.5000006232876,4.,8.0000000372529));
#8960=CARTESIAN_POINT('Origin',(79.5000010803342,4.,-2.00000002980234));
#8961=CARTESIAN_POINT('',(79.5000010803342,3.99999999999999,18.0000010449439));
#8962=CARTESIAN_POINT('',(79.5000010803342,3.99999999999999,-2.00000002980234));
#8963=CARTESIAN_POINT('',(78.5000006232876,3.99999999999999,18.0000010449439));
#8964=CARTESIAN_POINT('Origin',(79.5000010803342,4.,-2.00000002980234));
#8965=CARTESIAN_POINT('',(79.5000010803342,3.99999999999999,-2.00000002980234));
#8966=CARTESIAN_POINT('Origin',(86.4999998100102,0.,12.0000010449439));
#8967=CARTESIAN_POINT('',(79.5000010803342,0.,12.0000010449439));
#8968=CARTESIAN_POINT('',(79.0000004451722,-3.33066907387547E-15,12.0000010449439));
#8969=CARTESIAN_POINT('Origin',(79.5000010803342,1.99999999999999,12.0000010449439));
#8970=CARTESIAN_POINT('',(80.5000010803342,2.,12.0000010449439));
#8971=CARTESIAN_POINT('Origin',(79.5000010803342,2.,12.0000010449439));
#8972=CARTESIAN_POINT('Origin',(71.5000010803342,0.,-2.00000002980234));
#8973=CARTESIAN_POINT('',(79.5000010803342,4.44089209850063E-15,-2.00000002980234));
#8974=CARTESIAN_POINT('',(79.5000010803342,0.,8.0000000372529));
#8975=CARTESIAN_POINT('',(74.5000006232876,-2.22044604925031E-15,8.0000000372529));
#8976=CARTESIAN_POINT('',(79.5000010803342,4.44089209850063E-15,-2.00000002980234));
#8977=CARTESIAN_POINT('',(79.5000010803342,0.,18.0000010449439));
#8978=CARTESIAN_POINT('',(74.5000006232876,-4.44089209850063E-15,18.0000010449439));
#8979=CARTESIAN_POINT('',(79.5000010803342,4.44089209850063E-15,-2.00000002980234));
#8980=CARTESIAN_POINT('Origin',(79.5000010803342,1.99999999999999,21.9999999701977));
#8981=CARTESIAN_POINT('',(80.5000010803342,2.,8.0000000372529));
#8982=CARTESIAN_POINT('',(80.5000010803342,1.99999999999999,21.9999999701977));
#8983=CARTESIAN_POINT('Origin',(79.5000010803342,2.,8.0000000372529));
#8984=CARTESIAN_POINT('Origin',(79.5000010803342,1.99999999999999,21.9999999701977));
#8985=CARTESIAN_POINT('',(80.5000010803342,1.99999999999999,21.9999999701977));
#8986=CARTESIAN_POINT('Origin',(79.5000010803342,1.99999999999999,21.9999999701977));
#8987=CARTESIAN_POINT('',(80.5000010803342,1.99999999999999,18.0000010449439));
#8988=CARTESIAN_POINT('',(80.5000010803342,1.99999999999999,21.9999999701977));
#8989=CARTESIAN_POINT('Origin',(79.5000010803342,1.99999999999999,18.0000010449439));
#8990=CARTESIAN_POINT('Origin',(79.5000010803342,2.,-2.00000002980234));
#8991=CARTESIAN_POINT('Origin',(79.5000010803342,2.,-2.00000002980234));
#8992=CARTESIAN_POINT('Origin',(79.5000010803342,2.,8.0000000372529));
#8993=CARTESIAN_POINT('Origin',(79.5000010803342,2.,-2.00000002980234));
#8994=CARTESIAN_POINT('Origin',(79.5000010803342,1.99999999999999,18.0000010449439));
#8995=CARTESIAN_POINT('Origin',(77.5000001662411,0.,18.0000010449439));
#8996=CARTESIAN_POINT('Origin',(77.5000001662411,0.,8.0000000372529));
#8997=CARTESIAN_POINT('Origin',(154.50000012666,0.,2.00000002980232));
#8998=CARTESIAN_POINT('',(145.500002011657,0.,2.00000002980232));
#8999=CARTESIAN_POINT('',(145.500002011657,4.,2.00000002980232));
#9000=CARTESIAN_POINT('',(145.500002011657,2.3,2.00000002980232));
#9001=CARTESIAN_POINT('',(147.500001080334,0.,2.00000002980232));
#9002=CARTESIAN_POINT('',(142.375000623288,0.,2.00000002980232));
#9003=CARTESIAN_POINT('',(147.500001080334,3.99999999999999,2.00000002980232));
#9004=CARTESIAN_POINT('Origin',(147.500001080334,2.,2.00000002980232));
#9005=CARTESIAN_POINT('',(146.375000623288,4.,2.00000002980232));
#9006=CARTESIAN_POINT('',(148.500001080334,2.,2.00000002980232));
#9007=CARTESIAN_POINT('Origin',(147.500001080334,2.,2.00000002980232));
#9008=CARTESIAN_POINT('Origin',(145.500000166241,0.,8.0000000372529));
#9009=CARTESIAN_POINT('',(145.500002011657,4.,8.0000000372529));
#9010=CARTESIAN_POINT('',(145.500002011657,-2.22044604925031E-15,8.0000000372529));
#9011=CARTESIAN_POINT('',(145.500002011657,2.3,8.0000000372529));
#9012=CARTESIAN_POINT('',(147.500001080334,3.99999999999999,8.0000000372529));
#9013=CARTESIAN_POINT('',(146.500000623288,4.,8.0000000372529));
#9014=CARTESIAN_POINT('',(147.500001080334,0.,8.0000000372529));
#9015=CARTESIAN_POINT('Origin',(147.500001080334,2.,8.0000000372529));
#9016=CARTESIAN_POINT('',(142.500000623288,-2.22044604925031E-15,8.0000000372529));
#9017=CARTESIAN_POINT('',(148.500001080334,2.,8.0000000372529));
#9018=CARTESIAN_POINT('Origin',(147.500001080334,2.,8.0000000372529));
#9019=CARTESIAN_POINT('Origin',(147.500001080334,4.,-2.00000002980234));
#9020=CARTESIAN_POINT('',(145.500002011657,4.,12.0000010449439));
#9021=CARTESIAN_POINT('',(145.500002011657,4.,-2.00000002980233));
#9022=CARTESIAN_POINT('',(147.500001080334,3.99999999999999,12.0000010449439));
#9023=CARTESIAN_POINT('',(151.000000445172,4.,12.0000010449439));
#9024=CARTESIAN_POINT('',(147.500001080334,3.99999999999999,-2.00000002980234));
#9025=CARTESIAN_POINT('Origin',(147.500001080334,4.,-2.00000002980234));
#9026=CARTESIAN_POINT('',(145.500002011657,3.99999999999999,21.9999999701977));
#9027=CARTESIAN_POINT('',(145.500002011657,3.99999999999999,18.0000010449439));
#9028=CARTESIAN_POINT('',(145.500002011657,4.,-2.00000002980233));
#9029=CARTESIAN_POINT('',(147.500001080334,3.99999999999999,21.9999999701977));
#9030=CARTESIAN_POINT('',(139.500001080334,3.99999999999999,21.9999999701977));
#9031=CARTESIAN_POINT('',(147.500001080334,3.99999999999999,18.0000010449439));
#9032=CARTESIAN_POINT('',(147.500001080334,3.99999999999999,-2.00000002980234));
#9033=CARTESIAN_POINT('',(146.500000623288,3.99999999999999,18.0000010449439));
#9034=CARTESIAN_POINT('Origin',(147.500001080334,4.,-2.00000002980234));
#9035=CARTESIAN_POINT('',(145.500002011657,4.00000005960464,-2.00000002980234));
#9036=CARTESIAN_POINT('',(145.500002011657,4.,-2.00000002980233));
#9037=CARTESIAN_POINT('',(147.500001080334,3.99999999999999,-2.00000002980234));
#9038=CARTESIAN_POINT('',(147.500001080334,3.99999999999999,-2.00000002980234));
#9039=CARTESIAN_POINT('',(149.750000607222,4.00000005960464,-2.00000002980234));
#9040=CARTESIAN_POINT('Origin',(147.500001080334,1.99999999999999,21.9999999701977));
#9041=CARTESIAN_POINT('',(148.500001080334,2.,12.0000010449439));
#9042=CARTESIAN_POINT('Origin',(147.500001080334,2.,12.0000010449439));
#9043=CARTESIAN_POINT('',(148.500001080334,1.99999999999999,21.9999999701977));
#9044=CARTESIAN_POINT('Origin',(147.500001080334,1.99999999999999,21.9999999701977));
#9045=CARTESIAN_POINT('',(148.500001080334,2.,-2.00000002980234));
#9046=CARTESIAN_POINT('',(148.500001080334,1.99999999999999,21.9999999701977));
#9047=CARTESIAN_POINT('Origin',(147.500001080334,2.,-2.00000002980234));
#9048=CARTESIAN_POINT('Origin',(147.500001080334,1.99999999999999,21.9999999701977));
#9049=CARTESIAN_POINT('',(148.500001080334,1.99999999999999,21.9999999701977));
#9050=CARTESIAN_POINT('Origin',(147.500001080334,1.99999999999999,21.9999999701977));
#9051=CARTESIAN_POINT('',(148.500001080334,1.99999999999999,18.0000010449439));
#9052=CARTESIAN_POINT('',(148.500001080334,1.99999999999999,21.9999999701977));
#9053=CARTESIAN_POINT('Origin',(147.500001080334,1.99999999999999,18.0000010449439));
#9054=CARTESIAN_POINT('Origin',(147.500001080334,2.,-2.00000002980234));
#9055=CARTESIAN_POINT('',(147.500001080334,4.44089209850063E-15,-2.00000002980234));
#9056=CARTESIAN_POINT('',(147.500001080334,4.44089209850063E-15,-2.00000002980234));
#9057=CARTESIAN_POINT('Origin',(147.500001080334,2.,-2.00000002980234));
#9058=CARTESIAN_POINT('Origin',(147.500001080334,2.,-2.00000002980234));
#9059=CARTESIAN_POINT('',(147.500001080334,0.,12.0000010449439));
#9060=CARTESIAN_POINT('Origin',(147.500001080334,1.99999999999999,12.0000010449439));
#9061=CARTESIAN_POINT('',(147.500001080334,4.44089209850063E-15,-2.00000002980234));
#9062=CARTESIAN_POINT('Origin',(147.500001080334,2.,-2.00000002980234));
#9063=CARTESIAN_POINT('',(147.500001080334,0.,18.0000010449439));
#9064=CARTESIAN_POINT('Origin',(147.500001080334,1.99999999999999,18.0000010449439));
#9065=CARTESIAN_POINT('',(147.500001080334,0.,21.9999999701977));
#9066=CARTESIAN_POINT('Origin',(147.500001080334,1.99999999999999,21.9999999701977));
#9067=CARTESIAN_POINT('',(147.500001080334,4.44089209850063E-15,-2.00000002980234));
#9068=CARTESIAN_POINT('Origin',(154.49999981001,0.,12.0000010449439));
#9069=CARTESIAN_POINT('',(145.500002011657,-3.33066907387547E-15,12.0000010449439));
#9070=CARTESIAN_POINT('',(145.500002011657,2.3,12.0000010449439));
#9071=CARTESIAN_POINT('',(147.000000445172,-3.33066907387547E-15,12.0000010449439));
#9072=CARTESIAN_POINT('Origin',(145.500000166241,0.,18.0000010449439));
#9073=CARTESIAN_POINT('',(145.500002011657,-4.44089209850063E-15,18.0000010449439));
#9074=CARTESIAN_POINT('',(145.500002011657,2.3,18.0000010449439));
#9075=CARTESIAN_POINT('',(142.500000623288,-4.44089209850063E-15,18.0000010449439));
#9076=CARTESIAN_POINT('Origin',(125.500002011657,4.6,-2.00000002980232));
#9077=CARTESIAN_POINT('',(125.500002011657,5.55111512312578E-16,-2.00000002980232));
#9078=CARTESIAN_POINT('',(125.500002011657,4.40224970333179E-16,-2.00000002980233));
#9079=CARTESIAN_POINT('',(125.500002011657,4.6,-2.00000002980232));
#9080=CARTESIAN_POINT('',(125.500002011657,4.6,-2.00000002980232));
#9081=CARTESIAN_POINT('',(145.500002011657,4.6,-2.00000002980233));
#9082=CARTESIAN_POINT('',(125.500002011657,4.6,-2.00000002980232));
#9083=CARTESIAN_POINT('',(145.500002011657,4.6,-2.00000002980233));
#9084=CARTESIAN_POINT('Origin',(145.500002011657,4.6,21.9999999701977));
#9085=CARTESIAN_POINT('',(125.500002011657,5.55111512312578E-16,21.9999999701977));
#9086=CARTESIAN_POINT('',(125.500002011657,2.98786053236501E-15,21.9999999701977));
#9087=CARTESIAN_POINT('',(145.500002011657,4.6,21.9999999701977));
#9088=CARTESIAN_POINT('',(145.500002011657,4.6,21.9999999701977));
#9089=CARTESIAN_POINT('',(125.500002011657,4.6,21.9999999701977));
#9090=CARTESIAN_POINT('',(125.500002011657,4.6,21.9999999701977));
#9091=CARTESIAN_POINT('',(125.500002011657,4.6,21.9999999701977));
#9092=CARTESIAN_POINT('Origin',(135.500002011657,2.26915426366167E-15,9.99999997019768));
#9093=CARTESIAN_POINT('',(125.500002011657,5.55111512312578E-16,18.4999999701977));
#9094=CARTESIAN_POINT('',(125.500002011657,3.05311331771918E-15,15.9999999701977));
#9095=CARTESIAN_POINT('',(143.500002011657,3.24083079758702E-15,18.4999999701977));
#9096=CARTESIAN_POINT('',(130.500002011657,3.24083079758701E-15,18.4999999701977));
#9097=CARTESIAN_POINT('',(143.500002011657,1.02818013179755E-7,1.49999997019768));
#9098=CARTESIAN_POINT('',(143.500002011657,2.26915426366167E-15,9.99999997019768));
#9099=CARTESIAN_POINT('',(125.500002011657,5.55111512312578E-16,1.49999997019767));
#9100=CARTESIAN_POINT('',(125.500002011657,1.02818013179755E-7,1.49999997019768));
#9101=CARTESIAN_POINT('',(125.500002011657,3.05311331771918E-15,15.9999999701977));
#9102=CARTESIAN_POINT('',(145.500002011657,2.98786053236501E-15,21.9999999701977));
#9103=CARTESIAN_POINT('',(145.500002011657,2.98786053236501E-15,21.9999999701977));
#9104=CARTESIAN_POINT('Origin',(125.500002011657,4.6,21.9999999701977));
#9105=CARTESIAN_POINT('',(125.500002011657,1.2,18.4999999701977));
#9106=CARTESIAN_POINT('',(125.500002011657,2.9,18.4999999701977));
#9107=CARTESIAN_POINT('',(125.500002011657,4.6,15.9999999701977));
#9108=CARTESIAN_POINT('',(125.500002011657,1.2,1.49999997019768));
#9109=CARTESIAN_POINT('',(125.500002011657,2.30000005140901,1.49999997019768));
#9110=CARTESIAN_POINT('',(125.500002011657,1.2,-0.500000029802323));
#9111=CARTESIAN_POINT('',(125.500002011657,1.2,11.7499999701977));
#9112=CARTESIAN_POINT('',(125.500002011657,2.6,-0.500000029802323));
#9113=CARTESIAN_POINT('',(125.500002011657,2.9,-0.500000029802323));
#9114=CARTESIAN_POINT('',(125.500002011657,2.6,20.4999999701977));
#9115=CARTESIAN_POINT('',(125.500002011657,2.6,10.7499999701977));
#9116=CARTESIAN_POINT('',(125.500002011657,1.2,20.4999999701977));
#9117=CARTESIAN_POINT('',(125.500002011657,3.6,20.4999999701977));
#9118=CARTESIAN_POINT('',(125.500002011657,1.2,21.2499999701977));
#9119=CARTESIAN_POINT('Origin',(135.500002011657,4.6,9.99999997019767));
#9120=CARTESIAN_POINT('',(145.500002011657,4.6,21.9999999701977));
#9121=CARTESIAN_POINT('Origin',(125.500002011657,1.2,18.4999999701977));
#9122=CARTESIAN_POINT('',(143.500002011657,1.2,18.4999999701977));
#9123=CARTESIAN_POINT('',(125.500002011657,1.2,18.4999999701977));
#9124=CARTESIAN_POINT('',(143.500002011657,3.24083079758702E-15,18.4999999701977));
#9125=CARTESIAN_POINT('Origin',(125.500002011657,1.2,20.4999999701977));
#9126=CARTESIAN_POINT('',(143.500002011657,1.2,20.4999999701977));
#9127=CARTESIAN_POINT('',(125.500002011657,1.2,20.4999999701977));
#9128=CARTESIAN_POINT('',(143.500002011657,1.2,18.4999999701977));
#9129=CARTESIAN_POINT('Origin',(125.500002011657,1.02818013179755E-7,1.49999997019768));
#9130=CARTESIAN_POINT('',(143.500002011657,1.2,1.49999997019768));
#9131=CARTESIAN_POINT('',(143.500002011657,1.2,1.49999997019767));
#9132=CARTESIAN_POINT('',(125.500002011657,1.2,1.49999997019768));
#9133=CARTESIAN_POINT('Origin',(125.500002011657,2.6,20.4999999701977));
#9134=CARTESIAN_POINT('',(143.500002011657,2.6,20.4999999701977));
#9135=CARTESIAN_POINT('',(125.500002011657,2.6,20.4999999701977));
#9136=CARTESIAN_POINT('',(143.500002011657,2.6,20.4999999701977));
#9137=CARTESIAN_POINT('Origin',(125.500002011657,1.2,1.49999997019768));
#9138=CARTESIAN_POINT('',(143.500002011657,1.2,-0.500000029802332));
#9139=CARTESIAN_POINT('',(143.500002011657,1.2,-2.00000002980233));
#9140=CARTESIAN_POINT('',(125.500002011657,1.2,-0.500000029802323));
#9141=CARTESIAN_POINT('Origin',(125.500002011657,2.6,-0.500000029802323));
#9142=CARTESIAN_POINT('',(143.500002011657,2.6,-0.500000029802323));
#9143=CARTESIAN_POINT('',(125.500002011657,2.6,-0.500000029802323));
#9144=CARTESIAN_POINT('',(143.500002011657,2.6,21.9999999701977));
#9145=CARTESIAN_POINT('Origin',(125.500002011657,1.2,-0.500000029802323));
#9146=CARTESIAN_POINT('',(143.500002011657,2.6,-0.500000029802323));
#9147=CARTESIAN_POINT('Origin',(143.500002011657,1.3,9.99999997019768));
#9148=CARTESIAN_POINT('Origin',(145.500002011657,4.6,-2.00000002980233));
#9149=CARTESIAN_POINT('Origin',(177.000000119209,-6.,2.5000000372529));
#9150=CARTESIAN_POINT('',(170.499999966472,-6.00000008940697,2.5000000372529));
#9151=CARTESIAN_POINT('',(170.499999966472,-2.00000017881393,2.5000000372529));
#9152=CARTESIAN_POINT('Origin',(170.499999966472,-4.00000013411045,2.5000000372529));
#9153=CARTESIAN_POINT('',(175.499999854714,-2.00000017881393,2.5000000372529));
#9154=CARTESIAN_POINT('',(177.000000119209,-2.,2.5000000372529));
#9155=CARTESIAN_POINT('',(175.499999854714,-6.00000008940697,2.5000000372529));
#9156=CARTESIAN_POINT('Origin',(175.499999854714,-4.00000013411045,2.5000000372529));
#9157=CARTESIAN_POINT('',(177.000000119209,-6.,2.5000000372529));
#9158=CARTESIAN_POINT('',(174.499999854714,-4.00000013411045,2.5000000372529));
#9159=CARTESIAN_POINT('Origin',(175.499999854714,-4.00000013411045,2.5000000372529));
#9160=CARTESIAN_POINT('',(169.499999966472,-4.00000013411045,2.5000000372529));
#9161=CARTESIAN_POINT('Origin',(170.499999966472,-4.00000013411045,2.5000000372529));
#9162=CARTESIAN_POINT('Origin',(169.,-6.,7.50000011175871));
#9163=CARTESIAN_POINT('',(170.499999966472,-2.00000017881393,7.50000011175871));
#9164=CARTESIAN_POINT('',(170.499999966472,-6.00000008940697,7.50000011175871));
#9165=CARTESIAN_POINT('Origin',(170.499999966472,-4.00000013411045,7.50000011175871));
#9166=CARTESIAN_POINT('',(175.499999854714,-6.00000008940697,7.50000011175871));
#9167=CARTESIAN_POINT('',(169.,-6.,7.50000011175871));
#9168=CARTESIAN_POINT('',(175.499999854714,-2.00000017881393,7.50000011175871));
#9169=CARTESIAN_POINT('Origin',(175.499999854714,-4.00000013411045,7.50000011175871));
#9170=CARTESIAN_POINT('',(169.,-2.,7.50000011175871));
#9171=CARTESIAN_POINT('',(169.499999966472,-4.00000013411045,7.50000011175871));
#9172=CARTESIAN_POINT('Origin',(170.499999966472,-4.00000013411045,7.50000011175871));
#9173=CARTESIAN_POINT('',(174.499999854714,-4.00000013411045,7.50000011175871));
#9174=CARTESIAN_POINT('Origin',(175.499999854714,-4.00000013411045,7.50000011175871));
#9175=CARTESIAN_POINT('Origin',(173.000000059605,-6.,5.00000007450581));
#9176=CARTESIAN_POINT('',(170.499999966472,-6.,17.5000010449439));
#9177=CARTESIAN_POINT('',(175.499999854714,-6.,17.5000010449439));
#9178=CARTESIAN_POINT('Origin',(170.499999966472,-4.00000013411045,17.5000010449439));
#9179=CARTESIAN_POINT('',(169.499999966472,-4.00000013411045,17.5000010449439));
#9180=CARTESIAN_POINT('Origin',(175.499999854714,-4.00000013411045,17.5000010449439));
#9181=CARTESIAN_POINT('',(174.499999854714,-4.00000013411045,17.5000010449439));
#9182=CARTESIAN_POINT('Origin',(175.499999854714,-4.00000013411045,17.5000010449439));
#9183=CARTESIAN_POINT('',(175.499999854714,-2.,17.5000010449439));
#9184=CARTESIAN_POINT('Origin',(170.499999966472,-4.00000013411045,17.5000010449439));
#9185=CARTESIAN_POINT('',(170.499999966472,-2.,17.5000010449439));
#9186=CARTESIAN_POINT('Origin',(178.00000013411,-1.99999994039536,35.9999999701977));
#9187=CARTESIAN_POINT('Origin',(164.499997278675,-4.8,19.0000002831221));
#9188=CARTESIAN_POINT('',(166.500001728535,-4.8,19.0000002831221));
#9189=CARTESIAN_POINT('',(166.500001728535,-3.,19.0000002831221));
#9190=CARTESIAN_POINT('',(166.500001728535,-3.40000001490116,19.0000002831221));
#9191=CARTESIAN_POINT('',(167.499997278675,-4.8,19.0000002831221));
#9192=CARTESIAN_POINT('',(164.499997278675,-4.8,19.0000002831221));
#9193=CARTESIAN_POINT('',(167.499997278675,-3.,19.0000002831221));
#9194=CARTESIAN_POINT('',(167.499997278675,-3.50000005587936,19.0000002831221));
#9195=CARTESIAN_POINT('',(164.499997278675,-3.,19.0000002831221));
#9196=CARTESIAN_POINT('Origin',(164.499997278675,-3.,19.0000002831221));
#9197=CARTESIAN_POINT('',(166.500001728535,-3.,1.00000001490116));
#9198=CARTESIAN_POINT('',(166.500001728535,-3.,20.5000001266599));
#9199=CARTESIAN_POINT('',(167.499997278675,-3.,1.00000001490116));
#9200=CARTESIAN_POINT('',(167.499997278675,-3.,16.0000000596046));
#9201=CARTESIAN_POINT('',(164.499997278675,-3.,1.00000001490116));
#9202=CARTESIAN_POINT('Origin',(164.499997278675,-3.,1.00000001490116));
#9203=CARTESIAN_POINT('',(166.500001728535,-4.8,1.00000001490116));
#9204=CARTESIAN_POINT('',(166.500001728535,-2.50000001490116,1.00000001490116));
#9205=CARTESIAN_POINT('',(167.499997278675,-4.8,1.00000001490116));
#9206=CARTESIAN_POINT('',(167.499997278675,-3.50000005587936,1.00000001490116));
#9207=CARTESIAN_POINT('',(164.499997278675,-4.8,1.00000001490116));
#9208=CARTESIAN_POINT('Origin',(164.499997278675,-4.8,1.00000001490116));
#9209=CARTESIAN_POINT('',(166.500001728535,-4.8,5.00000001490116));
#9210=CARTESIAN_POINT('',(166.500001728535,-4.8,11.4999999925494));
#9211=CARTESIAN_POINT('',(167.499997278675,-4.8,5.00000001490116));
#9212=CARTESIAN_POINT('',(167.499997278675,-4.8,13.4999999925494));
#9213=CARTESIAN_POINT('',(164.499997278675,-4.8,5.00000001490116));
#9214=CARTESIAN_POINT('Origin',(164.499997278675,-4.8,5.00000001490116));
#9215=CARTESIAN_POINT('',(166.500001728535,-6.,5.00000001490116));
#9216=CARTESIAN_POINT('',(166.500001728535,-3.40000001490116,5.00000001490116));
#9217=CARTESIAN_POINT('',(167.499997278675,-6.,5.00000001490116));
#9218=CARTESIAN_POINT('',(167.499997278675,-3.50000005587936,5.00000001490116));
#9219=CARTESIAN_POINT('',(163.499999179505,-6.,5.00000001490116));
#9220=CARTESIAN_POINT('Origin',(164.499997278675,-4.8,15.0000002831221));
#9221=CARTESIAN_POINT('',(166.500001728535,-4.8,15.0000002831221));
#9222=CARTESIAN_POINT('',(166.500001728535,-4.8,18.5000001266599));
#9223=CARTESIAN_POINT('',(167.499997278675,-4.8,15.0000002831221));
#9224=CARTESIAN_POINT('',(164.499997278675,-4.8,15.0000002831221));
#9225=CARTESIAN_POINT('',(167.499997278675,-4.8,20.5000001266599));
#9226=CARTESIAN_POINT('Origin',(164.499997278675,-6.,15.0000002831221));
#9227=CARTESIAN_POINT('',(166.500001728535,-6.,15.0000002831221));
#9228=CARTESIAN_POINT('',(166.500001728535,-4.00000001490116,15.0000002831221));
#9229=CARTESIAN_POINT('',(167.499997278675,-6.,15.0000002831221));
#9230=CARTESIAN_POINT('',(163.499999179505,-6.,15.0000002831221));
#9231=CARTESIAN_POINT('',(167.499997278675,-2.90000005587936,15.0000002831221));
#9232=CARTESIAN_POINT('Origin',(167.499997278675,-1.00000011175871,21.9999999701977));
#9233=CARTESIAN_POINT('',(167.499997278675,-2.,-2.00000002980232));
#9234=CARTESIAN_POINT('',(167.499997278675,-2.00000000000001,21.9999999701977));
#9235=CARTESIAN_POINT('',(167.499997278675,-2.,9.99999997019767));
#9236=CARTESIAN_POINT('',(167.499997278675,-6.,-2.00000002980232));
#9237=CARTESIAN_POINT('',(167.499997278675,-2.50000005587935,-2.00000002980234));
#9238=CARTESIAN_POINT('',(167.499997278675,-6.,9.99999997019767));
#9239=CARTESIAN_POINT('',(167.499997278675,-6.,21.9999999701977));
#9240=CARTESIAN_POINT('',(167.499997278675,-6.,9.99999997019767));
#9241=CARTESIAN_POINT('',(167.499997278675,-2.50000005587936,21.9999999701977));
#9242=CARTESIAN_POINT('Origin',(166.500001728535,-2.00000002980232,21.9999999701977));
#9243=CARTESIAN_POINT('',(166.500001728535,-6.,9.99999997019767));
#9244=CARTESIAN_POINT('Origin',(162.500001080334,-6.,-2.00000002980234));
#9245=CARTESIAN_POINT('',(170.500001080334,-6.,-2.00000002980234));
#9246=CARTESIAN_POINT('',(168.000001728535,-6.00000008940697,-2.00000002980234));
#9247=CARTESIAN_POINT('',(170.500001080334,-6.,2.00000002980232));
#9248=CARTESIAN_POINT('',(170.500001080334,-6.,-2.00000002980234));
#9249=CARTESIAN_POINT('',(168.250000166241,-6.,2.00000002980232));
#9250=CARTESIAN_POINT('',(165.375000623288,-6.,2.00000002980232));
#9251=CARTESIAN_POINT('',(168.250000166241,-6.,7.99999982118607));
#9252=CARTESIAN_POINT('',(168.250000166241,-6.,2.99999989569186));
#9253=CARTESIAN_POINT('',(170.500001080334,-6.,8.0000000372529));
#9254=CARTESIAN_POINT('',(165.500000623288,-6.,8.0000000372529));
#9255=CARTESIAN_POINT('',(170.500001080334,-6.,12.0000010449439));
#9256=CARTESIAN_POINT('',(170.500001080334,-6.,-2.00000002980234));
#9257=CARTESIAN_POINT('',(168.250000166241,-6.,12.0000010449439));
#9258=CARTESIAN_POINT('',(170.000000445172,-6.,12.0000010449439));
#9259=CARTESIAN_POINT('',(168.250000166241,-6.,18.0000010449439));
#9260=CARTESIAN_POINT('',(168.250000166241,-6.,8.0000005075708));
#9261=CARTESIAN_POINT('',(170.500001080334,-6.,18.0000010449439));
#9262=CARTESIAN_POINT('',(165.500000623288,-6.,18.0000010449439));
#9263=CARTESIAN_POINT('',(170.500001080334,-6.,21.9999999701977));
#9264=CARTESIAN_POINT('',(170.500001080334,-6.,-2.00000002980234));
#9265=CARTESIAN_POINT('',(170.500001080334,-6.,21.9999999701977));
#9266=CARTESIAN_POINT('Origin',(167.500001080334,-4.,-2.00000002980234));
#9267=CARTESIAN_POINT('',(170.500001080334,-2.00000000000001,-2.00000002980233));
#9268=CARTESIAN_POINT('',(172.750000607222,-1.99999994039536,-2.00000002980234));
#9269=CARTESIAN_POINT('Origin',(170.500001080334,-4.,-2.00000002980234));
#9270=CARTESIAN_POINT('',(171.500001080334,-4.,-2.00000002980234));
#9271=CARTESIAN_POINT('Origin',(170.500001080334,-4.,-2.00000002980234));
#9272=CARTESIAN_POINT('Origin',(168.250000166241,-2.,7.99999982118607));
#9273=CARTESIAN_POINT('',(168.250000166241,-2.,2.00000002980232));
#9274=CARTESIAN_POINT('',(168.250000166241,-2.,2.00000002980232));
#9275=CARTESIAN_POINT('',(168.250000166241,-2.,7.99999982118607));
#9276=CARTESIAN_POINT('',(168.250000166241,-2.,2.99999989569186));
#9277=CARTESIAN_POINT('',(168.250000166241,-2.,7.99999982118607));
#9278=CARTESIAN_POINT('Origin',(168.250000166241,-2.,18.0000010449439));
#9279=CARTESIAN_POINT('',(168.250000166241,-2.,12.0000010449439));
#9280=CARTESIAN_POINT('',(168.250000166241,-2.,12.0000010449439));
#9281=CARTESIAN_POINT('',(168.250000166241,-2.,18.0000010449439));
#9282=CARTESIAN_POINT('',(168.250000166241,-2.,8.0000005075708));
#9283=CARTESIAN_POINT('',(168.250000166241,-2.,18.0000010449439));
#9284=CARTESIAN_POINT('Origin',(170.500001080334,-2.,-2.00000002980233));
#9285=CARTESIAN_POINT('',(170.500001080334,-2.00000000000001,21.9999999701977));
#9286=CARTESIAN_POINT('',(162.500001080334,-2.00000000000001,21.9999999701977));
#9287=CARTESIAN_POINT('',(170.500001080334,-2.00000000000001,18.0000010449439));
#9288=CARTESIAN_POINT('',(170.500001080334,-2.00000000000001,-2.00000002980233));
#9289=CARTESIAN_POINT('',(169.500000623288,-2.00000000000001,18.0000010449439));
#9290=CARTESIAN_POINT('',(170.500001080334,-2.00000000000001,12.0000010449439));
#9291=CARTESIAN_POINT('',(174.000000445172,-2.,12.0000010449439));
#9292=CARTESIAN_POINT('',(170.500001080334,-2.00000000000001,8.0000000372529));
#9293=CARTESIAN_POINT('',(170.500001080334,-2.00000000000001,-2.00000002980233));
#9294=CARTESIAN_POINT('',(169.500000623288,-2.,8.0000000372529));
#9295=CARTESIAN_POINT('',(170.500001080334,-2.00000000000001,2.00000002980232));
#9296=CARTESIAN_POINT('',(169.375000623288,-2.,2.00000002980232));
#9297=CARTESIAN_POINT('',(170.500001080334,-2.00000000000001,-2.00000002980233));
#9298=CARTESIAN_POINT('Origin',(167.500001080334,-4.00000000000001,21.9999999701977));
#9299=CARTESIAN_POINT('Origin',(170.500001080334,-4.00000000000001,21.9999999701977));
#9300=CARTESIAN_POINT('',(171.500001080334,-4.00000000000001,21.9999999701977));
#9301=CARTESIAN_POINT('Origin',(170.500001080334,-4.00000000000001,21.9999999701977));
#9302=CARTESIAN_POINT('Origin',(170.500001080334,-4.00000000000001,21.9999999701977));
#9303=CARTESIAN_POINT('',(171.500001080334,-4.,12.0000010449439));
#9304=CARTESIAN_POINT('Origin',(170.500001080334,-4.,12.0000010449439));
#9305=CARTESIAN_POINT('',(171.500001080334,-4.,8.0000000372529));
#9306=CARTESIAN_POINT('',(171.500001080334,-4.00000000000001,21.9999999701977));
#9307=CARTESIAN_POINT('Origin',(170.500001080334,-4.,8.0000000372529));
#9308=CARTESIAN_POINT('Origin',(170.500001080334,-4.00000000000001,21.9999999701977));
#9309=CARTESIAN_POINT('',(171.500001080334,-4.,2.00000002980232));
#9310=CARTESIAN_POINT('Origin',(170.500001080334,-4.,2.00000002980232));
#9311=CARTESIAN_POINT('',(171.500001080334,-4.00000000000001,21.9999999701977));
#9312=CARTESIAN_POINT('Origin',(170.500001080334,-4.00000000000001,21.9999999701977));
#9313=CARTESIAN_POINT('',(171.500001080334,-4.00000000000001,18.0000010449439));
#9314=CARTESIAN_POINT('',(171.500001080334,-4.00000000000001,21.9999999701977));
#9315=CARTESIAN_POINT('Origin',(170.500001080334,-4.00000000000001,18.0000010449439));
#9316=CARTESIAN_POINT('Origin',(170.500001080334,-4.,-2.00000002980234));
#9317=CARTESIAN_POINT('Origin',(170.500001080334,-4.,2.00000002980232));
#9318=CARTESIAN_POINT('Origin',(170.500001080334,-4.,-2.00000002980234));
#9319=CARTESIAN_POINT('Origin',(170.500001080334,-4.,8.0000000372529));
#9320=CARTESIAN_POINT('Origin',(170.500001080334,-4.,12.0000010449439));
#9321=CARTESIAN_POINT('Origin',(170.500001080334,-4.,-2.00000002980234));
#9322=CARTESIAN_POINT('Origin',(170.500001080334,-4.00000000000001,18.0000010449439));
#9323=CARTESIAN_POINT('Origin',(177.49999981001,-6.,12.0000010449439));
#9324=CARTESIAN_POINT('Origin',(168.500000166241,-6.,18.0000010449439));
#9325=CARTESIAN_POINT('Origin',(177.50000012666,-6.,2.00000002980232));
#9326=CARTESIAN_POINT('Origin',(168.500000166241,-6.,8.0000000372529));
#9327=CARTESIAN_POINT('Origin',(181.500002011657,-4.8,-0.500000029802323));
#9328=CARTESIAN_POINT('',(179.500001877546,-4.8,-0.500000029802323));
#9329=CARTESIAN_POINT('',(179.500001877546,-3.4,-0.500000029802322));
#9330=CARTESIAN_POINT('',(179.500001877546,-5.40000004470348,-0.500000029802323));
#9331=CARTESIAN_POINT('',(178.500002011657,-4.8,-0.500000029802323));
#9332=CARTESIAN_POINT('',(181.500002011657,-4.8,-0.500000029802323));
#9333=CARTESIAN_POINT('',(178.500002011657,-3.4,-0.500000029802323));
#9334=CARTESIAN_POINT('',(178.500002011657,-5.4,-0.500000029802322));
#9335=CARTESIAN_POINT('',(181.500002011657,-3.4,-0.500000029802322));
#9336=CARTESIAN_POINT('Origin',(181.500002011657,-3.4,-0.500000029802323));
#9337=CARTESIAN_POINT('',(179.500001877546,-3.4,20.4999999701977));
#9338=CARTESIAN_POINT('',(179.500001877546,-3.4,10.7499999701977));
#9339=CARTESIAN_POINT('',(178.500002011657,-3.4,20.4999999701977));
#9340=CARTESIAN_POINT('',(178.500002011657,-3.4,10.7499999701977));
#9341=CARTESIAN_POINT('',(181.500002011657,-3.4,20.4999999701977));
#9342=CARTESIAN_POINT('Origin',(181.500002011657,-3.4,20.4999999701977));
#9343=CARTESIAN_POINT('',(179.500001877546,-4.8,20.4999999701977));
#9344=CARTESIAN_POINT('',(179.500001877546,-4.70000004470348,20.4999999701977));
#9345=CARTESIAN_POINT('',(178.500002011657,-4.8,20.4999999701977));
#9346=CARTESIAN_POINT('',(178.500002011657,-4.7,20.4999999701977));
#9347=CARTESIAN_POINT('',(181.500002011657,-4.8,20.4999999701977));
#9348=CARTESIAN_POINT('Origin',(181.500002011657,-4.8,20.4999999701977));
#9349=CARTESIAN_POINT('',(179.500001877546,-4.8,18.4999999701977));
#9350=CARTESIAN_POINT('',(179.500001877546,-4.8,21.2499999701977));
#9351=CARTESIAN_POINT('',(178.500002011657,-4.8,18.4999999701977));
#9352=CARTESIAN_POINT('',(178.500002011657,-4.8,21.2499999701977));
#9353=CARTESIAN_POINT('',(181.500002011657,-4.8,18.4999999701977));
#9354=CARTESIAN_POINT('Origin',(181.500002011657,-4.8,18.4999999701977));
#9355=CARTESIAN_POINT('',(179.500001877546,-6.,18.4999999701977));
#9356=CARTESIAN_POINT('',(179.500001877546,-5.40000004470348,18.4999999701977));
#9357=CARTESIAN_POINT('',(178.500002011657,-6.,18.4999999701977));
#9358=CARTESIAN_POINT('',(178.500002011657,-5.4,18.4999999701977));
#9359=CARTESIAN_POINT('',(178.500001545995,-6.,18.4999999701977));
#9360=CARTESIAN_POINT('Origin',(181.500002011657,-4.8,1.49999997019768));
#9361=CARTESIAN_POINT('',(179.500001877546,-4.8,1.49999997019768));
#9362=CARTESIAN_POINT('',(179.500001877546,-4.8,11.7499999701977));
#9363=CARTESIAN_POINT('',(178.500002011657,-4.8,1.49999997019768));
#9364=CARTESIAN_POINT('',(181.500002011657,-4.8,1.49999997019768));
#9365=CARTESIAN_POINT('',(178.500002011657,-4.8,11.7499999701977));
#9366=CARTESIAN_POINT('Origin',(181.500002011657,-6.,1.49999997019768));
#9367=CARTESIAN_POINT('',(179.500001877546,-6.,1.49999997019767));
#9368=CARTESIAN_POINT('',(179.500001877546,-6.00000004470348,1.49999997019768));
#9369=CARTESIAN_POINT('',(178.500002011657,-6.,1.49999997019767));
#9370=CARTESIAN_POINT('',(178.500001545995,-6.,1.49999997019768));
#9371=CARTESIAN_POINT('',(178.500002011657,-5.99999994859099,1.49999997019768));
#9372=CARTESIAN_POINT('Origin',(178.500002011657,-6.,21.9999999701977));
#9373=CARTESIAN_POINT('',(178.500002011657,-2.00000000000001,21.9999999701977));
#9374=CARTESIAN_POINT('',(178.500002011657,-2.,-2.00000002980232));
#9375=CARTESIAN_POINT('',(178.500002011657,-2.,9.99999997019767));
#9376=CARTESIAN_POINT('',(178.500002011657,-6.,21.9999999701977));
#9377=CARTESIAN_POINT('',(178.500002011657,-5.,21.9999999701977));
#9378=CARTESIAN_POINT('',(178.500002011657,-6.,9.99999997019767));
#9379=CARTESIAN_POINT('',(178.500002011657,-6.,-2.00000002980232));
#9380=CARTESIAN_POINT('',(178.500002011657,-6.,9.99999997019767));
#9381=CARTESIAN_POINT('',(178.500002011657,-5.,-2.00000002980234));
#9382=CARTESIAN_POINT('Origin',(179.500001877546,-6.00000008940697,21.9999999701977));
#9383=CARTESIAN_POINT('',(179.500001877546,-6.,9.99999997019767));
#9384=CARTESIAN_POINT('Origin',(183.500001080334,-2.,-2.00000002980233));
#9385=CARTESIAN_POINT('',(175.500001080334,-2.00000000000001,-2.00000002980233));
#9386=CARTESIAN_POINT('',(178.000001877546,-2.00000002980232,-2.00000002980234));
#9387=CARTESIAN_POINT('',(175.500001080334,-2.00000000000001,2.00000002980232));
#9388=CARTESIAN_POINT('',(175.500001080334,-2.00000000000001,-2.00000002980233));
#9389=CARTESIAN_POINT('',(177.74999981001,-2.,1.99999995529652));
#9390=CARTESIAN_POINT('',(180.500000603497,-2.,2.00000002980232));
#9391=CARTESIAN_POINT('',(177.74999981001,-2.,7.99999995529652));
#9392=CARTESIAN_POINT('',(177.74999981001,-2.,-3.72529090908458E-8));
#9393=CARTESIAN_POINT('',(175.500001080334,-2.00000000000001,8.0000000372529));
#9394=CARTESIAN_POINT('',(176.000000623288,-2.,8.0000000372529));
#9395=CARTESIAN_POINT('',(175.500001080334,-2.00000000000001,12.0000010449439));
#9396=CARTESIAN_POINT('',(175.500001080334,-2.00000000000001,-2.00000002980233));
#9397=CARTESIAN_POINT('',(177.75000012666,-2.,12.0000001788139));
#9398=CARTESIAN_POINT('',(180.500000445172,-2.,12.0000010449439));
#9399=CARTESIAN_POINT('',(177.75000012666,-2.,18.0000002682209));
#9400=CARTESIAN_POINT('',(177.75000012666,-2.,5.0000000745058));
#9401=CARTESIAN_POINT('',(175.500001080334,-2.00000000000001,18.0000010449439));
#9402=CARTESIAN_POINT('',(180.625000603497,-2.00000000000001,18.0000002682209));
#9403=CARTESIAN_POINT('',(175.500001080334,-2.00000000000001,21.9999999701977));
#9404=CARTESIAN_POINT('',(175.500001080334,-2.00000000000001,-2.00000002980233));
#9405=CARTESIAN_POINT('',(175.500001080334,-2.00000000000001,21.9999999701977));
#9406=CARTESIAN_POINT('Origin',(167.500001080334,-4.,-2.00000002980234));
#9407=CARTESIAN_POINT('',(175.500001080334,-6.,-2.00000002980234));
#9408=CARTESIAN_POINT('',(183.500001080334,-6.,-2.00000002980234));
#9409=CARTESIAN_POINT('Origin',(175.500001080334,-4.,-2.00000002980234));
#9410=CARTESIAN_POINT('',(176.500001080334,-4.,-2.00000002980234));
#9411=CARTESIAN_POINT('Origin',(175.500001080334,-4.,-2.00000002980234));
#9412=CARTESIAN_POINT('Origin',(177.74999981001,-2.,1.99999995529652));
#9413=CARTESIAN_POINT('',(177.74999981001,-6.,7.99999995529652));
#9414=CARTESIAN_POINT('',(177.74999981001,-6.,1.99999995529652));
#9415=CARTESIAN_POINT('',(177.74999981001,-6.,-3.72529100900465E-8));
#9416=CARTESIAN_POINT('',(177.74999981001,-2.,7.99999995529652));
#9417=CARTESIAN_POINT('',(177.74999981001,-2.,1.99999995529652));
#9418=CARTESIAN_POINT('Origin',(177.75000012666,-2.,12.0000001788139));
#9419=CARTESIAN_POINT('',(177.75000012666,-6.,18.0000002682209));
#9420=CARTESIAN_POINT('',(177.75000012666,-6.,12.0000001788139));
#9421=CARTESIAN_POINT('',(177.75000012666,-6.,5.0000000745058));
#9422=CARTESIAN_POINT('',(177.75000012666,-2.,18.0000002682209));
#9423=CARTESIAN_POINT('',(177.75000012666,-2.,12.0000001788139));
#9424=CARTESIAN_POINT('Origin',(175.500001080334,-6.,-2.00000002980234));
#9425=CARTESIAN_POINT('',(175.500001080334,-6.,21.9999999701977));
#9426=CARTESIAN_POINT('',(183.500001080334,-6.,21.9999999701977));
#9427=CARTESIAN_POINT('',(175.500001080334,-6.,18.0000010449439));
#9428=CARTESIAN_POINT('',(175.500001080334,-6.,-2.00000002980234));
#9429=CARTESIAN_POINT('',(176.625000603497,-6.,18.0000002682209));
#9430=CARTESIAN_POINT('',(175.500001080334,-6.,12.0000010449439));
#9431=CARTESIAN_POINT('',(176.500000445172,-6.,12.0000010449439));
#9432=CARTESIAN_POINT('',(175.500001080334,-6.,8.0000000372529));
#9433=CARTESIAN_POINT('',(175.500001080334,-6.,-2.00000002980234));
#9434=CARTESIAN_POINT('',(172.000000623288,-6.,8.0000000372529));
#9435=CARTESIAN_POINT('',(175.500001080334,-6.,2.00000002980232));
#9436=CARTESIAN_POINT('',(176.500000603497,-6.,2.00000002980232));
#9437=CARTESIAN_POINT('',(175.500001080334,-6.,-2.00000002980234));
#9438=CARTESIAN_POINT('Origin',(178.500001080334,-4.00000000000001,21.9999999701977));
#9439=CARTESIAN_POINT('Origin',(175.500001080334,-4.00000000000001,21.9999999701977));
#9440=CARTESIAN_POINT('',(176.500001080334,-4.00000000000001,21.9999999701977));
#9441=CARTESIAN_POINT('Origin',(175.500001080334,-4.00000000000001,21.9999999701977));
#9442=CARTESIAN_POINT('Origin',(175.500001080334,-4.00000000000001,21.9999999701977));
#9443=CARTESIAN_POINT('',(176.500001080334,-4.,12.0000010449439));
#9444=CARTESIAN_POINT('Origin',(175.500001080334,-4.,12.0000010449439));
#9445=CARTESIAN_POINT('',(176.500001080334,-4.,8.0000000372529));
#9446=CARTESIAN_POINT('',(176.500001080334,-4.00000000000001,21.9999999701977));
#9447=CARTESIAN_POINT('Origin',(175.500001080334,-4.,8.0000000372529));
#9448=CARTESIAN_POINT('Origin',(175.500001080334,-4.00000000000001,21.9999999701977));
#9449=CARTESIAN_POINT('',(176.500001080334,-4.,2.00000002980232));
#9450=CARTESIAN_POINT('Origin',(175.500001080334,-4.,2.00000002980232));
#9451=CARTESIAN_POINT('',(176.500001080334,-4.00000000000001,21.9999999701977));
#9452=CARTESIAN_POINT('Origin',(175.500001080334,-4.00000000000001,21.9999999701977));
#9453=CARTESIAN_POINT('',(176.500001080334,-4.,18.0000010449439));
#9454=CARTESIAN_POINT('',(176.500001080334,-4.00000000000001,21.9999999701977));
#9455=CARTESIAN_POINT('Origin',(175.500001080334,-4.,18.0000010449439));
#9456=CARTESIAN_POINT('Origin',(175.500001080334,-4.,-2.00000002980234));
#9457=CARTESIAN_POINT('Origin',(175.500001080334,-4.,8.0000000372529));
#9458=CARTESIAN_POINT('Origin',(175.500001080334,-4.,12.0000010449439));
#9459=CARTESIAN_POINT('Origin',(175.500001080334,-4.,-2.00000002980234));
#9460=CARTESIAN_POINT('Origin',(175.500001080334,-4.,2.00000002980232));
#9461=CARTESIAN_POINT('Origin',(175.500001080334,-4.,-2.00000002980234));
#9462=CARTESIAN_POINT('Origin',(175.500001080334,-4.00000000000001,18.0000010449439));
#9463=CARTESIAN_POINT('Origin',(177.49999981001,-6.,12.0000010449439));
#9464=CARTESIAN_POINT('Origin',(168.500000166241,-6.,18.0000010449439));
#9465=CARTESIAN_POINT('Origin',(177.50000012666,-6.,2.00000002980232));
#9466=CARTESIAN_POINT('Origin',(168.500000166241,-6.,8.0000000372529));
#9467=CARTESIAN_POINT('Origin',(177.000000403728,-6.,12.5000005699694));
#9468=CARTESIAN_POINT('',(170.499999966472,-6.00000008940697,12.5000005699694));
#9469=CARTESIAN_POINT('',(170.499999966472,-2.00000017881393,12.5000005699694));
#9470=CARTESIAN_POINT('Origin',(170.499999966472,-4.00000013411045,12.5000005699694));
#9471=CARTESIAN_POINT('',(175.499999854714,-2.00000017881393,12.5000005699694));
#9472=CARTESIAN_POINT('',(177.000000403728,-2.,12.5000005699694));
#9473=CARTESIAN_POINT('',(175.499999854714,-6.00000008940697,12.5000005699694));
#9474=CARTESIAN_POINT('Origin',(175.499999854714,-4.00000013411045,12.5000005699694));
#9475=CARTESIAN_POINT('',(177.000000403728,-6.,12.5000005699694));
#9476=CARTESIAN_POINT('',(174.499999854714,-4.00000013411045,12.5000005699694));
#9477=CARTESIAN_POINT('Origin',(175.499999854714,-4.00000013411045,12.5000005699694));
#9478=CARTESIAN_POINT('',(169.499999966472,-4.00000013411045,12.5000005699694));
#9479=CARTESIAN_POINT('Origin',(170.499999966472,-4.00000013411045,12.5000005699694));
#9480=CARTESIAN_POINT('Origin',(169.000000166241,-6.,17.5000010449439));
#9481=CARTESIAN_POINT('',(170.499999966472,-2.00000017881393,17.5000010449439));
#9482=CARTESIAN_POINT('',(170.499999966472,-6.00000008940697,17.5000010449439));
#9483=CARTESIAN_POINT('Origin',(170.499999966472,-4.00000013411045,17.5000010449439));
#9484=CARTESIAN_POINT('',(175.499999854714,-6.00000008940697,17.5000010449439));
#9485=CARTESIAN_POINT('',(169.000000166241,-6.,17.5000010449439));
#9486=CARTESIAN_POINT('',(175.499999854714,-2.00000017881393,17.5000010449439));
#9487=CARTESIAN_POINT('Origin',(175.499999854714,-4.00000013411045,17.5000010449439));
#9488=CARTESIAN_POINT('',(169.000000166241,-2.,17.5000010449439));
#9489=CARTESIAN_POINT('',(169.499999966472,-4.00000013411045,17.5000010449439));
#9490=CARTESIAN_POINT('Origin',(170.499999966472,-4.00000013411045,17.5000010449439));
#9491=CARTESIAN_POINT('',(174.499999854714,-4.00000013411045,17.5000010449439));
#9492=CARTESIAN_POINT('Origin',(175.499999854714,-4.00000013411045,17.5000010449439));
#9493=CARTESIAN_POINT('Origin',(173.000000284985,-6.,15.0000008074567));
#9494=CARTESIAN_POINT('',(170.499999966472,-6.,17.5000010449439));
#9495=CARTESIAN_POINT('',(175.499999854714,-6.,17.5000010449439));
#9496=CARTESIAN_POINT('Origin',(170.499999966472,-4.00000013411045,17.5000010449439));
#9497=CARTESIAN_POINT('',(169.499999966472,-4.00000013411045,17.5000010449439));
#9498=CARTESIAN_POINT('Origin',(175.499999854714,-4.00000013411045,17.5000010449439));
#9499=CARTESIAN_POINT('',(174.499999854714,-4.00000013411045,17.5000010449439));
#9500=CARTESIAN_POINT('Origin',(170.499999966472,-4.00000013411045,17.5000010449439));
#9501=CARTESIAN_POINT('',(170.499999966472,-2.,17.5000010449439));
#9502=CARTESIAN_POINT('Origin',(175.499999854714,-4.00000013411045,17.5000010449439));
#9503=CARTESIAN_POINT('',(175.499999854714,-2.,17.5000010449439));
#9504=CARTESIAN_POINT('Origin',(178.00000013411,-1.99999994039536,35.9999999701977));
#9505=CARTESIAN_POINT('Origin',(77.5000001662411,0.,18.0000010449439));
#9506=CARTESIAN_POINT('',(86.5000014901161,-3.22351237037056E-15,18.0000002682209));
#9507=CARTESIAN_POINT('',(86.5000014901161,3.99999999999999,18.0000002682209));
#9508=CARTESIAN_POINT('',(86.5000014901161,0.,18.0000010449439));
#9509=CARTESIAN_POINT('',(84.5000010803342,1.11022302462516E-15,18.0000010449439));
#9510=CARTESIAN_POINT('',(85.625000603497,-3.33066907387547E-15,18.0000002682209));
#9511=CARTESIAN_POINT('',(84.5000010803342,3.99999999999999,18.0000010449439));
#9512=CARTESIAN_POINT('Origin',(84.5000010803342,1.99999999999999,18.0000010449439));
#9513=CARTESIAN_POINT('',(89.625000603497,3.99999999999999,18.0000002682209));
#9514=CARTESIAN_POINT('',(85.5000010803342,1.99999999999999,18.0000010449439));
#9515=CARTESIAN_POINT('Origin',(84.5000010803342,1.99999999999999,18.0000010449439));
#9516=CARTESIAN_POINT('Origin',(92.5000010803342,4.,-2.00000002980234));
#9517=CARTESIAN_POINT('',(86.5000014901161,4.,8.0000000372529));
#9518=CARTESIAN_POINT('',(86.5000014901161,4.,12.0000010449439));
#9519=CARTESIAN_POINT('',(86.5000014901161,4.,-2.00000002980233));
#9520=CARTESIAN_POINT('',(84.5000010803342,3.99999999999999,8.0000000372529));
#9521=CARTESIAN_POINT('',(85.0000006232876,4.,8.0000000372529));
#9522=CARTESIAN_POINT('',(84.5000010803342,3.99999999999999,12.0000010449439));
#9523=CARTESIAN_POINT('',(84.5000010803342,4.,-2.00000002980234));
#9524=CARTESIAN_POINT('',(89.5000004451722,4.,12.0000010449439));
#9525=CARTESIAN_POINT('Origin',(92.5000010803342,4.,-2.00000002980234));
#9526=CARTESIAN_POINT('',(86.5000014901161,4.,21.9999999701977));
#9527=CARTESIAN_POINT('',(86.5000014901161,4.,-2.00000002980233));
#9528=CARTESIAN_POINT('',(84.5000010803342,3.99999999999999,21.9999999701977));
#9529=CARTESIAN_POINT('',(84.5000010803342,4.,-2.00000002980234));
#9530=CARTESIAN_POINT('',(84.5000010803342,4.,21.9999999701977));
#9531=CARTESIAN_POINT('Origin',(77.5000001662411,0.,8.0000000372529));
#9532=CARTESIAN_POINT('',(86.5000014901161,-1.5468902035634E-15,8.0000000372529));
#9533=CARTESIAN_POINT('',(86.5000014901161,0.,8.0000000372529));
#9534=CARTESIAN_POINT('',(84.5000010803342,3.33066907387547E-15,8.0000000372529));
#9535=CARTESIAN_POINT('',(81.0000006232876,-2.22044604925031E-15,8.0000000372529));
#9536=CARTESIAN_POINT('Origin',(84.5000010803342,2.,8.0000000372529));
#9537=CARTESIAN_POINT('',(85.5000010803342,2.,8.0000000372529));
#9538=CARTESIAN_POINT('Origin',(84.5000010803342,2.,8.0000000372529));
#9539=CARTESIAN_POINT('Origin',(92.5000010803342,4.,-2.00000002980234));
#9540=CARTESIAN_POINT('',(86.5000014901161,4.,-2.00000002980234));
#9541=CARTESIAN_POINT('',(86.5000014901161,4.,2.00000002980232));
#9542=CARTESIAN_POINT('',(86.5000014901161,4.,-2.00000002980233));
#9543=CARTESIAN_POINT('',(84.5000010803342,4.,-2.00000002980234));
#9544=CARTESIAN_POINT('',(84.5000010803342,4.,-2.00000002980234));
#9545=CARTESIAN_POINT('',(84.5000010803342,3.99999999999999,2.00000002980232));
#9546=CARTESIAN_POINT('',(84.5000010803342,4.,-2.00000002980234));
#9547=CARTESIAN_POINT('',(89.5000006034971,4.,2.00000002980232));
#9548=CARTESIAN_POINT('Origin',(84.5000010803342,1.99999999999999,21.9999999701977));
#9549=CARTESIAN_POINT('',(85.5000010803342,2.,12.0000010449439));
#9550=CARTESIAN_POINT('Origin',(84.5000010803342,2.,12.0000010449439));
#9551=CARTESIAN_POINT('',(85.5000010803342,1.99999999999999,21.9999999701977));
#9552=CARTESIAN_POINT('Origin',(84.5000010803342,1.99999999999999,21.9999999701977));
#9553=CARTESIAN_POINT('',(85.5000010803342,2.,2.00000002980232));
#9554=CARTESIAN_POINT('Origin',(84.5000010803342,2.,2.00000002980232));
#9555=CARTESIAN_POINT('',(85.5000010803342,2.,-2.00000002980234));
#9556=CARTESIAN_POINT('',(85.5000010803342,1.99999999999999,21.9999999701977));
#9557=CARTESIAN_POINT('Origin',(84.5000010803342,2.,-2.00000002980234));
#9558=CARTESIAN_POINT('Origin',(84.5000010803342,1.99999999999999,21.9999999701977));
#9559=CARTESIAN_POINT('',(85.5000010803342,1.99999999999999,21.9999999701977));
#9560=CARTESIAN_POINT('Origin',(84.5000010803342,1.99999999999999,21.9999999701977));
#9561=CARTESIAN_POINT('',(85.5000010803342,1.99999999999999,21.9999999701977));
#9562=CARTESIAN_POINT('Origin',(84.5000010803342,2.,-2.00000002980234));
#9563=CARTESIAN_POINT('',(84.5000010803342,2.22044604925031E-15,12.0000010449439));
#9564=CARTESIAN_POINT('',(84.5000010803342,5.55111512312578E-15,-2.00000002980234));
#9565=CARTESIAN_POINT('Origin',(84.5000010803342,2.,12.0000010449439));
#9566=CARTESIAN_POINT('Origin',(84.5000010803342,2.,-2.00000002980234));
#9567=CARTESIAN_POINT('',(84.5000010803342,4.44089209850063E-15,2.00000002980232));
#9568=CARTESIAN_POINT('Origin',(84.5000010803342,2.,2.00000002980232));
#9569=CARTESIAN_POINT('',(84.5000010803342,5.55111512312578E-15,-2.00000002980234));
#9570=CARTESIAN_POINT('Origin',(84.5000010803342,2.,-2.00000002980234));
#9571=CARTESIAN_POINT('',(84.5000010803342,5.55111512312578E-15,-2.00000002980234));
#9572=CARTESIAN_POINT('Origin',(84.5000010803342,2.,-2.00000002980234));
#9573=CARTESIAN_POINT('',(84.5000010803342,1.11022302462516E-15,21.9999999701977));
#9574=CARTESIAN_POINT('',(84.5000010803342,5.55111512312578E-15,-2.00000002980234));
#9575=CARTESIAN_POINT('Origin',(84.5000010803342,1.99999999999999,21.9999999701977));
#9576=CARTESIAN_POINT('Origin',(86.4999998100102,0.,12.0000010449439));
#9577=CARTESIAN_POINT('',(86.5000014901161,-2.09798124136686E-15,12.0000010449439));
#9578=CARTESIAN_POINT('',(86.5000014901161,0.,12.0000010449439));
#9579=CARTESIAN_POINT('',(85.5000004451722,-2.22044604925031E-15,12.0000010449439));
#9580=CARTESIAN_POINT('Origin',(86.5000001266599,0.,2.00000002980232));
#9581=CARTESIAN_POINT('',(86.5000014901161,1.22464788494257E-16,2.00000002980232));
#9582=CARTESIAN_POINT('',(86.5000014901161,0.,2.00000002980232));
#9583=CARTESIAN_POINT('',(85.500000603497,0.,2.00000002980232));
#9584=CARTESIAN_POINT('Origin',(116.500001490116,0.,-2.00000002980232));
#9585=CARTESIAN_POINT('',(116.499997396022,0.,-2.00000002980232));
#9586=CARTESIAN_POINT('',(86.5000014901161,0.,-2.00000002980232));
#9587=CARTESIAN_POINT('',(86.5000014901161,5.,-2.00000002980232));
#9588=CARTESIAN_POINT('',(86.5000014901161,0.,-2.00000002980232));
#9589=CARTESIAN_POINT('',(116.499997396022,4.99999988824129,-2.00000002980232));
#9590=CARTESIAN_POINT('',(86.5000014901161,5.,-2.00000002980232));
#9591=CARTESIAN_POINT('',(116.499997396022,0.,-2.00000002980232));
#9592=CARTESIAN_POINT('Origin',(86.5000014901161,0.,-2.00000002980232));
#9593=CARTESIAN_POINT('',(86.5000014901161,0.,21.9999999701977));
#9594=CARTESIAN_POINT('',(86.5000014901161,0.,21.9999999701977));
#9595=CARTESIAN_POINT('',(86.5000014901161,5.,21.9999999701977));
#9596=CARTESIAN_POINT('',(86.5000014901161,0.,21.9999999701977));
#9597=CARTESIAN_POINT('',(86.5000014901161,5.,21.9999999701977));
#9598=CARTESIAN_POINT('Origin',(88.5000015199184,0.,1.00000001490116));
#9599=CARTESIAN_POINT('',(88.5000015199184,1.2,15.0000002831221));
#9600=CARTESIAN_POINT('',(88.4999971613288,0.,15.0000002831221));
#9601=CARTESIAN_POINT('',(88.5000015199184,0.600000000000001,15.0000002831221));
#9602=CARTESIAN_POINT('',(88.4999971613288,0.,5.00000001490116));
#9603=CARTESIAN_POINT('',(88.5000015199184,0.,5.49999999254942));
#9604=CARTESIAN_POINT('',(88.5000015199184,1.2,5.00000001490116));
#9605=CARTESIAN_POINT('',(88.5000015199184,0.,5.00000001490116));
#9606=CARTESIAN_POINT('',(88.4999971613288,1.2,1.00000001490116));
#9607=CARTESIAN_POINT('',(88.5000015199184,1.2,3.00000001490116));
#9608=CARTESIAN_POINT('',(88.5000015199184,3.,1.00000001490116));
#9609=CARTESIAN_POINT('',(88.5000015199184,0.,1.00000001490116));
#9610=CARTESIAN_POINT('',(88.5000015199184,3.,19.0000002831221));
#9611=CARTESIAN_POINT('',(88.5000015199184,3.,1.00000001490116));
#9612=CARTESIAN_POINT('',(88.4999971613288,1.2,19.0000002831221));
#9613=CARTESIAN_POINT('',(88.5000015199184,0.,19.0000002831221));
#9614=CARTESIAN_POINT('',(88.5000015199184,1.2,10.0000001490116));
#9615=CARTESIAN_POINT('Origin',(101.500001519918,3.,10.0000001490116));
#9616=CARTESIAN_POINT('',(116.499997396022,3.,1.00000001490116));
#9617=CARTESIAN_POINT('',(116.499997396022,3.,19.0000002831221));
#9618=CARTESIAN_POINT('',(116.499997396022,3.,16.0000000596046));
#9619=CARTESIAN_POINT('',(113.499997161329,3.,19.0000002831221));
#9620=CARTESIAN_POINT('',(114.500001519918,3.,1.00000001490116));
#9621=CARTESIAN_POINT('Origin',(114.500001519918,0.,1.00000001490116));
#9622=CARTESIAN_POINT('',(116.499997396022,1.2,1.00000001490116));
#9623=CARTESIAN_POINT('',(116.499997396022,0.,1.00000001490116));
#9624=CARTESIAN_POINT('',(114.499999340624,1.2,1.00000001490116));
#9625=CARTESIAN_POINT('Origin',(88.5000015199184,0.,19.0000002831221));
#9626=CARTESIAN_POINT('',(116.499997396022,1.2,19.0000002831221));
#9627=CARTESIAN_POINT('',(116.499997396022,0.,19.0000002831221));
#9628=CARTESIAN_POINT('',(101.499999340624,1.2,19.0000002831221));
#9629=CARTESIAN_POINT('Origin',(114.499997161329,1.2,5.00000001490116));
#9630=CARTESIAN_POINT('',(116.499997396022,1.2,5.00000001490116));
#9631=CARTESIAN_POINT('',(116.499997396022,1.2,13.4999999925494));
#9632=CARTESIAN_POINT('',(114.499997161329,1.2,5.00000001490116));
#9633=CARTESIAN_POINT('Origin',(114.499997161329,1.2,19.0000002831221));
#9634=CARTESIAN_POINT('',(116.499997396022,1.2,15.0000002831221));
#9635=CARTESIAN_POINT('',(116.499997396022,1.2,20.5000001266599));
#9636=CARTESIAN_POINT('',(114.499997161329,1.2,15.0000002831221));
#9637=CARTESIAN_POINT('Origin',(114.499997161329,0.,5.00000001490116));
#9638=CARTESIAN_POINT('',(116.499997396022,0.,5.00000001490116));
#9639=CARTESIAN_POINT('',(116.499997396022,0.,5.00000001490116));
#9640=CARTESIAN_POINT('',(114.499997161329,0.,5.00000001490116));
#9641=CARTESIAN_POINT('Origin',(114.499997161329,1.2,15.0000002831221));
#9642=CARTESIAN_POINT('',(116.499997396022,0.,15.0000002831221));
#9643=CARTESIAN_POINT('',(116.499997396022,0.6,15.0000002831221));
#9644=CARTESIAN_POINT('',(114.499997161329,0.,15.0000002831221));
#9645=CARTESIAN_POINT('Origin',(101.500001490116,0.,9.99999997019768));
#9646=CARTESIAN_POINT('',(116.499997396022,0.,15.9999999701977));
#9647=CARTESIAN_POINT('',(116.499997396022,0.,21.9999999701977));
#9648=CARTESIAN_POINT('',(116.499997396022,0.,15.9999999701977));
#9649=CARTESIAN_POINT('',(116.500001490116,0.,21.9999999701977));
#9650=CARTESIAN_POINT('Origin',(86.5000014901161,0.,21.9999999701977));
#9651=CARTESIAN_POINT('',(116.499997396022,4.99999988824129,21.9999999701977));
#9652=CARTESIAN_POINT('',(116.499997396022,0.,21.9999999701977));
#9653=CARTESIAN_POINT('',(116.500001490116,5.,21.9999999701977));
#9654=CARTESIAN_POINT('Origin',(101.500001490116,5.,9.99999997019768));
#9655=CARTESIAN_POINT('',(116.499997396022,5.,15.9999999701977));
#9656=CARTESIAN_POINT('Origin',(116.499997396022,0.,21.9999999701977));
#9657=UNCERTAINTY_MEASURE_WITH_UNIT(LENGTH_MEASURE(0.01),#9661,
'DISTANCE_ACCURACY_VALUE',
'Maximum model space distance between geometric entities at asserted c
onnectivities');
#9658=UNCERTAINTY_MEASURE_WITH_UNIT(LENGTH_MEASURE(0.01),#9661,
'DISTANCE_ACCURACY_VALUE',
'Maximum model space distance between geometric entities at asserted c
onnectivities');
#9659=(
GEOMETRIC_REPRESENTATION_CONTEXT(3)
GLOBAL_UNCERTAINTY_ASSIGNED_CONTEXT((#9657))
GLOBAL_UNIT_ASSIGNED_CONTEXT((#9661,#9663,#9664))
REPRESENTATION_CONTEXT('','3D')
);
#9660=(
GEOMETRIC_REPRESENTATION_CONTEXT(3)
GLOBAL_UNCERTAINTY_ASSIGNED_CONTEXT((#9658))
GLOBAL_UNIT_ASSIGNED_CONTEXT((#9661,#9663,#9664))
REPRESENTATION_CONTEXT('','3D')
);
#9661=(
LENGTH_UNIT()
NAMED_UNIT(*)
SI_UNIT(.MILLI.,.METRE.)
);
#9662=(
LENGTH_UNIT()
NAMED_UNIT(*)
SI_UNIT($,.METRE.)
);
#9663=(
NAMED_UNIT(*)
PLANE_ANGLE_UNIT()
SI_UNIT($,.RADIAN.)
);
#9664=(
NAMED_UNIT(*)
SI_UNIT($,.STERADIAN.)
SOLID_ANGLE_UNIT()
);
#9665=SHAPE_DEFINITION_REPRESENTATION(#9666,#9667);
#9666=PRODUCT_DEFINITION_SHAPE('',$,#9669);
#9667=SHAPE_REPRESENTATION('',(#5881),#9659);
#9668=PRODUCT_DEFINITION_CONTEXT('part definition',#9673,'design');
#9669=PRODUCT_DEFINITION('GCDP design 1','GCDP design 1 v7',#9670,#9668);
#9670=PRODUCT_DEFINITION_FORMATION('',$,#9675);
#9671=PRODUCT_RELATED_PRODUCT_CATEGORY('GCDP design 1 v7',
'GCDP design 1 v7',(#9675));
#9672=APPLICATION_PROTOCOL_DEFINITION('international standard',
'automotive_design',2009,#9673);
#9673=APPLICATION_CONTEXT(
'Core Data for Automotive Mechanical Design Process');
#9674=PRODUCT_CONTEXT('part definition',#9673,'mechanical');
#9675=PRODUCT('GCDP design 1','GCDP design 1 v7',$,(#9674));
#9676=PRESENTATION_STYLE_ASSIGNMENT((#9677));
#9677=SURFACE_STYLE_USAGE(.BOTH.,#9678);
#9678=SURFACE_SIDE_STYLE('',(#9679));
#9679=SURFACE_STYLE_FILL_AREA(#9680);
#9680=FILL_AREA_STYLE('Steel - Satin',(#9681));
#9681=FILL_AREA_STYLE_COLOUR('Steel - Satin',#9682);
#9682=COLOUR_RGB('Steel - Satin',0.627450980392157,0.627450980392157,0.627450980392157);
ENDSEC;
END-ISO-10303-21;
