solid OpenSCAD_Model
  facet normal 0 -0.102566 0.994726
    outer loop
      vertex -12 24.7385 6.48858
      vertex -12.8282 21.4847 6.15308
      vertex -12 21.4847 6.15308
    endloop
  endfacet
  facet normal 7.34365e-06 -0.102568 0.994726
    outer loop
      vertex -12 24.7385 6.48858
      vertex -13.4579 21.4575 6.15028
      vertex -12.8282 21.4847 6.15308
    endloop
  endfacet
  facet normal 3.5113e-07 -0.102565 0.994726
    outer loop
      vertex -12 24.7385 6.48858
      vertex -13.7572 21.4446 6.14895
      vertex -13.4579 21.4575 6.15028
    endloop
  endfacet
  facet normal 1.11543e-06 -0.102566 0.994726
    outer loop
      vertex -12 24.7385 6.48858
      vertex -14.054 21.4059 6.14496
      vertex -13.7572 21.4446 6.14895
    endloop
  endfacet
  facet normal 0 -0.102565 0.994726
    outer loop
      vertex -17 24.7385 6.48858
      vertex -14.054 21.4059 6.14496
      vertex -12 24.7385 6.48858
    endloop
  endfacet
  facet normal 4.78895e-06 -0.102561 0.994727
    outer loop
      vertex -14.054 21.4059 6.14496
      vertex -17 24.7385 6.48858
      vertex -14.6794 21.3244 6.13656
    endloop
  endfacet
  facet normal 1.09706e-06 -0.102563 0.994726
    outer loop
      vertex -14.6794 21.3244 6.13656
      vertex -17 24.7385 6.48858
      vertex -15.297 21.189 6.1226
    endloop
  endfacet
  facet normal -5.38699e-06 -0.102566 0.994726
    outer loop
      vertex -15.297 21.189 6.1226
      vertex -17 24.7385 6.48858
      vertex -15.5882 21.1252 6.11602
    endloop
  endfacet
  facet normal -5.624e-06 -0.102566 0.994726
    outer loop
      vertex -15.5882 21.1252 6.11602
      vertex -17 24.7385 6.48858
      vertex -16.1934 20.9366 6.09657
    endloop
  endfacet
  facet normal 1.48985e-05 -0.102562 0.994727
    outer loop
      vertex -16.1934 20.9366 6.09657
      vertex -17 24.7385 6.48858
      vertex -16.4766 20.8483 6.08747
    endloop
  endfacet
  facet normal -8.78333e-06 -0.102565 0.994726
    outer loop
      vertex -16.4766 20.8483 6.08747
      vertex -17 24.7385 6.48858
      vertex -16.75 20.7365 6.07594
    endloop
  endfacet
  facet normal -7.78273e-06 -0.102565 0.994726
    outer loop
      vertex -16.75 20.7365 6.07594
      vertex -17 24.7385 6.48858
      vertex -17 20.6342 6.06539
    endloop
  endfacet
  facet normal -1 0 0
    outer loop
      vertex -17 25.7 3.5
      vertex -17 28 3.5
      vertex -17 27.9886 3.23853
    endloop
  endfacet
  facet normal -1 0 0
    outer loop
      vertex -17 27.422 2.32876
      vertex -17 27.9886 3.23853
      vertex -17 27.9544 2.97906
    endloop
  endfacet
  facet normal -1 0 0
    outer loop
      vertex -17 28 3.5
      vertex -17 25.7 3.5
      vertex -17 27.9886 3.76147
    endloop
  endfacet
  facet normal -1 0 0
    outer loop
      vertex -17 27.422 2.32876
      vertex -17 27.9544 2.97906
      vertex -17 27.8978 2.72354
    endloop
  endfacet
  facet normal -1 -0 0
    outer loop
      vertex -17 27.9886 3.23853
      vertex -17 27.422 2.32876
      vertex -17 25.6973 3.43899
    endloop
  endfacet
  facet normal -1 0 0
    outer loop
      vertex -17 27.422 2.32876
      vertex -17 27.8978 2.72354
      vertex -17 27.8191 2.47394
    endloop
  endfacet
  facet normal -1 0 0
    outer loop
      vertex -17 25.6973 3.56101
      vertex -17 27.9886 3.76147
      vertex -17 25.7 3.5
    endloop
  endfacet
  facet normal -1 0 0
    outer loop
      vertex -17 27.422 2.32876
      vertex -17 27.8191 2.47394
      vertex -17 27.7415 2.2867
    endloop
  endfacet
  facet normal -1 -0 0
    outer loop
      vertex -17 27.9886 3.76147
      vertex -17 25.6973 3.56101
      vertex -17 27.9544 4.02094
    endloop
  endfacet
  facet normal -1 0 0
    outer loop
      vertex -17 25.6894 3.62155
      vertex -17 27.9544 4.02094
      vertex -17 25.6973 3.56101
    endloop
  endfacet
  facet normal -1 0 0
    outer loop
      vertex -17 25.6761 3.68117
      vertex -17 27.8978 4.27646
      vertex -17 25.6894 3.62155
    endloop
  endfacet
  facet normal -1 -0 0
    outer loop
      vertex -17 27.8978 4.27646
      vertex -17 25.6761 3.68117
      vertex -17 27.8191 4.52606
    endloop
  endfacet
  facet normal -1 -0 0
    outer loop
      vertex -17 27.8191 4.52606
      vertex -17 25.6578 3.73941
      vertex -17 27.7189 4.76785
    endloop
  endfacet
  facet normal -1 0 0
    outer loop
      vertex -17 25.6344 3.79583
      vertex -17 27.7189 4.76785
      vertex -17 25.6578 3.73941
    endloop
  endfacet
  facet normal -1 -0 0
    outer loop
      vertex -17 27.7189 4.76785
      vertex -17 25.6344 3.79583
      vertex -17 27.5981 5
    endloop
  endfacet
  facet normal -1 -0 0
    outer loop
      vertex -17 27.5981 5
      vertex -17 25.6062 3.85
      vertex -17 27.4575 5.22073
    endloop
  endfacet
  facet normal -1 0 0
    outer loop
      vertex -17 25.5734 3.9015
      vertex -17 27.4575 5.22073
      vertex -17 25.6062 3.85
    endloop
  endfacet
  facet normal -1 0 0
    outer loop
      vertex -17 25.5362 3.94995
      vertex -17 27.2981 5.42836
      vertex -17 25.5734 3.9015
    endloop
  endfacet
  facet normal -1 -0 0
    outer loop
      vertex -17 27.2981 5.42836
      vertex -17 25.5362 3.94995
      vertex -17 27.1213 5.62132
    endloop
  endfacet
  facet normal -1 -0 0
    outer loop
      vertex -17 27.1213 5.62132
      vertex -17 25.495 3.99497
      vertex -17 26.9284 5.79813
    endloop
  endfacet
  facet normal -1 -0 0
    outer loop
      vertex -17 27.9544 4.02094
      vertex -17 25.6894 3.62155
      vertex -17 27.8978 4.27646
    endloop
  endfacet
  facet normal -1 0 0
    outer loop
      vertex -17 27.9886 3.23853
      vertex -17 25.6973 3.43899
      vertex -17 25.7 3.5
    endloop
  endfacet
  facet normal -1 0 0
    outer loop
      vertex -17 27.422 2.32876
      vertex -17 25.6894 3.37845
      vertex -17 25.6973 3.43899
    endloop
  endfacet
  facet normal -1 0 0
    outer loop
      vertex -17 27.422 2.32876
      vertex -17 25.6761 3.31883
      vertex -17 25.6894 3.37845
    endloop
  endfacet
  facet normal -1 0 0
    outer loop
      vertex -17 27.422 2.32876
      vertex -17 25.6578 3.26059
      vertex -17 25.6761 3.31883
    endloop
  endfacet
  facet normal -1 0 0
    outer loop
      vertex -17 27.422 2.32876
      vertex -17 25.6344 3.20417
      vertex -17 25.6578 3.26059
    endloop
  endfacet
  facet normal -1 0 0
    outer loop
      vertex -17 27.422 2.32876
      vertex -17 25.6062 3.15
      vertex -17 25.6344 3.20417
    endloop
  endfacet
  facet normal -1 0 0
    outer loop
      vertex -17 27.422 2.32876
      vertex -17 25.5734 3.0985
      vertex -17 25.6062 3.15
    endloop
  endfacet
  facet normal -1 0 0
    outer loop
      vertex -17 27.422 2.32876
      vertex -17 25.5362 3.05005
      vertex -17 25.5734 3.0985
    endloop
  endfacet
  facet normal -1 0 0
    outer loop
      vertex -17 27.422 2.32876
      vertex -17 25.495 3.00502
      vertex -17 25.5362 3.05005
    endloop
  endfacet
  facet normal -1 0 0
    outer loop
      vertex -17 27.422 2.32876
      vertex -17 25.45 2.96377
      vertex -17 25.495 3.00502
    endloop
  endfacet
  facet normal -1 0 0
    outer loop
      vertex -17 27.422 2.32876
      vertex -17 25.4015 2.92659
      vertex -17 25.45 2.96377
    endloop
  endfacet
  facet normal -1 0 0
    outer loop
      vertex -17 27.422 2.32876
      vertex -17 25.35 2.89378
      vertex -17 25.4015 2.92659
    endloop
  endfacet
  facet normal -1 0 0
    outer loop
      vertex -17 27.422 2.32876
      vertex -17 25.2958 2.86558
      vertex -17 25.35 2.89378
    endloop
  endfacet
  facet normal -1 0 0
    outer loop
      vertex -17 27.422 2.32876
      vertex -17 25.2394 2.84221
      vertex -17 25.2958 2.86558
    endloop
  endfacet
  facet normal -1 0 0
    outer loop
      vertex -17 27.422 2.32876
      vertex -17 25.1812 2.82385
      vertex -17 25.2394 2.84221
    endloop
  endfacet
  facet normal -1 0 0
    outer loop
      vertex -17 27.422 2.32876
      vertex -17 25.1216 2.81063
      vertex -17 25.1812 2.82385
    endloop
  endfacet
  facet normal -1 0 0
    outer loop
      vertex -17 27.422 2.32876
      vertex -17 25.061 2.80266
      vertex -17 25.1216 2.81063
    endloop
  endfacet
  facet normal -1 0 0
    outer loop
      vertex -17 27.422 2.32876
      vertex -17 25 2.8
      vertex -17 25.061 2.80266
    endloop
  endfacet
  facet normal -1 0 0
    outer loop
      vertex -17 23.5 2.5
      vertex -17 25 2.8
      vertex -17 27.422 2.32876
    endloop
  endfacet
  facet normal -1 -0 0
    outer loop
      vertex -17 25 2.8
      vertex -17 23.5 2.5
      vertex -17 24.939 2.80266
    endloop
  endfacet
  facet normal -1 -0 0
    outer loop
      vertex -17 24.3027 3.43899
      vertex -17 23.5 2.5
      vertex -17 24.3 3.5
    endloop
  endfacet
  facet normal -1 -0 0
    outer loop
      vertex -17 24.3106 3.37845
      vertex -17 23.5 2.5
      vertex -17 24.3027 3.43899
    endloop
  endfacet
  facet normal -1 -0 0
    outer loop
      vertex -17 24.3239 3.31883
      vertex -17 23.5 2.5
      vertex -17 24.3106 3.37845
    endloop
  endfacet
  facet normal -1 -0 0
    outer loop
      vertex -17 24.3422 3.26059
      vertex -17 23.5 2.5
      vertex -17 24.3239 3.31883
    endloop
  endfacet
  facet normal -1 -0 0
    outer loop
      vertex -17 24.3656 3.20417
      vertex -17 23.5 2.5
      vertex -17 24.3422 3.26059
    endloop
  endfacet
  facet normal -1 -0 0
    outer loop
      vertex -17 24.3938 3.15
      vertex -17 23.5 2.5
      vertex -17 24.3656 3.20417
    endloop
  endfacet
  facet normal -1 -0 0
    outer loop
      vertex -17 24.4266 3.0985
      vertex -17 23.5 2.5
      vertex -17 24.3938 3.15
    endloop
  endfacet
  facet normal -1 -0 0
    outer loop
      vertex -17 24.4638 3.05005
      vertex -17 23.5 2.5
      vertex -17 24.4266 3.0985
    endloop
  endfacet
  facet normal -1 -0 0
    outer loop
      vertex -17 24.505 3.00502
      vertex -17 23.5 2.5
      vertex -17 24.4638 3.05005
    endloop
  endfacet
  facet normal -1 -0 0
    outer loop
      vertex -17 24.55 2.96377
      vertex -17 23.5 2.5
      vertex -17 24.505 3.00502
    endloop
  endfacet
  facet normal -1 -0 0
    outer loop
      vertex -17 24.5985 2.92659
      vertex -17 23.5 2.5
      vertex -17 24.55 2.96377
    endloop
  endfacet
  facet normal -1 -0 0
    outer loop
      vertex -17 24.65 2.89378
      vertex -17 23.5 2.5
      vertex -17 24.5985 2.92659
    endloop
  endfacet
  facet normal -1 -0 0
    outer loop
      vertex -17 24.7042 2.86558
      vertex -17 23.5 2.5
      vertex -17 24.65 2.89378
    endloop
  endfacet
  facet normal -1 -0 0
    outer loop
      vertex -17 24.7606 2.84221
      vertex -17 23.5 2.5
      vertex -17 24.7042 2.86558
    endloop
  endfacet
  facet normal -1 -0 0
    outer loop
      vertex -17 24.8188 2.82385
      vertex -17 23.5 2.5
      vertex -17 24.7606 2.84221
    endloop
  endfacet
  facet normal -1 -0 0
    outer loop
      vertex -17 24.8784 2.81063
      vertex -17 23.5 2.5
      vertex -17 24.8188 2.82385
    endloop
  endfacet
  facet normal -1 -0 0
    outer loop
      vertex -17 24.939 2.80266
      vertex -17 23.5 2.5
      vertex -17 24.8784 2.81063
    endloop
  endfacet
  facet normal -1 0 0
    outer loop
      vertex -17 25.6578 3.73941
      vertex -17 27.8191 4.52606
      vertex -17 25.6761 3.68117
    endloop
  endfacet
  facet normal -1 0 0
    outer loop
      vertex -17 25.6062 3.85
      vertex -17 27.5981 5
      vertex -17 25.6344 3.79583
    endloop
  endfacet
  facet normal -1 -0 0
    outer loop
      vertex -17 27.4575 5.22073
      vertex -17 25.5734 3.9015
      vertex -17 27.2981 5.42836
    endloop
  endfacet
  facet normal -1 0 0
    outer loop
      vertex -17 25.495 3.99497
      vertex -17 27.1213 5.62132
      vertex -17 25.5362 3.94995
    endloop
  endfacet
  facet normal -1 0 0
    outer loop
      vertex -17 25.45 4.03623
      vertex -17 26.9284 5.79813
      vertex -17 25.495 3.99497
    endloop
  endfacet
  facet normal -1 -0 0
    outer loop
      vertex -17 26.9284 5.79813
      vertex -17 25.45 4.03623
      vertex -17 26.7207 5.95746
    endloop
  endfacet
  facet normal -1 0 0
    outer loop
      vertex -17 25.4015 4.07341
      vertex -17 26.7207 5.95746
      vertex -17 25.45 4.03623
    endloop
  endfacet
  facet normal -1 -0 0
    outer loop
      vertex -17 26.7207 5.95746
      vertex -17 25.4015 4.07341
      vertex -17 26.5 6.09808
    endloop
  endfacet
  facet normal -1 0 0
    outer loop
      vertex -17 25.35 4.10622
      vertex -17 26.5 6.09808
      vertex -17 25.4015 4.07341
    endloop
  endfacet
  facet normal -1 -0 0
    outer loop
      vertex -17 26.5 6.09808
      vertex -17 25.35 4.10622
      vertex -17 26.2679 6.21892
    endloop
  endfacet
  facet normal -1 0 0
    outer loop
      vertex -17 25.2958 4.13441
      vertex -17 26.2679 6.21892
      vertex -17 25.35 4.10622
    endloop
  endfacet
  facet normal -1 -0 0
    outer loop
      vertex -17 26.2679 6.21892
      vertex -17 25.2958 4.13441
      vertex -17 26.0261 6.31908
    endloop
  endfacet
  facet normal -1 0 0
    outer loop
      vertex -17 25.2394 4.15778
      vertex -17 26.0261 6.31908
      vertex -17 25.2958 4.13441
    endloop
  endfacet
  facet normal -1 -0 0
    outer loop
      vertex -17 26.0261 6.31908
      vertex -17 25.2394 4.15778
      vertex -17 25.7765 6.39778
    endloop
  endfacet
  facet normal -1 0 0
    outer loop
      vertex -17 25.1812 4.17615
      vertex -17 25.7765 6.39778
      vertex -17 25.2394 4.15778
    endloop
  endfacet
  facet normal -1 -0 0
    outer loop
      vertex -17 25.7765 6.39778
      vertex -17 25.1812 4.17615
      vertex -17 25.5209 6.45442
    endloop
  endfacet
  facet normal -1 0 0
    outer loop
      vertex -17 25.1216 4.18937
      vertex -17 25.5209 6.45442
      vertex -17 25.1812 4.17615
    endloop
  endfacet
  facet normal -1 -0 0
    outer loop
      vertex -17 25.5209 6.45442
      vertex -17 25.1216 4.18937
      vertex -17 25.2615 6.48858
    endloop
  endfacet
  facet normal -1 0 0
    outer loop
      vertex -17 25.061 4.19734
      vertex -17 25.2615 6.48858
      vertex -17 25.1216 4.18937
    endloop
  endfacet
  facet normal -1 0 0
    outer loop
      vertex -17 25 4.2
      vertex -17 25.2615 6.48858
      vertex -17 25.061 4.19734
    endloop
  endfacet
  facet normal -1 0 0
    outer loop
      vertex -17 25 4.2
      vertex -17 25 6.5
      vertex -17 25.2615 6.48858
    endloop
  endfacet
  facet normal -1 0 0
    outer loop
      vertex -17 24.939 4.19734
      vertex -17 25 6.5
      vertex -17 25 4.2
    endloop
  endfacet
  facet normal -1 0 0
    outer loop
      vertex -17 24.7385 6.48858
      vertex -17 24.939 4.19734
      vertex -17 24.8784 4.18937
    endloop
  endfacet
  facet normal -1 0 0
    outer loop
      vertex -17 24.7385 6.48858
      vertex -17 24.8784 4.18937
      vertex -17 24.8188 4.17615
    endloop
  endfacet
  facet normal -1 0 0
    outer loop
      vertex -17 24.7385 6.48858
      vertex -17 24.8188 4.17615
      vertex -17 24.7606 4.15778
    endloop
  endfacet
  facet normal -1 0 0
    outer loop
      vertex -17 24.939 4.19734
      vertex -17 24.7385 6.48858
      vertex -17 25 6.5
    endloop
  endfacet
  facet normal -1 0 0
    outer loop
      vertex -17 24.7042 4.13441
      vertex -17 24.7385 6.48858
      vertex -17 24.7606 4.15778
    endloop
  endfacet
  facet normal -1 0 0
    outer loop
      vertex -17 24.65 4.10622
      vertex -17 24.7385 6.48858
      vertex -17 24.7042 4.13441
    endloop
  endfacet
  facet normal -1 0 0
    outer loop
      vertex -17 24.5985 4.07341
      vertex -17 24.7385 6.48858
      vertex -17 24.65 4.10622
    endloop
  endfacet
  facet normal -1 0 0
    outer loop
      vertex -17 24.55 4.03623
      vertex -17 24.7385 6.48858
      vertex -17 24.5985 4.07341
    endloop
  endfacet
  facet normal -1 0 0
    outer loop
      vertex -17 24.505 3.99497
      vertex -17 24.7385 6.48858
      vertex -17 24.55 4.03623
    endloop
  endfacet
  facet normal -1 0 0
    outer loop
      vertex -17 24.4638 3.94995
      vertex -17 24.7385 6.48858
      vertex -17 24.505 3.99497
    endloop
  endfacet
  facet normal -1 0 0
    outer loop
      vertex -17 20.6342 6.06539
      vertex -17 24.4638 3.94995
      vertex -17 24.4266 3.9015
    endloop
  endfacet
  facet normal -1 0 0
    outer loop
      vertex -17 20.6342 6.06539
      vertex -17 24.4266 3.9015
      vertex -17 24.3938 3.85
    endloop
  endfacet
  facet normal -1 0 0
    outer loop
      vertex -17 20.6342 6.06539
      vertex -17 24.3938 3.85
      vertex -17 24.3656 3.79583
    endloop
  endfacet
  facet normal -1 0 0
    outer loop
      vertex -17 20.6342 6.06539
      vertex -17 24.3656 3.79583
      vertex -17 24.3422 3.73941
    endloop
  endfacet
  facet normal -1 0 0
    outer loop
      vertex -17 20.6342 6.06539
      vertex -17 24.3422 3.73941
      vertex -17 24.3239 3.68117
    endloop
  endfacet
  facet normal -1 0 0
    outer loop
      vertex -17 23.5 2.5
      vertex -17 24.3239 3.68117
      vertex -17 24.3106 3.62155
    endloop
  endfacet
  facet normal -1 0 0
    outer loop
      vertex -17 23.5 2.5
      vertex -17 24.3027 3.56101
      vertex -17 24.3 3.5
    endloop
  endfacet
  facet normal -1 0 0
    outer loop
      vertex -17 23.5 2.5
      vertex -17 24.3106 3.62155
      vertex -17 24.3027 3.56101
    endloop
  endfacet
  facet normal -1 0 0
    outer loop
      vertex -17 24.3239 3.68117
      vertex -17 23.5 2.5
      vertex -17 21.0719 2.39399
    endloop
  endfacet
  facet normal -1 -0 0
    outer loop
      vertex -17 24.3239 3.68117
      vertex -17 21.0719 2.39399
      vertex -17 20.6342 6.06539
    endloop
  endfacet
  facet normal -1 0 0
    outer loop
      vertex -17 24.4638 3.94995
      vertex -17 20.6342 6.06539
      vertex -17 24.7385 6.48858
    endloop
  endfacet
  facet normal 1 0 0
    outer loop
      vertex -12 27.9886 3.76147
      vertex -12 25.6973 3.56101
      vertex -12 25.7 3.5
    endloop
  endfacet
  facet normal 1 0 0
    outer loop
      vertex -12 26.0261 6.31908
      vertex -12 25.6894 3.62155
      vertex -12 25.6973 3.56101
    endloop
  endfacet
  facet normal 1 0 0
    outer loop
      vertex -12 26.0261 6.31908
      vertex -12 25.6761 3.68117
      vertex -12 25.6894 3.62155
    endloop
  endfacet
  facet normal 1 0 0
    outer loop
      vertex -12 26.0261 6.31908
      vertex -12 25.6578 3.73941
      vertex -12 25.6761 3.68117
    endloop
  endfacet
  facet normal 1 0 0
    outer loop
      vertex -12 26.0261 6.31908
      vertex -12 25.6344 3.79583
      vertex -12 25.6578 3.73941
    endloop
  endfacet
  facet normal 1 0 0
    outer loop
      vertex -12 26.0261 6.31908
      vertex -12 25.6062 3.85
      vertex -12 25.6344 3.79583
    endloop
  endfacet
  facet normal 1 0 0
    outer loop
      vertex -12 26.0261 6.31908
      vertex -12 25.5734 3.9015
      vertex -12 25.6062 3.85
    endloop
  endfacet
  facet normal 1 0 0
    outer loop
      vertex -12 26.0261 6.31908
      vertex -12 25.5362 3.94995
      vertex -12 25.5734 3.9015
    endloop
  endfacet
  facet normal 1 0 0
    outer loop
      vertex -12 25.1812 4.17615
      vertex -12 25.7765 6.39778
      vertex -12 25.5209 6.45442
    endloop
  endfacet
  facet normal 1 0 0
    outer loop
      vertex -12 26.0261 6.31908
      vertex -12 25.495 3.99497
      vertex -12 25.5362 3.94995
    endloop
  endfacet
  facet normal 1 0 0
    outer loop
      vertex -12 26.0261 6.31908
      vertex -12 25.45 4.03623
      vertex -12 25.495 3.99497
    endloop
  endfacet
  facet normal 1 0 0
    outer loop
      vertex -12 26.0261 6.31908
      vertex -12 25.4015 4.07341
      vertex -12 25.45 4.03623
    endloop
  endfacet
  facet normal 1 0 0
    outer loop
      vertex -12 26.0261 6.31908
      vertex -12 25.35 4.10622
      vertex -12 25.4015 4.07341
    endloop
  endfacet
  facet normal 1 0 0
    outer loop
      vertex -12 26.0261 6.31908
      vertex -12 25.2958 4.13441
      vertex -12 25.35 4.10622
    endloop
  endfacet
  facet normal 1 0 0
    outer loop
      vertex -12 25.1216 4.18937
      vertex -12 25.5209 6.45442
      vertex -12 25.2615 6.48858
    endloop
  endfacet
  facet normal 1 0 0
    outer loop
      vertex -12 26.0261 6.31908
      vertex -12 25.2394 4.15778
      vertex -12 25.2958 4.13441
    endloop
  endfacet
  facet normal 1 0 0
    outer loop
      vertex -12 25.7765 6.39778
      vertex -12 25.1812 4.17615
      vertex -12 25.2394 4.15778
    endloop
  endfacet
  facet normal 1 0 0
    outer loop
      vertex -12 25.5209 6.45442
      vertex -12 25.1216 4.18937
      vertex -12 25.1812 4.17615
    endloop
  endfacet
  facet normal 1 0 0
    outer loop
      vertex -12 25.2615 6.48858
      vertex -12 25.061 4.19734
      vertex -12 25.1216 4.18937
    endloop
  endfacet
  facet normal 1 0 0
    outer loop
      vertex -12 25 6.5
      vertex -12 25.061 4.19734
      vertex -12 25.2615 6.48858
    endloop
  endfacet
  facet normal 1 0 0
    outer loop
      vertex -12 25 6.5
      vertex -12 25 4.2
      vertex -12 25.061 4.19734
    endloop
  endfacet
  facet normal 1 0 0
    outer loop
      vertex -12 25 6.5
      vertex -12 24.939 4.19734
      vertex -12 25 4.2
    endloop
  endfacet
  facet normal 1 -0 0
    outer loop
      vertex -12 24.7385 6.48858
      vertex -12 24.939 4.19734
      vertex -12 25 6.5
    endloop
  endfacet
  facet normal 1 0 0
    outer loop
      vertex -12 24.939 4.19734
      vertex -12 24.7385 6.48858
      vertex -12 24.8784 4.18937
    endloop
  endfacet
  facet normal 1 0 0
    outer loop
      vertex -12 24.8784 4.18937
      vertex -12 24.7385 6.48858
      vertex -12 24.8188 4.17615
    endloop
  endfacet
  facet normal 1 0 0
    outer loop
      vertex -12 24.8188 4.17615
      vertex -12 24.7385 6.48858
      vertex -12 24.7606 4.15778
    endloop
  endfacet
  facet normal 1 0 0
    outer loop
      vertex -12 24.7385 6.48858
      vertex -12 24.7042 4.13441
      vertex -12 24.7606 4.15778
    endloop
  endfacet
  facet normal 1 0 0
    outer loop
      vertex -12 24.7385 6.48858
      vertex -12 24.65 4.10622
      vertex -12 24.7042 4.13441
    endloop
  endfacet
  facet normal 1 0 0
    outer loop
      vertex -12 24.7385 6.48858
      vertex -12 24.5985 4.07341
      vertex -12 24.65 4.10622
    endloop
  endfacet
  facet normal 1 0 0
    outer loop
      vertex -12 24.7385 6.48858
      vertex -12 24.55 4.03623
      vertex -12 24.5985 4.07341
    endloop
  endfacet
  facet normal 1 0 0
    outer loop
      vertex -12 24.7385 6.48858
      vertex -12 24.505 3.99497
      vertex -12 24.55 4.03623
    endloop
  endfacet
  facet normal 1 -0 0
    outer loop
      vertex -12 21.4847 6.15308
      vertex -12 24.505 3.99497
      vertex -12 24.7385 6.48858
    endloop
  endfacet
  facet normal 1 0 0
    outer loop
      vertex -12 24.505 3.99497
      vertex -12 21.4847 6.15308
      vertex -12 24.4638 3.94995
    endloop
  endfacet
  facet normal 1 0 0
    outer loop
      vertex -12 24.4638 3.94995
      vertex -12 21.4847 6.15308
      vertex -12 24.4266 3.9015
    endloop
  endfacet
  facet normal 1 0 0
    outer loop
      vertex -12 24.4266 3.9015
      vertex -12 21.4847 6.15308
      vertex -12 24.3938 3.85
    endloop
  endfacet
  facet normal 1 0 0
    outer loop
      vertex -12 24.3938 3.85
      vertex -12 21.4847 6.15308
      vertex -12 24.3656 3.79583
    endloop
  endfacet
  facet normal 1 0 0
    outer loop
      vertex -12 24.3656 3.79583
      vertex -12 21.4847 6.15308
      vertex -12 24.3422 3.73941
    endloop
  endfacet
  facet normal 1 0 -0
    outer loop
      vertex -12 21.8572 2.42827
      vertex -12 24.3422 3.73941
      vertex -12 21.4847 6.15308
    endloop
  endfacet
  facet normal 1 0 0
    outer loop
      vertex -12 24.3027 3.56101
      vertex -12 23.5 2.5
      vertex -12 24.3 3.5
    endloop
  endfacet
  facet normal 1 0 0
    outer loop
      vertex -12 24.3106 3.62155
      vertex -12 23.5 2.5
      vertex -12 24.3027 3.56101
    endloop
  endfacet
  facet normal 1 0 0
    outer loop
      vertex -12 24.3422 3.73941
      vertex -12 21.8572 2.42827
      vertex -12 24.3239 3.68117
    endloop
  endfacet
  facet normal 1 0 0
    outer loop
      vertex -12 24.3239 3.68117
      vertex -12 21.8572 2.42827
      vertex -12 24.3106 3.62155
    endloop
  endfacet
  facet normal 1 0 0
    outer loop
      vertex -12 24.3106 3.62155
      vertex -12 21.8572 2.42827
      vertex -12 23.5 2.5
    endloop
  endfacet
  facet normal 1 0 0
    outer loop
      vertex -12 25.7 3.5
      vertex -12 28 3.5
      vertex -12 27.9886 3.76147
    endloop
  endfacet
  facet normal 1 0 0
    outer loop
      vertex -12 25.6973 3.56101
      vertex -12 27.9886 3.76147
      vertex -12 27.9544 4.02094
    endloop
  endfacet
  facet normal 1 0 0
    outer loop
      vertex -12 28 3.5
      vertex -12 25.7 3.5
      vertex -12 27.9886 3.23853
    endloop
  endfacet
  facet normal 1 0 0
    outer loop
      vertex -12 25.6973 3.56101
      vertex -12 27.9544 4.02094
      vertex -12 27.8978 4.27646
    endloop
  endfacet
  facet normal 1 -0 0
    outer loop
      vertex -12 25.6973 3.43899
      vertex -12 27.9886 3.23853
      vertex -12 25.7 3.5
    endloop
  endfacet
  facet normal 1 0 0
    outer loop
      vertex -12 25.6973 3.56101
      vertex -12 27.8978 4.27646
      vertex -12 27.8191 4.52606
    endloop
  endfacet
  facet normal 1 0 -0
    outer loop
      vertex -12 27.422 2.32876
      vertex -12 27.9886 3.23853
      vertex -12 25.6973 3.43899
    endloop
  endfacet
  facet normal 1 0 0
    outer loop
      vertex -12 27.8978 2.72354
      vertex -12 27.422 2.32876
      vertex -12 27.8191 2.47394
    endloop
  endfacet
  facet normal 1 0 0
    outer loop
      vertex -12 25.6973 3.56101
      vertex -12 27.8191 4.52606
      vertex -12 27.7189 4.76785
    endloop
  endfacet
  facet normal 1 0 0
    outer loop
      vertex -12 25.6973 3.56101
      vertex -12 27.7189 4.76785
      vertex -12 27.5981 5
    endloop
  endfacet
  facet normal 1 0 0
    outer loop
      vertex -12 25.6973 3.56101
      vertex -12 27.5981 5
      vertex -12 27.4575 5.22073
    endloop
  endfacet
  facet normal 1 0 0
    outer loop
      vertex -12 27.8191 2.47394
      vertex -12 27.422 2.32876
      vertex -12 27.7415 2.2867
    endloop
  endfacet
  facet normal 1 0 0
    outer loop
      vertex -12 25.6973 3.56101
      vertex -12 27.4575 5.22073
      vertex -12 27.2981 5.42836
    endloop
  endfacet
  facet normal 1 0 0
    outer loop
      vertex -12 25.6973 3.56101
      vertex -12 27.2981 5.42836
      vertex -12 27.1213 5.62132
    endloop
  endfacet
  facet normal 1 0 0
    outer loop
      vertex -12 25.6973 3.56101
      vertex -12 27.1213 5.62132
      vertex -12 26.9284 5.79813
    endloop
  endfacet
  facet normal 1 0 0
    outer loop
      vertex -12 25.6973 3.56101
      vertex -12 26.9284 5.79813
      vertex -12 26.7207 5.95746
    endloop
  endfacet
  facet normal 1 0 0
    outer loop
      vertex -12 25.6973 3.56101
      vertex -12 26.7207 5.95746
      vertex -12 26.5 6.09808
    endloop
  endfacet
  facet normal 1 0 0
    outer loop
      vertex -12 25.6973 3.56101
      vertex -12 26.5 6.09808
      vertex -12 26.2679 6.21892
    endloop
  endfacet
  facet normal 1 0 0
    outer loop
      vertex -12 25.6973 3.56101
      vertex -12 26.2679 6.21892
      vertex -12 26.0261 6.31908
    endloop
  endfacet
  facet normal 1 0 0
    outer loop
      vertex -12 25.2394 4.15778
      vertex -12 26.0261 6.31908
      vertex -12 25.7765 6.39778
    endloop
  endfacet
  facet normal 1 0 0
    outer loop
      vertex -12 27.9544 2.97906
      vertex -12 27.422 2.32876
      vertex -12 27.8978 2.72354
    endloop
  endfacet
  facet normal 1 0 0
    outer loop
      vertex -12 27.9886 3.23853
      vertex -12 27.422 2.32876
      vertex -12 27.9544 2.97906
    endloop
  endfacet
  facet normal 1 -0 0
    outer loop
      vertex -12 25.6894 3.37845
      vertex -12 27.422 2.32876
      vertex -12 25.6973 3.43899
    endloop
  endfacet
  facet normal 1 -0 0
    outer loop
      vertex -12 25.6761 3.31883
      vertex -12 27.422 2.32876
      vertex -12 25.6894 3.37845
    endloop
  endfacet
  facet normal 1 -0 0
    outer loop
      vertex -12 25.6578 3.26059
      vertex -12 27.422 2.32876
      vertex -12 25.6761 3.31883
    endloop
  endfacet
  facet normal 1 -0 0
    outer loop
      vertex -12 25.6344 3.20417
      vertex -12 27.422 2.32876
      vertex -12 25.6578 3.26059
    endloop
  endfacet
  facet normal 1 -0 0
    outer loop
      vertex -12 25.6062 3.15
      vertex -12 27.422 2.32876
      vertex -12 25.6344 3.20417
    endloop
  endfacet
  facet normal 1 -0 0
    outer loop
      vertex -12 25.5734 3.0985
      vertex -12 27.422 2.32876
      vertex -12 25.6062 3.15
    endloop
  endfacet
  facet normal 1 -0 0
    outer loop
      vertex -12 25.5362 3.05005
      vertex -12 27.422 2.32876
      vertex -12 25.5734 3.0985
    endloop
  endfacet
  facet normal 1 -0 0
    outer loop
      vertex -12 25.495 3.00502
      vertex -12 27.422 2.32876
      vertex -12 25.5362 3.05005
    endloop
  endfacet
  facet normal 1 -0 0
    outer loop
      vertex -12 25.45 2.96377
      vertex -12 27.422 2.32876
      vertex -12 25.495 3.00502
    endloop
  endfacet
  facet normal 1 -0 0
    outer loop
      vertex -12 25.4015 2.92659
      vertex -12 27.422 2.32876
      vertex -12 25.45 2.96377
    endloop
  endfacet
  facet normal 1 -0 0
    outer loop
      vertex -12 25.35 2.89378
      vertex -12 27.422 2.32876
      vertex -12 25.4015 2.92659
    endloop
  endfacet
  facet normal 1 -0 0
    outer loop
      vertex -12 25.2958 2.86558
      vertex -12 27.422 2.32876
      vertex -12 25.35 2.89378
    endloop
  endfacet
  facet normal 1 -0 0
    outer loop
      vertex -12 25.2394 2.84221
      vertex -12 27.422 2.32876
      vertex -12 25.2958 2.86558
    endloop
  endfacet
  facet normal 1 -0 0
    outer loop
      vertex -12 25.1812 2.82385
      vertex -12 27.422 2.32876
      vertex -12 25.2394 2.84221
    endloop
  endfacet
  facet normal 1 -0 0
    outer loop
      vertex -12 25.1216 2.81063
      vertex -12 27.422 2.32876
      vertex -12 25.1812 2.82385
    endloop
  endfacet
  facet normal 1 -0 0
    outer loop
      vertex -12 25.061 2.80266
      vertex -12 27.422 2.32876
      vertex -12 25.1216 2.81063
    endloop
  endfacet
  facet normal 1 -0 0
    outer loop
      vertex -12 25 2.8
      vertex -12 27.422 2.32876
      vertex -12 25.061 2.80266
    endloop
  endfacet
  facet normal 1 0 0
    outer loop
      vertex -12 23.5 2.5
      vertex -12 25 2.8
      vertex -12 24.939 2.80266
    endloop
  endfacet
  facet normal 1 0 0
    outer loop
      vertex -12 23.5 2.5
      vertex -12 24.939 2.80266
      vertex -12 24.8784 2.81063
    endloop
  endfacet
  facet normal 1 0 0
    outer loop
      vertex -12 25 2.8
      vertex -12 23.5 2.5
      vertex -12 27.422 2.32876
    endloop
  endfacet
  facet normal 1 0 0
    outer loop
      vertex -12 24.8188 2.82385
      vertex -12 23.5 2.5
      vertex -12 24.8784 2.81063
    endloop
  endfacet
  facet normal 1 0 0
    outer loop
      vertex -12 24.7606 2.84221
      vertex -12 23.5 2.5
      vertex -12 24.8188 2.82385
    endloop
  endfacet
  facet normal 1 0 0
    outer loop
      vertex -12 24.7042 2.86558
      vertex -12 23.5 2.5
      vertex -12 24.7606 2.84221
    endloop
  endfacet
  facet normal 1 0 0
    outer loop
      vertex -12 24.65 2.89378
      vertex -12 23.5 2.5
      vertex -12 24.7042 2.86558
    endloop
  endfacet
  facet normal 1 0 0
    outer loop
      vertex -12 24.5985 2.92659
      vertex -12 23.5 2.5
      vertex -12 24.65 2.89378
    endloop
  endfacet
  facet normal 1 0 0
    outer loop
      vertex -12 24.55 2.96377
      vertex -12 23.5 2.5
      vertex -12 24.5985 2.92659
    endloop
  endfacet
  facet normal 1 0 0
    outer loop
      vertex -12 24.505 3.00502
      vertex -12 23.5 2.5
      vertex -12 24.55 2.96377
    endloop
  endfacet
  facet normal 1 0 0
    outer loop
      vertex -12 24.4638 3.05005
      vertex -12 23.5 2.5
      vertex -12 24.505 3.00502
    endloop
  endfacet
  facet normal 1 0 0
    outer loop
      vertex -12 24.4266 3.0985
      vertex -12 23.5 2.5
      vertex -12 24.4638 3.05005
    endloop
  endfacet
  facet normal 1 0 0
    outer loop
      vertex -12 24.3938 3.15
      vertex -12 23.5 2.5
      vertex -12 24.4266 3.0985
    endloop
  endfacet
  facet normal 1 0 0
    outer loop
      vertex -12 24.3656 3.20417
      vertex -12 23.5 2.5
      vertex -12 24.3938 3.15
    endloop
  endfacet
  facet normal 1 0 0
    outer loop
      vertex -12 24.3422 3.26059
      vertex -12 23.5 2.5
      vertex -12 24.3656 3.20417
    endloop
  endfacet
  facet normal 1 0 0
    outer loop
      vertex -12 24.3239 3.31883
      vertex -12 23.5 2.5
      vertex -12 24.3422 3.26059
    endloop
  endfacet
  facet normal 1 0 0
    outer loop
      vertex -12 24.3106 3.37845
      vertex -12 23.5 2.5
      vertex -12 24.3239 3.31883
    endloop
  endfacet
  facet normal 1 0 0
    outer loop
      vertex -12 24.3027 3.43899
      vertex -12 23.5 2.5
      vertex -12 24.3106 3.37845
    endloop
  endfacet
  facet normal 1 0 0
    outer loop
      vertex -12 23.5 2.5
      vertex -12 24.3027 3.43899
      vertex -12 24.3 3.5
    endloop
  endfacet
  facet normal -0 0.382694 0.923875
    outer loop
      vertex -17 26.2679 6.21892
      vertex -12 26.0261 6.31908
      vertex -12 26.2679 6.21892
    endloop
  endfacet
  facet normal 0 0.382694 0.923875
    outer loop
      vertex -12 26.0261 6.31908
      vertex -17 26.2679 6.21892
      vertex -17 26.0261 6.31908
    endloop
  endfacet
  facet normal -0 0.130561 0.99144
    outer loop
      vertex -17 25.5209 6.45442
      vertex -12 25.2615 6.48858
      vertex -12 25.5209 6.45442
    endloop
  endfacet
  facet normal 0 0.130561 0.99144
    outer loop
      vertex -12 25.2615 6.48858
      vertex -17 25.5209 6.45442
      vertex -17 25.2615 6.48858
    endloop
  endfacet
  facet normal -0 0.300711 0.953715
    outer loop
      vertex -17 26.0261 6.31908
      vertex -12 25.7765 6.39778
      vertex -12 26.0261 6.31908
    endloop
  endfacet
  facet normal 0 0.300711 0.953715
    outer loop
      vertex -12 25.7765 6.39778
      vertex -17 26.0261 6.31908
      vertex -17 25.7765 6.39778
    endloop
  endfacet
  facet normal 0 0.737306 0.675559
    outer loop
      vertex -12 27.2981 5.42836
      vertex -17 27.1213 5.62132
      vertex -12 27.1213 5.62132
    endloop
  endfacet
  facet normal 0 0.737306 0.675559
    outer loop
      vertex -17 27.1213 5.62132
      vertex -12 27.2981 5.42836
      vertex -17 27.2981 5.42836
    endloop
  endfacet
  facet normal 0 0.923816 0.382838
    outer loop
      vertex -12 27.8191 4.52606
      vertex -17 27.7189 4.76785
      vertex -12 27.7189 4.76785
    endloop
  endfacet
  facet normal 0 0.923816 0.382838
    outer loop
      vertex -17 27.7189 4.76785
      vertex -12 27.8191 4.52606
      vertex -17 27.8191 4.52606
    endloop
  endfacet
  facet normal 0 0.923805 -0.382863
    outer loop
      vertex -12 27.7415 2.2867
      vertex -17 27.8191 2.47394
      vertex -12 27.8191 2.47394
    endloop
  endfacet
  facet normal 0 0.923805 -0.382863
    outer loop
      vertex -17 27.8191 2.47394
      vertex -12 27.7415 2.2867
      vertex -17 27.7415 2.2867
    endloop
  endfacet
  facet normal 0 0.991425 -0.130677
    outer loop
      vertex -12 27.9544 2.97906
      vertex -17 27.9886 3.23853
      vertex -12 27.9886 3.23853
    endloop
  endfacet
  facet normal 0 0.991425 -0.130677
    outer loop
      vertex -17 27.9886 3.23853
      vertex -12 27.9544 2.97906
      vertex -17 27.9544 2.97906
    endloop
  endfacet
  facet normal -0 0.216348 0.976316
    outer loop
      vertex -17 25.7765 6.39778
      vertex -12 25.5209 6.45442
      vertex -12 25.7765 6.39778
    endloop
  endfacet
  facet normal 0 0.216348 0.976316
    outer loop
      vertex -12 25.5209 6.45442
      vertex -17 25.7765 6.39778
      vertex -17 25.5209 6.45442
    endloop
  endfacet
  facet normal 0 -0.0436295 0.999048
    outer loop
      vertex -17 25 6.5
      vertex -12 24.7385 6.48858
      vertex -12 25 6.5
    endloop
  endfacet
  facet normal 0 -0.0436295 0.999048
    outer loop
      vertex -12 24.7385 6.48858
      vertex -17 25 6.5
      vertex -17 24.7385 6.48858
    endloop
  endfacet
  facet normal -0 0.0436295 0.999048
    outer loop
      vertex -17 25.2615 6.48858
      vertex -12 25 6.5
      vertex -12 25.2615 6.48858
    endloop
  endfacet
  facet normal 0 0.0436295 0.999048
    outer loop
      vertex -12 25 6.5
      vertex -17 25.2615 6.48858
      vertex -17 25 6.5
    endloop
  endfacet
  facet normal -0 0.461798 0.886985
    outer loop
      vertex -17 26.5 6.09808
      vertex -12 26.2679 6.21892
      vertex -12 26.5 6.09808
    endloop
  endfacet
  facet normal 0 0.461798 0.886985
    outer loop
      vertex -12 26.2679 6.21892
      vertex -17 26.5 6.09808
      vertex -17 26.2679 6.21892
    endloop
  endfacet
  facet normal 0 0.976334 -0.216267
    outer loop
      vertex -12 27.8978 2.72354
      vertex -17 27.9544 2.97906
      vertex -12 27.9544 2.97906
    endloop
  endfacet
  facet normal 0 0.976334 -0.216267
    outer loop
      vertex -17 27.9544 2.97906
      vertex -12 27.8978 2.72354
      vertex -17 27.8978 2.72354
    endloop
  endfacet
  facet normal 0 0.953715 -0.300711
    outer loop
      vertex -12 27.8191 2.47394
      vertex -17 27.8978 2.72354
      vertex -12 27.8978 2.72354
    endloop
  endfacet
  facet normal 0 0.953715 -0.300711
    outer loop
      vertex -17 27.8978 2.72354
      vertex -12 27.8191 2.47394
      vertex -17 27.8191 2.47394
    endloop
  endfacet
  facet normal -0 0.53735 0.843359
    outer loop
      vertex -17 26.7207 5.95746
      vertex -12 26.5 6.09808
      vertex -12 26.7207 5.95746
    endloop
  endfacet
  facet normal 0 0.53735 0.843359
    outer loop
      vertex -12 26.5 6.09808
      vertex -17 26.7207 5.95746
      vertex -17 26.5 6.09808
    endloop
  endfacet
  facet normal 0 0.843427 0.537244
    outer loop
      vertex -12 27.5981 5
      vertex -17 27.4575 5.22073
      vertex -12 27.4575 5.22073
    endloop
  endfacet
  facet normal 0 0.843427 0.537244
    outer loop
      vertex -17 27.4575 5.22073
      vertex -12 27.5981 5
      vertex -17 27.5981 5
    endloop
  endfacet
  facet normal 0 0.887089 0.461599
    outer loop
      vertex -12 27.7189 4.76785
      vertex -17 27.5981 5
      vertex -12 27.5981 5
    endloop
  endfacet
  facet normal 0 0.887089 0.461599
    outer loop
      vertex -17 27.5981 5
      vertex -12 27.7189 4.76785
      vertex -17 27.7189 4.76785
    endloop
  endfacet
  facet normal 0 0.999051 -0.0435583
    outer loop
      vertex -12 27.9886 3.23853
      vertex -17 28 3.5
      vertex -12 28 3.5
    endloop
  endfacet
  facet normal 0 0.999051 -0.0435583
    outer loop
      vertex -17 28 3.5
      vertex -12 27.9886 3.23853
      vertex -17 27.9886 3.23853
    endloop
  endfacet
  facet normal 0 0.991425 0.130677
    outer loop
      vertex -12 27.9886 3.76147
      vertex -17 27.9544 4.02094
      vertex -12 27.9544 4.02094
    endloop
  endfacet
  facet normal 0 0.991425 0.130677
    outer loop
      vertex -17 27.9544 4.02094
      vertex -12 27.9886 3.76147
      vertex -17 27.9886 3.76147
    endloop
  endfacet
  facet normal -0 0.608656 0.793434
    outer loop
      vertex -17 26.9284 5.79813
      vertex -12 26.7207 5.95746
      vertex -12 26.9284 5.79813
    endloop
  endfacet
  facet normal 0 0.608656 0.793434
    outer loop
      vertex -12 26.7207 5.95746
      vertex -17 26.9284 5.79813
      vertex -17 26.7207 5.95746
    endloop
  endfacet
  facet normal -0 0.675693 0.737183
    outer loop
      vertex -17 27.1213 5.62132
      vertex -12 26.9284 5.79813
      vertex -12 27.1213 5.62132
    endloop
  endfacet
  facet normal 0 0.675693 0.737183
    outer loop
      vertex -12 26.9284 5.79813
      vertex -17 27.1213 5.62132
      vertex -17 26.9284 5.79813
    endloop
  endfacet
  facet normal 0 0.793206 0.608954
    outer loop
      vertex -12 27.4575 5.22073
      vertex -17 27.2981 5.42836
      vertex -12 27.2981 5.42836
    endloop
  endfacet
  facet normal 0 0.793206 0.608954
    outer loop
      vertex -17 27.2981 5.42836
      vertex -12 27.4575 5.22073
      vertex -17 27.4575 5.22073
    endloop
  endfacet
  facet normal 0 0.953715 0.300711
    outer loop
      vertex -12 27.8978 4.27646
      vertex -17 27.8191 4.52606
      vertex -12 27.8191 4.52606
    endloop
  endfacet
  facet normal 0 0.953715 0.300711
    outer loop
      vertex -17 27.8191 4.52606
      vertex -12 27.8978 4.27646
      vertex -17 27.8978 4.27646
    endloop
  endfacet
  facet normal 0 0.976334 0.216267
    outer loop
      vertex -12 27.9544 4.02094
      vertex -17 27.8978 4.27646
      vertex -12 27.8978 4.27646
    endloop
  endfacet
  facet normal 0 0.976334 0.216267
    outer loop
      vertex -17 27.8978 4.27646
      vertex -12 27.9544 4.02094
      vertex -17 27.9544 4.02094
    endloop
  endfacet
  facet normal 0 0.999051 0.0435583
    outer loop
      vertex -12 28 3.5
      vertex -17 27.9886 3.76147
      vertex -12 27.9886 3.76147
    endloop
  endfacet
  facet normal 0 0.999051 0.0435583
    outer loop
      vertex -17 27.9886 3.76147
      vertex -12 28 3.5
      vertex -17 28 3.5
    endloop
  endfacet
  facet normal 0 -0.608397 -0.793633
    outer loop
      vertex -17 25.4015 4.07341
      vertex -12 25.45 4.03623
      vertex -12 25.4015 4.07341
    endloop
  endfacet
  facet normal -0 -0.608397 -0.793633
    outer loop
      vertex -12 25.45 4.03623
      vertex -17 25.4015 4.07341
      vertex -17 25.45 4.03623
    endloop
  endfacet
  facet normal 0 0.46143 -0.887177
    outer loop
      vertex -17 24.65 4.10622
      vertex -12 24.7042 4.13441
      vertex -12 24.65 4.10622
    endloop
  endfacet
  facet normal 0 0.46143 -0.887177
    outer loop
      vertex -12 24.7042 4.13441
      vertex -17 24.65 4.10622
      vertex -17 24.7042 4.13441
    endloop
  endfacet
  facet normal 0 0.954012 -0.299767
    outer loop
      vertex -12 24.3239 3.68117
      vertex -17 24.3422 3.73941
      vertex -12 24.3422 3.73941
    endloop
  endfacet
  facet normal 0 0.954012 -0.299767
    outer loop
      vertex -17 24.3422 3.73941
      vertex -12 24.3239 3.68117
      vertex -17 24.3239 3.68117
    endloop
  endfacet
  facet normal 0 -0.999022 0.0442118
    outer loop
      vertex -17 25.6973 3.43899
      vertex -12 25.7 3.5
      vertex -17 25.7 3.5
    endloop
  endfacet
  facet normal 0 -0.999022 0.0442118
    outer loop
      vertex -12 25.7 3.5
      vertex -17 25.6973 3.43899
      vertex -12 25.6973 3.43899
    endloop
  endfacet
  facet normal -0 0.300849 0.953672
    outer loop
      vertex -17 24.8188 2.82385
      vertex -12 24.7606 2.84221
      vertex -12 24.8188 2.82385
    endloop
  endfacet
  facet normal 0 0.300849 0.953672
    outer loop
      vertex -12 24.7606 2.84221
      vertex -17 24.8188 2.82385
      vertex -17 24.7606 2.84221
    endloop
  endfacet
  facet normal 0 -0.887005 -0.46176
    outer loop
      vertex -17 25.6344 3.79583
      vertex -12 25.6062 3.85
      vertex -17 25.6062 3.85
    endloop
  endfacet
  facet normal 0 -0.887005 -0.46176
    outer loop
      vertex -12 25.6062 3.85
      vertex -17 25.6344 3.79583
      vertex -12 25.6344 3.79583
    endloop
  endfacet
  facet normal 0 -0.843459 -0.537193
    outer loop
      vertex -17 25.6062 3.85
      vertex -12 25.5734 3.9015
      vertex -17 25.5734 3.9015
    endloop
  endfacet
  facet normal 0 -0.843459 -0.537193
    outer loop
      vertex -12 25.5734 3.9015
      vertex -17 25.6062 3.85
      vertex -12 25.6062 3.85
    endloop
  endfacet
  facet normal 0 -0.300998 -0.953625
    outer loop
      vertex -17 25.1812 4.17615
      vertex -12 25.2394 4.15778
      vertex -12 25.1812 4.17615
    endloop
  endfacet
  facet normal -0 -0.300998 -0.953625
    outer loop
      vertex -12 25.2394 4.15778
      vertex -17 25.1812 4.17615
      vertex -17 25.2394 4.15778
    endloop
  endfacet
  facet normal 0 -0.0435652 -0.999051
    outer loop
      vertex -17 25 4.2
      vertex -12 25.061 4.19734
      vertex -12 25 4.2
    endloop
  endfacet
  facet normal -0 -0.0435652 -0.999051
    outer loop
      vertex -12 25.061 4.19734
      vertex -17 25 4.2
      vertex -17 25.061 4.19734
    endloop
  endfacet
  facet normal 0 0.793171 -0.608998
    outer loop
      vertex -12 24.4266 3.9015
      vertex -17 24.4638 3.94995
      vertex -12 24.4638 3.94995
    endloop
  endfacet
  facet normal 0 0.793171 -0.608998
    outer loop
      vertex -17 24.4638 3.94995
      vertex -12 24.4266 3.9015
      vertex -17 24.4266 3.9015
    endloop
  endfacet
  facet normal 0 0.300998 -0.953625
    outer loop
      vertex -17 24.7606 4.15778
      vertex -12 24.8188 4.17615
      vertex -12 24.7606 4.15778
    endloop
  endfacet
  facet normal 0 0.300998 -0.953625
    outer loop
      vertex -12 24.8188 4.17615
      vertex -17 24.7606 4.15778
      vertex -17 24.8188 4.17615
    endloop
  endfacet
  facet normal 0 -0.954012 0.299767
    outer loop
      vertex -17 25.6578 3.26059
      vertex -12 25.6761 3.31883
      vertex -17 25.6761 3.31883
    endloop
  endfacet
  facet normal 0 -0.954012 0.299767
    outer loop
      vertex -12 25.6761 3.31883
      vertex -17 25.6578 3.26059
      vertex -12 25.6578 3.26059
    endloop
  endfacet
  facet normal -0 0.0435652 0.999051
    outer loop
      vertex -17 25 2.8
      vertex -12 24.939 2.80266
      vertex -12 25 2.8
    endloop
  endfacet
  facet normal 0 0.0435652 0.999051
    outer loop
      vertex -12 24.939 2.80266
      vertex -17 25 2.8
      vertex -17 24.939 2.80266
    endloop
  endfacet
  facet normal -0 0.608397 0.793633
    outer loop
      vertex -17 24.5985 2.92659
      vertex -12 24.55 2.96377
      vertex -12 24.5985 2.92659
    endloop
  endfacet
  facet normal 0 0.608397 0.793633
    outer loop
      vertex -12 24.55 2.96377
      vertex -17 24.5985 2.92659
      vertex -17 24.55 2.96377
    endloop
  endfacet
  facet normal 0 -0.991593 -0.129395
    outer loop
      vertex -17 25.6973 3.56101
      vertex -12 25.6894 3.62155
      vertex -17 25.6894 3.62155
    endloop
  endfacet
  facet normal 0 -0.991593 -0.129395
    outer loop
      vertex -12 25.6894 3.62155
      vertex -17 25.6973 3.56101
      vertex -12 25.6973 3.56101
    endloop
  endfacet
  facet normal 0 -0.954012 -0.299767
    outer loop
      vertex -17 25.6761 3.68117
      vertex -12 25.6578 3.73941
      vertex -17 25.6578 3.73941
    endloop
  endfacet
  facet normal 0 -0.954012 -0.299767
    outer loop
      vertex -12 25.6578 3.73941
      vertex -17 25.6761 3.68117
      vertex -12 25.6761 3.68117
    endloop
  endfacet
  facet normal 0 -0.923705 -0.383104
    outer loop
      vertex -17 25.6578 3.73941
      vertex -12 25.6344 3.79583
      vertex -17 25.6344 3.79583
    endloop
  endfacet
  facet normal 0 -0.923705 -0.383104
    outer loop
      vertex -12 25.6344 3.79583
      vertex -17 25.6578 3.73941
      vertex -12 25.6578 3.73941
    endloop
  endfacet
  facet normal 0 -0.737712 -0.675116
    outer loop
      vertex -17 25.5362 3.94995
      vertex -12 25.495 3.99497
      vertex -17 25.495 3.99497
    endloop
  endfacet
  facet normal 0 -0.737712 -0.675116
    outer loop
      vertex -12 25.495 3.99497
      vertex -17 25.5362 3.94995
      vertex -12 25.5362 3.94995
    endloop
  endfacet
  facet normal 0 -0.793171 -0.608998
    outer loop
      vertex -17 25.5734 3.9015
      vertex -12 25.5362 3.94995
      vertex -17 25.5362 3.94995
    endloop
  endfacet
  facet normal 0 -0.793171 -0.608998
    outer loop
      vertex -12 25.5362 3.94995
      vertex -17 25.5734 3.9015
      vertex -12 25.5734 3.9015
    endloop
  endfacet
  facet normal 0 -0.675814 -0.737073
    outer loop
      vertex -17 25.45 4.03623
      vertex -12 25.495 3.99497
      vertex -12 25.45 4.03623
    endloop
  endfacet
  facet normal -0 -0.675814 -0.737073
    outer loop
      vertex -12 25.495 3.99497
      vertex -17 25.45 4.03623
      vertex -17 25.495 3.99497
    endloop
  endfacet
  facet normal 0 -0.53731 -0.843385
    outer loop
      vertex -17 25.35 4.10622
      vertex -12 25.4015 4.07341
      vertex -12 25.35 4.10622
    endloop
  endfacet
  facet normal -0 -0.53731 -0.843385
    outer loop
      vertex -12 25.4015 4.07341
      vertex -17 25.35 4.10622
      vertex -17 25.4015 4.07341
    endloop
  endfacet
  facet normal 0 0.0435652 -0.999051
    outer loop
      vertex -17 24.939 4.19734
      vertex -12 25 4.2
      vertex -12 24.939 4.19734
    endloop
  endfacet
  facet normal 0 0.0435652 -0.999051
    outer loop
      vertex -12 25 4.2
      vertex -17 24.939 4.19734
      vertex -17 25 4.2
    endloop
  endfacet
  facet normal 0 -0.216549 -0.976272
    outer loop
      vertex -17 25.1216 4.18937
      vertex -12 25.1812 4.17615
      vertex -12 25.1216 4.18937
    endloop
  endfacet
  facet normal -0 -0.216549 -0.976272
    outer loop
      vertex -12 25.1812 4.17615
      vertex -17 25.1216 4.18937
      vertex -17 25.1812 4.17615
    endloop
  endfacet
  facet normal 0 -0.130395 -0.991462
    outer loop
      vertex -17 25.061 4.19734
      vertex -12 25.1216 4.18937
      vertex -12 25.061 4.19734
    endloop
  endfacet
  facet normal -0 -0.130395 -0.991462
    outer loop
      vertex -12 25.1216 4.18937
      vertex -17 25.061 4.19734
      vertex -17 25.1216 4.18937
    endloop
  endfacet
  facet normal 0 0.999022 0.0442118
    outer loop
      vertex -12 24.3027 3.43899
      vertex -17 24.3 3.5
      vertex -12 24.3 3.5
    endloop
  endfacet
  facet normal 0 0.999022 0.0442118
    outer loop
      vertex -17 24.3 3.5
      vertex -12 24.3027 3.43899
      vertex -17 24.3027 3.43899
    endloop
  endfacet
  facet normal 0 0.97601 -0.217728
    outer loop
      vertex -12 24.3106 3.62155
      vertex -17 24.3239 3.68117
      vertex -12 24.3239 3.68117
    endloop
  endfacet
  facet normal 0 0.97601 -0.217728
    outer loop
      vertex -17 24.3239 3.68117
      vertex -12 24.3106 3.62155
      vertex -17 24.3106 3.62155
    endloop
  endfacet
  facet normal 0 0.991593 -0.129395
    outer loop
      vertex -12 24.3027 3.56101
      vertex -17 24.3106 3.62155
      vertex -12 24.3106 3.62155
    endloop
  endfacet
  facet normal 0 0.991593 -0.129395
    outer loop
      vertex -17 24.3106 3.62155
      vertex -12 24.3027 3.56101
      vertex -17 24.3027 3.56101
    endloop
  endfacet
  facet normal 0 0.843459 -0.537193
    outer loop
      vertex -12 24.3938 3.85
      vertex -17 24.4266 3.9015
      vertex -12 24.4266 3.9015
    endloop
  endfacet
  facet normal 0 0.843459 -0.537193
    outer loop
      vertex -17 24.4266 3.9015
      vertex -12 24.3938 3.85
      vertex -17 24.3938 3.85
    endloop
  endfacet
  facet normal 0 0.3828 -0.923831
    outer loop
      vertex -17 24.7042 4.13441
      vertex -12 24.7606 4.15778
      vertex -12 24.7042 4.13441
    endloop
  endfacet
  facet normal 0 0.3828 -0.923831
    outer loop
      vertex -12 24.7606 4.15778
      vertex -17 24.7042 4.13441
      vertex -17 24.7606 4.15778
    endloop
  endfacet
  facet normal 0 0.130395 -0.991462
    outer loop
      vertex -17 24.8784 4.18937
      vertex -12 24.939 4.19734
      vertex -12 24.8784 4.18937
    endloop
  endfacet
  facet normal 0 0.130395 -0.991462
    outer loop
      vertex -12 24.939 4.19734
      vertex -17 24.8784 4.18937
      vertex -17 24.939 4.19734
    endloop
  endfacet
  facet normal 0 0.608397 -0.793633
    outer loop
      vertex -17 24.55 4.03623
      vertex -12 24.5985 4.07341
      vertex -12 24.55 4.03623
    endloop
  endfacet
  facet normal 0 0.608397 -0.793633
    outer loop
      vertex -12 24.5985 4.07341
      vertex -17 24.55 4.03623
      vertex -17 24.5985 4.07341
    endloop
  endfacet
  facet normal 0 0.675814 -0.737073
    outer loop
      vertex -17 24.505 3.99497
      vertex -12 24.55 4.03623
      vertex -12 24.505 3.99497
    endloop
  endfacet
  facet normal 0 0.675814 -0.737073
    outer loop
      vertex -12 24.55 4.03623
      vertex -17 24.505 3.99497
      vertex -17 24.55 4.03623
    endloop
  endfacet
  facet normal 0 0.53731 -0.843385
    outer loop
      vertex -17 24.5985 4.07341
      vertex -12 24.65 4.10622
      vertex -12 24.5985 4.07341
    endloop
  endfacet
  facet normal 0 0.53731 -0.843385
    outer loop
      vertex -12 24.65 4.10622
      vertex -17 24.5985 4.07341
      vertex -17 24.65 4.10622
    endloop
  endfacet
  facet normal 0 0.737712 -0.675116
    outer loop
      vertex -12 24.4638 3.94995
      vertex -17 24.505 3.99497
      vertex -12 24.505 3.99497
    endloop
  endfacet
  facet normal 0 0.737712 -0.675116
    outer loop
      vertex -17 24.505 3.99497
      vertex -12 24.4638 3.94995
      vertex -17 24.4638 3.94995
    endloop
  endfacet
  facet normal 0 -0.999022 -0.0442118
    outer loop
      vertex -17 25.7 3.5
      vertex -12 25.6973 3.56101
      vertex -17 25.6973 3.56101
    endloop
  endfacet
  facet normal 0 -0.999022 -0.0442118
    outer loop
      vertex -12 25.6973 3.56101
      vertex -17 25.7 3.5
      vertex -12 25.7 3.5
    endloop
  endfacet
  facet normal 0 -0.130395 0.991462
    outer loop
      vertex -17 25.1216 2.81063
      vertex -12 25.061 2.80266
      vertex -12 25.1216 2.81063
    endloop
  endfacet
  facet normal 0 -0.130395 0.991462
    outer loop
      vertex -12 25.061 2.80266
      vertex -17 25.1216 2.81063
      vertex -17 25.061 2.80266
    endloop
  endfacet
  facet normal 0 -0.97601 0.217728
    outer loop
      vertex -17 25.6761 3.31883
      vertex -12 25.6894 3.37845
      vertex -17 25.6894 3.37845
    endloop
  endfacet
  facet normal 0 -0.97601 0.217728
    outer loop
      vertex -12 25.6894 3.37845
      vertex -17 25.6761 3.31883
      vertex -12 25.6761 3.31883
    endloop
  endfacet
  facet normal 0 -0.793171 0.608998
    outer loop
      vertex -17 25.5362 3.05005
      vertex -12 25.5734 3.0985
      vertex -17 25.5734 3.0985
    endloop
  endfacet
  facet normal 0 -0.793171 0.608998
    outer loop
      vertex -12 25.5734 3.0985
      vertex -17 25.5362 3.05005
      vertex -12 25.5362 3.05005
    endloop
  endfacet
  facet normal 0 -0.3828 0.923831
    outer loop
      vertex -17 25.2958 2.86558
      vertex -12 25.2394 2.84221
      vertex -12 25.2958 2.86558
    endloop
  endfacet
  facet normal 0 -0.3828 0.923831
    outer loop
      vertex -12 25.2394 2.84221
      vertex -17 25.2958 2.86558
      vertex -17 25.2394 2.84221
    endloop
  endfacet
  facet normal 0 -0.737786 0.675034
    outer loop
      vertex -17 25.495 3.00502
      vertex -12 25.5362 3.05005
      vertex -17 25.5362 3.05005
    endloop
  endfacet
  facet normal 0 -0.737786 0.675034
    outer loop
      vertex -12 25.5362 3.05005
      vertex -17 25.495 3.00502
      vertex -12 25.495 3.00502
    endloop
  endfacet
  facet normal 0 -0.675725 0.737154
    outer loop
      vertex -17 25.495 3.00502
      vertex -12 25.45 2.96377
      vertex -12 25.495 3.00502
    endloop
  endfacet
  facet normal 0 -0.675725 0.737154
    outer loop
      vertex -12 25.45 2.96377
      vertex -17 25.495 3.00502
      vertex -17 25.45 2.96377
    endloop
  endfacet
  facet normal 0 -0.53731 0.843385
    outer loop
      vertex -17 25.4015 2.92659
      vertex -12 25.35 2.89378
      vertex -12 25.4015 2.92659
    endloop
  endfacet
  facet normal 0 -0.53731 0.843385
    outer loop
      vertex -12 25.35 2.89378
      vertex -17 25.4015 2.92659
      vertex -17 25.35 2.89378
    endloop
  endfacet
  facet normal 0 -0.0435652 0.999051
    outer loop
      vertex -17 25.061 2.80266
      vertex -12 25 2.8
      vertex -12 25.061 2.80266
    endloop
  endfacet
  facet normal 0 -0.0435652 0.999051
    outer loop
      vertex -12 25 2.8
      vertex -17 25.061 2.80266
      vertex -17 25 2.8
    endloop
  endfacet
  facet normal -0 0.216549 0.976272
    outer loop
      vertex -17 24.8784 2.81063
      vertex -12 24.8188 2.82385
      vertex -12 24.8784 2.81063
    endloop
  endfacet
  facet normal 0 0.216549 0.976272
    outer loop
      vertex -12 24.8188 2.82385
      vertex -17 24.8784 2.81063
      vertex -17 24.8188 2.82385
    endloop
  endfacet
  facet normal 0 0.923705 0.383104
    outer loop
      vertex -12 24.3656 3.20417
      vertex -17 24.3422 3.26059
      vertex -12 24.3422 3.26059
    endloop
  endfacet
  facet normal 0 0.923705 0.383104
    outer loop
      vertex -17 24.3422 3.26059
      vertex -12 24.3656 3.20417
      vertex -17 24.3656 3.20417
    endloop
  endfacet
  facet normal 0 0.991593 0.129395
    outer loop
      vertex -12 24.3106 3.37845
      vertex -17 24.3027 3.43899
      vertex -12 24.3027 3.43899
    endloop
  endfacet
  facet normal 0 0.991593 0.129395
    outer loop
      vertex -17 24.3027 3.43899
      vertex -12 24.3106 3.37845
      vertex -17 24.3106 3.37845
    endloop
  endfacet
  facet normal 0 0.737786 0.675034
    outer loop
      vertex -12 24.505 3.00502
      vertex -17 24.4638 3.05005
      vertex -12 24.4638 3.05005
    endloop
  endfacet
  facet normal 0 0.737786 0.675034
    outer loop
      vertex -17 24.4638 3.05005
      vertex -12 24.505 3.00502
      vertex -17 24.505 3.00502
    endloop
  endfacet
  facet normal 0 0.843459 0.537193
    outer loop
      vertex -12 24.4266 3.0985
      vertex -17 24.3938 3.15
      vertex -12 24.3938 3.15
    endloop
  endfacet
  facet normal 0 0.843459 0.537193
    outer loop
      vertex -17 24.3938 3.15
      vertex -12 24.4266 3.0985
      vertex -17 24.4266 3.0985
    endloop
  endfacet
  facet normal -0 0.675725 0.737154
    outer loop
      vertex -17 24.55 2.96377
      vertex -12 24.505 3.00502
      vertex -12 24.55 2.96377
    endloop
  endfacet
  facet normal 0 0.675725 0.737154
    outer loop
      vertex -12 24.505 3.00502
      vertex -17 24.55 2.96377
      vertex -17 24.505 3.00502
    endloop
  endfacet
  facet normal 0 -0.97601 -0.217728
    outer loop
      vertex -17 25.6894 3.62155
      vertex -12 25.6761 3.68117
      vertex -17 25.6761 3.68117
    endloop
  endfacet
  facet normal 0 -0.97601 -0.217728
    outer loop
      vertex -12 25.6761 3.68117
      vertex -17 25.6894 3.62155
      vertex -12 25.6894 3.62155
    endloop
  endfacet
  facet normal 0 -0.3828 -0.923831
    outer loop
      vertex -17 25.2394 4.15778
      vertex -12 25.2958 4.13441
      vertex -12 25.2394 4.15778
    endloop
  endfacet
  facet normal -0 -0.3828 -0.923831
    outer loop
      vertex -12 25.2958 4.13441
      vertex -17 25.2394 4.15778
      vertex -17 25.2958 4.13441
    endloop
  endfacet
  facet normal 0 -0.46143 -0.887177
    outer loop
      vertex -17 25.2958 4.13441
      vertex -12 25.35 4.10622
      vertex -12 25.2958 4.13441
    endloop
  endfacet
  facet normal -0 -0.46143 -0.887177
    outer loop
      vertex -12 25.35 4.10622
      vertex -17 25.2958 4.13441
      vertex -17 25.35 4.10622
    endloop
  endfacet
  facet normal 0 0.999022 -0.0442118
    outer loop
      vertex -12 24.3 3.5
      vertex -17 24.3027 3.56101
      vertex -12 24.3027 3.56101
    endloop
  endfacet
  facet normal 0 0.999022 -0.0442118
    outer loop
      vertex -17 24.3027 3.56101
      vertex -12 24.3 3.5
      vertex -17 24.3 3.5
    endloop
  endfacet
  facet normal 0 0.887005 -0.46176
    outer loop
      vertex -12 24.3656 3.79583
      vertex -17 24.3938 3.85
      vertex -12 24.3938 3.85
    endloop
  endfacet
  facet normal 0 0.887005 -0.46176
    outer loop
      vertex -17 24.3938 3.85
      vertex -12 24.3656 3.79583
      vertex -17 24.3656 3.79583
    endloop
  endfacet
  facet normal 0 0.923705 -0.383104
    outer loop
      vertex -12 24.3422 3.73941
      vertex -17 24.3656 3.79583
      vertex -12 24.3656 3.79583
    endloop
  endfacet
  facet normal 0 0.923705 -0.383104
    outer loop
      vertex -17 24.3656 3.79583
      vertex -12 24.3422 3.73941
      vertex -17 24.3422 3.73941
    endloop
  endfacet
  facet normal 0 0.216549 -0.976272
    outer loop
      vertex -17 24.8188 4.17615
      vertex -12 24.8784 4.18937
      vertex -12 24.8188 4.17615
    endloop
  endfacet
  facet normal 0 0.216549 -0.976272
    outer loop
      vertex -12 24.8784 4.18937
      vertex -17 24.8188 4.17615
      vertex -17 24.8784 4.18937
    endloop
  endfacet
  facet normal 0 -0.991593 0.129395
    outer loop
      vertex -17 25.6894 3.37845
      vertex -12 25.6973 3.43899
      vertex -17 25.6973 3.43899
    endloop
  endfacet
  facet normal 0 -0.991593 0.129395
    outer loop
      vertex -12 25.6973 3.43899
      vertex -17 25.6894 3.37845
      vertex -12 25.6894 3.37845
    endloop
  endfacet
  facet normal 0 -0.216549 0.976272
    outer loop
      vertex -17 25.1812 2.82385
      vertex -12 25.1216 2.81063
      vertex -12 25.1812 2.82385
    endloop
  endfacet
  facet normal 0 -0.216549 0.976272
    outer loop
      vertex -12 25.1216 2.81063
      vertex -17 25.1812 2.82385
      vertex -17 25.1216 2.81063
    endloop
  endfacet
  facet normal 0 -0.461559 0.88711
    outer loop
      vertex -17 25.35 2.89378
      vertex -12 25.2958 2.86558
      vertex -12 25.35 2.89378
    endloop
  endfacet
  facet normal 0 -0.461559 0.88711
    outer loop
      vertex -12 25.2958 2.86558
      vertex -17 25.35 2.89378
      vertex -17 25.2958 2.86558
    endloop
  endfacet
  facet normal 0 -0.608397 0.793633
    outer loop
      vertex -17 25.45 2.96377
      vertex -12 25.4015 2.92659
      vertex -12 25.45 2.96377
    endloop
  endfacet
  facet normal 0 -0.608397 0.793633
    outer loop
      vertex -12 25.4015 2.92659
      vertex -17 25.45 2.96377
      vertex -17 25.4015 2.92659
    endloop
  endfacet
  facet normal -0 0.130395 0.991462
    outer loop
      vertex -17 24.939 2.80266
      vertex -12 24.8784 2.81063
      vertex -12 24.939 2.80266
    endloop
  endfacet
  facet normal 0 0.130395 0.991462
    outer loop
      vertex -12 24.8784 2.81063
      vertex -17 24.939 2.80266
      vertex -17 24.8784 2.81063
    endloop
  endfacet
  facet normal -0 0.461559 0.88711
    outer loop
      vertex -17 24.7042 2.86558
      vertex -12 24.65 2.89378
      vertex -12 24.7042 2.86558
    endloop
  endfacet
  facet normal 0 0.461559 0.88711
    outer loop
      vertex -12 24.65 2.89378
      vertex -17 24.7042 2.86558
      vertex -17 24.65 2.89378
    endloop
  endfacet
  facet normal -0 0.53731 0.843385
    outer loop
      vertex -17 24.65 2.89378
      vertex -12 24.5985 2.92659
      vertex -12 24.65 2.89378
    endloop
  endfacet
  facet normal 0 0.53731 0.843385
    outer loop
      vertex -12 24.5985 2.92659
      vertex -17 24.65 2.89378
      vertex -17 24.5985 2.92659
    endloop
  endfacet
  facet normal 0 0.887005 0.46176
    outer loop
      vertex -12 24.3938 3.15
      vertex -17 24.3656 3.20417
      vertex -12 24.3656 3.20417
    endloop
  endfacet
  facet normal 0 0.887005 0.46176
    outer loop
      vertex -17 24.3656 3.20417
      vertex -12 24.3938 3.15
      vertex -17 24.3938 3.15
    endloop
  endfacet
  facet normal 0 0.97601 0.217728
    outer loop
      vertex -12 24.3239 3.31883
      vertex -17 24.3106 3.37845
      vertex -12 24.3106 3.37845
    endloop
  endfacet
  facet normal 0 0.97601 0.217728
    outer loop
      vertex -17 24.3106 3.37845
      vertex -12 24.3239 3.31883
      vertex -17 24.3239 3.31883
    endloop
  endfacet
  facet normal 0 0.793171 0.608998
    outer loop
      vertex -12 24.4638 3.05005
      vertex -17 24.4266 3.0985
      vertex -12 24.4266 3.0985
    endloop
  endfacet
  facet normal 0 0.793171 0.608998
    outer loop
      vertex -17 24.4266 3.0985
      vertex -12 24.4638 3.05005
      vertex -17 24.4638 3.05005
    endloop
  endfacet
  facet normal 0 -0.923705 0.383104
    outer loop
      vertex -17 25.6344 3.20417
      vertex -12 25.6578 3.26059
      vertex -17 25.6578 3.26059
    endloop
  endfacet
  facet normal 0 -0.923705 0.383104
    outer loop
      vertex -12 25.6578 3.26059
      vertex -17 25.6344 3.20417
      vertex -12 25.6344 3.20417
    endloop
  endfacet
  facet normal 0 -0.887005 0.46176
    outer loop
      vertex -17 25.6062 3.15
      vertex -12 25.6344 3.20417
      vertex -17 25.6344 3.20417
    endloop
  endfacet
  facet normal 0 -0.887005 0.46176
    outer loop
      vertex -12 25.6344 3.20417
      vertex -17 25.6062 3.15
      vertex -12 25.6062 3.15
    endloop
  endfacet
  facet normal 0 -0.300849 0.953672
    outer loop
      vertex -17 25.2394 2.84221
      vertex -12 25.1812 2.82385
      vertex -12 25.2394 2.84221
    endloop
  endfacet
  facet normal 0 -0.300849 0.953672
    outer loop
      vertex -12 25.1812 2.82385
      vertex -17 25.2394 2.84221
      vertex -17 25.1812 2.82385
    endloop
  endfacet
  facet normal -0 0.3828 0.923831
    outer loop
      vertex -17 24.7606 2.84221
      vertex -12 24.7042 2.86558
      vertex -12 24.7606 2.84221
    endloop
  endfacet
  facet normal 0 0.3828 0.923831
    outer loop
      vertex -12 24.7042 2.86558
      vertex -17 24.7606 2.84221
      vertex -17 24.7042 2.86558
    endloop
  endfacet
  facet normal 0 0.954012 0.299767
    outer loop
      vertex -12 24.3422 3.26059
      vertex -17 24.3239 3.31883
      vertex -12 24.3239 3.31883
    endloop
  endfacet
  facet normal 0 0.954012 0.299767
    outer loop
      vertex -17 24.3239 3.31883
      vertex -12 24.3422 3.26059
      vertex -17 24.3422 3.26059
    endloop
  endfacet
  facet normal 0 -0.843459 0.537193
    outer loop
      vertex -17 25.5734 3.0985
      vertex -12 25.6062 3.15
      vertex -17 25.6062 3.15
    endloop
  endfacet
  facet normal 0 -0.843459 0.537193
    outer loop
      vertex -12 25.6062 3.15
      vertex -17 25.5734 3.0985
      vertex -12 25.5734 3.0985
    endloop
  endfacet
  facet normal 0 -0.0436198 -0.999048
    outer loop
      vertex -17 23.5 2.5
      vertex -12 27.422 2.32876
      vertex -12 23.5 2.5
    endloop
  endfacet
  facet normal -0 -0.0436198 -0.999048
    outer loop
      vertex -12 27.422 2.32876
      vertex -17 23.5 2.5
      vertex -17 27.422 2.32876
    endloop
  endfacet
  facet normal 0 0.0436217 -0.999048
    outer loop
      vertex -12.9524 21.8572 2.42827
      vertex -12 23.5 2.5
      vertex -12 21.8572 2.42827
    endloop
  endfacet
  facet normal -7.21141e-06 0.0436259 -0.999048
    outer loop
      vertex -13.82 21.8195 2.42663
      vertex -12 23.5 2.5
      vertex -12.9524 21.8572 2.42827
    endloop
  endfacet
  facet normal 3.57294e-05 0.0435795 -0.99905
    outer loop
      vertex -13.9029 21.8159 2.42647
      vertex -12 23.5 2.5
      vertex -13.82 21.8195 2.42663
    endloop
  endfacet
  facet normal -2.20096e-05 0.0436446 -0.999047
    outer loop
      vertex -13.9851 21.8051 2.426
      vertex -12 23.5 2.5
      vertex -13.9029 21.8159 2.42647
    endloop
  endfacet
  facet normal 6.97657e-07 0.0436201 -0.999048
    outer loop
      vertex -17 23.5 2.5
      vertex -13.9851 21.8051 2.426
      vertex -14.8463 21.6922 2.42107
    endloop
  endfacet
  facet normal 2.17262e-06 0.0436218 -0.999048
    outer loop
      vertex -17 23.5 2.5
      vertex -14.8463 21.6922 2.42107
      vertex -15.6953 21.5049 2.41289
    endloop
  endfacet
  facet normal -3.0631e-05 0.0436004 -0.999049
    outer loop
      vertex -17 23.5 2.5
      vertex -15.6953 21.5049 2.41289
      vertex -15.7756 21.4872 2.41212
    endloop
  endfacet
  facet normal 6.48769e-06 0.043623 -0.999048
    outer loop
      vertex -17 23.5 2.5
      vertex -15.7756 21.4872 2.41212
      vertex -16.6059 21.2267 2.40074
    endloop
  endfacet
  facet normal -6.56072e-05 0.0436105 -0.999049
    outer loop
      vertex -17 23.5 2.5
      vertex -16.6059 21.2267 2.40074
      vertex -16.6837 21.2023 2.39968
    endloop
  endfacet
  facet normal -4.39085e-05 0.0436135 -0.999048
    outer loop
      vertex -17 23.5 2.5
      vertex -16.6837 21.2023 2.39968
      vertex -16.7589 21.1713 2.39833
    endloop
  endfacet
  facet normal 9.55676e-07 0.0436181 -0.999048
    outer loop
      vertex -17 23.5 2.5
      vertex -16.7589 21.1713 2.39833
      vertex -17 21.0719 2.39399
    endloop
  endfacet
  facet normal 0 0.0436188 -0.999048
    outer loop
      vertex -13.9851 21.8051 2.426
      vertex -17 23.5 2.5
      vertex -12 23.5 2.5
    endloop
  endfacet
  facet normal 0 -0.130517 -0.991446
    outer loop
      vertex -17 27.422 2.32876
      vertex -12 27.7415 2.2867
      vertex -12 27.422 2.32876
    endloop
  endfacet
  facet normal -0 -0.130517 -0.991446
    outer loop
      vertex -12 27.7415 2.2867
      vertex -17 27.422 2.32876
      vertex -17 27.7415 2.2867
    endloop
  endfacet
  facet normal 7.78273e-06 -0.102565 0.994726
    outer loop
      vertex 17 24.7385 6.48858
      vertex 16.75 20.7365 6.07594
      vertex 17 20.6342 6.06539
    endloop
  endfacet
  facet normal 8.78333e-06 -0.102565 0.994726
    outer loop
      vertex 17 24.7385 6.48858
      vertex 16.4766 20.8483 6.08747
      vertex 16.75 20.7365 6.07594
    endloop
  endfacet
  facet normal -1.48985e-05 -0.102562 0.994727
    outer loop
      vertex 17 24.7385 6.48858
      vertex 16.1934 20.9366 6.09657
      vertex 16.4766 20.8483 6.08747
    endloop
  endfacet
  facet normal 5.624e-06 -0.102566 0.994726
    outer loop
      vertex 17 24.7385 6.48858
      vertex 15.5882 21.1252 6.11602
      vertex 16.1934 20.9366 6.09657
    endloop
  endfacet
  facet normal 5.38699e-06 -0.102566 0.994726
    outer loop
      vertex 17 24.7385 6.48858
      vertex 15.297 21.189 6.1226
      vertex 15.5882 21.1252 6.11602
    endloop
  endfacet
  facet normal -1.09706e-06 -0.102563 0.994726
    outer loop
      vertex 17 24.7385 6.48858
      vertex 14.6794 21.3244 6.13656
      vertex 15.297 21.189 6.1226
    endloop
  endfacet
  facet normal -4.78895e-06 -0.102561 0.994727
    outer loop
      vertex 17 24.7385 6.48858
      vertex 14.054 21.4059 6.14496
      vertex 14.6794 21.3244 6.13656
    endloop
  endfacet
  facet normal 0 -0.102565 0.994726
    outer loop
      vertex 12 24.7385 6.48858
      vertex 14.054 21.4059 6.14496
      vertex 17 24.7385 6.48858
    endloop
  endfacet
  facet normal -1.11543e-06 -0.102566 0.994726
    outer loop
      vertex 14.054 21.4059 6.14496
      vertex 12 24.7385 6.48858
      vertex 13.7572 21.4446 6.14895
    endloop
  endfacet
  facet normal -3.5113e-07 -0.102565 0.994726
    outer loop
      vertex 13.7572 21.4446 6.14895
      vertex 12 24.7385 6.48858
      vertex 13.4579 21.4575 6.15028
    endloop
  endfacet
  facet normal -7.34365e-06 -0.102568 0.994726
    outer loop
      vertex 13.4579 21.4575 6.15028
      vertex 12 24.7385 6.48858
      vertex 12.8282 21.4847 6.15308
    endloop
  endfacet
  facet normal 0 -0.102566 0.994726
    outer loop
      vertex 12.8282 21.4847 6.15308
      vertex 12 24.7385 6.48858
      vertex 12 21.4847 6.15308
    endloop
  endfacet
  facet normal -1 0 0
    outer loop
      vertex 12 25.7 3.5
      vertex 12 28 3.5
      vertex 12 27.9886 3.23853
    endloop
  endfacet
  facet normal -1 0 0
    outer loop
      vertex 12 27.422 2.32876
      vertex 12 27.9886 3.23853
      vertex 12 27.9544 2.97906
    endloop
  endfacet
  facet normal -1 0 0
    outer loop
      vertex 12 28 3.5
      vertex 12 25.7 3.5
      vertex 12 27.9886 3.76147
    endloop
  endfacet
  facet normal -1 0 0
    outer loop
      vertex 12 27.422 2.32876
      vertex 12 27.9544 2.97906
      vertex 12 27.8978 2.72354
    endloop
  endfacet
  facet normal -1 -0 0
    outer loop
      vertex 12 27.9886 3.23853
      vertex 12 27.422 2.32876
      vertex 12 25.6973 3.43899
    endloop
  endfacet
  facet normal -1 0 0
    outer loop
      vertex 12 27.422 2.32876
      vertex 12 27.8978 2.72354
      vertex 12 27.8191 2.47394
    endloop
  endfacet
  facet normal -1 0 0
    outer loop
      vertex 12 25.6973 3.56101
      vertex 12 27.9886 3.76147
      vertex 12 25.7 3.5
    endloop
  endfacet
  facet normal -1 0 0
    outer loop
      vertex 12 27.422 2.32876
      vertex 12 27.8191 2.47394
      vertex 12 27.7415 2.2867
    endloop
  endfacet
  facet normal -1 -0 0
    outer loop
      vertex 12 27.9886 3.76147
      vertex 12 25.6973 3.56101
      vertex 12 27.9544 4.02094
    endloop
  endfacet
  facet normal -1 0 0
    outer loop
      vertex 12 25.6894 3.62155
      vertex 12 27.9544 4.02094
      vertex 12 25.6973 3.56101
    endloop
  endfacet
  facet normal -1 0 0
    outer loop
      vertex 12 25.6761 3.68117
      vertex 12 27.8978 4.27646
      vertex 12 25.6894 3.62155
    endloop
  endfacet
  facet normal -1 -0 0
    outer loop
      vertex 12 27.8978 4.27646
      vertex 12 25.6761 3.68117
      vertex 12 27.8191 4.52606
    endloop
  endfacet
  facet normal -1 -0 0
    outer loop
      vertex 12 27.8191 4.52606
      vertex 12 25.6578 3.73941
      vertex 12 27.7189 4.76785
    endloop
  endfacet
  facet normal -1 0 0
    outer loop
      vertex 12 25.6344 3.79583
      vertex 12 27.7189 4.76785
      vertex 12 25.6578 3.73941
    endloop
  endfacet
  facet normal -1 -0 0
    outer loop
      vertex 12 27.7189 4.76785
      vertex 12 25.6344 3.79583
      vertex 12 27.5981 5
    endloop
  endfacet
  facet normal -1 -0 0
    outer loop
      vertex 12 27.5981 5
      vertex 12 25.6062 3.85
      vertex 12 27.4575 5.22073
    endloop
  endfacet
  facet normal -1 0 0
    outer loop
      vertex 12 25.5734 3.9015
      vertex 12 27.4575 5.22073
      vertex 12 25.6062 3.85
    endloop
  endfacet
  facet normal -1 0 0
    outer loop
      vertex 12 25.5362 3.94995
      vertex 12 27.2981 5.42836
      vertex 12 25.5734 3.9015
    endloop
  endfacet
  facet normal -1 -0 0
    outer loop
      vertex 12 27.2981 5.42836
      vertex 12 25.5362 3.94995
      vertex 12 27.1213 5.62132
    endloop
  endfacet
  facet normal -1 -0 0
    outer loop
      vertex 12 27.1213 5.62132
      vertex 12 25.495 3.99497
      vertex 12 26.9284 5.79813
    endloop
  endfacet
  facet normal -1 -0 0
    outer loop
      vertex 12 27.9544 4.02094
      vertex 12 25.6894 3.62155
      vertex 12 27.8978 4.27646
    endloop
  endfacet
  facet normal -1 0 0
    outer loop
      vertex 12 27.9886 3.23853
      vertex 12 25.6973 3.43899
      vertex 12 25.7 3.5
    endloop
  endfacet
  facet normal -1 0 0
    outer loop
      vertex 12 27.422 2.32876
      vertex 12 25.6894 3.37845
      vertex 12 25.6973 3.43899
    endloop
  endfacet
  facet normal -1 0 0
    outer loop
      vertex 12 27.422 2.32876
      vertex 12 25.6761 3.31883
      vertex 12 25.6894 3.37845
    endloop
  endfacet
  facet normal -1 0 0
    outer loop
      vertex 12 27.422 2.32876
      vertex 12 25.6578 3.26059
      vertex 12 25.6761 3.31883
    endloop
  endfacet
  facet normal -1 0 0
    outer loop
      vertex 12 27.422 2.32876
      vertex 12 25.6344 3.20417
      vertex 12 25.6578 3.26059
    endloop
  endfacet
  facet normal -1 0 0
    outer loop
      vertex 12 27.422 2.32876
      vertex 12 25.6062 3.15
      vertex 12 25.6344 3.20417
    endloop
  endfacet
  facet normal -1 0 0
    outer loop
      vertex 12 27.422 2.32876
      vertex 12 25.5734 3.0985
      vertex 12 25.6062 3.15
    endloop
  endfacet
  facet normal -1 0 0
    outer loop
      vertex 12 27.422 2.32876
      vertex 12 25.5362 3.05005
      vertex 12 25.5734 3.0985
    endloop
  endfacet
  facet normal -1 0 0
    outer loop
      vertex 12 27.422 2.32876
      vertex 12 25.495 3.00502
      vertex 12 25.5362 3.05005
    endloop
  endfacet
  facet normal -1 0 0
    outer loop
      vertex 12 27.422 2.32876
      vertex 12 25.45 2.96377
      vertex 12 25.495 3.00502
    endloop
  endfacet
  facet normal -1 0 0
    outer loop
      vertex 12 27.422 2.32876
      vertex 12 25.4015 2.92659
      vertex 12 25.45 2.96377
    endloop
  endfacet
  facet normal -1 0 0
    outer loop
      vertex 12 27.422 2.32876
      vertex 12 25.35 2.89378
      vertex 12 25.4015 2.92659
    endloop
  endfacet
  facet normal -1 0 0
    outer loop
      vertex 12 27.422 2.32876
      vertex 12 25.2958 2.86558
      vertex 12 25.35 2.89378
    endloop
  endfacet
  facet normal -1 0 0
    outer loop
      vertex 12 27.422 2.32876
      vertex 12 25.2394 2.84221
      vertex 12 25.2958 2.86558
    endloop
  endfacet
  facet normal -1 0 0
    outer loop
      vertex 12 27.422 2.32876
      vertex 12 25.1812 2.82385
      vertex 12 25.2394 2.84221
    endloop
  endfacet
  facet normal -1 0 0
    outer loop
      vertex 12 27.422 2.32876
      vertex 12 25.1216 2.81063
      vertex 12 25.1812 2.82385
    endloop
  endfacet
  facet normal -1 0 0
    outer loop
      vertex 12 27.422 2.32876
      vertex 12 25.061 2.80266
      vertex 12 25.1216 2.81063
    endloop
  endfacet
  facet normal -1 0 0
    outer loop
      vertex 12 27.422 2.32876
      vertex 12 25 2.8
      vertex 12 25.061 2.80266
    endloop
  endfacet
  facet normal -1 0 0
    outer loop
      vertex 12 23.5 2.5
      vertex 12 25 2.8
      vertex 12 27.422 2.32876
    endloop
  endfacet
  facet normal -1 -0 0
    outer loop
      vertex 12 25 2.8
      vertex 12 23.5 2.5
      vertex 12 24.939 2.80266
    endloop
  endfacet
  facet normal -1 -0 0
    outer loop
      vertex 12 24.3027 3.43899
      vertex 12 23.5 2.5
      vertex 12 24.3 3.5
    endloop
  endfacet
  facet normal -1 -0 0
    outer loop
      vertex 12 24.3106 3.37845
      vertex 12 23.5 2.5
      vertex 12 24.3027 3.43899
    endloop
  endfacet
  facet normal -1 -0 0
    outer loop
      vertex 12 24.3239 3.31883
      vertex 12 23.5 2.5
      vertex 12 24.3106 3.37845
    endloop
  endfacet
  facet normal -1 -0 0
    outer loop
      vertex 12 24.3422 3.26059
      vertex 12 23.5 2.5
      vertex 12 24.3239 3.31883
    endloop
  endfacet
  facet normal -1 -0 0
    outer loop
      vertex 12 24.3656 3.20417
      vertex 12 23.5 2.5
      vertex 12 24.3422 3.26059
    endloop
  endfacet
  facet normal -1 -0 0
    outer loop
      vertex 12 24.3938 3.15
      vertex 12 23.5 2.5
      vertex 12 24.3656 3.20417
    endloop
  endfacet
  facet normal -1 -0 0
    outer loop
      vertex 12 24.4266 3.0985
      vertex 12 23.5 2.5
      vertex 12 24.3938 3.15
    endloop
  endfacet
  facet normal -1 -0 0
    outer loop
      vertex 12 24.4638 3.05005
      vertex 12 23.5 2.5
      vertex 12 24.4266 3.0985
    endloop
  endfacet
  facet normal -1 -0 0
    outer loop
      vertex 12 24.505 3.00502
      vertex 12 23.5 2.5
      vertex 12 24.4638 3.05005
    endloop
  endfacet
  facet normal -1 -0 0
    outer loop
      vertex 12 24.55 2.96377
      vertex 12 23.5 2.5
      vertex 12 24.505 3.00502
    endloop
  endfacet
  facet normal -1 -0 0
    outer loop
      vertex 12 24.5985 2.92659
      vertex 12 23.5 2.5
      vertex 12 24.55 2.96377
    endloop
  endfacet
  facet normal -1 -0 0
    outer loop
      vertex 12 24.65 2.89378
      vertex 12 23.5 2.5
      vertex 12 24.5985 2.92659
    endloop
  endfacet
  facet normal -1 -0 0
    outer loop
      vertex 12 24.7042 2.86558
      vertex 12 23.5 2.5
      vertex 12 24.65 2.89378
    endloop
  endfacet
  facet normal -1 -0 0
    outer loop
      vertex 12 24.7606 2.84221
      vertex 12 23.5 2.5
      vertex 12 24.7042 2.86558
    endloop
  endfacet
  facet normal -1 -0 0
    outer loop
      vertex 12 24.8188 2.82385
      vertex 12 23.5 2.5
      vertex 12 24.7606 2.84221
    endloop
  endfacet
  facet normal -1 -0 0
    outer loop
      vertex 12 24.8784 2.81063
      vertex 12 23.5 2.5
      vertex 12 24.8188 2.82385
    endloop
  endfacet
  facet normal -1 -0 0
    outer loop
      vertex 12 24.939 2.80266
      vertex 12 23.5 2.5
      vertex 12 24.8784 2.81063
    endloop
  endfacet
  facet normal -1 0 0
    outer loop
      vertex 12 25.6578 3.73941
      vertex 12 27.8191 4.52606
      vertex 12 25.6761 3.68117
    endloop
  endfacet
  facet normal -1 0 0
    outer loop
      vertex 12 25.6062 3.85
      vertex 12 27.5981 5
      vertex 12 25.6344 3.79583
    endloop
  endfacet
  facet normal -1 -0 0
    outer loop
      vertex 12 27.4575 5.22073
      vertex 12 25.5734 3.9015
      vertex 12 27.2981 5.42836
    endloop
  endfacet
  facet normal -1 0 0
    outer loop
      vertex 12 25.495 3.99497
      vertex 12 27.1213 5.62132
      vertex 12 25.5362 3.94995
    endloop
  endfacet
  facet normal -1 0 0
    outer loop
      vertex 12 25.45 4.03623
      vertex 12 26.9284 5.79813
      vertex 12 25.495 3.99497
    endloop
  endfacet
  facet normal -1 -0 0
    outer loop
      vertex 12 26.9284 5.79813
      vertex 12 25.45 4.03623
      vertex 12 26.7207 5.95746
    endloop
  endfacet
  facet normal -1 0 0
    outer loop
      vertex 12 25.4015 4.07341
      vertex 12 26.7207 5.95746
      vertex 12 25.45 4.03623
    endloop
  endfacet
  facet normal -1 -0 0
    outer loop
      vertex 12 26.7207 5.95746
      vertex 12 25.4015 4.07341
      vertex 12 26.5 6.09808
    endloop
  endfacet
  facet normal -1 0 0
    outer loop
      vertex 12 25.35 4.10622
      vertex 12 26.5 6.09808
      vertex 12 25.4015 4.07341
    endloop
  endfacet
  facet normal -1 -0 0
    outer loop
      vertex 12 26.5 6.09808
      vertex 12 25.35 4.10622
      vertex 12 26.2679 6.21892
    endloop
  endfacet
  facet normal -1 0 0
    outer loop
      vertex 12 25.2958 4.13441
      vertex 12 26.2679 6.21892
      vertex 12 25.35 4.10622
    endloop
  endfacet
  facet normal -1 -0 0
    outer loop
      vertex 12 26.2679 6.21892
      vertex 12 25.2958 4.13441
      vertex 12 26.0261 6.31908
    endloop
  endfacet
  facet normal -1 0 0
    outer loop
      vertex 12 25.2394 4.15778
      vertex 12 26.0261 6.31908
      vertex 12 25.2958 4.13441
    endloop
  endfacet
  facet normal -1 -0 0
    outer loop
      vertex 12 26.0261 6.31908
      vertex 12 25.2394 4.15778
      vertex 12 25.7765 6.39778
    endloop
  endfacet
  facet normal -1 0 0
    outer loop
      vertex 12 25.1812 4.17615
      vertex 12 25.7765 6.39778
      vertex 12 25.2394 4.15778
    endloop
  endfacet
  facet normal -1 -0 0
    outer loop
      vertex 12 25.7765 6.39778
      vertex 12 25.1812 4.17615
      vertex 12 25.5209 6.45442
    endloop
  endfacet
  facet normal -1 0 0
    outer loop
      vertex 12 25.1216 4.18937
      vertex 12 25.5209 6.45442
      vertex 12 25.1812 4.17615
    endloop
  endfacet
  facet normal -1 -0 0
    outer loop
      vertex 12 25.5209 6.45442
      vertex 12 25.1216 4.18937
      vertex 12 25.2615 6.48858
    endloop
  endfacet
  facet normal -1 0 0
    outer loop
      vertex 12 25.061 4.19734
      vertex 12 25.2615 6.48858
      vertex 12 25.1216 4.18937
    endloop
  endfacet
  facet normal -1 0 0
    outer loop
      vertex 12 25 4.2
      vertex 12 25.2615 6.48858
      vertex 12 25.061 4.19734
    endloop
  endfacet
  facet normal -1 0 0
    outer loop
      vertex 12 25 4.2
      vertex 12 25 6.5
      vertex 12 25.2615 6.48858
    endloop
  endfacet
  facet normal -1 0 0
    outer loop
      vertex 12 24.939 4.19734
      vertex 12 25 6.5
      vertex 12 25 4.2
    endloop
  endfacet
  facet normal -1 0 0
    outer loop
      vertex 12 24.7385 6.48858
      vertex 12 24.939 4.19734
      vertex 12 24.8784 4.18937
    endloop
  endfacet
  facet normal -1 0 0
    outer loop
      vertex 12 24.7385 6.48858
      vertex 12 24.8784 4.18937
      vertex 12 24.8188 4.17615
    endloop
  endfacet
  facet normal -1 0 0
    outer loop
      vertex 12 24.7385 6.48858
      vertex 12 24.8188 4.17615
      vertex 12 24.7606 4.15778
    endloop
  endfacet
  facet normal -1 0 0
    outer loop
      vertex 12 24.939 4.19734
      vertex 12 24.7385 6.48858
      vertex 12 25 6.5
    endloop
  endfacet
  facet normal -1 0 0
    outer loop
      vertex 12 24.7042 4.13441
      vertex 12 24.7385 6.48858
      vertex 12 24.7606 4.15778
    endloop
  endfacet
  facet normal -1 0 0
    outer loop
      vertex 12 24.65 4.10622
      vertex 12 24.7385 6.48858
      vertex 12 24.7042 4.13441
    endloop
  endfacet
  facet normal -1 0 0
    outer loop
      vertex 12 24.5985 4.07341
      vertex 12 24.7385 6.48858
      vertex 12 24.65 4.10622
    endloop
  endfacet
  facet normal -1 0 0
    outer loop
      vertex 12 24.55 4.03623
      vertex 12 24.7385 6.48858
      vertex 12 24.5985 4.07341
    endloop
  endfacet
  facet normal -1 0 0
    outer loop
      vertex 12 24.505 3.99497
      vertex 12 24.7385 6.48858
      vertex 12 24.55 4.03623
    endloop
  endfacet
  facet normal -1 0 0
    outer loop
      vertex 12 21.4847 6.15308
      vertex 12 24.505 3.99497
      vertex 12 24.4638 3.94995
    endloop
  endfacet
  facet normal -1 0 0
    outer loop
      vertex 12 21.4847 6.15308
      vertex 12 24.4638 3.94995
      vertex 12 24.4266 3.9015
    endloop
  endfacet
  facet normal -1 0 0
    outer loop
      vertex 12 21.4847 6.15308
      vertex 12 24.4266 3.9015
      vertex 12 24.3938 3.85
    endloop
  endfacet
  facet normal -1 0 0
    outer loop
      vertex 12 21.4847 6.15308
      vertex 12 24.3938 3.85
      vertex 12 24.3656 3.79583
    endloop
  endfacet
  facet normal -1 0 0
    outer loop
      vertex 12 21.4847 6.15308
      vertex 12 24.3656 3.79583
      vertex 12 24.3422 3.73941
    endloop
  endfacet
  facet normal -1 0 0
    outer loop
      vertex 12 21.8572 2.42827
      vertex 12 24.3422 3.73941
      vertex 12 24.3239 3.68117
    endloop
  endfacet
  facet normal -1 0 0
    outer loop
      vertex 12 21.8572 2.42827
      vertex 12 24.3239 3.68117
      vertex 12 24.3106 3.62155
    endloop
  endfacet
  facet normal -1 0 0
    outer loop
      vertex 12 23.5 2.5
      vertex 12 24.3027 3.56101
      vertex 12 24.3 3.5
    endloop
  endfacet
  facet normal -1 0 0
    outer loop
      vertex 12 23.5 2.5
      vertex 12 24.3106 3.62155
      vertex 12 24.3027 3.56101
    endloop
  endfacet
  facet normal -1 0 0
    outer loop
      vertex 12 21.8572 2.42827
      vertex 12 24.3106 3.62155
      vertex 12 23.5 2.5
    endloop
  endfacet
  facet normal -1 -0 0
    outer loop
      vertex 12 24.3422 3.73941
      vertex 12 21.8572 2.42827
      vertex 12 21.4847 6.15308
    endloop
  endfacet
  facet normal -1 0 0
    outer loop
      vertex 12 24.505 3.99497
      vertex 12 21.4847 6.15308
      vertex 12 24.7385 6.48858
    endloop
  endfacet
  facet normal 1 0 0
    outer loop
      vertex 17 27.9886 3.76147
      vertex 17 25.6973 3.56101
      vertex 17 25.7 3.5
    endloop
  endfacet
  facet normal 1 0 0
    outer loop
      vertex 17 26.0261 6.31908
      vertex 17 25.6894 3.62155
      vertex 17 25.6973 3.56101
    endloop
  endfacet
  facet normal 1 0 0
    outer loop
      vertex 17 26.0261 6.31908
      vertex 17 25.6761 3.68117
      vertex 17 25.6894 3.62155
    endloop
  endfacet
  facet normal 1 0 0
    outer loop
      vertex 17 26.0261 6.31908
      vertex 17 25.6578 3.73941
      vertex 17 25.6761 3.68117
    endloop
  endfacet
  facet normal 1 0 0
    outer loop
      vertex 17 26.0261 6.31908
      vertex 17 25.6344 3.79583
      vertex 17 25.6578 3.73941
    endloop
  endfacet
  facet normal 1 0 0
    outer loop
      vertex 17 26.0261 6.31908
      vertex 17 25.6062 3.85
      vertex 17 25.6344 3.79583
    endloop
  endfacet
  facet normal 1 0 0
    outer loop
      vertex 17 26.0261 6.31908
      vertex 17 25.5734 3.9015
      vertex 17 25.6062 3.85
    endloop
  endfacet
  facet normal 1 0 0
    outer loop
      vertex 17 26.0261 6.31908
      vertex 17 25.5362 3.94995
      vertex 17 25.5734 3.9015
    endloop
  endfacet
  facet normal 1 0 0
    outer loop
      vertex 17 25.1812 4.17615
      vertex 17 25.7765 6.39778
      vertex 17 25.5209 6.45442
    endloop
  endfacet
  facet normal 1 0 0
    outer loop
      vertex 17 26.0261 6.31908
      vertex 17 25.495 3.99497
      vertex 17 25.5362 3.94995
    endloop
  endfacet
  facet normal 1 0 0
    outer loop
      vertex 17 26.0261 6.31908
      vertex 17 25.45 4.03623
      vertex 17 25.495 3.99497
    endloop
  endfacet
  facet normal 1 0 0
    outer loop
      vertex 17 26.0261 6.31908
      vertex 17 25.4015 4.07341
      vertex 17 25.45 4.03623
    endloop
  endfacet
  facet normal 1 0 0
    outer loop
      vertex 17 26.0261 6.31908
      vertex 17 25.35 4.10622
      vertex 17 25.4015 4.07341
    endloop
  endfacet
  facet normal 1 0 0
    outer loop
      vertex 17 26.0261 6.31908
      vertex 17 25.2958 4.13441
      vertex 17 25.35 4.10622
    endloop
  endfacet
  facet normal 1 0 0
    outer loop
      vertex 17 25.1216 4.18937
      vertex 17 25.5209 6.45442
      vertex 17 25.2615 6.48858
    endloop
  endfacet
  facet normal 1 0 0
    outer loop
      vertex 17 26.0261 6.31908
      vertex 17 25.2394 4.15778
      vertex 17 25.2958 4.13441
    endloop
  endfacet
  facet normal 1 0 0
    outer loop
      vertex 17 25.7765 6.39778
      vertex 17 25.1812 4.17615
      vertex 17 25.2394 4.15778
    endloop
  endfacet
  facet normal 1 0 0
    outer loop
      vertex 17 25.5209 6.45442
      vertex 17 25.1216 4.18937
      vertex 17 25.1812 4.17615
    endloop
  endfacet
  facet normal 1 0 0
    outer loop
      vertex 17 25.2615 6.48858
      vertex 17 25.061 4.19734
      vertex 17 25.1216 4.18937
    endloop
  endfacet
  facet normal 1 0 0
    outer loop
      vertex 17 25 6.5
      vertex 17 25.061 4.19734
      vertex 17 25.2615 6.48858
    endloop
  endfacet
  facet normal 1 0 0
    outer loop
      vertex 17 25 6.5
      vertex 17 25 4.2
      vertex 17 25.061 4.19734
    endloop
  endfacet
  facet normal 1 0 0
    outer loop
      vertex 17 25 6.5
      vertex 17 24.939 4.19734
      vertex 17 25 4.2
    endloop
  endfacet
  facet normal 1 -0 0
    outer loop
      vertex 17 24.7385 6.48858
      vertex 17 24.939 4.19734
      vertex 17 25 6.5
    endloop
  endfacet
  facet normal 1 0 0
    outer loop
      vertex 17 24.939 4.19734
      vertex 17 24.7385 6.48858
      vertex 17 24.8784 4.18937
    endloop
  endfacet
  facet normal 1 0 0
    outer loop
      vertex 17 24.8784 4.18937
      vertex 17 24.7385 6.48858
      vertex 17 24.8188 4.17615
    endloop
  endfacet
  facet normal 1 0 0
    outer loop
      vertex 17 24.8188 4.17615
      vertex 17 24.7385 6.48858
      vertex 17 24.7606 4.15778
    endloop
  endfacet
  facet normal 1 0 0
    outer loop
      vertex 17 24.7385 6.48858
      vertex 17 24.7042 4.13441
      vertex 17 24.7606 4.15778
    endloop
  endfacet
  facet normal 1 0 0
    outer loop
      vertex 17 24.7385 6.48858
      vertex 17 24.65 4.10622
      vertex 17 24.7042 4.13441
    endloop
  endfacet
  facet normal 1 0 0
    outer loop
      vertex 17 24.7385 6.48858
      vertex 17 24.5985 4.07341
      vertex 17 24.65 4.10622
    endloop
  endfacet
  facet normal 1 0 0
    outer loop
      vertex 17 24.7385 6.48858
      vertex 17 24.55 4.03623
      vertex 17 24.5985 4.07341
    endloop
  endfacet
  facet normal 1 0 0
    outer loop
      vertex 17 24.7385 6.48858
      vertex 17 24.505 3.99497
      vertex 17 24.55 4.03623
    endloop
  endfacet
  facet normal 1 0 0
    outer loop
      vertex 17 24.7385 6.48858
      vertex 17 24.4638 3.94995
      vertex 17 24.505 3.99497
    endloop
  endfacet
  facet normal 1 -0 0
    outer loop
      vertex 17 20.6342 6.06539
      vertex 17 24.4638 3.94995
      vertex 17 24.7385 6.48858
    endloop
  endfacet
  facet normal 1 0 0
    outer loop
      vertex 17 24.4638 3.94995
      vertex 17 20.6342 6.06539
      vertex 17 24.4266 3.9015
    endloop
  endfacet
  facet normal 1 0 0
    outer loop
      vertex 17 24.4266 3.9015
      vertex 17 20.6342 6.06539
      vertex 17 24.3938 3.85
    endloop
  endfacet
  facet normal 1 0 0
    outer loop
      vertex 17 24.3938 3.85
      vertex 17 20.6342 6.06539
      vertex 17 24.3656 3.79583
    endloop
  endfacet
  facet normal 1 0 0
    outer loop
      vertex 17 24.3656 3.79583
      vertex 17 20.6342 6.06539
      vertex 17 24.3422 3.73941
    endloop
  endfacet
  facet normal 1 0 0
    outer loop
      vertex 17 24.3422 3.73941
      vertex 17 20.6342 6.06539
      vertex 17 24.3239 3.68117
    endloop
  endfacet
  facet normal 1 0 0
    outer loop
      vertex 17 24.3027 3.56101
      vertex 17 23.5 2.5
      vertex 17 24.3 3.5
    endloop
  endfacet
  facet normal 1 0 0
    outer loop
      vertex 17 24.3106 3.62155
      vertex 17 23.5 2.5
      vertex 17 24.3027 3.56101
    endloop
  endfacet
  facet normal 1 0 -0
    outer loop
      vertex 17 21.0719 2.39399
      vertex 17 24.3239 3.68117
      vertex 17 20.6342 6.06539
    endloop
  endfacet
  facet normal 1 0 -0
    outer loop
      vertex 17 23.5 2.5
      vertex 17 24.3239 3.68117
      vertex 17 21.0719 2.39399
    endloop
  endfacet
  facet normal 1 0 0
    outer loop
      vertex 17 24.3239 3.68117
      vertex 17 23.5 2.5
      vertex 17 24.3106 3.62155
    endloop
  endfacet
  facet normal 1 0 0
    outer loop
      vertex 17 25.7 3.5
      vertex 17 28 3.5
      vertex 17 27.9886 3.76147
    endloop
  endfacet
  facet normal 1 0 0
    outer loop
      vertex 17 25.6973 3.56101
      vertex 17 27.9886 3.76147
      vertex 17 27.9544 4.02094
    endloop
  endfacet
  facet normal 1 0 0
    outer loop
      vertex 17 28 3.5
      vertex 17 25.7 3.5
      vertex 17 27.9886 3.23853
    endloop
  endfacet
  facet normal 1 0 0
    outer loop
      vertex 17 25.6973 3.56101
      vertex 17 27.9544 4.02094
      vertex 17 27.8978 4.27646
    endloop
  endfacet
  facet normal 1 -0 0
    outer loop
      vertex 17 25.6973 3.43899
      vertex 17 27.9886 3.23853
      vertex 17 25.7 3.5
    endloop
  endfacet
  facet normal 1 0 0
    outer loop
      vertex 17 25.6973 3.56101
      vertex 17 27.8978 4.27646
      vertex 17 27.8191 4.52606
    endloop
  endfacet
  facet normal 1 0 -0
    outer loop
      vertex 17 27.422 2.32876
      vertex 17 27.9886 3.23853
      vertex 17 25.6973 3.43899
    endloop
  endfacet
  facet normal 1 0 0
    outer loop
      vertex 17 27.8978 2.72354
      vertex 17 27.422 2.32876
      vertex 17 27.8191 2.47394
    endloop
  endfacet
  facet normal 1 0 0
    outer loop
      vertex 17 25.6973 3.56101
      vertex 17 27.8191 4.52606
      vertex 17 27.7189 4.76785
    endloop
  endfacet
  facet normal 1 0 0
    outer loop
      vertex 17 25.6973 3.56101
      vertex 17 27.7189 4.76785
      vertex 17 27.5981 5
    endloop
  endfacet
  facet normal 1 0 0
    outer loop
      vertex 17 25.6973 3.56101
      vertex 17 27.5981 5
      vertex 17 27.4575 5.22073
    endloop
  endfacet
  facet normal 1 0 0
    outer loop
      vertex 17 27.8191 2.47394
      vertex 17 27.422 2.32876
      vertex 17 27.7415 2.2867
    endloop
  endfacet
  facet normal 1 0 0
    outer loop
      vertex 17 25.6973 3.56101
      vertex 17 27.4575 5.22073
      vertex 17 27.2981 5.42836
    endloop
  endfacet
  facet normal 1 0 0
    outer loop
      vertex 17 25.6973 3.56101
      vertex 17 27.2981 5.42836
      vertex 17 27.1213 5.62132
    endloop
  endfacet
  facet normal 1 0 0
    outer loop
      vertex 17 25.6973 3.56101
      vertex 17 27.1213 5.62132
      vertex 17 26.9284 5.79813
    endloop
  endfacet
  facet normal 1 0 0
    outer loop
      vertex 17 25.6973 3.56101
      vertex 17 26.9284 5.79813
      vertex 17 26.7207 5.95746
    endloop
  endfacet
  facet normal 1 0 0
    outer loop
      vertex 17 25.6973 3.56101
      vertex 17 26.7207 5.95746
      vertex 17 26.5 6.09808
    endloop
  endfacet
  facet normal 1 0 0
    outer loop
      vertex 17 25.6973 3.56101
      vertex 17 26.5 6.09808
      vertex 17 26.2679 6.21892
    endloop
  endfacet
  facet normal 1 0 0
    outer loop
      vertex 17 25.6973 3.56101
      vertex 17 26.2679 6.21892
      vertex 17 26.0261 6.31908
    endloop
  endfacet
  facet normal 1 0 0
    outer loop
      vertex 17 25.2394 4.15778
      vertex 17 26.0261 6.31908
      vertex 17 25.7765 6.39778
    endloop
  endfacet
  facet normal 1 0 0
    outer loop
      vertex 17 27.9544 2.97906
      vertex 17 27.422 2.32876
      vertex 17 27.8978 2.72354
    endloop
  endfacet
  facet normal 1 0 0
    outer loop
      vertex 17 27.9886 3.23853
      vertex 17 27.422 2.32876
      vertex 17 27.9544 2.97906
    endloop
  endfacet
  facet normal 1 -0 0
    outer loop
      vertex 17 25.6894 3.37845
      vertex 17 27.422 2.32876
      vertex 17 25.6973 3.43899
    endloop
  endfacet
  facet normal 1 -0 0
    outer loop
      vertex 17 25.6761 3.31883
      vertex 17 27.422 2.32876
      vertex 17 25.6894 3.37845
    endloop
  endfacet
  facet normal 1 -0 0
    outer loop
      vertex 17 25.6578 3.26059
      vertex 17 27.422 2.32876
      vertex 17 25.6761 3.31883
    endloop
  endfacet
  facet normal 1 -0 0
    outer loop
      vertex 17 25.6344 3.20417
      vertex 17 27.422 2.32876
      vertex 17 25.6578 3.26059
    endloop
  endfacet
  facet normal 1 -0 0
    outer loop
      vertex 17 25.6062 3.15
      vertex 17 27.422 2.32876
      vertex 17 25.6344 3.20417
    endloop
  endfacet
  facet normal 1 -0 0
    outer loop
      vertex 17 25.5734 3.0985
      vertex 17 27.422 2.32876
      vertex 17 25.6062 3.15
    endloop
  endfacet
  facet normal 1 -0 0
    outer loop
      vertex 17 25.5362 3.05005
      vertex 17 27.422 2.32876
      vertex 17 25.5734 3.0985
    endloop
  endfacet
  facet normal 1 -0 0
    outer loop
      vertex 17 25.495 3.00502
      vertex 17 27.422 2.32876
      vertex 17 25.5362 3.05005
    endloop
  endfacet
  facet normal 1 -0 0
    outer loop
      vertex 17 25.45 2.96377
      vertex 17 27.422 2.32876
      vertex 17 25.495 3.00502
    endloop
  endfacet
  facet normal 1 -0 0
    outer loop
      vertex 17 25.4015 2.92659
      vertex 17 27.422 2.32876
      vertex 17 25.45 2.96377
    endloop
  endfacet
  facet normal 1 -0 0
    outer loop
      vertex 17 25.35 2.89378
      vertex 17 27.422 2.32876
      vertex 17 25.4015 2.92659
    endloop
  endfacet
  facet normal 1 -0 0
    outer loop
      vertex 17 25.2958 2.86558
      vertex 17 27.422 2.32876
      vertex 17 25.35 2.89378
    endloop
  endfacet
  facet normal 1 -0 0
    outer loop
      vertex 17 25.2394 2.84221
      vertex 17 27.422 2.32876
      vertex 17 25.2958 2.86558
    endloop
  endfacet
  facet normal 1 -0 0
    outer loop
      vertex 17 25.1812 2.82385
      vertex 17 27.422 2.32876
      vertex 17 25.2394 2.84221
    endloop
  endfacet
  facet normal 1 -0 0
    outer loop
      vertex 17 25.1216 2.81063
      vertex 17 27.422 2.32876
      vertex 17 25.1812 2.82385
    endloop
  endfacet
  facet normal 1 -0 0
    outer loop
      vertex 17 25.061 2.80266
      vertex 17 27.422 2.32876
      vertex 17 25.1216 2.81063
    endloop
  endfacet
  facet normal 1 -0 0
    outer loop
      vertex 17 25 2.8
      vertex 17 27.422 2.32876
      vertex 17 25.061 2.80266
    endloop
  endfacet
  facet normal 1 0 0
    outer loop
      vertex 17 23.5 2.5
      vertex 17 25 2.8
      vertex 17 24.939 2.80266
    endloop
  endfacet
  facet normal 1 0 0
    outer loop
      vertex 17 23.5 2.5
      vertex 17 24.939 2.80266
      vertex 17 24.8784 2.81063
    endloop
  endfacet
  facet normal 1 0 0
    outer loop
      vertex 17 25 2.8
      vertex 17 23.5 2.5
      vertex 17 27.422 2.32876
    endloop
  endfacet
  facet normal 1 0 0
    outer loop
      vertex 17 24.8188 2.82385
      vertex 17 23.5 2.5
      vertex 17 24.8784 2.81063
    endloop
  endfacet
  facet normal 1 0 0
    outer loop
      vertex 17 24.7606 2.84221
      vertex 17 23.5 2.5
      vertex 17 24.8188 2.82385
    endloop
  endfacet
  facet normal 1 0 0
    outer loop
      vertex 17 24.7042 2.86558
      vertex 17 23.5 2.5
      vertex 17 24.7606 2.84221
    endloop
  endfacet
  facet normal 1 0 0
    outer loop
      vertex 17 24.65 2.89378
      vertex 17 23.5 2.5
      vertex 17 24.7042 2.86558
    endloop
  endfacet
  facet normal 1 0 0
    outer loop
      vertex 17 24.5985 2.92659
      vertex 17 23.5 2.5
      vertex 17 24.65 2.89378
    endloop
  endfacet
  facet normal 1 0 0
    outer loop
      vertex 17 24.55 2.96377
      vertex 17 23.5 2.5
      vertex 17 24.5985 2.92659
    endloop
  endfacet
  facet normal 1 0 0
    outer loop
      vertex 17 24.505 3.00502
      vertex 17 23.5 2.5
      vertex 17 24.55 2.96377
    endloop
  endfacet
  facet normal 1 0 0
    outer loop
      vertex 17 24.4638 3.05005
      vertex 17 23.5 2.5
      vertex 17 24.505 3.00502
    endloop
  endfacet
  facet normal 1 0 0
    outer loop
      vertex 17 24.4266 3.0985
      vertex 17 23.5 2.5
      vertex 17 24.4638 3.05005
    endloop
  endfacet
  facet normal 1 0 0
    outer loop
      vertex 17 24.3938 3.15
      vertex 17 23.5 2.5
      vertex 17 24.4266 3.0985
    endloop
  endfacet
  facet normal 1 0 0
    outer loop
      vertex 17 24.3656 3.20417
      vertex 17 23.5 2.5
      vertex 17 24.3938 3.15
    endloop
  endfacet
  facet normal 1 0 0
    outer loop
      vertex 17 24.3422 3.26059
      vertex 17 23.5 2.5
      vertex 17 24.3656 3.20417
    endloop
  endfacet
  facet normal 1 0 0
    outer loop
      vertex 17 24.3239 3.31883
      vertex 17 23.5 2.5
      vertex 17 24.3422 3.26059
    endloop
  endfacet
  facet normal 1 0 0
    outer loop
      vertex 17 24.3106 3.37845
      vertex 17 23.5 2.5
      vertex 17 24.3239 3.31883
    endloop
  endfacet
  facet normal 1 0 0
    outer loop
      vertex 17 24.3027 3.43899
      vertex 17 23.5 2.5
      vertex 17 24.3106 3.37845
    endloop
  endfacet
  facet normal 1 0 0
    outer loop
      vertex 17 23.5 2.5
      vertex 17 24.3027 3.43899
      vertex 17 24.3 3.5
    endloop
  endfacet
  facet normal -0 0.382694 0.923875
    outer loop
      vertex 12 26.2679 6.21892
      vertex 17 26.0261 6.31908
      vertex 17 26.2679 6.21892
    endloop
  endfacet
  facet normal 0 0.382694 0.923875
    outer loop
      vertex 17 26.0261 6.31908
      vertex 12 26.2679 6.21892
      vertex 12 26.0261 6.31908
    endloop
  endfacet
  facet normal -0 0.130561 0.99144
    outer loop
      vertex 12 25.5209 6.45442
      vertex 17 25.2615 6.48858
      vertex 17 25.5209 6.45442
    endloop
  endfacet
  facet normal 0 0.130561 0.99144
    outer loop
      vertex 17 25.2615 6.48858
      vertex 12 25.5209 6.45442
      vertex 12 25.2615 6.48858
    endloop
  endfacet
  facet normal -0 0.300711 0.953715
    outer loop
      vertex 12 26.0261 6.31908
      vertex 17 25.7765 6.39778
      vertex 17 26.0261 6.31908
    endloop
  endfacet
  facet normal 0 0.300711 0.953715
    outer loop
      vertex 17 25.7765 6.39778
      vertex 12 26.0261 6.31908
      vertex 12 25.7765 6.39778
    endloop
  endfacet
  facet normal 0 0.737306 0.675559
    outer loop
      vertex 17 27.2981 5.42836
      vertex 12 27.1213 5.62132
      vertex 17 27.1213 5.62132
    endloop
  endfacet
  facet normal 0 0.737306 0.675559
    outer loop
      vertex 12 27.1213 5.62132
      vertex 17 27.2981 5.42836
      vertex 12 27.2981 5.42836
    endloop
  endfacet
  facet normal 0 0.923816 0.382838
    outer loop
      vertex 17 27.8191 4.52606
      vertex 12 27.7189 4.76785
      vertex 17 27.7189 4.76785
    endloop
  endfacet
  facet normal 0 0.923816 0.382838
    outer loop
      vertex 12 27.7189 4.76785
      vertex 17 27.8191 4.52606
      vertex 12 27.8191 4.52606
    endloop
  endfacet
  facet normal 0 0.923805 -0.382863
    outer loop
      vertex 17 27.7415 2.2867
      vertex 12 27.8191 2.47394
      vertex 17 27.8191 2.47394
    endloop
  endfacet
  facet normal 0 0.923805 -0.382863
    outer loop
      vertex 12 27.8191 2.47394
      vertex 17 27.7415 2.2867
      vertex 12 27.7415 2.2867
    endloop
  endfacet
  facet normal 0 0.991425 -0.130677
    outer loop
      vertex 17 27.9544 2.97906
      vertex 12 27.9886 3.23853
      vertex 17 27.9886 3.23853
    endloop
  endfacet
  facet normal 0 0.991425 -0.130677
    outer loop
      vertex 12 27.9886 3.23853
      vertex 17 27.9544 2.97906
      vertex 12 27.9544 2.97906
    endloop
  endfacet
  facet normal -0 0.216348 0.976316
    outer loop
      vertex 12 25.7765 6.39778
      vertex 17 25.5209 6.45442
      vertex 17 25.7765 6.39778
    endloop
  endfacet
  facet normal 0 0.216348 0.976316
    outer loop
      vertex 17 25.5209 6.45442
      vertex 12 25.7765 6.39778
      vertex 12 25.5209 6.45442
    endloop
  endfacet
  facet normal 0 -0.0436295 0.999048
    outer loop
      vertex 12 25 6.5
      vertex 17 24.7385 6.48858
      vertex 17 25 6.5
    endloop
  endfacet
  facet normal 0 -0.0436295 0.999048
    outer loop
      vertex 17 24.7385 6.48858
      vertex 12 25 6.5
      vertex 12 24.7385 6.48858
    endloop
  endfacet
  facet normal -0 0.0436295 0.999048
    outer loop
      vertex 12 25.2615 6.48858
      vertex 17 25 6.5
      vertex 17 25.2615 6.48858
    endloop
  endfacet
  facet normal 0 0.0436295 0.999048
    outer loop
      vertex 17 25 6.5
      vertex 12 25.2615 6.48858
      vertex 12 25 6.5
    endloop
  endfacet
  facet normal -0 0.461798 0.886985
    outer loop
      vertex 12 26.5 6.09808
      vertex 17 26.2679 6.21892
      vertex 17 26.5 6.09808
    endloop
  endfacet
  facet normal 0 0.461798 0.886985
    outer loop
      vertex 17 26.2679 6.21892
      vertex 12 26.5 6.09808
      vertex 12 26.2679 6.21892
    endloop
  endfacet
  facet normal 0 0.976334 -0.216267
    outer loop
      vertex 17 27.8978 2.72354
      vertex 12 27.9544 2.97906
      vertex 17 27.9544 2.97906
    endloop
  endfacet
  facet normal 0 0.976334 -0.216267
    outer loop
      vertex 12 27.9544 2.97906
      vertex 17 27.8978 2.72354
      vertex 12 27.8978 2.72354
    endloop
  endfacet
  facet normal 0 0.953715 -0.300711
    outer loop
      vertex 17 27.8191 2.47394
      vertex 12 27.8978 2.72354
      vertex 17 27.8978 2.72354
    endloop
  endfacet
  facet normal 0 0.953715 -0.300711
    outer loop
      vertex 12 27.8978 2.72354
      vertex 17 27.8191 2.47394
      vertex 12 27.8191 2.47394
    endloop
  endfacet
  facet normal -0 0.53735 0.843359
    outer loop
      vertex 12 26.7207 5.95746
      vertex 17 26.5 6.09808
      vertex 17 26.7207 5.95746
    endloop
  endfacet
  facet normal 0 0.53735 0.843359
    outer loop
      vertex 17 26.5 6.09808
      vertex 12 26.7207 5.95746
      vertex 12 26.5 6.09808
    endloop
  endfacet
  facet normal 0 0.843427 0.537244
    outer loop
      vertex 17 27.5981 5
      vertex 12 27.4575 5.22073
      vertex 17 27.4575 5.22073
    endloop
  endfacet
  facet normal 0 0.843427 0.537244
    outer loop
      vertex 12 27.4575 5.22073
      vertex 17 27.5981 5
      vertex 12 27.5981 5
    endloop
  endfacet
  facet normal 0 0.887089 0.461599
    outer loop
      vertex 17 27.7189 4.76785
      vertex 12 27.5981 5
      vertex 17 27.5981 5
    endloop
  endfacet
  facet normal 0 0.887089 0.461599
    outer loop
      vertex 12 27.5981 5
      vertex 17 27.7189 4.76785
      vertex 12 27.7189 4.76785
    endloop
  endfacet
  facet normal 0 0.999051 -0.0435583
    outer loop
      vertex 17 27.9886 3.23853
      vertex 12 28 3.5
      vertex 17 28 3.5
    endloop
  endfacet
  facet normal 0 0.999051 -0.0435583
    outer loop
      vertex 12 28 3.5
      vertex 17 27.9886 3.23853
      vertex 12 27.9886 3.23853
    endloop
  endfacet
  facet normal 0 0.991425 0.130677
    outer loop
      vertex 17 27.9886 3.76147
      vertex 12 27.9544 4.02094
      vertex 17 27.9544 4.02094
    endloop
  endfacet
  facet normal 0 0.991425 0.130677
    outer loop
      vertex 12 27.9544 4.02094
      vertex 17 27.9886 3.76147
      vertex 12 27.9886 3.76147
    endloop
  endfacet
  facet normal -0 0.608656 0.793434
    outer loop
      vertex 12 26.9284 5.79813
      vertex 17 26.7207 5.95746
      vertex 17 26.9284 5.79813
    endloop
  endfacet
  facet normal 0 0.608656 0.793434
    outer loop
      vertex 17 26.7207 5.95746
      vertex 12 26.9284 5.79813
      vertex 12 26.7207 5.95746
    endloop
  endfacet
  facet normal -0 0.675693 0.737183
    outer loop
      vertex 12 27.1213 5.62132
      vertex 17 26.9284 5.79813
      vertex 17 27.1213 5.62132
    endloop
  endfacet
  facet normal 0 0.675693 0.737183
    outer loop
      vertex 17 26.9284 5.79813
      vertex 12 27.1213 5.62132
      vertex 12 26.9284 5.79813
    endloop
  endfacet
  facet normal 0 0.793206 0.608954
    outer loop
      vertex 17 27.4575 5.22073
      vertex 12 27.2981 5.42836
      vertex 17 27.2981 5.42836
    endloop
  endfacet
  facet normal 0 0.793206 0.608954
    outer loop
      vertex 12 27.2981 5.42836
      vertex 17 27.4575 5.22073
      vertex 12 27.4575 5.22073
    endloop
  endfacet
  facet normal 0 0.953715 0.300711
    outer loop
      vertex 17 27.8978 4.27646
      vertex 12 27.8191 4.52606
      vertex 17 27.8191 4.52606
    endloop
  endfacet
  facet normal 0 0.953715 0.300711
    outer loop
      vertex 12 27.8191 4.52606
      vertex 17 27.8978 4.27646
      vertex 12 27.8978 4.27646
    endloop
  endfacet
  facet normal 0 0.976334 0.216267
    outer loop
      vertex 17 27.9544 4.02094
      vertex 12 27.8978 4.27646
      vertex 17 27.8978 4.27646
    endloop
  endfacet
  facet normal 0 0.976334 0.216267
    outer loop
      vertex 12 27.8978 4.27646
      vertex 17 27.9544 4.02094
      vertex 12 27.9544 4.02094
    endloop
  endfacet
  facet normal 0 0.999051 0.0435583
    outer loop
      vertex 17 28 3.5
      vertex 12 27.9886 3.76147
      vertex 17 27.9886 3.76147
    endloop
  endfacet
  facet normal 0 0.999051 0.0435583
    outer loop
      vertex 12 27.9886 3.76147
      vertex 17 28 3.5
      vertex 12 28 3.5
    endloop
  endfacet
  facet normal 0 -0.608397 -0.793633
    outer loop
      vertex 12 25.4015 4.07341
      vertex 17 25.45 4.03623
      vertex 17 25.4015 4.07341
    endloop
  endfacet
  facet normal -0 -0.608397 -0.793633
    outer loop
      vertex 17 25.45 4.03623
      vertex 12 25.4015 4.07341
      vertex 12 25.45 4.03623
    endloop
  endfacet
  facet normal 0 0.46143 -0.887177
    outer loop
      vertex 12 24.65 4.10622
      vertex 17 24.7042 4.13441
      vertex 17 24.65 4.10622
    endloop
  endfacet
  facet normal 0 0.46143 -0.887177
    outer loop
      vertex 17 24.7042 4.13441
      vertex 12 24.65 4.10622
      vertex 12 24.7042 4.13441
    endloop
  endfacet
  facet normal 0 0.954012 -0.299767
    outer loop
      vertex 17 24.3239 3.68117
      vertex 12 24.3422 3.73941
      vertex 17 24.3422 3.73941
    endloop
  endfacet
  facet normal 0 0.954012 -0.299767
    outer loop
      vertex 12 24.3422 3.73941
      vertex 17 24.3239 3.68117
      vertex 12 24.3239 3.68117
    endloop
  endfacet
  facet normal 0 -0.999022 0.0442118
    outer loop
      vertex 12 25.6973 3.43899
      vertex 17 25.7 3.5
      vertex 12 25.7 3.5
    endloop
  endfacet
  facet normal 0 -0.999022 0.0442118
    outer loop
      vertex 17 25.7 3.5
      vertex 12 25.6973 3.43899
      vertex 17 25.6973 3.43899
    endloop
  endfacet
  facet normal -0 0.300849 0.953672
    outer loop
      vertex 12 24.8188 2.82385
      vertex 17 24.7606 2.84221
      vertex 17 24.8188 2.82385
    endloop
  endfacet
  facet normal 0 0.300849 0.953672
    outer loop
      vertex 17 24.7606 2.84221
      vertex 12 24.8188 2.82385
      vertex 12 24.7606 2.84221
    endloop
  endfacet
  facet normal 0 -0.887005 -0.46176
    outer loop
      vertex 12 25.6344 3.79583
      vertex 17 25.6062 3.85
      vertex 12 25.6062 3.85
    endloop
  endfacet
  facet normal 0 -0.887005 -0.46176
    outer loop
      vertex 17 25.6062 3.85
      vertex 12 25.6344 3.79583
      vertex 17 25.6344 3.79583
    endloop
  endfacet
  facet normal 0 -0.843459 -0.537193
    outer loop
      vertex 12 25.6062 3.85
      vertex 17 25.5734 3.9015
      vertex 12 25.5734 3.9015
    endloop
  endfacet
  facet normal 0 -0.843459 -0.537193
    outer loop
      vertex 17 25.5734 3.9015
      vertex 12 25.6062 3.85
      vertex 17 25.6062 3.85
    endloop
  endfacet
  facet normal 0 -0.300998 -0.953625
    outer loop
      vertex 12 25.1812 4.17615
      vertex 17 25.2394 4.15778
      vertex 17 25.1812 4.17615
    endloop
  endfacet
  facet normal -0 -0.300998 -0.953625
    outer loop
      vertex 17 25.2394 4.15778
      vertex 12 25.1812 4.17615
      vertex 12 25.2394 4.15778
    endloop
  endfacet
  facet normal 0 -0.0435652 -0.999051
    outer loop
      vertex 12 25 4.2
      vertex 17 25.061 4.19734
      vertex 17 25 4.2
    endloop
  endfacet
  facet normal -0 -0.0435652 -0.999051
    outer loop
      vertex 17 25.061 4.19734
      vertex 12 25 4.2
      vertex 12 25.061 4.19734
    endloop
  endfacet
  facet normal 0 0.793171 -0.608998
    outer loop
      vertex 17 24.4266 3.9015
      vertex 12 24.4638 3.94995
      vertex 17 24.4638 3.94995
    endloop
  endfacet
  facet normal 0 0.793171 -0.608998
    outer loop
      vertex 12 24.4638 3.94995
      vertex 17 24.4266 3.9015
      vertex 12 24.4266 3.9015
    endloop
  endfacet
  facet normal 0 0.300998 -0.953625
    outer loop
      vertex 12 24.7606 4.15778
      vertex 17 24.8188 4.17615
      vertex 17 24.7606 4.15778
    endloop
  endfacet
  facet normal 0 0.300998 -0.953625
    outer loop
      vertex 17 24.8188 4.17615
      vertex 12 24.7606 4.15778
      vertex 12 24.8188 4.17615
    endloop
  endfacet
  facet normal 0 -0.954012 0.299767
    outer loop
      vertex 12 25.6578 3.26059
      vertex 17 25.6761 3.31883
      vertex 12 25.6761 3.31883
    endloop
  endfacet
  facet normal 0 -0.954012 0.299767
    outer loop
      vertex 17 25.6761 3.31883
      vertex 12 25.6578 3.26059
      vertex 17 25.6578 3.26059
    endloop
  endfacet
  facet normal -0 0.0435652 0.999051
    outer loop
      vertex 12 25 2.8
      vertex 17 24.939 2.80266
      vertex 17 25 2.8
    endloop
  endfacet
  facet normal 0 0.0435652 0.999051
    outer loop
      vertex 17 24.939 2.80266
      vertex 12 25 2.8
      vertex 12 24.939 2.80266
    endloop
  endfacet
  facet normal -0 0.608397 0.793633
    outer loop
      vertex 12 24.5985 2.92659
      vertex 17 24.55 2.96377
      vertex 17 24.5985 2.92659
    endloop
  endfacet
  facet normal 0 0.608397 0.793633
    outer loop
      vertex 17 24.55 2.96377
      vertex 12 24.5985 2.92659
      vertex 12 24.55 2.96377
    endloop
  endfacet
  facet normal 0 -0.991593 -0.129395
    outer loop
      vertex 12 25.6973 3.56101
      vertex 17 25.6894 3.62155
      vertex 12 25.6894 3.62155
    endloop
  endfacet
  facet normal 0 -0.991593 -0.129395
    outer loop
      vertex 17 25.6894 3.62155
      vertex 12 25.6973 3.56101
      vertex 17 25.6973 3.56101
    endloop
  endfacet
  facet normal 0 -0.954012 -0.299767
    outer loop
      vertex 12 25.6761 3.68117
      vertex 17 25.6578 3.73941
      vertex 12 25.6578 3.73941
    endloop
  endfacet
  facet normal 0 -0.954012 -0.299767
    outer loop
      vertex 17 25.6578 3.73941
      vertex 12 25.6761 3.68117
      vertex 17 25.6761 3.68117
    endloop
  endfacet
  facet normal 0 -0.923705 -0.383104
    outer loop
      vertex 12 25.6578 3.73941
      vertex 17 25.6344 3.79583
      vertex 12 25.6344 3.79583
    endloop
  endfacet
  facet normal 0 -0.923705 -0.383104
    outer loop
      vertex 17 25.6344 3.79583
      vertex 12 25.6578 3.73941
      vertex 17 25.6578 3.73941
    endloop
  endfacet
  facet normal 0 -0.737712 -0.675116
    outer loop
      vertex 12 25.5362 3.94995
      vertex 17 25.495 3.99497
      vertex 12 25.495 3.99497
    endloop
  endfacet
  facet normal 0 -0.737712 -0.675116
    outer loop
      vertex 17 25.495 3.99497
      vertex 12 25.5362 3.94995
      vertex 17 25.5362 3.94995
    endloop
  endfacet
  facet normal 0 -0.793171 -0.608998
    outer loop
      vertex 12 25.5734 3.9015
      vertex 17 25.5362 3.94995
      vertex 12 25.5362 3.94995
    endloop
  endfacet
  facet normal 0 -0.793171 -0.608998
    outer loop
      vertex 17 25.5362 3.94995
      vertex 12 25.5734 3.9015
      vertex 17 25.5734 3.9015
    endloop
  endfacet
  facet normal 0 -0.675814 -0.737073
    outer loop
      vertex 12 25.45 4.03623
      vertex 17 25.495 3.99497
      vertex 17 25.45 4.03623
    endloop
  endfacet
  facet normal -0 -0.675814 -0.737073
    outer loop
      vertex 17 25.495 3.99497
      vertex 12 25.45 4.03623
      vertex 12 25.495 3.99497
    endloop
  endfacet
  facet normal 0 -0.53731 -0.843385
    outer loop
      vertex 12 25.35 4.10622
      vertex 17 25.4015 4.07341
      vertex 17 25.35 4.10622
    endloop
  endfacet
  facet normal -0 -0.53731 -0.843385
    outer loop
      vertex 17 25.4015 4.07341
      vertex 12 25.35 4.10622
      vertex 12 25.4015 4.07341
    endloop
  endfacet
  facet normal 0 0.0435652 -0.999051
    outer loop
      vertex 12 24.939 4.19734
      vertex 17 25 4.2
      vertex 17 24.939 4.19734
    endloop
  endfacet
  facet normal 0 0.0435652 -0.999051
    outer loop
      vertex 17 25 4.2
      vertex 12 24.939 4.19734
      vertex 12 25 4.2
    endloop
  endfacet
  facet normal 0 -0.216549 -0.976272
    outer loop
      vertex 12 25.1216 4.18937
      vertex 17 25.1812 4.17615
      vertex 17 25.1216 4.18937
    endloop
  endfacet
  facet normal -0 -0.216549 -0.976272
    outer loop
      vertex 17 25.1812 4.17615
      vertex 12 25.1216 4.18937
      vertex 12 25.1812 4.17615
    endloop
  endfacet
  facet normal 0 -0.130395 -0.991462
    outer loop
      vertex 12 25.061 4.19734
      vertex 17 25.1216 4.18937
      vertex 17 25.061 4.19734
    endloop
  endfacet
  facet normal -0 -0.130395 -0.991462
    outer loop
      vertex 17 25.1216 4.18937
      vertex 12 25.061 4.19734
      vertex 12 25.1216 4.18937
    endloop
  endfacet
  facet normal 0 0.999022 0.0442118
    outer loop
      vertex 17 24.3027 3.43899
      vertex 12 24.3 3.5
      vertex 17 24.3 3.5
    endloop
  endfacet
  facet normal 0 0.999022 0.0442118
    outer loop
      vertex 12 24.3 3.5
      vertex 17 24.3027 3.43899
      vertex 12 24.3027 3.43899
    endloop
  endfacet
  facet normal 0 0.97601 -0.217728
    outer loop
      vertex 17 24.3106 3.62155
      vertex 12 24.3239 3.68117
      vertex 17 24.3239 3.68117
    endloop
  endfacet
  facet normal 0 0.97601 -0.217728
    outer loop
      vertex 12 24.3239 3.68117
      vertex 17 24.3106 3.62155
      vertex 12 24.3106 3.62155
    endloop
  endfacet
  facet normal 0 0.991593 -0.129395
    outer loop
      vertex 17 24.3027 3.56101
      vertex 12 24.3106 3.62155
      vertex 17 24.3106 3.62155
    endloop
  endfacet
  facet normal 0 0.991593 -0.129395
    outer loop
      vertex 12 24.3106 3.62155
      vertex 17 24.3027 3.56101
      vertex 12 24.3027 3.56101
    endloop
  endfacet
  facet normal 0 0.843459 -0.537193
    outer loop
      vertex 17 24.3938 3.85
      vertex 12 24.4266 3.9015
      vertex 17 24.4266 3.9015
    endloop
  endfacet
  facet normal 0 0.843459 -0.537193
    outer loop
      vertex 12 24.4266 3.9015
      vertex 17 24.3938 3.85
      vertex 12 24.3938 3.85
    endloop
  endfacet
  facet normal 0 0.3828 -0.923831
    outer loop
      vertex 12 24.7042 4.13441
      vertex 17 24.7606 4.15778
      vertex 17 24.7042 4.13441
    endloop
  endfacet
  facet normal 0 0.3828 -0.923831
    outer loop
      vertex 17 24.7606 4.15778
      vertex 12 24.7042 4.13441
      vertex 12 24.7606 4.15778
    endloop
  endfacet
  facet normal 0 0.130395 -0.991462
    outer loop
      vertex 12 24.8784 4.18937
      vertex 17 24.939 4.19734
      vertex 17 24.8784 4.18937
    endloop
  endfacet
  facet normal 0 0.130395 -0.991462
    outer loop
      vertex 17 24.939 4.19734
      vertex 12 24.8784 4.18937
      vertex 12 24.939 4.19734
    endloop
  endfacet
  facet normal 0 0.608397 -0.793633
    outer loop
      vertex 12 24.55 4.03623
      vertex 17 24.5985 4.07341
      vertex 17 24.55 4.03623
    endloop
  endfacet
  facet normal 0 0.608397 -0.793633
    outer loop
      vertex 17 24.5985 4.07341
      vertex 12 24.55 4.03623
      vertex 12 24.5985 4.07341
    endloop
  endfacet
  facet normal 0 0.675814 -0.737073
    outer loop
      vertex 12 24.505 3.99497
      vertex 17 24.55 4.03623
      vertex 17 24.505 3.99497
    endloop
  endfacet
  facet normal 0 0.675814 -0.737073
    outer loop
      vertex 17 24.55 4.03623
      vertex 12 24.505 3.99497
      vertex 12 24.55 4.03623
    endloop
  endfacet
  facet normal 0 0.53731 -0.843385
    outer loop
      vertex 12 24.5985 4.07341
      vertex 17 24.65 4.10622
      vertex 17 24.5985 4.07341
    endloop
  endfacet
  facet normal 0 0.53731 -0.843385
    outer loop
      vertex 17 24.65 4.10622
      vertex 12 24.5985 4.07341
      vertex 12 24.65 4.10622
    endloop
  endfacet
  facet normal 0 0.737712 -0.675116
    outer loop
      vertex 17 24.4638 3.94995
      vertex 12 24.505 3.99497
      vertex 17 24.505 3.99497
    endloop
  endfacet
  facet normal 0 0.737712 -0.675116
    outer loop
      vertex 12 24.505 3.99497
      vertex 17 24.4638 3.94995
      vertex 12 24.4638 3.94995
    endloop
  endfacet
  facet normal 0 -0.999022 -0.0442118
    outer loop
      vertex 12 25.7 3.5
      vertex 17 25.6973 3.56101
      vertex 12 25.6973 3.56101
    endloop
  endfacet
  facet normal 0 -0.999022 -0.0442118
    outer loop
      vertex 17 25.6973 3.56101
      vertex 12 25.7 3.5
      vertex 17 25.7 3.5
    endloop
  endfacet
  facet normal 0 -0.130395 0.991462
    outer loop
      vertex 12 25.1216 2.81063
      vertex 17 25.061 2.80266
      vertex 17 25.1216 2.81063
    endloop
  endfacet
  facet normal 0 -0.130395 0.991462
    outer loop
      vertex 17 25.061 2.80266
      vertex 12 25.1216 2.81063
      vertex 12 25.061 2.80266
    endloop
  endfacet
  facet normal 0 -0.97601 0.217728
    outer loop
      vertex 12 25.6761 3.31883
      vertex 17 25.6894 3.37845
      vertex 12 25.6894 3.37845
    endloop
  endfacet
  facet normal 0 -0.97601 0.217728
    outer loop
      vertex 17 25.6894 3.37845
      vertex 12 25.6761 3.31883
      vertex 17 25.6761 3.31883
    endloop
  endfacet
  facet normal 0 -0.793171 0.608998
    outer loop
      vertex 12 25.5362 3.05005
      vertex 17 25.5734 3.0985
      vertex 12 25.5734 3.0985
    endloop
  endfacet
  facet normal 0 -0.793171 0.608998
    outer loop
      vertex 17 25.5734 3.0985
      vertex 12 25.5362 3.05005
      vertex 17 25.5362 3.05005
    endloop
  endfacet
  facet normal 0 -0.3828 0.923831
    outer loop
      vertex 12 25.2958 2.86558
      vertex 17 25.2394 2.84221
      vertex 17 25.2958 2.86558
    endloop
  endfacet
  facet normal 0 -0.3828 0.923831
    outer loop
      vertex 17 25.2394 2.84221
      vertex 12 25.2958 2.86558
      vertex 12 25.2394 2.84221
    endloop
  endfacet
  facet normal 0 -0.737786 0.675034
    outer loop
      vertex 12 25.495 3.00502
      vertex 17 25.5362 3.05005
      vertex 12 25.5362 3.05005
    endloop
  endfacet
  facet normal 0 -0.737786 0.675034
    outer loop
      vertex 17 25.5362 3.05005
      vertex 12 25.495 3.00502
      vertex 17 25.495 3.00502
    endloop
  endfacet
  facet normal 0 -0.675725 0.737154
    outer loop
      vertex 12 25.495 3.00502
      vertex 17 25.45 2.96377
      vertex 17 25.495 3.00502
    endloop
  endfacet
  facet normal 0 -0.675725 0.737154
    outer loop
      vertex 17 25.45 2.96377
      vertex 12 25.495 3.00502
      vertex 12 25.45 2.96377
    endloop
  endfacet
  facet normal 0 -0.53731 0.843385
    outer loop
      vertex 12 25.4015 2.92659
      vertex 17 25.35 2.89378
      vertex 17 25.4015 2.92659
    endloop
  endfacet
  facet normal 0 -0.53731 0.843385
    outer loop
      vertex 17 25.35 2.89378
      vertex 12 25.4015 2.92659
      vertex 12 25.35 2.89378
    endloop
  endfacet
  facet normal 0 -0.0435652 0.999051
    outer loop
      vertex 12 25.061 2.80266
      vertex 17 25 2.8
      vertex 17 25.061 2.80266
    endloop
  endfacet
  facet normal 0 -0.0435652 0.999051
    outer loop
      vertex 17 25 2.8
      vertex 12 25.061 2.80266
      vertex 12 25 2.8
    endloop
  endfacet
  facet normal -0 0.216549 0.976272
    outer loop
      vertex 12 24.8784 2.81063
      vertex 17 24.8188 2.82385
      vertex 17 24.8784 2.81063
    endloop
  endfacet
  facet normal 0 0.216549 0.976272
    outer loop
      vertex 17 24.8188 2.82385
      vertex 12 24.8784 2.81063
      vertex 12 24.8188 2.82385
    endloop
  endfacet
  facet normal 0 0.923705 0.383104
    outer loop
      vertex 17 24.3656 3.20417
      vertex 12 24.3422 3.26059
      vertex 17 24.3422 3.26059
    endloop
  endfacet
  facet normal 0 0.923705 0.383104
    outer loop
      vertex 12 24.3422 3.26059
      vertex 17 24.3656 3.20417
      vertex 12 24.3656 3.20417
    endloop
  endfacet
  facet normal 0 0.991593 0.129395
    outer loop
      vertex 17 24.3106 3.37845
      vertex 12 24.3027 3.43899
      vertex 17 24.3027 3.43899
    endloop
  endfacet
  facet normal 0 0.991593 0.129395
    outer loop
      vertex 12 24.3027 3.43899
      vertex 17 24.3106 3.37845
      vertex 12 24.3106 3.37845
    endloop
  endfacet
  facet normal 0 0.737786 0.675034
    outer loop
      vertex 17 24.505 3.00502
      vertex 12 24.4638 3.05005
      vertex 17 24.4638 3.05005
    endloop
  endfacet
  facet normal 0 0.737786 0.675034
    outer loop
      vertex 12 24.4638 3.05005
      vertex 17 24.505 3.00502
      vertex 12 24.505 3.00502
    endloop
  endfacet
  facet normal 0 0.843459 0.537193
    outer loop
      vertex 17 24.4266 3.0985
      vertex 12 24.3938 3.15
      vertex 17 24.3938 3.15
    endloop
  endfacet
  facet normal 0 0.843459 0.537193
    outer loop
      vertex 12 24.3938 3.15
      vertex 17 24.4266 3.0985
      vertex 12 24.4266 3.0985
    endloop
  endfacet
  facet normal -0 0.675725 0.737154
    outer loop
      vertex 12 24.55 2.96377
      vertex 17 24.505 3.00502
      vertex 17 24.55 2.96377
    endloop
  endfacet
  facet normal 0 0.675725 0.737154
    outer loop
      vertex 17 24.505 3.00502
      vertex 12 24.55 2.96377
      vertex 12 24.505 3.00502
    endloop
  endfacet
  facet normal 0 -0.97601 -0.217728
    outer loop
      vertex 12 25.6894 3.62155
      vertex 17 25.6761 3.68117
      vertex 12 25.6761 3.68117
    endloop
  endfacet
  facet normal 0 -0.97601 -0.217728
    outer loop
      vertex 17 25.6761 3.68117
      vertex 12 25.6894 3.62155
      vertex 17 25.6894 3.62155
    endloop
  endfacet
  facet normal 0 -0.3828 -0.923831
    outer loop
      vertex 12 25.2394 4.15778
      vertex 17 25.2958 4.13441
      vertex 17 25.2394 4.15778
    endloop
  endfacet
  facet normal -0 -0.3828 -0.923831
    outer loop
      vertex 17 25.2958 4.13441
      vertex 12 25.2394 4.15778
      vertex 12 25.2958 4.13441
    endloop
  endfacet
  facet normal 0 -0.46143 -0.887177
    outer loop
      vertex 12 25.2958 4.13441
      vertex 17 25.35 4.10622
      vertex 17 25.2958 4.13441
    endloop
  endfacet
  facet normal -0 -0.46143 -0.887177
    outer loop
      vertex 17 25.35 4.10622
      vertex 12 25.2958 4.13441
      vertex 12 25.35 4.10622
    endloop
  endfacet
  facet normal 0 0.999022 -0.0442118
    outer loop
      vertex 17 24.3 3.5
      vertex 12 24.3027 3.56101
      vertex 17 24.3027 3.56101
    endloop
  endfacet
  facet normal 0 0.999022 -0.0442118
    outer loop
      vertex 12 24.3027 3.56101
      vertex 17 24.3 3.5
      vertex 12 24.3 3.5
    endloop
  endfacet
  facet normal 0 0.887005 -0.46176
    outer loop
      vertex 17 24.3656 3.79583
      vertex 12 24.3938 3.85
      vertex 17 24.3938 3.85
    endloop
  endfacet
  facet normal 0 0.887005 -0.46176
    outer loop
      vertex 12 24.3938 3.85
      vertex 17 24.3656 3.79583
      vertex 12 24.3656 3.79583
    endloop
  endfacet
  facet normal 0 0.923705 -0.383104
    outer loop
      vertex 17 24.3422 3.73941
      vertex 12 24.3656 3.79583
      vertex 17 24.3656 3.79583
    endloop
  endfacet
  facet normal 0 0.923705 -0.383104
    outer loop
      vertex 12 24.3656 3.79583
      vertex 17 24.3422 3.73941
      vertex 12 24.3422 3.73941
    endloop
  endfacet
  facet normal 0 0.216549 -0.976272
    outer loop
      vertex 12 24.8188 4.17615
      vertex 17 24.8784 4.18937
      vertex 17 24.8188 4.17615
    endloop
  endfacet
  facet normal 0 0.216549 -0.976272
    outer loop
      vertex 17 24.8784 4.18937
      vertex 12 24.8188 4.17615
      vertex 12 24.8784 4.18937
    endloop
  endfacet
  facet normal 0 -0.991593 0.129395
    outer loop
      vertex 12 25.6894 3.37845
      vertex 17 25.6973 3.43899
      vertex 12 25.6973 3.43899
    endloop
  endfacet
  facet normal 0 -0.991593 0.129395
    outer loop
      vertex 17 25.6973 3.43899
      vertex 12 25.6894 3.37845
      vertex 17 25.6894 3.37845
    endloop
  endfacet
  facet normal 0 -0.216549 0.976272
    outer loop
      vertex 12 25.1812 2.82385
      vertex 17 25.1216 2.81063
      vertex 17 25.1812 2.82385
    endloop
  endfacet
  facet normal 0 -0.216549 0.976272
    outer loop
      vertex 17 25.1216 2.81063
      vertex 12 25.1812 2.82385
      vertex 12 25.1216 2.81063
    endloop
  endfacet
  facet normal 0 -0.461559 0.88711
    outer loop
      vertex 12 25.35 2.89378
      vertex 17 25.2958 2.86558
      vertex 17 25.35 2.89378
    endloop
  endfacet
  facet normal 0 -0.461559 0.88711
    outer loop
      vertex 17 25.2958 2.86558
      vertex 12 25.35 2.89378
      vertex 12 25.2958 2.86558
    endloop
  endfacet
  facet normal 0 -0.608397 0.793633
    outer loop
      vertex 12 25.45 2.96377
      vertex 17 25.4015 2.92659
      vertex 17 25.45 2.96377
    endloop
  endfacet
  facet normal 0 -0.608397 0.793633
    outer loop
      vertex 17 25.4015 2.92659
      vertex 12 25.45 2.96377
      vertex 12 25.4015 2.92659
    endloop
  endfacet
  facet normal -0 0.130395 0.991462
    outer loop
      vertex 12 24.939 2.80266
      vertex 17 24.8784 2.81063
      vertex 17 24.939 2.80266
    endloop
  endfacet
  facet normal 0 0.130395 0.991462
    outer loop
      vertex 17 24.8784 2.81063
      vertex 12 24.939 2.80266
      vertex 12 24.8784 2.81063
    endloop
  endfacet
  facet normal -0 0.461559 0.88711
    outer loop
      vertex 12 24.7042 2.86558
      vertex 17 24.65 2.89378
      vertex 17 24.7042 2.86558
    endloop
  endfacet
  facet normal 0 0.461559 0.88711
    outer loop
      vertex 17 24.65 2.89378
      vertex 12 24.7042 2.86558
      vertex 12 24.65 2.89378
    endloop
  endfacet
  facet normal -0 0.53731 0.843385
    outer loop
      vertex 12 24.65 2.89378
      vertex 17 24.5985 2.92659
      vertex 17 24.65 2.89378
    endloop
  endfacet
  facet normal 0 0.53731 0.843385
    outer loop
      vertex 17 24.5985 2.92659
      vertex 12 24.65 2.89378
      vertex 12 24.5985 2.92659
    endloop
  endfacet
  facet normal 0 0.887005 0.46176
    outer loop
      vertex 17 24.3938 3.15
      vertex 12 24.3656 3.20417
      vertex 17 24.3656 3.20417
    endloop
  endfacet
  facet normal 0 0.887005 0.46176
    outer loop
      vertex 12 24.3656 3.20417
      vertex 17 24.3938 3.15
      vertex 12 24.3938 3.15
    endloop
  endfacet
  facet normal 0 0.97601 0.217728
    outer loop
      vertex 17 24.3239 3.31883
      vertex 12 24.3106 3.37845
      vertex 17 24.3106 3.37845
    endloop
  endfacet
  facet normal 0 0.97601 0.217728
    outer loop
      vertex 12 24.3106 3.37845
      vertex 17 24.3239 3.31883
      vertex 12 24.3239 3.31883
    endloop
  endfacet
  facet normal 0 0.793171 0.608998
    outer loop
      vertex 17 24.4638 3.05005
      vertex 12 24.4266 3.0985
      vertex 17 24.4266 3.0985
    endloop
  endfacet
  facet normal 0 0.793171 0.608998
    outer loop
      vertex 12 24.4266 3.0985
      vertex 17 24.4638 3.05005
      vertex 12 24.4638 3.05005
    endloop
  endfacet
  facet normal 0 -0.923705 0.383104
    outer loop
      vertex 12 25.6344 3.20417
      vertex 17 25.6578 3.26059
      vertex 12 25.6578 3.26059
    endloop
  endfacet
  facet normal 0 -0.923705 0.383104
    outer loop
      vertex 17 25.6578 3.26059
      vertex 12 25.6344 3.20417
      vertex 17 25.6344 3.20417
    endloop
  endfacet
  facet normal 0 -0.887005 0.46176
    outer loop
      vertex 12 25.6062 3.15
      vertex 17 25.6344 3.20417
      vertex 12 25.6344 3.20417
    endloop
  endfacet
  facet normal 0 -0.887005 0.46176
    outer loop
      vertex 17 25.6344 3.20417
      vertex 12 25.6062 3.15
      vertex 17 25.6062 3.15
    endloop
  endfacet
  facet normal 0 -0.300849 0.953672
    outer loop
      vertex 12 25.2394 2.84221
      vertex 17 25.1812 2.82385
      vertex 17 25.2394 2.84221
    endloop
  endfacet
  facet normal 0 -0.300849 0.953672
    outer loop
      vertex 17 25.1812 2.82385
      vertex 12 25.2394 2.84221
      vertex 12 25.1812 2.82385
    endloop
  endfacet
  facet normal -0 0.3828 0.923831
    outer loop
      vertex 12 24.7606 2.84221
      vertex 17 24.7042 2.86558
      vertex 17 24.7606 2.84221
    endloop
  endfacet
  facet normal 0 0.3828 0.923831
    outer loop
      vertex 17 24.7042 2.86558
      vertex 12 24.7606 2.84221
      vertex 12 24.7042 2.86558
    endloop
  endfacet
  facet normal 0 0.954012 0.299767
    outer loop
      vertex 17 24.3422 3.26059
      vertex 12 24.3239 3.31883
      vertex 17 24.3239 3.31883
    endloop
  endfacet
  facet normal 0 0.954012 0.299767
    outer loop
      vertex 12 24.3239 3.31883
      vertex 17 24.3422 3.26059
      vertex 12 24.3422 3.26059
    endloop
  endfacet
  facet normal 0 -0.843459 0.537193
    outer loop
      vertex 12 25.5734 3.0985
      vertex 17 25.6062 3.15
      vertex 12 25.6062 3.15
    endloop
  endfacet
  facet normal 0 -0.843459 0.537193
    outer loop
      vertex 17 25.6062 3.15
      vertex 12 25.5734 3.0985
      vertex 17 25.5734 3.0985
    endloop
  endfacet
  facet normal 0 -0.0436198 -0.999048
    outer loop
      vertex 12 23.5 2.5
      vertex 17 27.422 2.32876
      vertex 17 23.5 2.5
    endloop
  endfacet
  facet normal -0 -0.0436198 -0.999048
    outer loop
      vertex 17 27.422 2.32876
      vertex 12 23.5 2.5
      vertex 12 27.422 2.32876
    endloop
  endfacet
  facet normal -9.55676e-07 0.0436181 -0.999048
    outer loop
      vertex 16.7589 21.1713 2.39833
      vertex 17 23.5 2.5
      vertex 17 21.0719 2.39399
    endloop
  endfacet
  facet normal 4.39085e-05 0.0436135 -0.999048
    outer loop
      vertex 16.6837 21.2023 2.39968
      vertex 17 23.5 2.5
      vertex 16.7589 21.1713 2.39833
    endloop
  endfacet
  facet normal 6.56072e-05 0.0436105 -0.999049
    outer loop
      vertex 16.6059 21.2267 2.40074
      vertex 17 23.5 2.5
      vertex 16.6837 21.2023 2.39968
    endloop
  endfacet
  facet normal -6.48769e-06 0.043623 -0.999048
    outer loop
      vertex 15.7756 21.4872 2.41212
      vertex 17 23.5 2.5
      vertex 16.6059 21.2267 2.40074
    endloop
  endfacet
  facet normal 3.0631e-05 0.0436004 -0.999049
    outer loop
      vertex 15.6953 21.5049 2.41289
      vertex 17 23.5 2.5
      vertex 15.7756 21.4872 2.41212
    endloop
  endfacet
  facet normal -2.17262e-06 0.0436218 -0.999048
    outer loop
      vertex 14.8463 21.6922 2.42107
      vertex 17 23.5 2.5
      vertex 15.6953 21.5049 2.41289
    endloop
  endfacet
  facet normal -6.97657e-07 0.0436201 -0.999048
    outer loop
      vertex 13.9851 21.8051 2.426
      vertex 17 23.5 2.5
      vertex 14.8463 21.6922 2.42107
    endloop
  endfacet
  facet normal 2.20096e-05 0.0436446 -0.999047
    outer loop
      vertex 12 23.5 2.5
      vertex 13.9851 21.8051 2.426
      vertex 13.9029 21.8159 2.42647
    endloop
  endfacet
  facet normal -3.57294e-05 0.0435795 -0.99905
    outer loop
      vertex 12 23.5 2.5
      vertex 13.9029 21.8159 2.42647
      vertex 13.82 21.8195 2.42663
    endloop
  endfacet
  facet normal 7.21141e-06 0.0436259 -0.999048
    outer loop
      vertex 12 23.5 2.5
      vertex 13.82 21.8195 2.42663
      vertex 12.9524 21.8572 2.42827
    endloop
  endfacet
  facet normal 0 0.0436217 -0.999048
    outer loop
      vertex 12 23.5 2.5
      vertex 12.9524 21.8572 2.42827
      vertex 12 21.8572 2.42827
    endloop
  endfacet
  facet normal 0 0.0436188 -0.999048
    outer loop
      vertex 13.9851 21.8051 2.426
      vertex 12 23.5 2.5
      vertex 17 23.5 2.5
    endloop
  endfacet
  facet normal 0 -0.130517 -0.991446
    outer loop
      vertex 12 27.422 2.32876
      vertex 17 27.7415 2.2867
      vertex 17 27.422 2.32876
    endloop
  endfacet
  facet normal -0 -0.130517 -0.991446
    outer loop
      vertex 17 27.7415 2.2867
      vertex 12 27.422 2.32876
      vertex 12 27.7415 2.2867
    endloop
  endfacet
  facet normal -0 0.102566 0.994726
    outer loop
      vertex -12.8282 -21.4847 6.15308
      vertex -12 -24.7385 6.48858
      vertex -12 -21.4847 6.15308
    endloop
  endfacet
  facet normal 7.34365e-06 0.102568 0.994726
    outer loop
      vertex -13.4579 -21.4575 6.15028
      vertex -12 -24.7385 6.48858
      vertex -12.8282 -21.4847 6.15308
    endloop
  endfacet
  facet normal 3.5113e-07 0.102565 0.994726
    outer loop
      vertex -13.7572 -21.4446 6.14895
      vertex -12 -24.7385 6.48858
      vertex -13.4579 -21.4575 6.15028
    endloop
  endfacet
  facet normal 1.11543e-06 0.102566 0.994726
    outer loop
      vertex -14.054 -21.4059 6.14496
      vertex -12 -24.7385 6.48858
      vertex -13.7572 -21.4446 6.14895
    endloop
  endfacet
  facet normal 4.78895e-06 0.102561 0.994727
    outer loop
      vertex -17 -24.7385 6.48858
      vertex -14.054 -21.4059 6.14496
      vertex -14.6794 -21.3244 6.13656
    endloop
  endfacet
  facet normal 1.09706e-06 0.102563 0.994726
    outer loop
      vertex -17 -24.7385 6.48858
      vertex -14.6794 -21.3244 6.13656
      vertex -15.297 -21.189 6.1226
    endloop
  endfacet
  facet normal -5.38699e-06 0.102566 0.994726
    outer loop
      vertex -17 -24.7385 6.48858
      vertex -15.297 -21.189 6.1226
      vertex -15.5882 -21.1252 6.11602
    endloop
  endfacet
  facet normal -5.624e-06 0.102566 0.994726
    outer loop
      vertex -17 -24.7385 6.48858
      vertex -15.5882 -21.1252 6.11602
      vertex -16.1934 -20.9366 6.09657
    endloop
  endfacet
  facet normal 1.48985e-05 0.102562 0.994727
    outer loop
      vertex -17 -24.7385 6.48858
      vertex -16.1934 -20.9366 6.09657
      vertex -16.4766 -20.8483 6.08747
    endloop
  endfacet
  facet normal -8.78333e-06 0.102565 0.994726
    outer loop
      vertex -17 -24.7385 6.48858
      vertex -16.4766 -20.8483 6.08747
      vertex -16.75 -20.7365 6.07594
    endloop
  endfacet
  facet normal -7.78273e-06 0.102565 0.994726
    outer loop
      vertex -17 -24.7385 6.48858
      vertex -16.75 -20.7365 6.07594
      vertex -17 -20.6342 6.06539
    endloop
  endfacet
  facet normal 0 0.102565 0.994726
    outer loop
      vertex -14.054 -21.4059 6.14496
      vertex -17 -24.7385 6.48858
      vertex -12 -24.7385 6.48858
    endloop
  endfacet
  facet normal -0 0.0436295 0.999048
    outer loop
      vertex -17 -24.7385 6.48858
      vertex -12 -25 6.5
      vertex -12 -24.7385 6.48858
    endloop
  endfacet
  facet normal 0 0.0436295 0.999048
    outer loop
      vertex -12 -25 6.5
      vertex -17 -24.7385 6.48858
      vertex -17 -25 6.5
    endloop
  endfacet
  facet normal 0 -0.923805 -0.382863
    outer loop
      vertex -17 -27.7415 2.2867
      vertex -12 -27.8191 2.47394
      vertex -17 -27.8191 2.47394
    endloop
  endfacet
  facet normal 0 -0.923805 -0.382863
    outer loop
      vertex -12 -27.8191 2.47394
      vertex -17 -27.7415 2.2867
      vertex -12 -27.7415 2.2867
    endloop
  endfacet
  facet normal 0 -0.53735 0.843359
    outer loop
      vertex -17 -26.5 6.09808
      vertex -12 -26.7207 5.95746
      vertex -12 -26.5 6.09808
    endloop
  endfacet
  facet normal 0 -0.53735 0.843359
    outer loop
      vertex -12 -26.7207 5.95746
      vertex -17 -26.5 6.09808
      vertex -17 -26.7207 5.95746
    endloop
  endfacet
  facet normal 0 -0.843427 0.537244
    outer loop
      vertex -17 -27.5981 5
      vertex -12 -27.4575 5.22073
      vertex -17 -27.4575 5.22073
    endloop
  endfacet
  facet normal 0 -0.843427 0.537244
    outer loop
      vertex -12 -27.4575 5.22073
      vertex -17 -27.5981 5
      vertex -12 -27.5981 5
    endloop
  endfacet
  facet normal 0 -0.999051 -0.0435583
    outer loop
      vertex -17 -27.9886 3.23853
      vertex -12 -28 3.5
      vertex -17 -28 3.5
    endloop
  endfacet
  facet normal 0 -0.999051 -0.0435583
    outer loop
      vertex -12 -28 3.5
      vertex -17 -27.9886 3.23853
      vertex -12 -27.9886 3.23853
    endloop
  endfacet
  facet normal 0 -0.976334 -0.216267
    outer loop
      vertex -17 -27.8978 2.72354
      vertex -12 -27.9544 2.97906
      vertex -17 -27.9544 2.97906
    endloop
  endfacet
  facet normal 0 -0.976334 -0.216267
    outer loop
      vertex -12 -27.9544 2.97906
      vertex -17 -27.8978 2.72354
      vertex -12 -27.8978 2.72354
    endloop
  endfacet
  facet normal 0 -0.675693 0.737183
    outer loop
      vertex -17 -26.9284 5.79813
      vertex -12 -27.1213 5.62132
      vertex -12 -26.9284 5.79813
    endloop
  endfacet
  facet normal 0 -0.675693 0.737183
    outer loop
      vertex -12 -27.1213 5.62132
      vertex -17 -26.9284 5.79813
      vertex -17 -27.1213 5.62132
    endloop
  endfacet
  facet normal 0 -0.300711 0.953715
    outer loop
      vertex -17 -25.7765 6.39778
      vertex -12 -26.0261 6.31908
      vertex -12 -25.7765 6.39778
    endloop
  endfacet
  facet normal 0 -0.300711 0.953715
    outer loop
      vertex -12 -26.0261 6.31908
      vertex -17 -25.7765 6.39778
      vertex -17 -26.0261 6.31908
    endloop
  endfacet
  facet normal 0 -0.461798 0.886985
    outer loop
      vertex -17 -26.2679 6.21892
      vertex -12 -26.5 6.09808
      vertex -12 -26.2679 6.21892
    endloop
  endfacet
  facet normal 0 -0.461798 0.886985
    outer loop
      vertex -12 -26.5 6.09808
      vertex -17 -26.2679 6.21892
      vertex -17 -26.5 6.09808
    endloop
  endfacet
  facet normal 0 -0.216348 0.976316
    outer loop
      vertex -17 -25.5209 6.45442
      vertex -12 -25.7765 6.39778
      vertex -12 -25.5209 6.45442
    endloop
  endfacet
  facet normal 0 -0.216348 0.976316
    outer loop
      vertex -12 -25.7765 6.39778
      vertex -17 -25.5209 6.45442
      vertex -17 -25.7765 6.39778
    endloop
  endfacet
  facet normal 1 -0 0
    outer loop
      vertex -12 -24.3422 3.73941
      vertex -12 -21.8572 2.42827
      vertex -12 -21.4847 6.15308
    endloop
  endfacet
  facet normal 1 -0 -0
    outer loop
      vertex -12 -24.3106 3.62155
      vertex -12 -21.8572 2.42827
      vertex -12 -24.3239 3.68117
    endloop
  endfacet
  facet normal 1 0 0
    outer loop
      vertex -12 -23.5 2.5
      vertex -12 -24.3027 3.56101
      vertex -12 -24.3 3.5
    endloop
  endfacet
  facet normal 1 0 0
    outer loop
      vertex -12 -23.5 2.5
      vertex -12 -24.3106 3.62155
      vertex -12 -24.3027 3.56101
    endloop
  endfacet
  facet normal 1 0 0
    outer loop
      vertex -12 -21.8572 2.42827
      vertex -12 -24.3106 3.62155
      vertex -12 -23.5 2.5
    endloop
  endfacet
  facet normal 1 0 0
    outer loop
      vertex -12 -21.8572 2.42827
      vertex -12 -24.3422 3.73941
      vertex -12 -24.3239 3.68117
    endloop
  endfacet
  facet normal 1 0 0
    outer loop
      vertex -12 -21.4847 6.15308
      vertex -12 -24.3656 3.79583
      vertex -12 -24.3422 3.73941
    endloop
  endfacet
  facet normal 1 0 0
    outer loop
      vertex -12 -21.4847 6.15308
      vertex -12 -24.3938 3.85
      vertex -12 -24.3656 3.79583
    endloop
  endfacet
  facet normal 1 0 0
    outer loop
      vertex -12 -21.4847 6.15308
      vertex -12 -24.4266 3.9015
      vertex -12 -24.3938 3.85
    endloop
  endfacet
  facet normal 1 0 0
    outer loop
      vertex -12 -21.4847 6.15308
      vertex -12 -24.4638 3.94995
      vertex -12 -24.4266 3.9015
    endloop
  endfacet
  facet normal 1 0 0
    outer loop
      vertex -12 -21.4847 6.15308
      vertex -12 -24.505 3.99497
      vertex -12 -24.4638 3.94995
    endloop
  endfacet
  facet normal 1 0 0
    outer loop
      vertex -12 -24.7385 6.48858
      vertex -12 -24.505 3.99497
      vertex -12 -21.4847 6.15308
    endloop
  endfacet
  facet normal 1 0 0
    outer loop
      vertex -12 -24.505 3.99497
      vertex -12 -24.7385 6.48858
      vertex -12 -24.55 4.03623
    endloop
  endfacet
  facet normal 1 0 0
    outer loop
      vertex -12 -24.55 4.03623
      vertex -12 -24.7385 6.48858
      vertex -12 -24.5985 4.07341
    endloop
  endfacet
  facet normal 1 0 0
    outer loop
      vertex -12 -24.5985 4.07341
      vertex -12 -24.7385 6.48858
      vertex -12 -24.65 4.10622
    endloop
  endfacet
  facet normal 1 0 0
    outer loop
      vertex -12 -24.65 4.10622
      vertex -12 -24.7385 6.48858
      vertex -12 -24.7042 4.13441
    endloop
  endfacet
  facet normal 1 0 0
    outer loop
      vertex -12 -24.7385 6.48858
      vertex -12 -24.7606 4.15778
      vertex -12 -24.7042 4.13441
    endloop
  endfacet
  facet normal 1 0 0
    outer loop
      vertex -12 -24.7385 6.48858
      vertex -12 -24.8188 4.17615
      vertex -12 -24.7606 4.15778
    endloop
  endfacet
  facet normal 1 0 0
    outer loop
      vertex -12 -24.7385 6.48858
      vertex -12 -24.8784 4.18937
      vertex -12 -24.8188 4.17615
    endloop
  endfacet
  facet normal 1 0 0
    outer loop
      vertex -12 -24.7385 6.48858
      vertex -12 -24.939 4.19734
      vertex -12 -24.8784 4.18937
    endloop
  endfacet
  facet normal 1 0 0
    outer loop
      vertex -12 -25 6.5
      vertex -12 -24.939 4.19734
      vertex -12 -24.7385 6.48858
    endloop
  endfacet
  facet normal 1 0 0
    outer loop
      vertex -12 -25 6.5
      vertex -12 -25 4.2
      vertex -12 -24.939 4.19734
    endloop
  endfacet
  facet normal 1 0 0
    outer loop
      vertex -12 -25 6.5
      vertex -12 -25.061 4.19734
      vertex -12 -25 4.2
    endloop
  endfacet
  facet normal 1 -0 0
    outer loop
      vertex -12 -25.2615 6.48858
      vertex -12 -25.061 4.19734
      vertex -12 -25 6.5
    endloop
  endfacet
  facet normal 1 0 0
    outer loop
      vertex -12 -25.061 4.19734
      vertex -12 -25.2615 6.48858
      vertex -12 -25.1216 4.18937
    endloop
  endfacet
  facet normal 1 -0 0
    outer loop
      vertex -12 -25.5209 6.45442
      vertex -12 -25.1216 4.18937
      vertex -12 -25.2615 6.48858
    endloop
  endfacet
  facet normal 1 0 0
    outer loop
      vertex -12 -25.1216 4.18937
      vertex -12 -25.5209 6.45442
      vertex -12 -25.1812 4.17615
    endloop
  endfacet
  facet normal 1 -0 0
    outer loop
      vertex -12 -25.7765 6.39778
      vertex -12 -25.1812 4.17615
      vertex -12 -25.5209 6.45442
    endloop
  endfacet
  facet normal 1 0 0
    outer loop
      vertex -12 -25.1812 4.17615
      vertex -12 -25.7765 6.39778
      vertex -12 -25.2394 4.15778
    endloop
  endfacet
  facet normal 1 -0 0
    outer loop
      vertex -12 -26.0261 6.31908
      vertex -12 -25.2394 4.15778
      vertex -12 -25.7765 6.39778
    endloop
  endfacet
  facet normal 1 0 0
    outer loop
      vertex -12 -25.2394 4.15778
      vertex -12 -26.0261 6.31908
      vertex -12 -25.2958 4.13441
    endloop
  endfacet
  facet normal 1 -0 0
    outer loop
      vertex -12 -26.2679 6.21892
      vertex -12 -25.2958 4.13441
      vertex -12 -26.0261 6.31908
    endloop
  endfacet
  facet normal 1 0 0
    outer loop
      vertex -12 -25.2958 4.13441
      vertex -12 -26.2679 6.21892
      vertex -12 -25.35 4.10622
    endloop
  endfacet
  facet normal 1 -0 0
    outer loop
      vertex -12 -26.5 6.09808
      vertex -12 -25.35 4.10622
      vertex -12 -26.2679 6.21892
    endloop
  endfacet
  facet normal 1 0 0
    outer loop
      vertex -12 -25.35 4.10622
      vertex -12 -26.5 6.09808
      vertex -12 -25.4015 4.07341
    endloop
  endfacet
  facet normal 1 -0 0
    outer loop
      vertex -12 -26.7207 5.95746
      vertex -12 -25.4015 4.07341
      vertex -12 -26.5 6.09808
    endloop
  endfacet
  facet normal 1 0 0
    outer loop
      vertex -12 -25.4015 4.07341
      vertex -12 -26.7207 5.95746
      vertex -12 -25.45 4.03623
    endloop
  endfacet
  facet normal 1 -0 0
    outer loop
      vertex -12 -26.9284 5.79813
      vertex -12 -25.45 4.03623
      vertex -12 -26.7207 5.95746
    endloop
  endfacet
  facet normal 1 0 0
    outer loop
      vertex -12 -25.45 4.03623
      vertex -12 -26.9284 5.79813
      vertex -12 -25.495 3.99497
    endloop
  endfacet
  facet normal 1 -0 0
    outer loop
      vertex -12 -27.1213 5.62132
      vertex -12 -25.495 3.99497
      vertex -12 -26.9284 5.79813
    endloop
  endfacet
  facet normal 1 0 0
    outer loop
      vertex -12 -25.495 3.99497
      vertex -12 -27.1213 5.62132
      vertex -12 -25.5362 3.94995
    endloop
  endfacet
  facet normal 1 0 0
    outer loop
      vertex -12 -25.5362 3.94995
      vertex -12 -27.2981 5.42836
      vertex -12 -25.5734 3.9015
    endloop
  endfacet
  facet normal 1 -0 0
    outer loop
      vertex -12 -27.2981 5.42836
      vertex -12 -25.5362 3.94995
      vertex -12 -27.1213 5.62132
    endloop
  endfacet
  facet normal 1 -0 0
    outer loop
      vertex -12 -24.3027 3.43899
      vertex -12 -23.5 2.5
      vertex -12 -24.3 3.5
    endloop
  endfacet
  facet normal 1 -0 0
    outer loop
      vertex -12 -24.3106 3.37845
      vertex -12 -23.5 2.5
      vertex -12 -24.3027 3.43899
    endloop
  endfacet
  facet normal 1 -0 0
    outer loop
      vertex -12 -24.3239 3.31883
      vertex -12 -23.5 2.5
      vertex -12 -24.3106 3.37845
    endloop
  endfacet
  facet normal 1 -0 0
    outer loop
      vertex -12 -24.3422 3.26059
      vertex -12 -23.5 2.5
      vertex -12 -24.3239 3.31883
    endloop
  endfacet
  facet normal 1 -0 0
    outer loop
      vertex -12 -24.3656 3.20417
      vertex -12 -23.5 2.5
      vertex -12 -24.3422 3.26059
    endloop
  endfacet
  facet normal 1 -0 0
    outer loop
      vertex -12 -24.3938 3.15
      vertex -12 -23.5 2.5
      vertex -12 -24.3656 3.20417
    endloop
  endfacet
  facet normal 1 -0 0
    outer loop
      vertex -12 -24.4266 3.0985
      vertex -12 -23.5 2.5
      vertex -12 -24.3938 3.15
    endloop
  endfacet
  facet normal 1 -0 0
    outer loop
      vertex -12 -24.4638 3.05005
      vertex -12 -23.5 2.5
      vertex -12 -24.4266 3.0985
    endloop
  endfacet
  facet normal 1 -0 0
    outer loop
      vertex -12 -24.505 3.00502
      vertex -12 -23.5 2.5
      vertex -12 -24.4638 3.05005
    endloop
  endfacet
  facet normal 1 -0 0
    outer loop
      vertex -12 -24.55 2.96377
      vertex -12 -23.5 2.5
      vertex -12 -24.505 3.00502
    endloop
  endfacet
  facet normal 1 -0 0
    outer loop
      vertex -12 -24.5985 2.92659
      vertex -12 -23.5 2.5
      vertex -12 -24.55 2.96377
    endloop
  endfacet
  facet normal 1 -0 0
    outer loop
      vertex -12 -24.65 2.89378
      vertex -12 -23.5 2.5
      vertex -12 -24.5985 2.92659
    endloop
  endfacet
  facet normal 1 -0 0
    outer loop
      vertex -12 -24.7042 2.86558
      vertex -12 -23.5 2.5
      vertex -12 -24.65 2.89378
    endloop
  endfacet
  facet normal 1 -0 0
    outer loop
      vertex -12 -24.7606 2.84221
      vertex -12 -23.5 2.5
      vertex -12 -24.7042 2.86558
    endloop
  endfacet
  facet normal 1 -0 0
    outer loop
      vertex -12 -24.8188 2.82385
      vertex -12 -23.5 2.5
      vertex -12 -24.7606 2.84221
    endloop
  endfacet
  facet normal 1 -0 0
    outer loop
      vertex -12 -24.8784 2.81063
      vertex -12 -23.5 2.5
      vertex -12 -24.8188 2.82385
    endloop
  endfacet
  facet normal 1 -0 0
    outer loop
      vertex -12 -24.939 2.80266
      vertex -12 -23.5 2.5
      vertex -12 -24.8784 2.81063
    endloop
  endfacet
  facet normal 1 -0 0
    outer loop
      vertex -12 -25 2.8
      vertex -12 -23.5 2.5
      vertex -12 -24.939 2.80266
    endloop
  endfacet
  facet normal 1 0 0
    outer loop
      vertex -12 -25.061 2.80266
      vertex -12 -23.5 2.5
      vertex -12 -25 2.8
    endloop
  endfacet
  facet normal 1 0 0
    outer loop
      vertex -12 -27.422 2.32876
      vertex -12 -25.061 2.80266
      vertex -12 -25.1216 2.81063
    endloop
  endfacet
  facet normal 1 -0 0
    outer loop
      vertex -12 -27.4575 5.22073
      vertex -12 -25.5734 3.9015
      vertex -12 -27.2981 5.42836
    endloop
  endfacet
  facet normal 1 0 0
    outer loop
      vertex -12 -25.5734 3.9015
      vertex -12 -27.4575 5.22073
      vertex -12 -25.6062 3.85
    endloop
  endfacet
  facet normal 1 -0 0
    outer loop
      vertex -12 -27.5981 5
      vertex -12 -25.6062 3.85
      vertex -12 -27.4575 5.22073
    endloop
  endfacet
  facet normal 1 0 0
    outer loop
      vertex -12 -25.6062 3.85
      vertex -12 -27.5981 5
      vertex -12 -25.6344 3.79583
    endloop
  endfacet
  facet normal 1 -0 0
    outer loop
      vertex -12 -27.7189 4.76785
      vertex -12 -25.6344 3.79583
      vertex -12 -27.5981 5
    endloop
  endfacet
  facet normal 1 0 0
    outer loop
      vertex -12 -25.6344 3.79583
      vertex -12 -27.7189 4.76785
      vertex -12 -25.6578 3.73941
    endloop
  endfacet
  facet normal 1 -0 0
    outer loop
      vertex -12 -27.8191 4.52606
      vertex -12 -25.6578 3.73941
      vertex -12 -27.7189 4.76785
    endloop
  endfacet
  facet normal 1 0 0
    outer loop
      vertex -12 -25.6578 3.73941
      vertex -12 -27.8191 4.52606
      vertex -12 -25.6761 3.68117
    endloop
  endfacet
  facet normal 1 -0 0
    outer loop
      vertex -12 -27.8978 4.27646
      vertex -12 -25.6761 3.68117
      vertex -12 -27.8191 4.52606
    endloop
  endfacet
  facet normal 1 0 0
    outer loop
      vertex -12 -25.6761 3.68117
      vertex -12 -27.8978 4.27646
      vertex -12 -25.6894 3.62155
    endloop
  endfacet
  facet normal 1 -0 0
    outer loop
      vertex -12 -27.9544 4.02094
      vertex -12 -25.6894 3.62155
      vertex -12 -27.8978 4.27646
    endloop
  endfacet
  facet normal 1 0 0
    outer loop
      vertex -12 -25.6894 3.62155
      vertex -12 -27.9544 4.02094
      vertex -12 -25.6973 3.56101
    endloop
  endfacet
  facet normal 1 -0 0
    outer loop
      vertex -12 -27.9886 3.76147
      vertex -12 -25.6973 3.56101
      vertex -12 -27.9544 4.02094
    endloop
  endfacet
  facet normal 1 0 0
    outer loop
      vertex -12 -25.6973 3.56101
      vertex -12 -27.9886 3.76147
      vertex -12 -25.7 3.5
    endloop
  endfacet
  facet normal 1 0 0
    outer loop
      vertex -12 -25.061 2.80266
      vertex -12 -27.422 2.32876
      vertex -12 -23.5 2.5
    endloop
  endfacet
  facet normal 1 0 0
    outer loop
      vertex -12 -25.1812 2.82385
      vertex -12 -27.422 2.32876
      vertex -12 -25.1216 2.81063
    endloop
  endfacet
  facet normal 1 0 0
    outer loop
      vertex -12 -25.2394 2.84221
      vertex -12 -27.422 2.32876
      vertex -12 -25.1812 2.82385
    endloop
  endfacet
  facet normal 1 0 0
    outer loop
      vertex -12 -25.2958 2.86558
      vertex -12 -27.422 2.32876
      vertex -12 -25.2394 2.84221
    endloop
  endfacet
  facet normal 1 0 0
    outer loop
      vertex -12 -25.35 2.89378
      vertex -12 -27.422 2.32876
      vertex -12 -25.2958 2.86558
    endloop
  endfacet
  facet normal 1 0 0
    outer loop
      vertex -12 -25.4015 2.92659
      vertex -12 -27.422 2.32876
      vertex -12 -25.35 2.89378
    endloop
  endfacet
  facet normal 1 0 0
    outer loop
      vertex -12 -25.45 2.96377
      vertex -12 -27.422 2.32876
      vertex -12 -25.4015 2.92659
    endloop
  endfacet
  facet normal 1 0 0
    outer loop
      vertex -12 -25.495 3.00502
      vertex -12 -27.422 2.32876
      vertex -12 -25.45 2.96377
    endloop
  endfacet
  facet normal 1 0 0
    outer loop
      vertex -12 -25.5362 3.05005
      vertex -12 -27.422 2.32876
      vertex -12 -25.495 3.00502
    endloop
  endfacet
  facet normal 1 0 0
    outer loop
      vertex -12 -25.5734 3.0985
      vertex -12 -27.422 2.32876
      vertex -12 -25.5362 3.05005
    endloop
  endfacet
  facet normal 1 0 0
    outer loop
      vertex -12 -28 3.5
      vertex -12 -25.7 3.5
      vertex -12 -27.9886 3.76147
    endloop
  endfacet
  facet normal 1 0 0
    outer loop
      vertex -12 -25.7 3.5
      vertex -12 -28 3.5
      vertex -12 -25.6973 3.43899
    endloop
  endfacet
  facet normal 1 0 -0
    outer loop
      vertex -12 -27.9886 3.23853
      vertex -12 -25.6973 3.43899
      vertex -12 -28 3.5
    endloop
  endfacet
  facet normal 1 0 -0
    outer loop
      vertex -12 -27.422 2.32876
      vertex -12 -25.6973 3.43899
      vertex -12 -27.9886 3.23853
    endloop
  endfacet
  facet normal 1 0 0
    outer loop
      vertex -12 -25.6973 3.43899
      vertex -12 -27.422 2.32876
      vertex -12 -25.6894 3.37845
    endloop
  endfacet
  facet normal 1 0 0
    outer loop
      vertex -12 -25.6894 3.37845
      vertex -12 -27.422 2.32876
      vertex -12 -25.6761 3.31883
    endloop
  endfacet
  facet normal 1 0 0
    outer loop
      vertex -12 -27.422 2.32876
      vertex -12 -27.8191 2.47394
      vertex -12 -27.7415 2.2867
    endloop
  endfacet
  facet normal 1 0 0
    outer loop
      vertex -12 -25.6761 3.31883
      vertex -12 -27.422 2.32876
      vertex -12 -25.6578 3.26059
    endloop
  endfacet
  facet normal 1 0 0
    outer loop
      vertex -12 -27.422 2.32876
      vertex -12 -27.8978 2.72354
      vertex -12 -27.8191 2.47394
    endloop
  endfacet
  facet normal 1 0 0
    outer loop
      vertex -12 -25.6578 3.26059
      vertex -12 -27.422 2.32876
      vertex -12 -25.6344 3.20417
    endloop
  endfacet
  facet normal 1 0 0
    outer loop
      vertex -12 -27.422 2.32876
      vertex -12 -27.9544 2.97906
      vertex -12 -27.8978 2.72354
    endloop
  endfacet
  facet normal 1 0 0
    outer loop
      vertex -12 -25.6344 3.20417
      vertex -12 -27.422 2.32876
      vertex -12 -25.6062 3.15
    endloop
  endfacet
  facet normal 1 0 0
    outer loop
      vertex -12 -27.422 2.32876
      vertex -12 -27.9886 3.23853
      vertex -12 -27.9544 2.97906
    endloop
  endfacet
  facet normal 1 0 0
    outer loop
      vertex -12 -25.6062 3.15
      vertex -12 -27.422 2.32876
      vertex -12 -25.5734 3.0985
    endloop
  endfacet
  facet normal -1 0 0
    outer loop
      vertex -17 -23.5 2.5
      vertex -17 -24.3027 3.43899
      vertex -17 -24.3 3.5
    endloop
  endfacet
  facet normal -1 0 0
    outer loop
      vertex -17 -23.5 2.5
      vertex -17 -24.3106 3.37845
      vertex -17 -24.3027 3.43899
    endloop
  endfacet
  facet normal -1 0 0
    outer loop
      vertex -17 -23.5 2.5
      vertex -17 -24.3239 3.31883
      vertex -17 -24.3106 3.37845
    endloop
  endfacet
  facet normal -1 0 0
    outer loop
      vertex -17 -23.5 2.5
      vertex -17 -24.3422 3.26059
      vertex -17 -24.3239 3.31883
    endloop
  endfacet
  facet normal -1 0 0
    outer loop
      vertex -17 -23.5 2.5
      vertex -17 -24.3656 3.20417
      vertex -17 -24.3422 3.26059
    endloop
  endfacet
  facet normal -1 0 0
    outer loop
      vertex -17 -23.5 2.5
      vertex -17 -24.3938 3.15
      vertex -17 -24.3656 3.20417
    endloop
  endfacet
  facet normal -1 0 0
    outer loop
      vertex -17 -23.5 2.5
      vertex -17 -24.4266 3.0985
      vertex -17 -24.3938 3.15
    endloop
  endfacet
  facet normal -1 0 0
    outer loop
      vertex -17 -23.5 2.5
      vertex -17 -24.4638 3.05005
      vertex -17 -24.4266 3.0985
    endloop
  endfacet
  facet normal -1 0 0
    outer loop
      vertex -17 -23.5 2.5
      vertex -17 -24.505 3.00502
      vertex -17 -24.4638 3.05005
    endloop
  endfacet
  facet normal -1 0 0
    outer loop
      vertex -17 -23.5 2.5
      vertex -17 -24.55 2.96377
      vertex -17 -24.505 3.00502
    endloop
  endfacet
  facet normal -1 0 0
    outer loop
      vertex -17 -23.5 2.5
      vertex -17 -24.5985 2.92659
      vertex -17 -24.55 2.96377
    endloop
  endfacet
  facet normal -1 0 0
    outer loop
      vertex -17 -23.5 2.5
      vertex -17 -24.65 2.89378
      vertex -17 -24.5985 2.92659
    endloop
  endfacet
  facet normal -1 0 0
    outer loop
      vertex -17 -23.5 2.5
      vertex -17 -24.7042 2.86558
      vertex -17 -24.65 2.89378
    endloop
  endfacet
  facet normal -1 0 0
    outer loop
      vertex -17 -23.5 2.5
      vertex -17 -24.7606 2.84221
      vertex -17 -24.7042 2.86558
    endloop
  endfacet
  facet normal -1 0 0
    outer loop
      vertex -17 -23.5 2.5
      vertex -17 -24.8188 2.82385
      vertex -17 -24.7606 2.84221
    endloop
  endfacet
  facet normal -1 0 0
    outer loop
      vertex -17 -23.5 2.5
      vertex -17 -24.8784 2.81063
      vertex -17 -24.8188 2.82385
    endloop
  endfacet
  facet normal -1 0 0
    outer loop
      vertex -17 -23.5 2.5
      vertex -17 -24.939 2.80266
      vertex -17 -24.8784 2.81063
    endloop
  endfacet
  facet normal -1 0 0
    outer loop
      vertex -17 -23.5 2.5
      vertex -17 -25 2.8
      vertex -17 -24.939 2.80266
    endloop
  endfacet
  facet normal -1 0 0
    outer loop
      vertex -17 -23.5 2.5
      vertex -17 -25.061 2.80266
      vertex -17 -25 2.8
    endloop
  endfacet
  facet normal -1 0 0
    outer loop
      vertex -17 -27.422 2.32876
      vertex -17 -25.061 2.80266
      vertex -17 -23.5 2.5
    endloop
  endfacet
  facet normal -1 0 0
    outer loop
      vertex -17 -25.2394 4.15778
      vertex -17 -26.0261 6.31908
      vertex -17 -25.7765 6.39778
    endloop
  endfacet
  facet normal -1 0 0
    outer loop
      vertex -17 -28 3.5
      vertex -17 -25.7 3.5
      vertex -17 -25.6973 3.43899
    endloop
  endfacet
  facet normal -1 0 0
    outer loop
      vertex -17 -25.6973 3.56101
      vertex -17 -26.2679 6.21892
      vertex -17 -26.0261 6.31908
    endloop
  endfacet
  facet normal -1 0 0
    outer loop
      vertex -17 -27.422 2.32876
      vertex -17 -25.6973 3.43899
      vertex -17 -25.6894 3.37845
    endloop
  endfacet
  facet normal -1 0 0
    outer loop
      vertex -17 -25.6973 3.56101
      vertex -17 -26.5 6.09808
      vertex -17 -26.2679 6.21892
    endloop
  endfacet
  facet normal -1 0 0
    outer loop
      vertex -17 -27.422 2.32876
      vertex -17 -25.6894 3.37845
      vertex -17 -25.6761 3.31883
    endloop
  endfacet
  facet normal -1 0 0
    outer loop
      vertex -17 -25.6973 3.56101
      vertex -17 -26.7207 5.95746
      vertex -17 -26.5 6.09808
    endloop
  endfacet
  facet normal -1 0 0
    outer loop
      vertex -17 -27.422 2.32876
      vertex -17 -25.6761 3.31883
      vertex -17 -25.6578 3.26059
    endloop
  endfacet
  facet normal -1 0 0
    outer loop
      vertex -17 -25.6973 3.56101
      vertex -17 -26.9284 5.79813
      vertex -17 -26.7207 5.95746
    endloop
  endfacet
  facet normal -1 0 0
    outer loop
      vertex -17 -27.422 2.32876
      vertex -17 -25.6578 3.26059
      vertex -17 -25.6344 3.20417
    endloop
  endfacet
  facet normal -1 0 0
    outer loop
      vertex -17 -25.6973 3.56101
      vertex -17 -27.1213 5.62132
      vertex -17 -26.9284 5.79813
    endloop
  endfacet
  facet normal -1 0 0
    outer loop
      vertex -17 -27.422 2.32876
      vertex -17 -25.6344 3.20417
      vertex -17 -25.6062 3.15
    endloop
  endfacet
  facet normal -1 0 0
    outer loop
      vertex -17 -25.6973 3.56101
      vertex -17 -27.2981 5.42836
      vertex -17 -27.1213 5.62132
    endloop
  endfacet
  facet normal -1 0 0
    outer loop
      vertex -17 -27.422 2.32876
      vertex -17 -25.6062 3.15
      vertex -17 -25.5734 3.0985
    endloop
  endfacet
  facet normal -1 -0 0
    outer loop
      vertex -17 -25.061 2.80266
      vertex -17 -27.422 2.32876
      vertex -17 -25.1216 2.81063
    endloop
  endfacet
  facet normal -1 0 0
    outer loop
      vertex -17 -27.422 2.32876
      vertex -17 -25.1812 2.82385
      vertex -17 -25.1216 2.81063
    endloop
  endfacet
  facet normal -1 0 0
    outer loop
      vertex -17 -27.422 2.32876
      vertex -17 -25.2394 2.84221
      vertex -17 -25.1812 2.82385
    endloop
  endfacet
  facet normal -1 0 0
    outer loop
      vertex -17 -27.422 2.32876
      vertex -17 -25.2958 2.86558
      vertex -17 -25.2394 2.84221
    endloop
  endfacet
  facet normal -1 0 0
    outer loop
      vertex -17 -27.422 2.32876
      vertex -17 -25.35 2.89378
      vertex -17 -25.2958 2.86558
    endloop
  endfacet
  facet normal -1 0 0
    outer loop
      vertex -17 -27.422 2.32876
      vertex -17 -25.4015 2.92659
      vertex -17 -25.35 2.89378
    endloop
  endfacet
  facet normal -1 0 0
    outer loop
      vertex -17 -27.422 2.32876
      vertex -17 -25.45 2.96377
      vertex -17 -25.4015 2.92659
    endloop
  endfacet
  facet normal -1 0 0
    outer loop
      vertex -17 -27.422 2.32876
      vertex -17 -25.495 3.00502
      vertex -17 -25.45 2.96377
    endloop
  endfacet
  facet normal -1 0 0
    outer loop
      vertex -17 -27.422 2.32876
      vertex -17 -25.5362 3.05005
      vertex -17 -25.495 3.00502
    endloop
  endfacet
  facet normal -1 0 0
    outer loop
      vertex -17 -27.422 2.32876
      vertex -17 -25.5734 3.0985
      vertex -17 -25.5362 3.05005
    endloop
  endfacet
  facet normal -1 0 0
    outer loop
      vertex -17 -25.6973 3.43899
      vertex -17 -27.422 2.32876
      vertex -17 -27.9886 3.23853
    endloop
  endfacet
  facet normal -1 0 0
    outer loop
      vertex -17 -25.6973 3.56101
      vertex -17 -27.4575 5.22073
      vertex -17 -27.2981 5.42836
    endloop
  endfacet
  facet normal -1 0 0
    outer loop
      vertex -17 -25.6973 3.56101
      vertex -17 -27.5981 5
      vertex -17 -27.4575 5.22073
    endloop
  endfacet
  facet normal -1 0 0
    outer loop
      vertex -17 -25.6973 3.56101
      vertex -17 -27.7189 4.76785
      vertex -17 -27.5981 5
    endloop
  endfacet
  facet normal -1 0 0
    outer loop
      vertex -17 -27.8191 2.47394
      vertex -17 -27.422 2.32876
      vertex -17 -27.7415 2.2867
    endloop
  endfacet
  facet normal -1 0 0
    outer loop
      vertex -17 -27.8978 2.72354
      vertex -17 -27.422 2.32876
      vertex -17 -27.8191 2.47394
    endloop
  endfacet
  facet normal -1 0 0
    outer loop
      vertex -17 -25.6973 3.56101
      vertex -17 -27.8191 4.52606
      vertex -17 -27.7189 4.76785
    endloop
  endfacet
  facet normal -1 0 0
    outer loop
      vertex -17 -27.9544 2.97906
      vertex -17 -27.422 2.32876
      vertex -17 -27.8978 2.72354
    endloop
  endfacet
  facet normal -1 0 0
    outer loop
      vertex -17 -25.6973 3.56101
      vertex -17 -27.8978 4.27646
      vertex -17 -27.8191 4.52606
    endloop
  endfacet
  facet normal -1 0 0
    outer loop
      vertex -17 -27.9886 3.23853
      vertex -17 -27.422 2.32876
      vertex -17 -27.9544 2.97906
    endloop
  endfacet
  facet normal -1 0 0
    outer loop
      vertex -17 -25.6973 3.56101
      vertex -17 -27.9544 4.02094
      vertex -17 -27.8978 4.27646
    endloop
  endfacet
  facet normal -1 -0 0
    outer loop
      vertex -17 -25.6973 3.43899
      vertex -17 -27.9886 3.23853
      vertex -17 -28 3.5
    endloop
  endfacet
  facet normal -1 0 0
    outer loop
      vertex -17 -25.6973 3.56101
      vertex -17 -27.9886 3.76147
      vertex -17 -27.9544 4.02094
    endloop
  endfacet
  facet normal -1 0 0
    outer loop
      vertex -17 -25.7 3.5
      vertex -17 -28 3.5
      vertex -17 -27.9886 3.76147
    endloop
  endfacet
  facet normal -1 0 0
    outer loop
      vertex -17 -24.3239 3.68117
      vertex -17 -21.0719 2.39399
      vertex -17 -23.5 2.5
    endloop
  endfacet
  facet normal -1 0 0
    outer loop
      vertex -17 -24.3027 3.56101
      vertex -17 -23.5 2.5
      vertex -17 -24.3 3.5
    endloop
  endfacet
  facet normal -1 0 0
    outer loop
      vertex -17 -24.3106 3.62155
      vertex -17 -23.5 2.5
      vertex -17 -24.3027 3.56101
    endloop
  endfacet
  facet normal -1 0 0
    outer loop
      vertex -17 -24.3239 3.68117
      vertex -17 -23.5 2.5
      vertex -17 -24.3106 3.62155
    endloop
  endfacet
  facet normal -1 0 0
    outer loop
      vertex -17 -21.0719 2.39399
      vertex -17 -24.3239 3.68117
      vertex -17 -20.6342 6.06539
    endloop
  endfacet
  facet normal -1 0 0
    outer loop
      vertex -17 -24.3422 3.73941
      vertex -17 -20.6342 6.06539
      vertex -17 -24.3239 3.68117
    endloop
  endfacet
  facet normal -1 0 0
    outer loop
      vertex -17 -24.3656 3.79583
      vertex -17 -20.6342 6.06539
      vertex -17 -24.3422 3.73941
    endloop
  endfacet
  facet normal -1 0 0
    outer loop
      vertex -17 -24.3938 3.85
      vertex -17 -20.6342 6.06539
      vertex -17 -24.3656 3.79583
    endloop
  endfacet
  facet normal -1 0 0
    outer loop
      vertex -17 -24.4266 3.9015
      vertex -17 -20.6342 6.06539
      vertex -17 -24.3938 3.85
    endloop
  endfacet
  facet normal -1 0 0
    outer loop
      vertex -17 -24.4638 3.94995
      vertex -17 -20.6342 6.06539
      vertex -17 -24.4266 3.9015
    endloop
  endfacet
  facet normal -1 0 0
    outer loop
      vertex -17 -24.7385 6.48858
      vertex -17 -24.4638 3.94995
      vertex -17 -24.505 3.99497
    endloop
  endfacet
  facet normal -1 0 0
    outer loop
      vertex -17 -24.7385 6.48858
      vertex -17 -24.505 3.99497
      vertex -17 -24.55 4.03623
    endloop
  endfacet
  facet normal -1 0 0
    outer loop
      vertex -17 -24.7385 6.48858
      vertex -17 -24.55 4.03623
      vertex -17 -24.5985 4.07341
    endloop
  endfacet
  facet normal -1 0 0
    outer loop
      vertex -17 -24.7385 6.48858
      vertex -17 -24.5985 4.07341
      vertex -17 -24.65 4.10622
    endloop
  endfacet
  facet normal -1 0 0
    outer loop
      vertex -17 -24.7385 6.48858
      vertex -17 -24.65 4.10622
      vertex -17 -24.7042 4.13441
    endloop
  endfacet
  facet normal -1 0 0
    outer loop
      vertex -17 -24.4638 3.94995
      vertex -17 -24.7385 6.48858
      vertex -17 -20.6342 6.06539
    endloop
  endfacet
  facet normal -1 0 0
    outer loop
      vertex -17 -24.7606 4.15778
      vertex -17 -24.7385 6.48858
      vertex -17 -24.7042 4.13441
    endloop
  endfacet
  facet normal -1 0 0
    outer loop
      vertex -17 -24.8188 4.17615
      vertex -17 -24.7385 6.48858
      vertex -17 -24.7606 4.15778
    endloop
  endfacet
  facet normal -1 0 0
    outer loop
      vertex -17 -24.8784 4.18937
      vertex -17 -24.7385 6.48858
      vertex -17 -24.8188 4.17615
    endloop
  endfacet
  facet normal -1 0 0
    outer loop
      vertex -17 -24.939 4.19734
      vertex -17 -24.7385 6.48858
      vertex -17 -24.8784 4.18937
    endloop
  endfacet
  facet normal -1 0 0
    outer loop
      vertex -17 -25 4.2
      vertex -17 -24.7385 6.48858
      vertex -17 -24.939 4.19734
    endloop
  endfacet
  facet normal -1 0 0
    outer loop
      vertex -17 -25 4.2
      vertex -17 -25 6.5
      vertex -17 -24.7385 6.48858
    endloop
  endfacet
  facet normal -1 0 0
    outer loop
      vertex -17 -25.061 4.19734
      vertex -17 -25 6.5
      vertex -17 -25 4.2
    endloop
  endfacet
  facet normal -1 0 0
    outer loop
      vertex -17 -25.2615 6.48858
      vertex -17 -25.061 4.19734
      vertex -17 -25.1216 4.18937
    endloop
  endfacet
  facet normal -1 0 0
    outer loop
      vertex -17 -25.5209 6.45442
      vertex -17 -25.1216 4.18937
      vertex -17 -25.1812 4.17615
    endloop
  endfacet
  facet normal -1 0 0
    outer loop
      vertex -17 -25.7765 6.39778
      vertex -17 -25.1812 4.17615
      vertex -17 -25.2394 4.15778
    endloop
  endfacet
  facet normal -1 0 0
    outer loop
      vertex -17 -25.061 4.19734
      vertex -17 -25.2615 6.48858
      vertex -17 -25 6.5
    endloop
  endfacet
  facet normal -1 0 0
    outer loop
      vertex -17 -26.0261 6.31908
      vertex -17 -25.2394 4.15778
      vertex -17 -25.2958 4.13441
    endloop
  endfacet
  facet normal -1 0 0
    outer loop
      vertex -17 -26.0261 6.31908
      vertex -17 -25.2958 4.13441
      vertex -17 -25.35 4.10622
    endloop
  endfacet
  facet normal -1 0 0
    outer loop
      vertex -17 -26.0261 6.31908
      vertex -17 -25.35 4.10622
      vertex -17 -25.4015 4.07341
    endloop
  endfacet
  facet normal -1 0 0
    outer loop
      vertex -17 -26.0261 6.31908
      vertex -17 -25.4015 4.07341
      vertex -17 -25.45 4.03623
    endloop
  endfacet
  facet normal -1 0 0
    outer loop
      vertex -17 -26.0261 6.31908
      vertex -17 -25.45 4.03623
      vertex -17 -25.495 3.99497
    endloop
  endfacet
  facet normal -1 0 0
    outer loop
      vertex -17 -25.1216 4.18937
      vertex -17 -25.5209 6.45442
      vertex -17 -25.2615 6.48858
    endloop
  endfacet
  facet normal -1 0 0
    outer loop
      vertex -17 -26.0261 6.31908
      vertex -17 -25.495 3.99497
      vertex -17 -25.5362 3.94995
    endloop
  endfacet
  facet normal -1 0 0
    outer loop
      vertex -17 -26.0261 6.31908
      vertex -17 -25.5362 3.94995
      vertex -17 -25.5734 3.9015
    endloop
  endfacet
  facet normal -1 0 0
    outer loop
      vertex -17 -26.0261 6.31908
      vertex -17 -25.5734 3.9015
      vertex -17 -25.6062 3.85
    endloop
  endfacet
  facet normal -1 0 0
    outer loop
      vertex -17 -26.0261 6.31908
      vertex -17 -25.6062 3.85
      vertex -17 -25.6344 3.79583
    endloop
  endfacet
  facet normal -1 0 0
    outer loop
      vertex -17 -26.0261 6.31908
      vertex -17 -25.6344 3.79583
      vertex -17 -25.6578 3.73941
    endloop
  endfacet
  facet normal -1 0 0
    outer loop
      vertex -17 -26.0261 6.31908
      vertex -17 -25.6578 3.73941
      vertex -17 -25.6761 3.68117
    endloop
  endfacet
  facet normal -1 0 0
    outer loop
      vertex -17 -26.0261 6.31908
      vertex -17 -25.6761 3.68117
      vertex -17 -25.6894 3.62155
    endloop
  endfacet
  facet normal -1 0 0
    outer loop
      vertex -17 -26.0261 6.31908
      vertex -17 -25.6894 3.62155
      vertex -17 -25.6973 3.56101
    endloop
  endfacet
  facet normal -1 0 0
    outer loop
      vertex -17 -25.1812 4.17615
      vertex -17 -25.7765 6.39778
      vertex -17 -25.5209 6.45442
    endloop
  endfacet
  facet normal -1 0 0
    outer loop
      vertex -17 -27.9886 3.76147
      vertex -17 -25.6973 3.56101
      vertex -17 -25.7 3.5
    endloop
  endfacet
  facet normal 0 -0.608656 0.793434
    outer loop
      vertex -17 -26.7207 5.95746
      vertex -12 -26.9284 5.79813
      vertex -12 -26.7207 5.95746
    endloop
  endfacet
  facet normal 0 -0.608656 0.793434
    outer loop
      vertex -12 -26.9284 5.79813
      vertex -17 -26.7207 5.95746
      vertex -17 -26.9284 5.79813
    endloop
  endfacet
  facet normal 0 -0.737306 0.675559
    outer loop
      vertex -17 -27.2981 5.42836
      vertex -12 -27.1213 5.62132
      vertex -17 -27.1213 5.62132
    endloop
  endfacet
  facet normal 0 -0.737306 0.675559
    outer loop
      vertex -12 -27.1213 5.62132
      vertex -17 -27.2981 5.42836
      vertex -12 -27.2981 5.42836
    endloop
  endfacet
  facet normal 0 -0.793206 0.608954
    outer loop
      vertex -17 -27.4575 5.22073
      vertex -12 -27.2981 5.42836
      vertex -17 -27.2981 5.42836
    endloop
  endfacet
  facet normal 0 -0.793206 0.608954
    outer loop
      vertex -12 -27.2981 5.42836
      vertex -17 -27.4575 5.22073
      vertex -12 -27.4575 5.22073
    endloop
  endfacet
  facet normal 0 -0.382694 0.923875
    outer loop
      vertex -17 -26.0261 6.31908
      vertex -12 -26.2679 6.21892
      vertex -12 -26.0261 6.31908
    endloop
  endfacet
  facet normal 0 -0.382694 0.923875
    outer loop
      vertex -12 -26.2679 6.21892
      vertex -17 -26.0261 6.31908
      vertex -17 -26.2679 6.21892
    endloop
  endfacet
  facet normal 0 -0.130561 0.99144
    outer loop
      vertex -17 -25.2615 6.48858
      vertex -12 -25.5209 6.45442
      vertex -12 -25.2615 6.48858
    endloop
  endfacet
  facet normal 0 -0.130561 0.99144
    outer loop
      vertex -12 -25.5209 6.45442
      vertex -17 -25.2615 6.48858
      vertex -17 -25.5209 6.45442
    endloop
  endfacet
  facet normal 0 -0.0436295 0.999048
    outer loop
      vertex -17 -25 6.5
      vertex -12 -25.2615 6.48858
      vertex -12 -25 6.5
    endloop
  endfacet
  facet normal 0 -0.0436295 0.999048
    outer loop
      vertex -12 -25.2615 6.48858
      vertex -17 -25 6.5
      vertex -17 -25.2615 6.48858
    endloop
  endfacet
  facet normal 0 -0.976334 0.216267
    outer loop
      vertex -17 -27.9544 4.02094
      vertex -12 -27.8978 4.27646
      vertex -17 -27.8978 4.27646
    endloop
  endfacet
  facet normal 0 -0.976334 0.216267
    outer loop
      vertex -12 -27.8978 4.27646
      vertex -17 -27.9544 4.02094
      vertex -12 -27.9544 4.02094
    endloop
  endfacet
  facet normal 0 -0.999051 0.0435583
    outer loop
      vertex -17 -28 3.5
      vertex -12 -27.9886 3.76147
      vertex -17 -27.9886 3.76147
    endloop
  endfacet
  facet normal 0 -0.999051 0.0435583
    outer loop
      vertex -12 -27.9886 3.76147
      vertex -17 -28 3.5
      vertex -12 -28 3.5
    endloop
  endfacet
  facet normal 0 -0.953715 0.300711
    outer loop
      vertex -17 -27.8978 4.27646
      vertex -12 -27.8191 4.52606
      vertex -17 -27.8191 4.52606
    endloop
  endfacet
  facet normal 0 -0.953715 0.300711
    outer loop
      vertex -12 -27.8191 4.52606
      vertex -17 -27.8978 4.27646
      vertex -12 -27.8978 4.27646
    endloop
  endfacet
  facet normal 0 -0.991425 -0.130677
    outer loop
      vertex -17 -27.9544 2.97906
      vertex -12 -27.9886 3.23853
      vertex -17 -27.9886 3.23853
    endloop
  endfacet
  facet normal 0 -0.991425 -0.130677
    outer loop
      vertex -12 -27.9886 3.23853
      vertex -17 -27.9544 2.97906
      vertex -12 -27.9544 2.97906
    endloop
  endfacet
  facet normal 0 -0.991425 0.130677
    outer loop
      vertex -17 -27.9886 3.76147
      vertex -12 -27.9544 4.02094
      vertex -17 -27.9544 4.02094
    endloop
  endfacet
  facet normal 0 -0.991425 0.130677
    outer loop
      vertex -12 -27.9544 4.02094
      vertex -17 -27.9886 3.76147
      vertex -12 -27.9886 3.76147
    endloop
  endfacet
  facet normal 0 -0.923816 0.382838
    outer loop
      vertex -17 -27.8191 4.52606
      vertex -12 -27.7189 4.76785
      vertex -17 -27.7189 4.76785
    endloop
  endfacet
  facet normal 0 -0.923816 0.382838
    outer loop
      vertex -12 -27.7189 4.76785
      vertex -17 -27.8191 4.52606
      vertex -12 -27.8191 4.52606
    endloop
  endfacet
  facet normal 0 -0.887089 0.461599
    outer loop
      vertex -17 -27.7189 4.76785
      vertex -12 -27.5981 5
      vertex -17 -27.5981 5
    endloop
  endfacet
  facet normal 0 -0.887089 0.461599
    outer loop
      vertex -12 -27.5981 5
      vertex -17 -27.7189 4.76785
      vertex -12 -27.7189 4.76785
    endloop
  endfacet
  facet normal 0 -0.953715 -0.300711
    outer loop
      vertex -17 -27.8191 2.47394
      vertex -12 -27.8978 2.72354
      vertex -17 -27.8978 2.72354
    endloop
  endfacet
  facet normal 0 -0.953715 -0.300711
    outer loop
      vertex -12 -27.8978 2.72354
      vertex -17 -27.8191 2.47394
      vertex -12 -27.8191 2.47394
    endloop
  endfacet
  facet normal 0 -0.999022 -0.0442118
    outer loop
      vertex -17 -24.3 3.5
      vertex -12 -24.3027 3.56101
      vertex -17 -24.3027 3.56101
    endloop
  endfacet
  facet normal 0 -0.999022 -0.0442118
    outer loop
      vertex -12 -24.3027 3.56101
      vertex -17 -24.3 3.5
      vertex -12 -24.3 3.5
    endloop
  endfacet
  facet normal 0 0.0435652 -0.999051
    outer loop
      vertex -17 -25.061 4.19734
      vertex -12 -25 4.2
      vertex -12 -25.061 4.19734
    endloop
  endfacet
  facet normal 0 0.0435652 -0.999051
    outer loop
      vertex -12 -25 4.2
      vertex -17 -25.061 4.19734
      vertex -17 -25 4.2
    endloop
  endfacet
  facet normal 0 -0.675814 -0.737073
    outer loop
      vertex -17 -24.55 4.03623
      vertex -12 -24.505 3.99497
      vertex -12 -24.55 4.03623
    endloop
  endfacet
  facet normal -0 -0.675814 -0.737073
    outer loop
      vertex -12 -24.505 3.99497
      vertex -17 -24.55 4.03623
      vertex -17 -24.505 3.99497
    endloop
  endfacet
  facet normal 0 0.737712 -0.675116
    outer loop
      vertex -12 -25.5362 3.94995
      vertex -17 -25.495 3.99497
      vertex -12 -25.495 3.99497
    endloop
  endfacet
  facet normal 0 0.737712 -0.675116
    outer loop
      vertex -17 -25.495 3.99497
      vertex -12 -25.5362 3.94995
      vertex -17 -25.5362 3.94995
    endloop
  endfacet
  facet normal 0 0.46143 -0.887177
    outer loop
      vertex -17 -25.35 4.10622
      vertex -12 -25.2958 4.13441
      vertex -12 -25.35 4.10622
    endloop
  endfacet
  facet normal 0 0.46143 -0.887177
    outer loop
      vertex -12 -25.2958 4.13441
      vertex -17 -25.35 4.10622
      vertex -17 -25.2958 4.13441
    endloop
  endfacet
  facet normal 0 0.923705 0.383104
    outer loop
      vertex -12 -25.6344 3.20417
      vertex -17 -25.6578 3.26059
      vertex -12 -25.6578 3.26059
    endloop
  endfacet
  facet normal 0 0.923705 0.383104
    outer loop
      vertex -17 -25.6578 3.26059
      vertex -12 -25.6344 3.20417
      vertex -17 -25.6344 3.20417
    endloop
  endfacet
  facet normal 0 -0.887005 -0.46176
    outer loop
      vertex -17 -24.3656 3.79583
      vertex -12 -24.3938 3.85
      vertex -17 -24.3938 3.85
    endloop
  endfacet
  facet normal 0 -0.887005 -0.46176
    outer loop
      vertex -12 -24.3938 3.85
      vertex -17 -24.3656 3.79583
      vertex -12 -24.3656 3.79583
    endloop
  endfacet
  facet normal 0 -0.300998 -0.953625
    outer loop
      vertex -17 -24.8188 4.17615
      vertex -12 -24.7606 4.15778
      vertex -12 -24.8188 4.17615
    endloop
  endfacet
  facet normal -0 -0.300998 -0.953625
    outer loop
      vertex -12 -24.7606 4.15778
      vertex -17 -24.8188 4.17615
      vertex -17 -24.7606 4.15778
    endloop
  endfacet
  facet normal 0 0.887005 -0.46176
    outer loop
      vertex -12 -25.6344 3.79583
      vertex -17 -25.6062 3.85
      vertex -12 -25.6062 3.85
    endloop
  endfacet
  facet normal 0 0.887005 -0.46176
    outer loop
      vertex -17 -25.6062 3.85
      vertex -12 -25.6344 3.79583
      vertex -17 -25.6344 3.79583
    endloop
  endfacet
  facet normal 0 0.843459 -0.537193
    outer loop
      vertex -12 -25.6062 3.85
      vertex -17 -25.5734 3.9015
      vertex -12 -25.5734 3.9015
    endloop
  endfacet
  facet normal 0 0.843459 -0.537193
    outer loop
      vertex -17 -25.5734 3.9015
      vertex -12 -25.6062 3.85
      vertex -17 -25.6062 3.85
    endloop
  endfacet
  facet normal 0 0.216549 -0.976272
    outer loop
      vertex -17 -25.1812 4.17615
      vertex -12 -25.1216 4.18937
      vertex -12 -25.1812 4.17615
    endloop
  endfacet
  facet normal 0 0.216549 -0.976272
    outer loop
      vertex -12 -25.1216 4.18937
      vertex -17 -25.1812 4.17615
      vertex -17 -25.1216 4.18937
    endloop
  endfacet
  facet normal 0 -0.887005 0.46176
    outer loop
      vertex -17 -24.3938 3.15
      vertex -12 -24.3656 3.20417
      vertex -17 -24.3656 3.20417
    endloop
  endfacet
  facet normal 0 -0.887005 0.46176
    outer loop
      vertex -12 -24.3656 3.20417
      vertex -17 -24.3938 3.15
      vertex -12 -24.3938 3.15
    endloop
  endfacet
  facet normal 0 -0.3828 0.923831
    outer loop
      vertex -17 -24.7042 2.86558
      vertex -12 -24.7606 2.84221
      vertex -12 -24.7042 2.86558
    endloop
  endfacet
  facet normal 0 -0.3828 0.923831
    outer loop
      vertex -12 -24.7606 2.84221
      vertex -17 -24.7042 2.86558
      vertex -17 -24.7606 2.84221
    endloop
  endfacet
  facet normal 0 -0.737786 0.675034
    outer loop
      vertex -17 -24.505 3.00502
      vertex -12 -24.4638 3.05005
      vertex -17 -24.4638 3.05005
    endloop
  endfacet
  facet normal 0 -0.737786 0.675034
    outer loop
      vertex -12 -24.4638 3.05005
      vertex -17 -24.505 3.00502
      vertex -12 -24.505 3.00502
    endloop
  endfacet
  facet normal 0 -0.97601 0.217728
    outer loop
      vertex -17 -24.3239 3.31883
      vertex -12 -24.3106 3.37845
      vertex -17 -24.3106 3.37845
    endloop
  endfacet
  facet normal 0 -0.97601 0.217728
    outer loop
      vertex -12 -24.3106 3.37845
      vertex -17 -24.3239 3.31883
      vertex -12 -24.3239 3.31883
    endloop
  endfacet
  facet normal -0 0.216549 0.976272
    outer loop
      vertex -17 -25.1216 2.81063
      vertex -12 -25.1812 2.82385
      vertex -12 -25.1216 2.81063
    endloop
  endfacet
  facet normal 0 0.216549 0.976272
    outer loop
      vertex -12 -25.1812 2.82385
      vertex -17 -25.1216 2.81063
      vertex -17 -25.1812 2.82385
    endloop
  endfacet
  facet normal -0 0.675725 0.737154
    outer loop
      vertex -17 -25.45 2.96377
      vertex -12 -25.495 3.00502
      vertex -12 -25.45 2.96377
    endloop
  endfacet
  facet normal 0 0.675725 0.737154
    outer loop
      vertex -12 -25.495 3.00502
      vertex -17 -25.45 2.96377
      vertex -17 -25.495 3.00502
    endloop
  endfacet
  facet normal 0 0.97601 0.217728
    outer loop
      vertex -12 -25.6761 3.31883
      vertex -17 -25.6894 3.37845
      vertex -12 -25.6894 3.37845
    endloop
  endfacet
  facet normal 0 0.97601 0.217728
    outer loop
      vertex -17 -25.6894 3.37845
      vertex -12 -25.6761 3.31883
      vertex -17 -25.6761 3.31883
    endloop
  endfacet
  facet normal 0 -0.97601 -0.217728
    outer loop
      vertex -17 -24.3106 3.62155
      vertex -12 -24.3239 3.68117
      vertex -17 -24.3239 3.68117
    endloop
  endfacet
  facet normal 0 -0.97601 -0.217728
    outer loop
      vertex -12 -24.3239 3.68117
      vertex -17 -24.3106 3.62155
      vertex -12 -24.3106 3.62155
    endloop
  endfacet
  facet normal 0 -0.991593 -0.129395
    outer loop
      vertex -17 -24.3027 3.56101
      vertex -12 -24.3106 3.62155
      vertex -17 -24.3106 3.62155
    endloop
  endfacet
  facet normal 0 -0.991593 -0.129395
    outer loop
      vertex -12 -24.3106 3.62155
      vertex -17 -24.3027 3.56101
      vertex -12 -24.3027 3.56101
    endloop
  endfacet
  facet normal 0 -0.923705 -0.383104
    outer loop
      vertex -17 -24.3422 3.73941
      vertex -12 -24.3656 3.79583
      vertex -17 -24.3656 3.79583
    endloop
  endfacet
  facet normal 0 -0.923705 -0.383104
    outer loop
      vertex -12 -24.3656 3.79583
      vertex -17 -24.3422 3.73941
      vertex -12 -24.3422 3.73941
    endloop
  endfacet
  facet normal 0 -0.793171 -0.608998
    outer loop
      vertex -17 -24.4266 3.9015
      vertex -12 -24.4638 3.94995
      vertex -17 -24.4638 3.94995
    endloop
  endfacet
  facet normal 0 -0.793171 -0.608998
    outer loop
      vertex -12 -24.4638 3.94995
      vertex -17 -24.4266 3.9015
      vertex -12 -24.4266 3.9015
    endloop
  endfacet
  facet normal 0 -0.843459 -0.537193
    outer loop
      vertex -17 -24.3938 3.85
      vertex -12 -24.4266 3.9015
      vertex -17 -24.4266 3.9015
    endloop
  endfacet
  facet normal 0 -0.843459 -0.537193
    outer loop
      vertex -12 -24.4266 3.9015
      vertex -17 -24.3938 3.85
      vertex -12 -24.3938 3.85
    endloop
  endfacet
  facet normal 0 -0.130395 -0.991462
    outer loop
      vertex -17 -24.939 4.19734
      vertex -12 -24.8784 4.18937
      vertex -12 -24.939 4.19734
    endloop
  endfacet
  facet normal -0 -0.130395 -0.991462
    outer loop
      vertex -12 -24.8784 4.18937
      vertex -17 -24.939 4.19734
      vertex -17 -24.8784 4.18937
    endloop
  endfacet
  facet normal 0 -0.0435652 -0.999051
    outer loop
      vertex -17 -25 4.2
      vertex -12 -24.939 4.19734
      vertex -12 -25 4.2
    endloop
  endfacet
  facet normal -0 -0.0435652 -0.999051
    outer loop
      vertex -12 -24.939 4.19734
      vertex -17 -25 4.2
      vertex -17 -24.939 4.19734
    endloop
  endfacet
  facet normal 0 -0.53731 -0.843385
    outer loop
      vertex -17 -24.65 4.10622
      vertex -12 -24.5985 4.07341
      vertex -12 -24.65 4.10622
    endloop
  endfacet
  facet normal -0 -0.53731 -0.843385
    outer loop
      vertex -12 -24.5985 4.07341
      vertex -17 -24.65 4.10622
      vertex -17 -24.5985 4.07341
    endloop
  endfacet
  facet normal 0 -0.608397 -0.793633
    outer loop
      vertex -17 -24.5985 4.07341
      vertex -12 -24.55 4.03623
      vertex -12 -24.5985 4.07341
    endloop
  endfacet
  facet normal -0 -0.608397 -0.793633
    outer loop
      vertex -12 -24.55 4.03623
      vertex -17 -24.5985 4.07341
      vertex -17 -24.55 4.03623
    endloop
  endfacet
  facet normal 0 0.991593 -0.129395
    outer loop
      vertex -12 -25.6973 3.56101
      vertex -17 -25.6894 3.62155
      vertex -12 -25.6894 3.62155
    endloop
  endfacet
  facet normal 0 0.991593 -0.129395
    outer loop
      vertex -17 -25.6894 3.62155
      vertex -12 -25.6973 3.56101
      vertex -17 -25.6973 3.56101
    endloop
  endfacet
  facet normal 0 0.954012 -0.299767
    outer loop
      vertex -12 -25.6761 3.68117
      vertex -17 -25.6578 3.73941
      vertex -12 -25.6578 3.73941
    endloop
  endfacet
  facet normal 0 0.954012 -0.299767
    outer loop
      vertex -17 -25.6578 3.73941
      vertex -12 -25.6761 3.68117
      vertex -17 -25.6761 3.68117
    endloop
  endfacet
  facet normal 0 0.923705 -0.383104
    outer loop
      vertex -12 -25.6578 3.73941
      vertex -17 -25.6344 3.79583
      vertex -12 -25.6344 3.79583
    endloop
  endfacet
  facet normal 0 0.923705 -0.383104
    outer loop
      vertex -17 -25.6344 3.79583
      vertex -12 -25.6578 3.73941
      vertex -17 -25.6578 3.73941
    endloop
  endfacet
  facet normal 0 0.999022 -0.0442118
    outer loop
      vertex -12 -25.7 3.5
      vertex -17 -25.6973 3.56101
      vertex -12 -25.6973 3.56101
    endloop
  endfacet
  facet normal 0 0.999022 -0.0442118
    outer loop
      vertex -17 -25.6973 3.56101
      vertex -12 -25.7 3.5
      vertex -17 -25.7 3.5
    endloop
  endfacet
  facet normal 0 0.608397 -0.793633
    outer loop
      vertex -17 -25.45 4.03623
      vertex -12 -25.4015 4.07341
      vertex -12 -25.45 4.03623
    endloop
  endfacet
  facet normal 0 0.608397 -0.793633
    outer loop
      vertex -12 -25.4015 4.07341
      vertex -17 -25.45 4.03623
      vertex -17 -25.4015 4.07341
    endloop
  endfacet
  facet normal 0 0.130395 -0.991462
    outer loop
      vertex -17 -25.1216 4.18937
      vertex -12 -25.061 4.19734
      vertex -12 -25.1216 4.18937
    endloop
  endfacet
  facet normal 0 0.130395 -0.991462
    outer loop
      vertex -12 -25.061 4.19734
      vertex -17 -25.1216 4.18937
      vertex -17 -25.061 4.19734
    endloop
  endfacet
  facet normal 0 -0.999022 0.0442118
    outer loop
      vertex -17 -24.3027 3.43899
      vertex -12 -24.3 3.5
      vertex -17 -24.3 3.5
    endloop
  endfacet
  facet normal 0 -0.999022 0.0442118
    outer loop
      vertex -12 -24.3 3.5
      vertex -17 -24.3027 3.43899
      vertex -12 -24.3027 3.43899
    endloop
  endfacet
  facet normal 0 -0.216549 0.976272
    outer loop
      vertex -17 -24.8188 2.82385
      vertex -12 -24.8784 2.81063
      vertex -12 -24.8188 2.82385
    endloop
  endfacet
  facet normal 0 -0.216549 0.976272
    outer loop
      vertex -12 -24.8784 2.81063
      vertex -17 -24.8188 2.82385
      vertex -17 -24.8784 2.81063
    endloop
  endfacet
  facet normal 0 -0.130395 0.991462
    outer loop
      vertex -17 -24.8784 2.81063
      vertex -12 -24.939 2.80266
      vertex -12 -24.8784 2.81063
    endloop
  endfacet
  facet normal 0 -0.130395 0.991462
    outer loop
      vertex -12 -24.939 2.80266
      vertex -17 -24.8784 2.81063
      vertex -17 -24.939 2.80266
    endloop
  endfacet
  facet normal 0 -0.53731 0.843385
    outer loop
      vertex -17 -24.5985 2.92659
      vertex -12 -24.65 2.89378
      vertex -12 -24.5985 2.92659
    endloop
  endfacet
  facet normal 0 -0.53731 0.843385
    outer loop
      vertex -12 -24.65 2.89378
      vertex -17 -24.5985 2.92659
      vertex -17 -24.65 2.89378
    endloop
  endfacet
  facet normal 0 -0.675725 0.737154
    outer loop
      vertex -17 -24.505 3.00502
      vertex -12 -24.55 2.96377
      vertex -12 -24.505 3.00502
    endloop
  endfacet
  facet normal 0 -0.675725 0.737154
    outer loop
      vertex -12 -24.55 2.96377
      vertex -17 -24.505 3.00502
      vertex -17 -24.55 2.96377
    endloop
  endfacet
  facet normal 0 -0.608397 0.793633
    outer loop
      vertex -17 -24.55 2.96377
      vertex -12 -24.5985 2.92659
      vertex -12 -24.55 2.96377
    endloop
  endfacet
  facet normal 0 -0.608397 0.793633
    outer loop
      vertex -12 -24.5985 2.92659
      vertex -17 -24.55 2.96377
      vertex -17 -24.5985 2.92659
    endloop
  endfacet
  facet normal 0 -0.793171 0.608998
    outer loop
      vertex -17 -24.4638 3.05005
      vertex -12 -24.4266 3.0985
      vertex -17 -24.4266 3.0985
    endloop
  endfacet
  facet normal 0 -0.793171 0.608998
    outer loop
      vertex -12 -24.4266 3.0985
      vertex -17 -24.4638 3.05005
      vertex -12 -24.4638 3.05005
    endloop
  endfacet
  facet normal 0 -0.843459 0.537193
    outer loop
      vertex -17 -24.4266 3.0985
      vertex -12 -24.3938 3.15
      vertex -17 -24.3938 3.15
    endloop
  endfacet
  facet normal 0 -0.843459 0.537193
    outer loop
      vertex -12 -24.3938 3.15
      vertex -17 -24.4266 3.0985
      vertex -12 -24.4266 3.0985
    endloop
  endfacet
  facet normal -0 0.608397 0.793633
    outer loop
      vertex -17 -25.4015 2.92659
      vertex -12 -25.45 2.96377
      vertex -12 -25.4015 2.92659
    endloop
  endfacet
  facet normal 0 0.608397 0.793633
    outer loop
      vertex -12 -25.45 2.96377
      vertex -17 -25.4015 2.92659
      vertex -17 -25.45 2.96377
    endloop
  endfacet
  facet normal -0 0.53731 0.843385
    outer loop
      vertex -17 -25.35 2.89378
      vertex -12 -25.4015 2.92659
      vertex -12 -25.35 2.89378
    endloop
  endfacet
  facet normal 0 0.53731 0.843385
    outer loop
      vertex -12 -25.4015 2.92659
      vertex -17 -25.35 2.89378
      vertex -17 -25.4015 2.92659
    endloop
  endfacet
  facet normal -0 0.0435652 0.999051
    outer loop
      vertex -17 -25 2.8
      vertex -12 -25.061 2.80266
      vertex -12 -25 2.8
    endloop
  endfacet
  facet normal 0 0.0435652 0.999051
    outer loop
      vertex -12 -25.061 2.80266
      vertex -17 -25 2.8
      vertex -17 -25.061 2.80266
    endloop
  endfacet
  facet normal 0 0.793171 0.608998
    outer loop
      vertex -12 -25.5362 3.05005
      vertex -17 -25.5734 3.0985
      vertex -12 -25.5734 3.0985
    endloop
  endfacet
  facet normal 0 0.793171 0.608998
    outer loop
      vertex -17 -25.5734 3.0985
      vertex -12 -25.5362 3.05005
      vertex -17 -25.5362 3.05005
    endloop
  endfacet
  facet normal 0 0.843459 0.537193
    outer loop
      vertex -12 -25.5734 3.0985
      vertex -17 -25.6062 3.15
      vertex -12 -25.6062 3.15
    endloop
  endfacet
  facet normal 0 0.843459 0.537193
    outer loop
      vertex -17 -25.6062 3.15
      vertex -12 -25.5734 3.0985
      vertex -17 -25.5734 3.0985
    endloop
  endfacet
  facet normal 0 0.737786 0.675034
    outer loop
      vertex -12 -25.495 3.00502
      vertex -17 -25.5362 3.05005
      vertex -12 -25.5362 3.05005
    endloop
  endfacet
  facet normal 0 0.737786 0.675034
    outer loop
      vertex -17 -25.5362 3.05005
      vertex -12 -25.495 3.00502
      vertex -17 -25.495 3.00502
    endloop
  endfacet
  facet normal 0 0.887005 0.46176
    outer loop
      vertex -12 -25.6062 3.15
      vertex -17 -25.6344 3.20417
      vertex -12 -25.6344 3.20417
    endloop
  endfacet
  facet normal 0 0.887005 0.46176
    outer loop
      vertex -17 -25.6344 3.20417
      vertex -12 -25.6062 3.15
      vertex -17 -25.6062 3.15
    endloop
  endfacet
  facet normal 0 0.991593 0.129395
    outer loop
      vertex -12 -25.6894 3.37845
      vertex -17 -25.6973 3.43899
      vertex -12 -25.6973 3.43899
    endloop
  endfacet
  facet normal 0 0.991593 0.129395
    outer loop
      vertex -17 -25.6973 3.43899
      vertex -12 -25.6894 3.37845
      vertex -17 -25.6894 3.37845
    endloop
  endfacet
  facet normal 0 -0.954012 -0.299767
    outer loop
      vertex -17 -24.3239 3.68117
      vertex -12 -24.3422 3.73941
      vertex -17 -24.3422 3.73941
    endloop
  endfacet
  facet normal 0 -0.954012 -0.299767
    outer loop
      vertex -12 -24.3422 3.73941
      vertex -17 -24.3239 3.68117
      vertex -12 -24.3239 3.68117
    endloop
  endfacet
  facet normal 0 -0.737712 -0.675116
    outer loop
      vertex -17 -24.4638 3.94995
      vertex -12 -24.505 3.99497
      vertex -17 -24.505 3.99497
    endloop
  endfacet
  facet normal 0 -0.737712 -0.675116
    outer loop
      vertex -12 -24.505 3.99497
      vertex -17 -24.4638 3.94995
      vertex -12 -24.4638 3.94995
    endloop
  endfacet
  facet normal 0 -0.216549 -0.976272
    outer loop
      vertex -17 -24.8784 4.18937
      vertex -12 -24.8188 4.17615
      vertex -12 -24.8784 4.18937
    endloop
  endfacet
  facet normal -0 -0.216549 -0.976272
    outer loop
      vertex -12 -24.8188 4.17615
      vertex -17 -24.8784 4.18937
      vertex -17 -24.8188 4.17615
    endloop
  endfacet
  facet normal 0 -0.46143 -0.887177
    outer loop
      vertex -17 -24.7042 4.13441
      vertex -12 -24.65 4.10622
      vertex -12 -24.7042 4.13441
    endloop
  endfacet
  facet normal -0 -0.46143 -0.887177
    outer loop
      vertex -12 -24.65 4.10622
      vertex -17 -24.7042 4.13441
      vertex -17 -24.65 4.10622
    endloop
  endfacet
  facet normal 0 -0.3828 -0.923831
    outer loop
      vertex -17 -24.7606 4.15778
      vertex -12 -24.7042 4.13441
      vertex -12 -24.7606 4.15778
    endloop
  endfacet
  facet normal -0 -0.3828 -0.923831
    outer loop
      vertex -12 -24.7042 4.13441
      vertex -17 -24.7606 4.15778
      vertex -17 -24.7042 4.13441
    endloop
  endfacet
  facet normal 0 0.793171 -0.608998
    outer loop
      vertex -12 -25.5734 3.9015
      vertex -17 -25.5362 3.94995
      vertex -12 -25.5362 3.94995
    endloop
  endfacet
  facet normal 0 0.793171 -0.608998
    outer loop
      vertex -17 -25.5362 3.94995
      vertex -12 -25.5734 3.9015
      vertex -17 -25.5734 3.9015
    endloop
  endfacet
  facet normal 0 0.97601 -0.217728
    outer loop
      vertex -12 -25.6894 3.62155
      vertex -17 -25.6761 3.68117
      vertex -12 -25.6761 3.68117
    endloop
  endfacet
  facet normal 0 0.97601 -0.217728
    outer loop
      vertex -17 -25.6761 3.68117
      vertex -12 -25.6894 3.62155
      vertex -17 -25.6894 3.62155
    endloop
  endfacet
  facet normal 0 0.999022 0.0442118
    outer loop
      vertex -12 -25.6973 3.43899
      vertex -17 -25.7 3.5
      vertex -12 -25.7 3.5
    endloop
  endfacet
  facet normal 0 0.999022 0.0442118
    outer loop
      vertex -17 -25.7 3.5
      vertex -12 -25.6973 3.43899
      vertex -17 -25.6973 3.43899
    endloop
  endfacet
  facet normal 0 0.675814 -0.737073
    outer loop
      vertex -17 -25.495 3.99497
      vertex -12 -25.45 4.03623
      vertex -12 -25.495 3.99497
    endloop
  endfacet
  facet normal 0 0.675814 -0.737073
    outer loop
      vertex -12 -25.45 4.03623
      vertex -17 -25.495 3.99497
      vertex -17 -25.45 4.03623
    endloop
  endfacet
  facet normal 0 0.53731 -0.843385
    outer loop
      vertex -17 -25.4015 4.07341
      vertex -12 -25.35 4.10622
      vertex -12 -25.4015 4.07341
    endloop
  endfacet
  facet normal 0 0.53731 -0.843385
    outer loop
      vertex -12 -25.35 4.10622
      vertex -17 -25.4015 4.07341
      vertex -17 -25.35 4.10622
    endloop
  endfacet
  facet normal 0 0.3828 -0.923831
    outer loop
      vertex -17 -25.2958 4.13441
      vertex -12 -25.2394 4.15778
      vertex -12 -25.2958 4.13441
    endloop
  endfacet
  facet normal 0 0.3828 -0.923831
    outer loop
      vertex -12 -25.2394 4.15778
      vertex -17 -25.2958 4.13441
      vertex -17 -25.2394 4.15778
    endloop
  endfacet
  facet normal 0 0.300998 -0.953625
    outer loop
      vertex -17 -25.2394 4.15778
      vertex -12 -25.1812 4.17615
      vertex -12 -25.2394 4.15778
    endloop
  endfacet
  facet normal 0 0.300998 -0.953625
    outer loop
      vertex -12 -25.1812 4.17615
      vertex -17 -25.2394 4.15778
      vertex -17 -25.1812 4.17615
    endloop
  endfacet
  facet normal 0 -0.461559 0.88711
    outer loop
      vertex -17 -24.65 2.89378
      vertex -12 -24.7042 2.86558
      vertex -12 -24.65 2.89378
    endloop
  endfacet
  facet normal 0 -0.461559 0.88711
    outer loop
      vertex -12 -24.7042 2.86558
      vertex -17 -24.65 2.89378
      vertex -17 -24.7042 2.86558
    endloop
  endfacet
  facet normal 0 -0.954012 0.299767
    outer loop
      vertex -17 -24.3422 3.26059
      vertex -12 -24.3239 3.31883
      vertex -17 -24.3239 3.31883
    endloop
  endfacet
  facet normal 0 -0.954012 0.299767
    outer loop
      vertex -12 -24.3239 3.31883
      vertex -17 -24.3422 3.26059
      vertex -12 -24.3422 3.26059
    endloop
  endfacet
  facet normal 0 -0.923705 0.383104
    outer loop
      vertex -17 -24.3656 3.20417
      vertex -12 -24.3422 3.26059
      vertex -17 -24.3422 3.26059
    endloop
  endfacet
  facet normal 0 -0.923705 0.383104
    outer loop
      vertex -12 -24.3422 3.26059
      vertex -17 -24.3656 3.20417
      vertex -12 -24.3656 3.20417
    endloop
  endfacet
  facet normal 0 -0.991593 0.129395
    outer loop
      vertex -17 -24.3106 3.37845
      vertex -12 -24.3027 3.43899
      vertex -17 -24.3027 3.43899
    endloop
  endfacet
  facet normal 0 -0.991593 0.129395
    outer loop
      vertex -12 -24.3027 3.43899
      vertex -17 -24.3106 3.37845
      vertex -12 -24.3106 3.37845
    endloop
  endfacet
  facet normal -0 0.461559 0.88711
    outer loop
      vertex -17 -25.2958 2.86558
      vertex -12 -25.35 2.89378
      vertex -12 -25.2958 2.86558
    endloop
  endfacet
  facet normal 0 0.461559 0.88711
    outer loop
      vertex -12 -25.35 2.89378
      vertex -17 -25.2958 2.86558
      vertex -17 -25.35 2.89378
    endloop
  endfacet
  facet normal -0 0.300849 0.953672
    outer loop
      vertex -17 -25.1812 2.82385
      vertex -12 -25.2394 2.84221
      vertex -12 -25.1812 2.82385
    endloop
  endfacet
  facet normal 0 0.300849 0.953672
    outer loop
      vertex -12 -25.2394 2.84221
      vertex -17 -25.1812 2.82385
      vertex -17 -25.2394 2.84221
    endloop
  endfacet
  facet normal -0 0.3828 0.923831
    outer loop
      vertex -17 -25.2394 2.84221
      vertex -12 -25.2958 2.86558
      vertex -12 -25.2394 2.84221
    endloop
  endfacet
  facet normal 0 0.3828 0.923831
    outer loop
      vertex -12 -25.2958 2.86558
      vertex -17 -25.2394 2.84221
      vertex -17 -25.2958 2.86558
    endloop
  endfacet
  facet normal -0 0.130395 0.991462
    outer loop
      vertex -17 -25.061 2.80266
      vertex -12 -25.1216 2.81063
      vertex -12 -25.061 2.80266
    endloop
  endfacet
  facet normal 0 0.130395 0.991462
    outer loop
      vertex -12 -25.1216 2.81063
      vertex -17 -25.061 2.80266
      vertex -17 -25.1216 2.81063
    endloop
  endfacet
  facet normal 0 -0.0435652 0.999051
    outer loop
      vertex -17 -24.939 2.80266
      vertex -12 -25 2.8
      vertex -12 -24.939 2.80266
    endloop
  endfacet
  facet normal 0 -0.0435652 0.999051
    outer loop
      vertex -12 -25 2.8
      vertex -17 -24.939 2.80266
      vertex -17 -25 2.8
    endloop
  endfacet
  facet normal 0 -0.300849 0.953672
    outer loop
      vertex -17 -24.7606 2.84221
      vertex -12 -24.8188 2.82385
      vertex -12 -24.7606 2.84221
    endloop
  endfacet
  facet normal 0 -0.300849 0.953672
    outer loop
      vertex -12 -24.8188 2.82385
      vertex -17 -24.7606 2.84221
      vertex -17 -24.8188 2.82385
    endloop
  endfacet
  facet normal 0 0.954012 0.299767
    outer loop
      vertex -12 -25.6578 3.26059
      vertex -17 -25.6761 3.31883
      vertex -12 -25.6761 3.31883
    endloop
  endfacet
  facet normal 0 0.954012 0.299767
    outer loop
      vertex -17 -25.6761 3.31883
      vertex -12 -25.6578 3.26059
      vertex -17 -25.6578 3.26059
    endloop
  endfacet
  facet normal 0 -0.0436217 -0.999048
    outer loop
      vertex -12 -23.5 2.5
      vertex -12.9524 -21.8572 2.42827
      vertex -12 -21.8572 2.42827
    endloop
  endfacet
  facet normal -7.21141e-06 -0.0436259 -0.999048
    outer loop
      vertex -12 -23.5 2.5
      vertex -13.82 -21.8195 2.42663
      vertex -12.9524 -21.8572 2.42827
    endloop
  endfacet
  facet normal 3.57294e-05 -0.0435795 -0.99905
    outer loop
      vertex -12 -23.5 2.5
      vertex -13.9029 -21.8159 2.42647
      vertex -13.82 -21.8195 2.42663
    endloop
  endfacet
  facet normal -2.20096e-05 -0.0436446 -0.999047
    outer loop
      vertex -12 -23.5 2.5
      vertex -13.9851 -21.8051 2.426
      vertex -13.9029 -21.8159 2.42647
    endloop
  endfacet
  facet normal 0 -0.0436188 -0.999048
    outer loop
      vertex -17 -23.5 2.5
      vertex -13.9851 -21.8051 2.426
      vertex -12 -23.5 2.5
    endloop
  endfacet
  facet normal 6.97657e-07 -0.0436201 -0.999048
    outer loop
      vertex -13.9851 -21.8051 2.426
      vertex -17 -23.5 2.5
      vertex -14.8463 -21.6922 2.42107
    endloop
  endfacet
  facet normal 2.17262e-06 -0.0436218 -0.999048
    outer loop
      vertex -14.8463 -21.6922 2.42107
      vertex -17 -23.5 2.5
      vertex -15.6953 -21.5049 2.41289
    endloop
  endfacet
  facet normal -3.0631e-05 -0.0436004 -0.999049
    outer loop
      vertex -15.6953 -21.5049 2.41289
      vertex -17 -23.5 2.5
      vertex -15.7756 -21.4872 2.41212
    endloop
  endfacet
  facet normal 6.48769e-06 -0.043623 -0.999048
    outer loop
      vertex -15.7756 -21.4872 2.41212
      vertex -17 -23.5 2.5
      vertex -16.6059 -21.2267 2.40074
    endloop
  endfacet
  facet normal -6.56072e-05 -0.0436105 -0.999049
    outer loop
      vertex -16.6059 -21.2267 2.40074
      vertex -17 -23.5 2.5
      vertex -16.6837 -21.2023 2.39968
    endloop
  endfacet
  facet normal -4.39085e-05 -0.0436135 -0.999048
    outer loop
      vertex -16.6837 -21.2023 2.39968
      vertex -17 -23.5 2.5
      vertex -16.7589 -21.1713 2.39833
    endloop
  endfacet
  facet normal 9.55676e-07 -0.0436181 -0.999048
    outer loop
      vertex -16.7589 -21.1713 2.39833
      vertex -17 -23.5 2.5
      vertex -17 -21.0719 2.39399
    endloop
  endfacet
  facet normal 0 0.130517 -0.991446
    outer loop
      vertex -17 -27.7415 2.2867
      vertex -12 -27.422 2.32876
      vertex -12 -27.7415 2.2867
    endloop
  endfacet
  facet normal 0 0.130517 -0.991446
    outer loop
      vertex -12 -27.422 2.32876
      vertex -17 -27.7415 2.2867
      vertex -17 -27.422 2.32876
    endloop
  endfacet
  facet normal 0 0.0436198 -0.999048
    outer loop
      vertex -17 -27.422 2.32876
      vertex -12 -23.5 2.5
      vertex -12 -27.422 2.32876
    endloop
  endfacet
  facet normal 0 0.0436198 -0.999048
    outer loop
      vertex -12 -23.5 2.5
      vertex -17 -27.422 2.32876
      vertex -17 -23.5 2.5
    endloop
  endfacet
  facet normal 7.78273e-06 0.102565 0.994726
    outer loop
      vertex 16.75 -20.7365 6.07594
      vertex 17 -24.7385 6.48858
      vertex 17 -20.6342 6.06539
    endloop
  endfacet
  facet normal 8.78333e-06 0.102565 0.994726
    outer loop
      vertex 16.4766 -20.8483 6.08747
      vertex 17 -24.7385 6.48858
      vertex 16.75 -20.7365 6.07594
    endloop
  endfacet
  facet normal -1.48985e-05 0.102562 0.994727
    outer loop
      vertex 16.1934 -20.9366 6.09657
      vertex 17 -24.7385 6.48858
      vertex 16.4766 -20.8483 6.08747
    endloop
  endfacet
  facet normal 5.624e-06 0.102566 0.994726
    outer loop
      vertex 15.5882 -21.1252 6.11602
      vertex 17 -24.7385 6.48858
      vertex 16.1934 -20.9366 6.09657
    endloop
  endfacet
  facet normal 5.38699e-06 0.102566 0.994726
    outer loop
      vertex 15.297 -21.189 6.1226
      vertex 17 -24.7385 6.48858
      vertex 15.5882 -21.1252 6.11602
    endloop
  endfacet
  facet normal -1.09706e-06 0.102563 0.994726
    outer loop
      vertex 14.6794 -21.3244 6.13656
      vertex 17 -24.7385 6.48858
      vertex 15.297 -21.189 6.1226
    endloop
  endfacet
  facet normal -4.78895e-06 0.102561 0.994727
    outer loop
      vertex 14.054 -21.4059 6.14496
      vertex 17 -24.7385 6.48858
      vertex 14.6794 -21.3244 6.13656
    endloop
  endfacet
  facet normal -1.11543e-06 0.102566 0.994726
    outer loop
      vertex 12 -24.7385 6.48858
      vertex 14.054 -21.4059 6.14496
      vertex 13.7572 -21.4446 6.14895
    endloop
  endfacet
  facet normal -3.5113e-07 0.102565 0.994726
    outer loop
      vertex 12 -24.7385 6.48858
      vertex 13.7572 -21.4446 6.14895
      vertex 13.4579 -21.4575 6.15028
    endloop
  endfacet
  facet normal -7.34365e-06 0.102568 0.994726
    outer loop
      vertex 12 -24.7385 6.48858
      vertex 13.4579 -21.4575 6.15028
      vertex 12.8282 -21.4847 6.15308
    endloop
  endfacet
  facet normal 0 0.102566 0.994726
    outer loop
      vertex 12 -24.7385 6.48858
      vertex 12.8282 -21.4847 6.15308
      vertex 12 -21.4847 6.15308
    endloop
  endfacet
  facet normal 0 0.102565 0.994726
    outer loop
      vertex 14.054 -21.4059 6.14496
      vertex 12 -24.7385 6.48858
      vertex 17 -24.7385 6.48858
    endloop
  endfacet
  facet normal -0 0.0436295 0.999048
    outer loop
      vertex 12 -24.7385 6.48858
      vertex 17 -25 6.5
      vertex 17 -24.7385 6.48858
    endloop
  endfacet
  facet normal 0 0.0436295 0.999048
    outer loop
      vertex 17 -25 6.5
      vertex 12 -24.7385 6.48858
      vertex 12 -25 6.5
    endloop
  endfacet
  facet normal 0 -0.923805 -0.382863
    outer loop
      vertex 12 -27.7415 2.2867
      vertex 17 -27.8191 2.47394
      vertex 12 -27.8191 2.47394
    endloop
  endfacet
  facet normal 0 -0.923805 -0.382863
    outer loop
      vertex 17 -27.8191 2.47394
      vertex 12 -27.7415 2.2867
      vertex 17 -27.7415 2.2867
    endloop
  endfacet
  facet normal 0 -0.53735 0.843359
    outer loop
      vertex 12 -26.5 6.09808
      vertex 17 -26.7207 5.95746
      vertex 17 -26.5 6.09808
    endloop
  endfacet
  facet normal 0 -0.53735 0.843359
    outer loop
      vertex 17 -26.7207 5.95746
      vertex 12 -26.5 6.09808
      vertex 12 -26.7207 5.95746
    endloop
  endfacet
  facet normal 0 -0.843427 0.537244
    outer loop
      vertex 12 -27.5981 5
      vertex 17 -27.4575 5.22073
      vertex 12 -27.4575 5.22073
    endloop
  endfacet
  facet normal 0 -0.843427 0.537244
    outer loop
      vertex 17 -27.4575 5.22073
      vertex 12 -27.5981 5
      vertex 17 -27.5981 5
    endloop
  endfacet
  facet normal 0 -0.999051 -0.0435583
    outer loop
      vertex 12 -27.9886 3.23853
      vertex 17 -28 3.5
      vertex 12 -28 3.5
    endloop
  endfacet
  facet normal 0 -0.999051 -0.0435583
    outer loop
      vertex 17 -28 3.5
      vertex 12 -27.9886 3.23853
      vertex 17 -27.9886 3.23853
    endloop
  endfacet
  facet normal 0 -0.976334 -0.216267
    outer loop
      vertex 12 -27.8978 2.72354
      vertex 17 -27.9544 2.97906
      vertex 12 -27.9544 2.97906
    endloop
  endfacet
  facet normal 0 -0.976334 -0.216267
    outer loop
      vertex 17 -27.9544 2.97906
      vertex 12 -27.8978 2.72354
      vertex 17 -27.8978 2.72354
    endloop
  endfacet
  facet normal 0 -0.675693 0.737183
    outer loop
      vertex 12 -26.9284 5.79813
      vertex 17 -27.1213 5.62132
      vertex 17 -26.9284 5.79813
    endloop
  endfacet
  facet normal 0 -0.675693 0.737183
    outer loop
      vertex 17 -27.1213 5.62132
      vertex 12 -26.9284 5.79813
      vertex 12 -27.1213 5.62132
    endloop
  endfacet
  facet normal 0 -0.300711 0.953715
    outer loop
      vertex 12 -25.7765 6.39778
      vertex 17 -26.0261 6.31908
      vertex 17 -25.7765 6.39778
    endloop
  endfacet
  facet normal 0 -0.300711 0.953715
    outer loop
      vertex 17 -26.0261 6.31908
      vertex 12 -25.7765 6.39778
      vertex 12 -26.0261 6.31908
    endloop
  endfacet
  facet normal 0 -0.461798 0.886985
    outer loop
      vertex 12 -26.2679 6.21892
      vertex 17 -26.5 6.09808
      vertex 17 -26.2679 6.21892
    endloop
  endfacet
  facet normal 0 -0.461798 0.886985
    outer loop
      vertex 17 -26.5 6.09808
      vertex 12 -26.2679 6.21892
      vertex 12 -26.5 6.09808
    endloop
  endfacet
  facet normal 0 -0.216348 0.976316
    outer loop
      vertex 12 -25.5209 6.45442
      vertex 17 -25.7765 6.39778
      vertex 17 -25.5209 6.45442
    endloop
  endfacet
  facet normal 0 -0.216348 0.976316
    outer loop
      vertex 17 -25.7765 6.39778
      vertex 12 -25.5209 6.45442
      vertex 12 -25.7765 6.39778
    endloop
  endfacet
  facet normal 1 -0 0
    outer loop
      vertex 17 -24.3239 3.68117
      vertex 17 -21.0719 2.39399
      vertex 17 -20.6342 6.06539
    endloop
  endfacet
  facet normal 1 0 0
    outer loop
      vertex 17 -21.0719 2.39399
      vertex 17 -24.3239 3.68117
      vertex 17 -23.5 2.5
    endloop
  endfacet
  facet normal 1 0 0
    outer loop
      vertex 17 -23.5 2.5
      vertex 17 -24.3027 3.56101
      vertex 17 -24.3 3.5
    endloop
  endfacet
  facet normal 1 0 0
    outer loop
      vertex 17 -23.5 2.5
      vertex 17 -24.3106 3.62155
      vertex 17 -24.3027 3.56101
    endloop
  endfacet
  facet normal 1 0 0
    outer loop
      vertex 17 -23.5 2.5
      vertex 17 -24.3239 3.68117
      vertex 17 -24.3106 3.62155
    endloop
  endfacet
  facet normal 1 0 0
    outer loop
      vertex 17 -20.6342 6.06539
      vertex 17 -24.3422 3.73941
      vertex 17 -24.3239 3.68117
    endloop
  endfacet
  facet normal 1 0 0
    outer loop
      vertex 17 -20.6342 6.06539
      vertex 17 -24.3656 3.79583
      vertex 17 -24.3422 3.73941
    endloop
  endfacet
  facet normal 1 0 0
    outer loop
      vertex 17 -20.6342 6.06539
      vertex 17 -24.3938 3.85
      vertex 17 -24.3656 3.79583
    endloop
  endfacet
  facet normal 1 0 0
    outer loop
      vertex 17 -20.6342 6.06539
      vertex 17 -24.4266 3.9015
      vertex 17 -24.3938 3.85
    endloop
  endfacet
  facet normal 1 0 0
    outer loop
      vertex 17 -20.6342 6.06539
      vertex 17 -24.4638 3.94995
      vertex 17 -24.4266 3.9015
    endloop
  endfacet
  facet normal 1 0 0
    outer loop
      vertex 17 -24.7385 6.48858
      vertex 17 -24.4638 3.94995
      vertex 17 -20.6342 6.06539
    endloop
  endfacet
  facet normal 1 0 0
    outer loop
      vertex 17 -24.4638 3.94995
      vertex 17 -24.7385 6.48858
      vertex 17 -24.505 3.99497
    endloop
  endfacet
  facet normal 1 0 0
    outer loop
      vertex 17 -24.505 3.99497
      vertex 17 -24.7385 6.48858
      vertex 17 -24.55 4.03623
    endloop
  endfacet
  facet normal 1 0 0
    outer loop
      vertex 17 -24.55 4.03623
      vertex 17 -24.7385 6.48858
      vertex 17 -24.5985 4.07341
    endloop
  endfacet
  facet normal 1 0 0
    outer loop
      vertex 17 -24.5985 4.07341
      vertex 17 -24.7385 6.48858
      vertex 17 -24.65 4.10622
    endloop
  endfacet
  facet normal 1 0 0
    outer loop
      vertex 17 -24.65 4.10622
      vertex 17 -24.7385 6.48858
      vertex 17 -24.7042 4.13441
    endloop
  endfacet
  facet normal 1 0 0
    outer loop
      vertex 17 -24.7385 6.48858
      vertex 17 -24.7606 4.15778
      vertex 17 -24.7042 4.13441
    endloop
  endfacet
  facet normal 1 0 0
    outer loop
      vertex 17 -24.7385 6.48858
      vertex 17 -24.8188 4.17615
      vertex 17 -24.7606 4.15778
    endloop
  endfacet
  facet normal 1 0 0
    outer loop
      vertex 17 -24.7385 6.48858
      vertex 17 -24.8784 4.18937
      vertex 17 -24.8188 4.17615
    endloop
  endfacet
  facet normal 1 0 0
    outer loop
      vertex 17 -24.7385 6.48858
      vertex 17 -24.939 4.19734
      vertex 17 -24.8784 4.18937
    endloop
  endfacet
  facet normal 1 0 0
    outer loop
      vertex 17 -25 6.5
      vertex 17 -24.939 4.19734
      vertex 17 -24.7385 6.48858
    endloop
  endfacet
  facet normal 1 0 0
    outer loop
      vertex 17 -25 6.5
      vertex 17 -25 4.2
      vertex 17 -24.939 4.19734
    endloop
  endfacet
  facet normal 1 0 0
    outer loop
      vertex 17 -25 6.5
      vertex 17 -25.061 4.19734
      vertex 17 -25 4.2
    endloop
  endfacet
  facet normal 1 -0 0
    outer loop
      vertex 17 -25.2615 6.48858
      vertex 17 -25.061 4.19734
      vertex 17 -25 6.5
    endloop
  endfacet
  facet normal 1 0 0
    outer loop
      vertex 17 -25.061 4.19734
      vertex 17 -25.2615 6.48858
      vertex 17 -25.1216 4.18937
    endloop
  endfacet
  facet normal 1 -0 0
    outer loop
      vertex 17 -25.5209 6.45442
      vertex 17 -25.1216 4.18937
      vertex 17 -25.2615 6.48858
    endloop
  endfacet
  facet normal 1 0 0
    outer loop
      vertex 17 -25.1216 4.18937
      vertex 17 -25.5209 6.45442
      vertex 17 -25.1812 4.17615
    endloop
  endfacet
  facet normal 1 -0 0
    outer loop
      vertex 17 -25.7765 6.39778
      vertex 17 -25.1812 4.17615
      vertex 17 -25.5209 6.45442
    endloop
  endfacet
  facet normal 1 0 0
    outer loop
      vertex 17 -25.1812 4.17615
      vertex 17 -25.7765 6.39778
      vertex 17 -25.2394 4.15778
    endloop
  endfacet
  facet normal 1 -0 0
    outer loop
      vertex 17 -26.0261 6.31908
      vertex 17 -25.2394 4.15778
      vertex 17 -25.7765 6.39778
    endloop
  endfacet
  facet normal 1 0 0
    outer loop
      vertex 17 -25.2394 4.15778
      vertex 17 -26.0261 6.31908
      vertex 17 -25.2958 4.13441
    endloop
  endfacet
  facet normal 1 -0 0
    outer loop
      vertex 17 -26.2679 6.21892
      vertex 17 -25.2958 4.13441
      vertex 17 -26.0261 6.31908
    endloop
  endfacet
  facet normal 1 0 0
    outer loop
      vertex 17 -25.2958 4.13441
      vertex 17 -26.2679 6.21892
      vertex 17 -25.35 4.10622
    endloop
  endfacet
  facet normal 1 -0 0
    outer loop
      vertex 17 -26.5 6.09808
      vertex 17 -25.35 4.10622
      vertex 17 -26.2679 6.21892
    endloop
  endfacet
  facet normal 1 0 0
    outer loop
      vertex 17 -25.35 4.10622
      vertex 17 -26.5 6.09808
      vertex 17 -25.4015 4.07341
    endloop
  endfacet
  facet normal 1 -0 0
    outer loop
      vertex 17 -26.7207 5.95746
      vertex 17 -25.4015 4.07341
      vertex 17 -26.5 6.09808
    endloop
  endfacet
  facet normal 1 0 0
    outer loop
      vertex 17 -25.4015 4.07341
      vertex 17 -26.7207 5.95746
      vertex 17 -25.45 4.03623
    endloop
  endfacet
  facet normal 1 -0 0
    outer loop
      vertex 17 -26.9284 5.79813
      vertex 17 -25.45 4.03623
      vertex 17 -26.7207 5.95746
    endloop
  endfacet
  facet normal 1 0 0
    outer loop
      vertex 17 -25.45 4.03623
      vertex 17 -26.9284 5.79813
      vertex 17 -25.495 3.99497
    endloop
  endfacet
  facet normal 1 -0 0
    outer loop
      vertex 17 -27.1213 5.62132
      vertex 17 -25.495 3.99497
      vertex 17 -26.9284 5.79813
    endloop
  endfacet
  facet normal 1 0 0
    outer loop
      vertex 17 -25.495 3.99497
      vertex 17 -27.1213 5.62132
      vertex 17 -25.5362 3.94995
    endloop
  endfacet
  facet normal 1 0 0
    outer loop
      vertex 17 -25.5362 3.94995
      vertex 17 -27.2981 5.42836
      vertex 17 -25.5734 3.9015
    endloop
  endfacet
  facet normal 1 -0 0
    outer loop
      vertex 17 -27.2981 5.42836
      vertex 17 -25.5362 3.94995
      vertex 17 -27.1213 5.62132
    endloop
  endfacet
  facet normal 1 -0 0
    outer loop
      vertex 17 -24.3027 3.43899
      vertex 17 -23.5 2.5
      vertex 17 -24.3 3.5
    endloop
  endfacet
  facet normal 1 -0 0
    outer loop
      vertex 17 -24.3106 3.37845
      vertex 17 -23.5 2.5
      vertex 17 -24.3027 3.43899
    endloop
  endfacet
  facet normal 1 -0 0
    outer loop
      vertex 17 -24.3239 3.31883
      vertex 17 -23.5 2.5
      vertex 17 -24.3106 3.37845
    endloop
  endfacet
  facet normal 1 -0 0
    outer loop
      vertex 17 -24.3422 3.26059
      vertex 17 -23.5 2.5
      vertex 17 -24.3239 3.31883
    endloop
  endfacet
  facet normal 1 -0 0
    outer loop
      vertex 17 -24.3656 3.20417
      vertex 17 -23.5 2.5
      vertex 17 -24.3422 3.26059
    endloop
  endfacet
  facet normal 1 -0 0
    outer loop
      vertex 17 -24.3938 3.15
      vertex 17 -23.5 2.5
      vertex 17 -24.3656 3.20417
    endloop
  endfacet
  facet normal 1 -0 0
    outer loop
      vertex 17 -24.4266 3.0985
      vertex 17 -23.5 2.5
      vertex 17 -24.3938 3.15
    endloop
  endfacet
  facet normal 1 -0 0
    outer loop
      vertex 17 -24.4638 3.05005
      vertex 17 -23.5 2.5
      vertex 17 -24.4266 3.0985
    endloop
  endfacet
  facet normal 1 -0 0
    outer loop
      vertex 17 -24.505 3.00502
      vertex 17 -23.5 2.5
      vertex 17 -24.4638 3.05005
    endloop
  endfacet
  facet normal 1 -0 0
    outer loop
      vertex 17 -24.55 2.96377
      vertex 17 -23.5 2.5
      vertex 17 -24.505 3.00502
    endloop
  endfacet
  facet normal 1 -0 0
    outer loop
      vertex 17 -24.5985 2.92659
      vertex 17 -23.5 2.5
      vertex 17 -24.55 2.96377
    endloop
  endfacet
  facet normal 1 -0 0
    outer loop
      vertex 17 -24.65 2.89378
      vertex 17 -23.5 2.5
      vertex 17 -24.5985 2.92659
    endloop
  endfacet
  facet normal 1 -0 0
    outer loop
      vertex 17 -24.7042 2.86558
      vertex 17 -23.5 2.5
      vertex 17 -24.65 2.89378
    endloop
  endfacet
  facet normal 1 -0 0
    outer loop
      vertex 17 -24.7606 2.84221
      vertex 17 -23.5 2.5
      vertex 17 -24.7042 2.86558
    endloop
  endfacet
  facet normal 1 -0 0
    outer loop
      vertex 17 -24.8188 2.82385
      vertex 17 -23.5 2.5
      vertex 17 -24.7606 2.84221
    endloop
  endfacet
  facet normal 1 -0 0
    outer loop
      vertex 17 -24.8784 2.81063
      vertex 17 -23.5 2.5
      vertex 17 -24.8188 2.82385
    endloop
  endfacet
  facet normal 1 -0 0
    outer loop
      vertex 17 -24.939 2.80266
      vertex 17 -23.5 2.5
      vertex 17 -24.8784 2.81063
    endloop
  endfacet
  facet normal 1 -0 0
    outer loop
      vertex 17 -25 2.8
      vertex 17 -23.5 2.5
      vertex 17 -24.939 2.80266
    endloop
  endfacet
  facet normal 1 0 0
    outer loop
      vertex 17 -25.061 2.80266
      vertex 17 -23.5 2.5
      vertex 17 -25 2.8
    endloop
  endfacet
  facet normal 1 0 0
    outer loop
      vertex 17 -27.422 2.32876
      vertex 17 -25.061 2.80266
      vertex 17 -25.1216 2.81063
    endloop
  endfacet
  facet normal 1 -0 0
    outer loop
      vertex 17 -27.4575 5.22073
      vertex 17 -25.5734 3.9015
      vertex 17 -27.2981 5.42836
    endloop
  endfacet
  facet normal 1 0 0
    outer loop
      vertex 17 -25.5734 3.9015
      vertex 17 -27.4575 5.22073
      vertex 17 -25.6062 3.85
    endloop
  endfacet
  facet normal 1 -0 0
    outer loop
      vertex 17 -27.5981 5
      vertex 17 -25.6062 3.85
      vertex 17 -27.4575 5.22073
    endloop
  endfacet
  facet normal 1 0 0
    outer loop
      vertex 17 -25.6062 3.85
      vertex 17 -27.5981 5
      vertex 17 -25.6344 3.79583
    endloop
  endfacet
  facet normal 1 -0 0
    outer loop
      vertex 17 -27.7189 4.76785
      vertex 17 -25.6344 3.79583
      vertex 17 -27.5981 5
    endloop
  endfacet
  facet normal 1 0 0
    outer loop
      vertex 17 -25.6344 3.79583
      vertex 17 -27.7189 4.76785
      vertex 17 -25.6578 3.73941
    endloop
  endfacet
  facet normal 1 -0 0
    outer loop
      vertex 17 -27.8191 4.52606
      vertex 17 -25.6578 3.73941
      vertex 17 -27.7189 4.76785
    endloop
  endfacet
  facet normal 1 0 0
    outer loop
      vertex 17 -25.6578 3.73941
      vertex 17 -27.8191 4.52606
      vertex 17 -25.6761 3.68117
    endloop
  endfacet
  facet normal 1 -0 0
    outer loop
      vertex 17 -27.8978 4.27646
      vertex 17 -25.6761 3.68117
      vertex 17 -27.8191 4.52606
    endloop
  endfacet
  facet normal 1 0 0
    outer loop
      vertex 17 -25.6761 3.68117
      vertex 17 -27.8978 4.27646
      vertex 17 -25.6894 3.62155
    endloop
  endfacet
  facet normal 1 -0 0
    outer loop
      vertex 17 -27.9544 4.02094
      vertex 17 -25.6894 3.62155
      vertex 17 -27.8978 4.27646
    endloop
  endfacet
  facet normal 1 0 0
    outer loop
      vertex 17 -25.6894 3.62155
      vertex 17 -27.9544 4.02094
      vertex 17 -25.6973 3.56101
    endloop
  endfacet
  facet normal 1 -0 0
    outer loop
      vertex 17 -27.9886 3.76147
      vertex 17 -25.6973 3.56101
      vertex 17 -27.9544 4.02094
    endloop
  endfacet
  facet normal 1 0 0
    outer loop
      vertex 17 -25.6973 3.56101
      vertex 17 -27.9886 3.76147
      vertex 17 -25.7 3.5
    endloop
  endfacet
  facet normal 1 0 0
    outer loop
      vertex 17 -25.061 2.80266
      vertex 17 -27.422 2.32876
      vertex 17 -23.5 2.5
    endloop
  endfacet
  facet normal 1 0 0
    outer loop
      vertex 17 -25.1812 2.82385
      vertex 17 -27.422 2.32876
      vertex 17 -25.1216 2.81063
    endloop
  endfacet
  facet normal 1 0 0
    outer loop
      vertex 17 -25.2394 2.84221
      vertex 17 -27.422 2.32876
      vertex 17 -25.1812 2.82385
    endloop
  endfacet
  facet normal 1 0 0
    outer loop
      vertex 17 -25.2958 2.86558
      vertex 17 -27.422 2.32876
      vertex 17 -25.2394 2.84221
    endloop
  endfacet
  facet normal 1 0 0
    outer loop
      vertex 17 -25.35 2.89378
      vertex 17 -27.422 2.32876
      vertex 17 -25.2958 2.86558
    endloop
  endfacet
  facet normal 1 0 0
    outer loop
      vertex 17 -25.4015 2.92659
      vertex 17 -27.422 2.32876
      vertex 17 -25.35 2.89378
    endloop
  endfacet
  facet normal 1 0 0
    outer loop
      vertex 17 -25.45 2.96377
      vertex 17 -27.422 2.32876
      vertex 17 -25.4015 2.92659
    endloop
  endfacet
  facet normal 1 0 0
    outer loop
      vertex 17 -25.495 3.00502
      vertex 17 -27.422 2.32876
      vertex 17 -25.45 2.96377
    endloop
  endfacet
  facet normal 1 0 0
    outer loop
      vertex 17 -25.5362 3.05005
      vertex 17 -27.422 2.32876
      vertex 17 -25.495 3.00502
    endloop
  endfacet
  facet normal 1 0 0
    outer loop
      vertex 17 -25.5734 3.0985
      vertex 17 -27.422 2.32876
      vertex 17 -25.5362 3.05005
    endloop
  endfacet
  facet normal 1 0 0
    outer loop
      vertex 17 -28 3.5
      vertex 17 -25.7 3.5
      vertex 17 -27.9886 3.76147
    endloop
  endfacet
  facet normal 1 0 0
    outer loop
      vertex 17 -25.7 3.5
      vertex 17 -28 3.5
      vertex 17 -25.6973 3.43899
    endloop
  endfacet
  facet normal 1 0 -0
    outer loop
      vertex 17 -27.9886 3.23853
      vertex 17 -25.6973 3.43899
      vertex 17 -28 3.5
    endloop
  endfacet
  facet normal 1 0 -0
    outer loop
      vertex 17 -27.422 2.32876
      vertex 17 -25.6973 3.43899
      vertex 17 -27.9886 3.23853
    endloop
  endfacet
  facet normal 1 0 0
    outer loop
      vertex 17 -25.6973 3.43899
      vertex 17 -27.422 2.32876
      vertex 17 -25.6894 3.37845
    endloop
  endfacet
  facet normal 1 0 0
    outer loop
      vertex 17 -25.6894 3.37845
      vertex 17 -27.422 2.32876
      vertex 17 -25.6761 3.31883
    endloop
  endfacet
  facet normal 1 0 0
    outer loop
      vertex 17 -27.422 2.32876
      vertex 17 -27.8191 2.47394
      vertex 17 -27.7415 2.2867
    endloop
  endfacet
  facet normal 1 0 0
    outer loop
      vertex 17 -25.6761 3.31883
      vertex 17 -27.422 2.32876
      vertex 17 -25.6578 3.26059
    endloop
  endfacet
  facet normal 1 0 0
    outer loop
      vertex 17 -27.422 2.32876
      vertex 17 -27.8978 2.72354
      vertex 17 -27.8191 2.47394
    endloop
  endfacet
  facet normal 1 0 0
    outer loop
      vertex 17 -25.6578 3.26059
      vertex 17 -27.422 2.32876
      vertex 17 -25.6344 3.20417
    endloop
  endfacet
  facet normal 1 0 0
    outer loop
      vertex 17 -27.422 2.32876
      vertex 17 -27.9544 2.97906
      vertex 17 -27.8978 2.72354
    endloop
  endfacet
  facet normal 1 0 0
    outer loop
      vertex 17 -25.6344 3.20417
      vertex 17 -27.422 2.32876
      vertex 17 -25.6062 3.15
    endloop
  endfacet
  facet normal 1 0 0
    outer loop
      vertex 17 -27.422 2.32876
      vertex 17 -27.9886 3.23853
      vertex 17 -27.9544 2.97906
    endloop
  endfacet
  facet normal 1 0 0
    outer loop
      vertex 17 -25.6062 3.15
      vertex 17 -27.422 2.32876
      vertex 17 -25.5734 3.0985
    endloop
  endfacet
  facet normal -1 0 0
    outer loop
      vertex 12 -23.5 2.5
      vertex 12 -24.3027 3.43899
      vertex 12 -24.3 3.5
    endloop
  endfacet
  facet normal -1 0 0
    outer loop
      vertex 12 -23.5 2.5
      vertex 12 -24.3106 3.37845
      vertex 12 -24.3027 3.43899
    endloop
  endfacet
  facet normal -1 0 0
    outer loop
      vertex 12 -23.5 2.5
      vertex 12 -24.3239 3.31883
      vertex 12 -24.3106 3.37845
    endloop
  endfacet
  facet normal -1 0 0
    outer loop
      vertex 12 -23.5 2.5
      vertex 12 -24.3422 3.26059
      vertex 12 -24.3239 3.31883
    endloop
  endfacet
  facet normal -1 0 0
    outer loop
      vertex 12 -23.5 2.5
      vertex 12 -24.3656 3.20417
      vertex 12 -24.3422 3.26059
    endloop
  endfacet
  facet normal -1 0 0
    outer loop
      vertex 12 -23.5 2.5
      vertex 12 -24.3938 3.15
      vertex 12 -24.3656 3.20417
    endloop
  endfacet
  facet normal -1 0 0
    outer loop
      vertex 12 -23.5 2.5
      vertex 12 -24.4266 3.0985
      vertex 12 -24.3938 3.15
    endloop
  endfacet
  facet normal -1 0 0
    outer loop
      vertex 12 -23.5 2.5
      vertex 12 -24.4638 3.05005
      vertex 12 -24.4266 3.0985
    endloop
  endfacet
  facet normal -1 0 0
    outer loop
      vertex 12 -23.5 2.5
      vertex 12 -24.505 3.00502
      vertex 12 -24.4638 3.05005
    endloop
  endfacet
  facet normal -1 0 0
    outer loop
      vertex 12 -23.5 2.5
      vertex 12 -24.55 2.96377
      vertex 12 -24.505 3.00502
    endloop
  endfacet
  facet normal -1 0 0
    outer loop
      vertex 12 -23.5 2.5
      vertex 12 -24.5985 2.92659
      vertex 12 -24.55 2.96377
    endloop
  endfacet
  facet normal -1 0 0
    outer loop
      vertex 12 -23.5 2.5
      vertex 12 -24.65 2.89378
      vertex 12 -24.5985 2.92659
    endloop
  endfacet
  facet normal -1 0 0
    outer loop
      vertex 12 -23.5 2.5
      vertex 12 -24.7042 2.86558
      vertex 12 -24.65 2.89378
    endloop
  endfacet
  facet normal -1 0 0
    outer loop
      vertex 12 -23.5 2.5
      vertex 12 -24.7606 2.84221
      vertex 12 -24.7042 2.86558
    endloop
  endfacet
  facet normal -1 0 0
    outer loop
      vertex 12 -23.5 2.5
      vertex 12 -24.8188 2.82385
      vertex 12 -24.7606 2.84221
    endloop
  endfacet
  facet normal -1 0 0
    outer loop
      vertex 12 -23.5 2.5
      vertex 12 -24.8784 2.81063
      vertex 12 -24.8188 2.82385
    endloop
  endfacet
  facet normal -1 0 0
    outer loop
      vertex 12 -23.5 2.5
      vertex 12 -24.939 2.80266
      vertex 12 -24.8784 2.81063
    endloop
  endfacet
  facet normal -1 0 0
    outer loop
      vertex 12 -23.5 2.5
      vertex 12 -25 2.8
      vertex 12 -24.939 2.80266
    endloop
  endfacet
  facet normal -1 0 0
    outer loop
      vertex 12 -23.5 2.5
      vertex 12 -25.061 2.80266
      vertex 12 -25 2.8
    endloop
  endfacet
  facet normal -1 0 0
    outer loop
      vertex 12 -27.422 2.32876
      vertex 12 -25.061 2.80266
      vertex 12 -23.5 2.5
    endloop
  endfacet
  facet normal -1 0 0
    outer loop
      vertex 12 -25.2394 4.15778
      vertex 12 -26.0261 6.31908
      vertex 12 -25.7765 6.39778
    endloop
  endfacet
  facet normal -1 0 0
    outer loop
      vertex 12 -28 3.5
      vertex 12 -25.7 3.5
      vertex 12 -25.6973 3.43899
    endloop
  endfacet
  facet normal -1 0 0
    outer loop
      vertex 12 -25.6973 3.56101
      vertex 12 -26.2679 6.21892
      vertex 12 -26.0261 6.31908
    endloop
  endfacet
  facet normal -1 0 0
    outer loop
      vertex 12 -27.422 2.32876
      vertex 12 -25.6973 3.43899
      vertex 12 -25.6894 3.37845
    endloop
  endfacet
  facet normal -1 0 0
    outer loop
      vertex 12 -25.6973 3.56101
      vertex 12 -26.5 6.09808
      vertex 12 -26.2679 6.21892
    endloop
  endfacet
  facet normal -1 0 0
    outer loop
      vertex 12 -27.422 2.32876
      vertex 12 -25.6894 3.37845
      vertex 12 -25.6761 3.31883
    endloop
  endfacet
  facet normal -1 0 0
    outer loop
      vertex 12 -25.6973 3.56101
      vertex 12 -26.7207 5.95746
      vertex 12 -26.5 6.09808
    endloop
  endfacet
  facet normal -1 0 0
    outer loop
      vertex 12 -27.422 2.32876
      vertex 12 -25.6761 3.31883
      vertex 12 -25.6578 3.26059
    endloop
  endfacet
  facet normal -1 0 0
    outer loop
      vertex 12 -25.6973 3.56101
      vertex 12 -26.9284 5.79813
      vertex 12 -26.7207 5.95746
    endloop
  endfacet
  facet normal -1 0 0
    outer loop
      vertex 12 -27.422 2.32876
      vertex 12 -25.6578 3.26059
      vertex 12 -25.6344 3.20417
    endloop
  endfacet
  facet normal -1 0 0
    outer loop
      vertex 12 -25.6973 3.56101
      vertex 12 -27.1213 5.62132
      vertex 12 -26.9284 5.79813
    endloop
  endfacet
  facet normal -1 0 0
    outer loop
      vertex 12 -27.422 2.32876
      vertex 12 -25.6344 3.20417
      vertex 12 -25.6062 3.15
    endloop
  endfacet
  facet normal -1 0 0
    outer loop
      vertex 12 -25.6973 3.56101
      vertex 12 -27.2981 5.42836
      vertex 12 -27.1213 5.62132
    endloop
  endfacet
  facet normal -1 0 0
    outer loop
      vertex 12 -27.422 2.32876
      vertex 12 -25.6062 3.15
      vertex 12 -25.5734 3.0985
    endloop
  endfacet
  facet normal -1 -0 0
    outer loop
      vertex 12 -25.061 2.80266
      vertex 12 -27.422 2.32876
      vertex 12 -25.1216 2.81063
    endloop
  endfacet
  facet normal -1 0 0
    outer loop
      vertex 12 -27.422 2.32876
      vertex 12 -25.1812 2.82385
      vertex 12 -25.1216 2.81063
    endloop
  endfacet
  facet normal -1 0 0
    outer loop
      vertex 12 -27.422 2.32876
      vertex 12 -25.2394 2.84221
      vertex 12 -25.1812 2.82385
    endloop
  endfacet
  facet normal -1 0 0
    outer loop
      vertex 12 -27.422 2.32876
      vertex 12 -25.2958 2.86558
      vertex 12 -25.2394 2.84221
    endloop
  endfacet
  facet normal -1 0 0
    outer loop
      vertex 12 -27.422 2.32876
      vertex 12 -25.35 2.89378
      vertex 12 -25.2958 2.86558
    endloop
  endfacet
  facet normal -1 0 0
    outer loop
      vertex 12 -27.422 2.32876
      vertex 12 -25.4015 2.92659
      vertex 12 -25.35 2.89378
    endloop
  endfacet
  facet normal -1 0 0
    outer loop
      vertex 12 -27.422 2.32876
      vertex 12 -25.45 2.96377
      vertex 12 -25.4015 2.92659
    endloop
  endfacet
  facet normal -1 0 0
    outer loop
      vertex 12 -27.422 2.32876
      vertex 12 -25.495 3.00502
      vertex 12 -25.45 2.96377
    endloop
  endfacet
  facet normal -1 0 0
    outer loop
      vertex 12 -27.422 2.32876
      vertex 12 -25.5362 3.05005
      vertex 12 -25.495 3.00502
    endloop
  endfacet
  facet normal -1 0 0
    outer loop
      vertex 12 -27.422 2.32876
      vertex 12 -25.5734 3.0985
      vertex 12 -25.5362 3.05005
    endloop
  endfacet
  facet normal -1 0 0
    outer loop
      vertex 12 -25.6973 3.43899
      vertex 12 -27.422 2.32876
      vertex 12 -27.9886 3.23853
    endloop
  endfacet
  facet normal -1 0 0
    outer loop
      vertex 12 -25.6973 3.56101
      vertex 12 -27.4575 5.22073
      vertex 12 -27.2981 5.42836
    endloop
  endfacet
  facet normal -1 0 0
    outer loop
      vertex 12 -25.6973 3.56101
      vertex 12 -27.5981 5
      vertex 12 -27.4575 5.22073
    endloop
  endfacet
  facet normal -1 0 0
    outer loop
      vertex 12 -25.6973 3.56101
      vertex 12 -27.7189 4.76785
      vertex 12 -27.5981 5
    endloop
  endfacet
  facet normal -1 0 0
    outer loop
      vertex 12 -27.8191 2.47394
      vertex 12 -27.422 2.32876
      vertex 12 -27.7415 2.2867
    endloop
  endfacet
  facet normal -1 0 0
    outer loop
      vertex 12 -27.8978 2.72354
      vertex 12 -27.422 2.32876
      vertex 12 -27.8191 2.47394
    endloop
  endfacet
  facet normal -1 0 0
    outer loop
      vertex 12 -25.6973 3.56101
      vertex 12 -27.8191 4.52606
      vertex 12 -27.7189 4.76785
    endloop
  endfacet
  facet normal -1 0 0
    outer loop
      vertex 12 -27.9544 2.97906
      vertex 12 -27.422 2.32876
      vertex 12 -27.8978 2.72354
    endloop
  endfacet
  facet normal -1 0 0
    outer loop
      vertex 12 -25.6973 3.56101
      vertex 12 -27.8978 4.27646
      vertex 12 -27.8191 4.52606
    endloop
  endfacet
  facet normal -1 0 0
    outer loop
      vertex 12 -27.9886 3.23853
      vertex 12 -27.422 2.32876
      vertex 12 -27.9544 2.97906
    endloop
  endfacet
  facet normal -1 0 0
    outer loop
      vertex 12 -25.6973 3.56101
      vertex 12 -27.9544 4.02094
      vertex 12 -27.8978 4.27646
    endloop
  endfacet
  facet normal -1 -0 0
    outer loop
      vertex 12 -25.6973 3.43899
      vertex 12 -27.9886 3.23853
      vertex 12 -28 3.5
    endloop
  endfacet
  facet normal -1 0 0
    outer loop
      vertex 12 -25.6973 3.56101
      vertex 12 -27.9886 3.76147
      vertex 12 -27.9544 4.02094
    endloop
  endfacet
  facet normal -1 0 0
    outer loop
      vertex 12 -25.7 3.5
      vertex 12 -28 3.5
      vertex 12 -27.9886 3.76147
    endloop
  endfacet
  facet normal -1 0 0
    outer loop
      vertex 12 -24.3106 3.62155
      vertex 12 -21.8572 2.42827
      vertex 12 -23.5 2.5
    endloop
  endfacet
  facet normal -1 0 0
    outer loop
      vertex 12 -24.3027 3.56101
      vertex 12 -23.5 2.5
      vertex 12 -24.3 3.5
    endloop
  endfacet
  facet normal -1 0 0
    outer loop
      vertex 12 -24.3106 3.62155
      vertex 12 -23.5 2.5
      vertex 12 -24.3027 3.56101
    endloop
  endfacet
  facet normal -1 0 0
    outer loop
      vertex 12 -21.8572 2.42827
      vertex 12 -24.3106 3.62155
      vertex 12 -24.3239 3.68117
    endloop
  endfacet
  facet normal -1 0 0
    outer loop
      vertex 12 -24.3422 3.73941
      vertex 12 -21.8572 2.42827
      vertex 12 -24.3239 3.68117
    endloop
  endfacet
  facet normal -1 0 0
    outer loop
      vertex 12 -21.8572 2.42827
      vertex 12 -24.3422 3.73941
      vertex 12 -21.4847 6.15308
    endloop
  endfacet
  facet normal -1 0 0
    outer loop
      vertex 12 -24.3656 3.79583
      vertex 12 -21.4847 6.15308
      vertex 12 -24.3422 3.73941
    endloop
  endfacet
  facet normal -1 0 0
    outer loop
      vertex 12 -24.3938 3.85
      vertex 12 -21.4847 6.15308
      vertex 12 -24.3656 3.79583
    endloop
  endfacet
  facet normal -1 0 0
    outer loop
      vertex 12 -24.4266 3.9015
      vertex 12 -21.4847 6.15308
      vertex 12 -24.3938 3.85
    endloop
  endfacet
  facet normal -1 0 0
    outer loop
      vertex 12 -24.4638 3.94995
      vertex 12 -21.4847 6.15308
      vertex 12 -24.4266 3.9015
    endloop
  endfacet
  facet normal -1 0 0
    outer loop
      vertex 12 -24.505 3.99497
      vertex 12 -21.4847 6.15308
      vertex 12 -24.4638 3.94995
    endloop
  endfacet
  facet normal -1 0 0
    outer loop
      vertex 12 -24.7385 6.48858
      vertex 12 -24.505 3.99497
      vertex 12 -24.55 4.03623
    endloop
  endfacet
  facet normal -1 0 0
    outer loop
      vertex 12 -24.7385 6.48858
      vertex 12 -24.55 4.03623
      vertex 12 -24.5985 4.07341
    endloop
  endfacet
  facet normal -1 0 0
    outer loop
      vertex 12 -24.7385 6.48858
      vertex 12 -24.5985 4.07341
      vertex 12 -24.65 4.10622
    endloop
  endfacet
  facet normal -1 0 0
    outer loop
      vertex 12 -24.7385 6.48858
      vertex 12 -24.65 4.10622
      vertex 12 -24.7042 4.13441
    endloop
  endfacet
  facet normal -1 0 0
    outer loop
      vertex 12 -24.505 3.99497
      vertex 12 -24.7385 6.48858
      vertex 12 -21.4847 6.15308
    endloop
  endfacet
  facet normal -1 0 0
    outer loop
      vertex 12 -24.7606 4.15778
      vertex 12 -24.7385 6.48858
      vertex 12 -24.7042 4.13441
    endloop
  endfacet
  facet normal -1 0 0
    outer loop
      vertex 12 -24.8188 4.17615
      vertex 12 -24.7385 6.48858
      vertex 12 -24.7606 4.15778
    endloop
  endfacet
  facet normal -1 0 0
    outer loop
      vertex 12 -24.8784 4.18937
      vertex 12 -24.7385 6.48858
      vertex 12 -24.8188 4.17615
    endloop
  endfacet
  facet normal -1 0 0
    outer loop
      vertex 12 -24.939 4.19734
      vertex 12 -24.7385 6.48858
      vertex 12 -24.8784 4.18937
    endloop
  endfacet
  facet normal -1 0 0
    outer loop
      vertex 12 -25 4.2
      vertex 12 -24.7385 6.48858
      vertex 12 -24.939 4.19734
    endloop
  endfacet
  facet normal -1 0 0
    outer loop
      vertex 12 -25 4.2
      vertex 12 -25 6.5
      vertex 12 -24.7385 6.48858
    endloop
  endfacet
  facet normal -1 0 0
    outer loop
      vertex 12 -25.061 4.19734
      vertex 12 -25 6.5
      vertex 12 -25 4.2
    endloop
  endfacet
  facet normal -1 0 0
    outer loop
      vertex 12 -25.2615 6.48858
      vertex 12 -25.061 4.19734
      vertex 12 -25.1216 4.18937
    endloop
  endfacet
  facet normal -1 0 0
    outer loop
      vertex 12 -25.5209 6.45442
      vertex 12 -25.1216 4.18937
      vertex 12 -25.1812 4.17615
    endloop
  endfacet
  facet normal -1 0 0
    outer loop
      vertex 12 -25.7765 6.39778
      vertex 12 -25.1812 4.17615
      vertex 12 -25.2394 4.15778
    endloop
  endfacet
  facet normal -1 0 0
    outer loop
      vertex 12 -25.061 4.19734
      vertex 12 -25.2615 6.48858
      vertex 12 -25 6.5
    endloop
  endfacet
  facet normal -1 0 0
    outer loop
      vertex 12 -26.0261 6.31908
      vertex 12 -25.2394 4.15778
      vertex 12 -25.2958 4.13441
    endloop
  endfacet
  facet normal -1 0 0
    outer loop
      vertex 12 -26.0261 6.31908
      vertex 12 -25.2958 4.13441
      vertex 12 -25.35 4.10622
    endloop
  endfacet
  facet normal -1 0 0
    outer loop
      vertex 12 -26.0261 6.31908
      vertex 12 -25.35 4.10622
      vertex 12 -25.4015 4.07341
    endloop
  endfacet
  facet normal -1 0 0
    outer loop
      vertex 12 -26.0261 6.31908
      vertex 12 -25.4015 4.07341
      vertex 12 -25.45 4.03623
    endloop
  endfacet
  facet normal -1 0 0
    outer loop
      vertex 12 -26.0261 6.31908
      vertex 12 -25.45 4.03623
      vertex 12 -25.495 3.99497
    endloop
  endfacet
  facet normal -1 0 0
    outer loop
      vertex 12 -25.1216 4.18937
      vertex 12 -25.5209 6.45442
      vertex 12 -25.2615 6.48858
    endloop
  endfacet
  facet normal -1 0 0
    outer loop
      vertex 12 -26.0261 6.31908
      vertex 12 -25.495 3.99497
      vertex 12 -25.5362 3.94995
    endloop
  endfacet
  facet normal -1 0 0
    outer loop
      vertex 12 -26.0261 6.31908
      vertex 12 -25.5362 3.94995
      vertex 12 -25.5734 3.9015
    endloop
  endfacet
  facet normal -1 0 0
    outer loop
      vertex 12 -26.0261 6.31908
      vertex 12 -25.5734 3.9015
      vertex 12 -25.6062 3.85
    endloop
  endfacet
  facet normal -1 0 0
    outer loop
      vertex 12 -26.0261 6.31908
      vertex 12 -25.6062 3.85
      vertex 12 -25.6344 3.79583
    endloop
  endfacet
  facet normal -1 0 0
    outer loop
      vertex 12 -26.0261 6.31908
      vertex 12 -25.6344 3.79583
      vertex 12 -25.6578 3.73941
    endloop
  endfacet
  facet normal -1 0 0
    outer loop
      vertex 12 -26.0261 6.31908
      vertex 12 -25.6578 3.73941
      vertex 12 -25.6761 3.68117
    endloop
  endfacet
  facet normal -1 0 0
    outer loop
      vertex 12 -26.0261 6.31908
      vertex 12 -25.6761 3.68117
      vertex 12 -25.6894 3.62155
    endloop
  endfacet
  facet normal -1 0 0
    outer loop
      vertex 12 -26.0261 6.31908
      vertex 12 -25.6894 3.62155
      vertex 12 -25.6973 3.56101
    endloop
  endfacet
  facet normal -1 0 0
    outer loop
      vertex 12 -25.1812 4.17615
      vertex 12 -25.7765 6.39778
      vertex 12 -25.5209 6.45442
    endloop
  endfacet
  facet normal -1 0 0
    outer loop
      vertex 12 -27.9886 3.76147
      vertex 12 -25.6973 3.56101
      vertex 12 -25.7 3.5
    endloop
  endfacet
  facet normal 0 -0.608656 0.793434
    outer loop
      vertex 12 -26.7207 5.95746
      vertex 17 -26.9284 5.79813
      vertex 17 -26.7207 5.95746
    endloop
  endfacet
  facet normal 0 -0.608656 0.793434
    outer loop
      vertex 17 -26.9284 5.79813
      vertex 12 -26.7207 5.95746
      vertex 12 -26.9284 5.79813
    endloop
  endfacet
  facet normal 0 -0.737306 0.675559
    outer loop
      vertex 12 -27.2981 5.42836
      vertex 17 -27.1213 5.62132
      vertex 12 -27.1213 5.62132
    endloop
  endfacet
  facet normal 0 -0.737306 0.675559
    outer loop
      vertex 17 -27.1213 5.62132
      vertex 12 -27.2981 5.42836
      vertex 17 -27.2981 5.42836
    endloop
  endfacet
  facet normal 0 -0.793206 0.608954
    outer loop
      vertex 12 -27.4575 5.22073
      vertex 17 -27.2981 5.42836
      vertex 12 -27.2981 5.42836
    endloop
  endfacet
  facet normal 0 -0.793206 0.608954
    outer loop
      vertex 17 -27.2981 5.42836
      vertex 12 -27.4575 5.22073
      vertex 17 -27.4575 5.22073
    endloop
  endfacet
  facet normal 0 -0.382694 0.923875
    outer loop
      vertex 12 -26.0261 6.31908
      vertex 17 -26.2679 6.21892
      vertex 17 -26.0261 6.31908
    endloop
  endfacet
  facet normal 0 -0.382694 0.923875
    outer loop
      vertex 17 -26.2679 6.21892
      vertex 12 -26.0261 6.31908
      vertex 12 -26.2679 6.21892
    endloop
  endfacet
  facet normal 0 -0.130561 0.99144
    outer loop
      vertex 12 -25.2615 6.48858
      vertex 17 -25.5209 6.45442
      vertex 17 -25.2615 6.48858
    endloop
  endfacet
  facet normal 0 -0.130561 0.99144
    outer loop
      vertex 17 -25.5209 6.45442
      vertex 12 -25.2615 6.48858
      vertex 12 -25.5209 6.45442
    endloop
  endfacet
  facet normal 0 -0.0436295 0.999048
    outer loop
      vertex 12 -25 6.5
      vertex 17 -25.2615 6.48858
      vertex 17 -25 6.5
    endloop
  endfacet
  facet normal 0 -0.0436295 0.999048
    outer loop
      vertex 17 -25.2615 6.48858
      vertex 12 -25 6.5
      vertex 12 -25.2615 6.48858
    endloop
  endfacet
  facet normal 0 -0.976334 0.216267
    outer loop
      vertex 12 -27.9544 4.02094
      vertex 17 -27.8978 4.27646
      vertex 12 -27.8978 4.27646
    endloop
  endfacet
  facet normal 0 -0.976334 0.216267
    outer loop
      vertex 17 -27.8978 4.27646
      vertex 12 -27.9544 4.02094
      vertex 17 -27.9544 4.02094
    endloop
  endfacet
  facet normal 0 -0.999051 0.0435583
    outer loop
      vertex 12 -28 3.5
      vertex 17 -27.9886 3.76147
      vertex 12 -27.9886 3.76147
    endloop
  endfacet
  facet normal 0 -0.999051 0.0435583
    outer loop
      vertex 17 -27.9886 3.76147
      vertex 12 -28 3.5
      vertex 17 -28 3.5
    endloop
  endfacet
  facet normal 0 -0.953715 0.300711
    outer loop
      vertex 12 -27.8978 4.27646
      vertex 17 -27.8191 4.52606
      vertex 12 -27.8191 4.52606
    endloop
  endfacet
  facet normal 0 -0.953715 0.300711
    outer loop
      vertex 17 -27.8191 4.52606
      vertex 12 -27.8978 4.27646
      vertex 17 -27.8978 4.27646
    endloop
  endfacet
  facet normal 0 -0.991425 -0.130677
    outer loop
      vertex 12 -27.9544 2.97906
      vertex 17 -27.9886 3.23853
      vertex 12 -27.9886 3.23853
    endloop
  endfacet
  facet normal 0 -0.991425 -0.130677
    outer loop
      vertex 17 -27.9886 3.23853
      vertex 12 -27.9544 2.97906
      vertex 17 -27.9544 2.97906
    endloop
  endfacet
  facet normal 0 -0.991425 0.130677
    outer loop
      vertex 12 -27.9886 3.76147
      vertex 17 -27.9544 4.02094
      vertex 12 -27.9544 4.02094
    endloop
  endfacet
  facet normal 0 -0.991425 0.130677
    outer loop
      vertex 17 -27.9544 4.02094
      vertex 12 -27.9886 3.76147
      vertex 17 -27.9886 3.76147
    endloop
  endfacet
  facet normal 0 -0.923816 0.382838
    outer loop
      vertex 12 -27.8191 4.52606
      vertex 17 -27.7189 4.76785
      vertex 12 -27.7189 4.76785
    endloop
  endfacet
  facet normal 0 -0.923816 0.382838
    outer loop
      vertex 17 -27.7189 4.76785
      vertex 12 -27.8191 4.52606
      vertex 17 -27.8191 4.52606
    endloop
  endfacet
  facet normal 0 -0.887089 0.461599
    outer loop
      vertex 12 -27.7189 4.76785
      vertex 17 -27.5981 5
      vertex 12 -27.5981 5
    endloop
  endfacet
  facet normal 0 -0.887089 0.461599
    outer loop
      vertex 17 -27.5981 5
      vertex 12 -27.7189 4.76785
      vertex 17 -27.7189 4.76785
    endloop
  endfacet
  facet normal 0 -0.953715 -0.300711
    outer loop
      vertex 12 -27.8191 2.47394
      vertex 17 -27.8978 2.72354
      vertex 12 -27.8978 2.72354
    endloop
  endfacet
  facet normal 0 -0.953715 -0.300711
    outer loop
      vertex 17 -27.8978 2.72354
      vertex 12 -27.8191 2.47394
      vertex 17 -27.8191 2.47394
    endloop
  endfacet
  facet normal 0 -0.999022 -0.0442118
    outer loop
      vertex 12 -24.3 3.5
      vertex 17 -24.3027 3.56101
      vertex 12 -24.3027 3.56101
    endloop
  endfacet
  facet normal 0 -0.999022 -0.0442118
    outer loop
      vertex 17 -24.3027 3.56101
      vertex 12 -24.3 3.5
      vertex 17 -24.3 3.5
    endloop
  endfacet
  facet normal 0 0.0435652 -0.999051
    outer loop
      vertex 12 -25.061 4.19734
      vertex 17 -25 4.2
      vertex 17 -25.061 4.19734
    endloop
  endfacet
  facet normal 0 0.0435652 -0.999051
    outer loop
      vertex 17 -25 4.2
      vertex 12 -25.061 4.19734
      vertex 12 -25 4.2
    endloop
  endfacet
  facet normal 0 -0.675814 -0.737073
    outer loop
      vertex 12 -24.55 4.03623
      vertex 17 -24.505 3.99497
      vertex 17 -24.55 4.03623
    endloop
  endfacet
  facet normal -0 -0.675814 -0.737073
    outer loop
      vertex 17 -24.505 3.99497
      vertex 12 -24.55 4.03623
      vertex 12 -24.505 3.99497
    endloop
  endfacet
  facet normal 0 0.737712 -0.675116
    outer loop
      vertex 17 -25.5362 3.94995
      vertex 12 -25.495 3.99497
      vertex 17 -25.495 3.99497
    endloop
  endfacet
  facet normal 0 0.737712 -0.675116
    outer loop
      vertex 12 -25.495 3.99497
      vertex 17 -25.5362 3.94995
      vertex 12 -25.5362 3.94995
    endloop
  endfacet
  facet normal 0 0.46143 -0.887177
    outer loop
      vertex 12 -25.35 4.10622
      vertex 17 -25.2958 4.13441
      vertex 17 -25.35 4.10622
    endloop
  endfacet
  facet normal 0 0.46143 -0.887177
    outer loop
      vertex 17 -25.2958 4.13441
      vertex 12 -25.35 4.10622
      vertex 12 -25.2958 4.13441
    endloop
  endfacet
  facet normal 0 0.923705 0.383104
    outer loop
      vertex 17 -25.6344 3.20417
      vertex 12 -25.6578 3.26059
      vertex 17 -25.6578 3.26059
    endloop
  endfacet
  facet normal 0 0.923705 0.383104
    outer loop
      vertex 12 -25.6578 3.26059
      vertex 17 -25.6344 3.20417
      vertex 12 -25.6344 3.20417
    endloop
  endfacet
  facet normal 0 -0.887005 -0.46176
    outer loop
      vertex 12 -24.3656 3.79583
      vertex 17 -24.3938 3.85
      vertex 12 -24.3938 3.85
    endloop
  endfacet
  facet normal 0 -0.887005 -0.46176
    outer loop
      vertex 17 -24.3938 3.85
      vertex 12 -24.3656 3.79583
      vertex 17 -24.3656 3.79583
    endloop
  endfacet
  facet normal 0 -0.300998 -0.953625
    outer loop
      vertex 12 -24.8188 4.17615
      vertex 17 -24.7606 4.15778
      vertex 17 -24.8188 4.17615
    endloop
  endfacet
  facet normal -0 -0.300998 -0.953625
    outer loop
      vertex 17 -24.7606 4.15778
      vertex 12 -24.8188 4.17615
      vertex 12 -24.7606 4.15778
    endloop
  endfacet
  facet normal 0 0.887005 -0.46176
    outer loop
      vertex 17 -25.6344 3.79583
      vertex 12 -25.6062 3.85
      vertex 17 -25.6062 3.85
    endloop
  endfacet
  facet normal 0 0.887005 -0.46176
    outer loop
      vertex 12 -25.6062 3.85
      vertex 17 -25.6344 3.79583
      vertex 12 -25.6344 3.79583
    endloop
  endfacet
  facet normal 0 0.843459 -0.537193
    outer loop
      vertex 17 -25.6062 3.85
      vertex 12 -25.5734 3.9015
      vertex 17 -25.5734 3.9015
    endloop
  endfacet
  facet normal 0 0.843459 -0.537193
    outer loop
      vertex 12 -25.5734 3.9015
      vertex 17 -25.6062 3.85
      vertex 12 -25.6062 3.85
    endloop
  endfacet
  facet normal 0 0.216549 -0.976272
    outer loop
      vertex 12 -25.1812 4.17615
      vertex 17 -25.1216 4.18937
      vertex 17 -25.1812 4.17615
    endloop
  endfacet
  facet normal 0 0.216549 -0.976272
    outer loop
      vertex 17 -25.1216 4.18937
      vertex 12 -25.1812 4.17615
      vertex 12 -25.1216 4.18937
    endloop
  endfacet
  facet normal 0 -0.887005 0.46176
    outer loop
      vertex 12 -24.3938 3.15
      vertex 17 -24.3656 3.20417
      vertex 12 -24.3656 3.20417
    endloop
  endfacet
  facet normal 0 -0.887005 0.46176
    outer loop
      vertex 17 -24.3656 3.20417
      vertex 12 -24.3938 3.15
      vertex 17 -24.3938 3.15
    endloop
  endfacet
  facet normal 0 -0.3828 0.923831
    outer loop
      vertex 12 -24.7042 2.86558
      vertex 17 -24.7606 2.84221
      vertex 17 -24.7042 2.86558
    endloop
  endfacet
  facet normal 0 -0.3828 0.923831
    outer loop
      vertex 17 -24.7606 2.84221
      vertex 12 -24.7042 2.86558
      vertex 12 -24.7606 2.84221
    endloop
  endfacet
  facet normal 0 -0.737786 0.675034
    outer loop
      vertex 12 -24.505 3.00502
      vertex 17 -24.4638 3.05005
      vertex 12 -24.4638 3.05005
    endloop
  endfacet
  facet normal 0 -0.737786 0.675034
    outer loop
      vertex 17 -24.4638 3.05005
      vertex 12 -24.505 3.00502
      vertex 17 -24.505 3.00502
    endloop
  endfacet
  facet normal 0 -0.97601 0.217728
    outer loop
      vertex 12 -24.3239 3.31883
      vertex 17 -24.3106 3.37845
      vertex 12 -24.3106 3.37845
    endloop
  endfacet
  facet normal 0 -0.97601 0.217728
    outer loop
      vertex 17 -24.3106 3.37845
      vertex 12 -24.3239 3.31883
      vertex 17 -24.3239 3.31883
    endloop
  endfacet
  facet normal -0 0.216549 0.976272
    outer loop
      vertex 12 -25.1216 2.81063
      vertex 17 -25.1812 2.82385
      vertex 17 -25.1216 2.81063
    endloop
  endfacet
  facet normal 0 0.216549 0.976272
    outer loop
      vertex 17 -25.1812 2.82385
      vertex 12 -25.1216 2.81063
      vertex 12 -25.1812 2.82385
    endloop
  endfacet
  facet normal -0 0.675725 0.737154
    outer loop
      vertex 12 -25.45 2.96377
      vertex 17 -25.495 3.00502
      vertex 17 -25.45 2.96377
    endloop
  endfacet
  facet normal 0 0.675725 0.737154
    outer loop
      vertex 17 -25.495 3.00502
      vertex 12 -25.45 2.96377
      vertex 12 -25.495 3.00502
    endloop
  endfacet
  facet normal 0 0.97601 0.217728
    outer loop
      vertex 17 -25.6761 3.31883
      vertex 12 -25.6894 3.37845
      vertex 17 -25.6894 3.37845
    endloop
  endfacet
  facet normal 0 0.97601 0.217728
    outer loop
      vertex 12 -25.6894 3.37845
      vertex 17 -25.6761 3.31883
      vertex 12 -25.6761 3.31883
    endloop
  endfacet
  facet normal 0 -0.97601 -0.217728
    outer loop
      vertex 12 -24.3106 3.62155
      vertex 17 -24.3239 3.68117
      vertex 12 -24.3239 3.68117
    endloop
  endfacet
  facet normal 0 -0.97601 -0.217728
    outer loop
      vertex 17 -24.3239 3.68117
      vertex 12 -24.3106 3.62155
      vertex 17 -24.3106 3.62155
    endloop
  endfacet
  facet normal 0 -0.991593 -0.129395
    outer loop
      vertex 12 -24.3027 3.56101
      vertex 17 -24.3106 3.62155
      vertex 12 -24.3106 3.62155
    endloop
  endfacet
  facet normal 0 -0.991593 -0.129395
    outer loop
      vertex 17 -24.3106 3.62155
      vertex 12 -24.3027 3.56101
      vertex 17 -24.3027 3.56101
    endloop
  endfacet
  facet normal 0 -0.923705 -0.383104
    outer loop
      vertex 12 -24.3422 3.73941
      vertex 17 -24.3656 3.79583
      vertex 12 -24.3656 3.79583
    endloop
  endfacet
  facet normal 0 -0.923705 -0.383104
    outer loop
      vertex 17 -24.3656 3.79583
      vertex 12 -24.3422 3.73941
      vertex 17 -24.3422 3.73941
    endloop
  endfacet
  facet normal 0 -0.793171 -0.608998
    outer loop
      vertex 12 -24.4266 3.9015
      vertex 17 -24.4638 3.94995
      vertex 12 -24.4638 3.94995
    endloop
  endfacet
  facet normal 0 -0.793171 -0.608998
    outer loop
      vertex 17 -24.4638 3.94995
      vertex 12 -24.4266 3.9015
      vertex 17 -24.4266 3.9015
    endloop
  endfacet
  facet normal 0 -0.843459 -0.537193
    outer loop
      vertex 12 -24.3938 3.85
      vertex 17 -24.4266 3.9015
      vertex 12 -24.4266 3.9015
    endloop
  endfacet
  facet normal 0 -0.843459 -0.537193
    outer loop
      vertex 17 -24.4266 3.9015
      vertex 12 -24.3938 3.85
      vertex 17 -24.3938 3.85
    endloop
  endfacet
  facet normal 0 -0.130395 -0.991462
    outer loop
      vertex 12 -24.939 4.19734
      vertex 17 -24.8784 4.18937
      vertex 17 -24.939 4.19734
    endloop
  endfacet
  facet normal -0 -0.130395 -0.991462
    outer loop
      vertex 17 -24.8784 4.18937
      vertex 12 -24.939 4.19734
      vertex 12 -24.8784 4.18937
    endloop
  endfacet
  facet normal 0 -0.0435652 -0.999051
    outer loop
      vertex 12 -25 4.2
      vertex 17 -24.939 4.19734
      vertex 17 -25 4.2
    endloop
  endfacet
  facet normal -0 -0.0435652 -0.999051
    outer loop
      vertex 17 -24.939 4.19734
      vertex 12 -25 4.2
      vertex 12 -24.939 4.19734
    endloop
  endfacet
  facet normal 0 -0.53731 -0.843385
    outer loop
      vertex 12 -24.65 4.10622
      vertex 17 -24.5985 4.07341
      vertex 17 -24.65 4.10622
    endloop
  endfacet
  facet normal -0 -0.53731 -0.843385
    outer loop
      vertex 17 -24.5985 4.07341
      vertex 12 -24.65 4.10622
      vertex 12 -24.5985 4.07341
    endloop
  endfacet
  facet normal 0 -0.608397 -0.793633
    outer loop
      vertex 12 -24.5985 4.07341
      vertex 17 -24.55 4.03623
      vertex 17 -24.5985 4.07341
    endloop
  endfacet
  facet normal -0 -0.608397 -0.793633
    outer loop
      vertex 17 -24.55 4.03623
      vertex 12 -24.5985 4.07341
      vertex 12 -24.55 4.03623
    endloop
  endfacet
  facet normal 0 0.991593 -0.129395
    outer loop
      vertex 17 -25.6973 3.56101
      vertex 12 -25.6894 3.62155
      vertex 17 -25.6894 3.62155
    endloop
  endfacet
  facet normal 0 0.991593 -0.129395
    outer loop
      vertex 12 -25.6894 3.62155
      vertex 17 -25.6973 3.56101
      vertex 12 -25.6973 3.56101
    endloop
  endfacet
  facet normal 0 0.954012 -0.299767
    outer loop
      vertex 17 -25.6761 3.68117
      vertex 12 -25.6578 3.73941
      vertex 17 -25.6578 3.73941
    endloop
  endfacet
  facet normal 0 0.954012 -0.299767
    outer loop
      vertex 12 -25.6578 3.73941
      vertex 17 -25.6761 3.68117
      vertex 12 -25.6761 3.68117
    endloop
  endfacet
  facet normal 0 0.923705 -0.383104
    outer loop
      vertex 17 -25.6578 3.73941
      vertex 12 -25.6344 3.79583
      vertex 17 -25.6344 3.79583
    endloop
  endfacet
  facet normal 0 0.923705 -0.383104
    outer loop
      vertex 12 -25.6344 3.79583
      vertex 17 -25.6578 3.73941
      vertex 12 -25.6578 3.73941
    endloop
  endfacet
  facet normal 0 0.999022 -0.0442118
    outer loop
      vertex 17 -25.7 3.5
      vertex 12 -25.6973 3.56101
      vertex 17 -25.6973 3.56101
    endloop
  endfacet
  facet normal 0 0.999022 -0.0442118
    outer loop
      vertex 12 -25.6973 3.56101
      vertex 17 -25.7 3.5
      vertex 12 -25.7 3.5
    endloop
  endfacet
  facet normal 0 0.608397 -0.793633
    outer loop
      vertex 12 -25.45 4.03623
      vertex 17 -25.4015 4.07341
      vertex 17 -25.45 4.03623
    endloop
  endfacet
  facet normal 0 0.608397 -0.793633
    outer loop
      vertex 17 -25.4015 4.07341
      vertex 12 -25.45 4.03623
      vertex 12 -25.4015 4.07341
    endloop
  endfacet
  facet normal 0 0.130395 -0.991462
    outer loop
      vertex 12 -25.1216 4.18937
      vertex 17 -25.061 4.19734
      vertex 17 -25.1216 4.18937
    endloop
  endfacet
  facet normal 0 0.130395 -0.991462
    outer loop
      vertex 17 -25.061 4.19734
      vertex 12 -25.1216 4.18937
      vertex 12 -25.061 4.19734
    endloop
  endfacet
  facet normal 0 -0.999022 0.0442118
    outer loop
      vertex 12 -24.3027 3.43899
      vertex 17 -24.3 3.5
      vertex 12 -24.3 3.5
    endloop
  endfacet
  facet normal 0 -0.999022 0.0442118
    outer loop
      vertex 17 -24.3 3.5
      vertex 12 -24.3027 3.43899
      vertex 17 -24.3027 3.43899
    endloop
  endfacet
  facet normal 0 -0.216549 0.976272
    outer loop
      vertex 12 -24.8188 2.82385
      vertex 17 -24.8784 2.81063
      vertex 17 -24.8188 2.82385
    endloop
  endfacet
  facet normal 0 -0.216549 0.976272
    outer loop
      vertex 17 -24.8784 2.81063
      vertex 12 -24.8188 2.82385
      vertex 12 -24.8784 2.81063
    endloop
  endfacet
  facet normal 0 -0.130395 0.991462
    outer loop
      vertex 12 -24.8784 2.81063
      vertex 17 -24.939 2.80266
      vertex 17 -24.8784 2.81063
    endloop
  endfacet
  facet normal 0 -0.130395 0.991462
    outer loop
      vertex 17 -24.939 2.80266
      vertex 12 -24.8784 2.81063
      vertex 12 -24.939 2.80266
    endloop
  endfacet
  facet normal 0 -0.53731 0.843385
    outer loop
      vertex 12 -24.5985 2.92659
      vertex 17 -24.65 2.89378
      vertex 17 -24.5985 2.92659
    endloop
  endfacet
  facet normal 0 -0.53731 0.843385
    outer loop
      vertex 17 -24.65 2.89378
      vertex 12 -24.5985 2.92659
      vertex 12 -24.65 2.89378
    endloop
  endfacet
  facet normal 0 -0.675725 0.737154
    outer loop
      vertex 12 -24.505 3.00502
      vertex 17 -24.55 2.96377
      vertex 17 -24.505 3.00502
    endloop
  endfacet
  facet normal 0 -0.675725 0.737154
    outer loop
      vertex 17 -24.55 2.96377
      vertex 12 -24.505 3.00502
      vertex 12 -24.55 2.96377
    endloop
  endfacet
  facet normal 0 -0.608397 0.793633
    outer loop
      vertex 12 -24.55 2.96377
      vertex 17 -24.5985 2.92659
      vertex 17 -24.55 2.96377
    endloop
  endfacet
  facet normal 0 -0.608397 0.793633
    outer loop
      vertex 17 -24.5985 2.92659
      vertex 12 -24.55 2.96377
      vertex 12 -24.5985 2.92659
    endloop
  endfacet
  facet normal 0 -0.793171 0.608998
    outer loop
      vertex 12 -24.4638 3.05005
      vertex 17 -24.4266 3.0985
      vertex 12 -24.4266 3.0985
    endloop
  endfacet
  facet normal 0 -0.793171 0.608998
    outer loop
      vertex 17 -24.4266 3.0985
      vertex 12 -24.4638 3.05005
      vertex 17 -24.4638 3.05005
    endloop
  endfacet
  facet normal 0 -0.843459 0.537193
    outer loop
      vertex 12 -24.4266 3.0985
      vertex 17 -24.3938 3.15
      vertex 12 -24.3938 3.15
    endloop
  endfacet
  facet normal 0 -0.843459 0.537193
    outer loop
      vertex 17 -24.3938 3.15
      vertex 12 -24.4266 3.0985
      vertex 17 -24.4266 3.0985
    endloop
  endfacet
  facet normal -0 0.608397 0.793633
    outer loop
      vertex 12 -25.4015 2.92659
      vertex 17 -25.45 2.96377
      vertex 17 -25.4015 2.92659
    endloop
  endfacet
  facet normal 0 0.608397 0.793633
    outer loop
      vertex 17 -25.45 2.96377
      vertex 12 -25.4015 2.92659
      vertex 12 -25.45 2.96377
    endloop
  endfacet
  facet normal -0 0.53731 0.843385
    outer loop
      vertex 12 -25.35 2.89378
      vertex 17 -25.4015 2.92659
      vertex 17 -25.35 2.89378
    endloop
  endfacet
  facet normal 0 0.53731 0.843385
    outer loop
      vertex 17 -25.4015 2.92659
      vertex 12 -25.35 2.89378
      vertex 12 -25.4015 2.92659
    endloop
  endfacet
  facet normal -0 0.0435652 0.999051
    outer loop
      vertex 12 -25 2.8
      vertex 17 -25.061 2.80266
      vertex 17 -25 2.8
    endloop
  endfacet
  facet normal 0 0.0435652 0.999051
    outer loop
      vertex 17 -25.061 2.80266
      vertex 12 -25 2.8
      vertex 12 -25.061 2.80266
    endloop
  endfacet
  facet normal 0 0.793171 0.608998
    outer loop
      vertex 17 -25.5362 3.05005
      vertex 12 -25.5734 3.0985
      vertex 17 -25.5734 3.0985
    endloop
  endfacet
  facet normal 0 0.793171 0.608998
    outer loop
      vertex 12 -25.5734 3.0985
      vertex 17 -25.5362 3.05005
      vertex 12 -25.5362 3.05005
    endloop
  endfacet
  facet normal 0 0.843459 0.537193
    outer loop
      vertex 17 -25.5734 3.0985
      vertex 12 -25.6062 3.15
      vertex 17 -25.6062 3.15
    endloop
  endfacet
  facet normal 0 0.843459 0.537193
    outer loop
      vertex 12 -25.6062 3.15
      vertex 17 -25.5734 3.0985
      vertex 12 -25.5734 3.0985
    endloop
  endfacet
  facet normal 0 0.737786 0.675034
    outer loop
      vertex 17 -25.495 3.00502
      vertex 12 -25.5362 3.05005
      vertex 17 -25.5362 3.05005
    endloop
  endfacet
  facet normal 0 0.737786 0.675034
    outer loop
      vertex 12 -25.5362 3.05005
      vertex 17 -25.495 3.00502
      vertex 12 -25.495 3.00502
    endloop
  endfacet
  facet normal 0 0.887005 0.46176
    outer loop
      vertex 17 -25.6062 3.15
      vertex 12 -25.6344 3.20417
      vertex 17 -25.6344 3.20417
    endloop
  endfacet
  facet normal 0 0.887005 0.46176
    outer loop
      vertex 12 -25.6344 3.20417
      vertex 17 -25.6062 3.15
      vertex 12 -25.6062 3.15
    endloop
  endfacet
  facet normal 0 0.991593 0.129395
    outer loop
      vertex 17 -25.6894 3.37845
      vertex 12 -25.6973 3.43899
      vertex 17 -25.6973 3.43899
    endloop
  endfacet
  facet normal 0 0.991593 0.129395
    outer loop
      vertex 12 -25.6973 3.43899
      vertex 17 -25.6894 3.37845
      vertex 12 -25.6894 3.37845
    endloop
  endfacet
  facet normal 0 -0.954012 -0.299767
    outer loop
      vertex 12 -24.3239 3.68117
      vertex 17 -24.3422 3.73941
      vertex 12 -24.3422 3.73941
    endloop
  endfacet
  facet normal 0 -0.954012 -0.299767
    outer loop
      vertex 17 -24.3422 3.73941
      vertex 12 -24.3239 3.68117
      vertex 17 -24.3239 3.68117
    endloop
  endfacet
  facet normal 0 -0.737712 -0.675116
    outer loop
      vertex 12 -24.4638 3.94995
      vertex 17 -24.505 3.99497
      vertex 12 -24.505 3.99497
    endloop
  endfacet
  facet normal 0 -0.737712 -0.675116
    outer loop
      vertex 17 -24.505 3.99497
      vertex 12 -24.4638 3.94995
      vertex 17 -24.4638 3.94995
    endloop
  endfacet
  facet normal 0 -0.216549 -0.976272
    outer loop
      vertex 12 -24.8784 4.18937
      vertex 17 -24.8188 4.17615
      vertex 17 -24.8784 4.18937
    endloop
  endfacet
  facet normal -0 -0.216549 -0.976272
    outer loop
      vertex 17 -24.8188 4.17615
      vertex 12 -24.8784 4.18937
      vertex 12 -24.8188 4.17615
    endloop
  endfacet
  facet normal 0 -0.46143 -0.887177
    outer loop
      vertex 12 -24.7042 4.13441
      vertex 17 -24.65 4.10622
      vertex 17 -24.7042 4.13441
    endloop
  endfacet
  facet normal -0 -0.46143 -0.887177
    outer loop
      vertex 17 -24.65 4.10622
      vertex 12 -24.7042 4.13441
      vertex 12 -24.65 4.10622
    endloop
  endfacet
  facet normal 0 -0.3828 -0.923831
    outer loop
      vertex 12 -24.7606 4.15778
      vertex 17 -24.7042 4.13441
      vertex 17 -24.7606 4.15778
    endloop
  endfacet
  facet normal -0 -0.3828 -0.923831
    outer loop
      vertex 17 -24.7042 4.13441
      vertex 12 -24.7606 4.15778
      vertex 12 -24.7042 4.13441
    endloop
  endfacet
  facet normal 0 0.793171 -0.608998
    outer loop
      vertex 17 -25.5734 3.9015
      vertex 12 -25.5362 3.94995
      vertex 17 -25.5362 3.94995
    endloop
  endfacet
  facet normal 0 0.793171 -0.608998
    outer loop
      vertex 12 -25.5362 3.94995
      vertex 17 -25.5734 3.9015
      vertex 12 -25.5734 3.9015
    endloop
  endfacet
  facet normal 0 0.97601 -0.217728
    outer loop
      vertex 17 -25.6894 3.62155
      vertex 12 -25.6761 3.68117
      vertex 17 -25.6761 3.68117
    endloop
  endfacet
  facet normal 0 0.97601 -0.217728
    outer loop
      vertex 12 -25.6761 3.68117
      vertex 17 -25.6894 3.62155
      vertex 12 -25.6894 3.62155
    endloop
  endfacet
  facet normal 0 0.999022 0.0442118
    outer loop
      vertex 17 -25.6973 3.43899
      vertex 12 -25.7 3.5
      vertex 17 -25.7 3.5
    endloop
  endfacet
  facet normal 0 0.999022 0.0442118
    outer loop
      vertex 12 -25.7 3.5
      vertex 17 -25.6973 3.43899
      vertex 12 -25.6973 3.43899
    endloop
  endfacet
  facet normal 0 0.675814 -0.737073
    outer loop
      vertex 12 -25.495 3.99497
      vertex 17 -25.45 4.03623
      vertex 17 -25.495 3.99497
    endloop
  endfacet
  facet normal 0 0.675814 -0.737073
    outer loop
      vertex 17 -25.45 4.03623
      vertex 12 -25.495 3.99497
      vertex 12 -25.45 4.03623
    endloop
  endfacet
  facet normal 0 0.53731 -0.843385
    outer loop
      vertex 12 -25.4015 4.07341
      vertex 17 -25.35 4.10622
      vertex 17 -25.4015 4.07341
    endloop
  endfacet
  facet normal 0 0.53731 -0.843385
    outer loop
      vertex 17 -25.35 4.10622
      vertex 12 -25.4015 4.07341
      vertex 12 -25.35 4.10622
    endloop
  endfacet
  facet normal 0 0.3828 -0.923831
    outer loop
      vertex 12 -25.2958 4.13441
      vertex 17 -25.2394 4.15778
      vertex 17 -25.2958 4.13441
    endloop
  endfacet
  facet normal 0 0.3828 -0.923831
    outer loop
      vertex 17 -25.2394 4.15778
      vertex 12 -25.2958 4.13441
      vertex 12 -25.2394 4.15778
    endloop
  endfacet
  facet normal 0 0.300998 -0.953625
    outer loop
      vertex 12 -25.2394 4.15778
      vertex 17 -25.1812 4.17615
      vertex 17 -25.2394 4.15778
    endloop
  endfacet
  facet normal 0 0.300998 -0.953625
    outer loop
      vertex 17 -25.1812 4.17615
      vertex 12 -25.2394 4.15778
      vertex 12 -25.1812 4.17615
    endloop
  endfacet
  facet normal 0 -0.461559 0.88711
    outer loop
      vertex 12 -24.65 2.89378
      vertex 17 -24.7042 2.86558
      vertex 17 -24.65 2.89378
    endloop
  endfacet
  facet normal 0 -0.461559 0.88711
    outer loop
      vertex 17 -24.7042 2.86558
      vertex 12 -24.65 2.89378
      vertex 12 -24.7042 2.86558
    endloop
  endfacet
  facet normal 0 -0.954012 0.299767
    outer loop
      vertex 12 -24.3422 3.26059
      vertex 17 -24.3239 3.31883
      vertex 12 -24.3239 3.31883
    endloop
  endfacet
  facet normal 0 -0.954012 0.299767
    outer loop
      vertex 17 -24.3239 3.31883
      vertex 12 -24.3422 3.26059
      vertex 17 -24.3422 3.26059
    endloop
  endfacet
  facet normal 0 -0.923705 0.383104
    outer loop
      vertex 12 -24.3656 3.20417
      vertex 17 -24.3422 3.26059
      vertex 12 -24.3422 3.26059
    endloop
  endfacet
  facet normal 0 -0.923705 0.383104
    outer loop
      vertex 17 -24.3422 3.26059
      vertex 12 -24.3656 3.20417
      vertex 17 -24.3656 3.20417
    endloop
  endfacet
  facet normal 0 -0.991593 0.129395
    outer loop
      vertex 12 -24.3106 3.37845
      vertex 17 -24.3027 3.43899
      vertex 12 -24.3027 3.43899
    endloop
  endfacet
  facet normal 0 -0.991593 0.129395
    outer loop
      vertex 17 -24.3027 3.43899
      vertex 12 -24.3106 3.37845
      vertex 17 -24.3106 3.37845
    endloop
  endfacet
  facet normal -0 0.461559 0.88711
    outer loop
      vertex 12 -25.2958 2.86558
      vertex 17 -25.35 2.89378
      vertex 17 -25.2958 2.86558
    endloop
  endfacet
  facet normal 0 0.461559 0.88711
    outer loop
      vertex 17 -25.35 2.89378
      vertex 12 -25.2958 2.86558
      vertex 12 -25.35 2.89378
    endloop
  endfacet
  facet normal -0 0.300849 0.953672
    outer loop
      vertex 12 -25.1812 2.82385
      vertex 17 -25.2394 2.84221
      vertex 17 -25.1812 2.82385
    endloop
  endfacet
  facet normal 0 0.300849 0.953672
    outer loop
      vertex 17 -25.2394 2.84221
      vertex 12 -25.1812 2.82385
      vertex 12 -25.2394 2.84221
    endloop
  endfacet
  facet normal -0 0.3828 0.923831
    outer loop
      vertex 12 -25.2394 2.84221
      vertex 17 -25.2958 2.86558
      vertex 17 -25.2394 2.84221
    endloop
  endfacet
  facet normal 0 0.3828 0.923831
    outer loop
      vertex 17 -25.2958 2.86558
      vertex 12 -25.2394 2.84221
      vertex 12 -25.2958 2.86558
    endloop
  endfacet
  facet normal -0 0.130395 0.991462
    outer loop
      vertex 12 -25.061 2.80266
      vertex 17 -25.1216 2.81063
      vertex 17 -25.061 2.80266
    endloop
  endfacet
  facet normal 0 0.130395 0.991462
    outer loop
      vertex 17 -25.1216 2.81063
      vertex 12 -25.061 2.80266
      vertex 12 -25.1216 2.81063
    endloop
  endfacet
  facet normal 0 -0.0435652 0.999051
    outer loop
      vertex 12 -24.939 2.80266
      vertex 17 -25 2.8
      vertex 17 -24.939 2.80266
    endloop
  endfacet
  facet normal 0 -0.0435652 0.999051
    outer loop
      vertex 17 -25 2.8
      vertex 12 -24.939 2.80266
      vertex 12 -25 2.8
    endloop
  endfacet
  facet normal 0 -0.300849 0.953672
    outer loop
      vertex 12 -24.7606 2.84221
      vertex 17 -24.8188 2.82385
      vertex 17 -24.7606 2.84221
    endloop
  endfacet
  facet normal 0 -0.300849 0.953672
    outer loop
      vertex 17 -24.8188 2.82385
      vertex 12 -24.7606 2.84221
      vertex 12 -24.8188 2.82385
    endloop
  endfacet
  facet normal 0 0.954012 0.299767
    outer loop
      vertex 17 -25.6578 3.26059
      vertex 12 -25.6761 3.31883
      vertex 17 -25.6761 3.31883
    endloop
  endfacet
  facet normal 0 0.954012 0.299767
    outer loop
      vertex 12 -25.6761 3.31883
      vertex 17 -25.6578 3.26059
      vertex 12 -25.6578 3.26059
    endloop
  endfacet
  facet normal -9.55676e-07 -0.0436181 -0.999048
    outer loop
      vertex 17 -23.5 2.5
      vertex 16.7589 -21.1713 2.39833
      vertex 17 -21.0719 2.39399
    endloop
  endfacet
  facet normal 4.39085e-05 -0.0436135 -0.999048
    outer loop
      vertex 17 -23.5 2.5
      vertex 16.6837 -21.2023 2.39968
      vertex 16.7589 -21.1713 2.39833
    endloop
  endfacet
  facet normal 6.56072e-05 -0.0436105 -0.999049
    outer loop
      vertex 17 -23.5 2.5
      vertex 16.6059 -21.2267 2.40074
      vertex 16.6837 -21.2023 2.39968
    endloop
  endfacet
  facet normal -6.48769e-06 -0.043623 -0.999048
    outer loop
      vertex 17 -23.5 2.5
      vertex 15.7756 -21.4872 2.41212
      vertex 16.6059 -21.2267 2.40074
    endloop
  endfacet
  facet normal 3.0631e-05 -0.0436004 -0.999049
    outer loop
      vertex 17 -23.5 2.5
      vertex 15.6953 -21.5049 2.41289
      vertex 15.7756 -21.4872 2.41212
    endloop
  endfacet
  facet normal -2.17262e-06 -0.0436218 -0.999048
    outer loop
      vertex 17 -23.5 2.5
      vertex 14.8463 -21.6922 2.42107
      vertex 15.6953 -21.5049 2.41289
    endloop
  endfacet
  facet normal -6.97657e-07 -0.0436201 -0.999048
    outer loop
      vertex 17 -23.5 2.5
      vertex 13.9851 -21.8051 2.426
      vertex 14.8463 -21.6922 2.42107
    endloop
  endfacet
  facet normal 0 -0.0436188 -0.999048
    outer loop
      vertex 12 -23.5 2.5
      vertex 13.9851 -21.8051 2.426
      vertex 17 -23.5 2.5
    endloop
  endfacet
  facet normal 2.20096e-05 -0.0436446 -0.999047
    outer loop
      vertex 13.9851 -21.8051 2.426
      vertex 12 -23.5 2.5
      vertex 13.9029 -21.8159 2.42647
    endloop
  endfacet
  facet normal -3.57294e-05 -0.0435795 -0.99905
    outer loop
      vertex 13.9029 -21.8159 2.42647
      vertex 12 -23.5 2.5
      vertex 13.82 -21.8195 2.42663
    endloop
  endfacet
  facet normal 7.21141e-06 -0.0436259 -0.999048
    outer loop
      vertex 13.82 -21.8195 2.42663
      vertex 12 -23.5 2.5
      vertex 12.9524 -21.8572 2.42827
    endloop
  endfacet
  facet normal -0 -0.0436217 -0.999048
    outer loop
      vertex 12.9524 -21.8572 2.42827
      vertex 12 -23.5 2.5
      vertex 12 -21.8572 2.42827
    endloop
  endfacet
  facet normal 0 0.130517 -0.991446
    outer loop
      vertex 12 -27.7415 2.2867
      vertex 17 -27.422 2.32876
      vertex 17 -27.7415 2.2867
    endloop
  endfacet
  facet normal 0 0.130517 -0.991446
    outer loop
      vertex 17 -27.422 2.32876
      vertex 12 -27.7415 2.2867
      vertex 12 -27.422 2.32876
    endloop
  endfacet
  facet normal 0 0.0436198 -0.999048
    outer loop
      vertex 12 -27.422 2.32876
      vertex 17 -23.5 2.5
      vertex 17 -27.422 2.32876
    endloop
  endfacet
  facet normal 0 0.0436198 -0.999048
    outer loop
      vertex 17 -23.5 2.5
      vertex 12 -27.422 2.32876
      vertex 12 -23.5 2.5
    endloop
  endfacet
  facet normal 0.130471 -0.991452 0
    outer loop
      vertex 13.9587 -21.9581 0
      vertex 14.9101 -21.8329 1
      vertex 13.9587 -21.9581 1
    endloop
  endfacet
  facet normal 0.130471 -0.991452 0
    outer loop
      vertex 14.9101 -21.8329 1
      vertex 13.9587 -21.9581 0
      vertex 14.9101 -21.8329 0
    endloop
  endfacet
  facet normal 0.0433812 -0.993958 0.100823
    outer loop
      vertex 13 -22 1
      vertex 13.82 -21.8195 2.42663
      vertex 12.9524 -21.8572 2.42827
    endloop
  endfacet
  facet normal 0.043441 -0.993959 0.100789
    outer loop
      vertex 13.82 -21.8195 2.42663
      vertex 13 -22 1
      vertex 13.9587 -21.9581 1
    endloop
  endfacet
  facet normal 0.0433825 -0.993956 0.100842
    outer loop
      vertex 13.4579 -21.4575 6.15028
      vertex 12.5 -20.5 16
      vertex 12.8282 -21.4847 6.15308
    endloop
  endfacet
  facet normal 0.0436633 -0.999046 0
    outer loop
      vertex 13 -22 0
      vertex 13.9587 -21.9581 1
      vertex 13 -22 1
    endloop
  endfacet
  facet normal 0.0436633 -0.999046 0
    outer loop
      vertex 13.9587 -21.9581 1
      vertex 13 -22 0
      vertex 13.9587 -21.9581 0
    endloop
  endfacet
  facet normal 0.999044 -0.0436622 0.00219009
    outer loop
      vertex 23.9581 -11.9587 1
      vertex 23.9718 -11.6469 0.966661
      vertex 23.9783 -11.4965 1
    endloop
  endfacet
  facet normal 0.999036 -0.0438961 0
    outer loop
      vertex 23.9718 -11.6469 0.966661
      vertex 23.9581 -11.9587 1
      vertex 23.9581 -11.9587 0.868335
    endloop
  endfacet
  facet normal 0.0434484 -0.993953 0.100848
    outer loop
      vertex 13.4579 -21.4575 6.15028
      vertex 13.3716 -20.4619 16
      vertex 12.5 -20.5 16
    endloop
  endfacet
  facet normal 0.0432884 -0.99396 0.100848
    outer loop
      vertex 13.3716 -20.4619 16
      vertex 13.4579 -21.4575 6.15028
      vertex 13.7572 -21.4446 6.14895
    endloop
  endfacet
  facet normal 0.0433582 -0.993963 0.100781
    outer loop
      vertex 13.9029 -21.8159 2.42647
      vertex 13.82 -21.8195 2.42663
      vertex 13.9587 -21.9581 1
    endloop
  endfacet
  facet normal 0.129752 -0.986135 0.103452
    outer loop
      vertex 13.7572 -21.4446 6.14895
      vertex 14.2365 -20.3481 16
      vertex 13.3716 -20.4619 16
    endloop
  endfacet
  facet normal 0.12997 -0.986108 0.103438
    outer loop
      vertex 14.2365 -20.3481 16
      vertex 13.7572 -21.4446 6.14895
      vertex 14.054 -21.4059 6.14496
    endloop
  endfacet
  facet normal 0.13015 -0.986089 0.103391
    outer loop
      vertex 13.9851 -21.8051 2.426
      vertex 13.9029 -21.8159 2.42647
      vertex 13.9587 -21.9581 1
    endloop
  endfacet
  facet normal 0.129869 -0.986125 0.1034
    outer loop
      vertex 13.9587 -21.9581 1
      vertex 14.8463 -21.6922 2.42107
      vertex 13.9851 -21.8051 2.426
    endloop
  endfacet
  facet normal 0.12977 -0.986131 0.103463
    outer loop
      vertex 14.8463 -21.6922 2.42107
      vertex 13.9587 -21.9581 1
      vertex 14.9101 -21.8329 1
    endloop
  endfacet
  facet normal 0.129897 -0.986117 0.10344
    outer loop
      vertex 14.2365 -20.3481 16
      vertex 14.054 -21.4059 6.14496
      vertex 14.6794 -21.3244 6.13656
    endloop
  endfacet
  facet normal -0.043441 -0.993959 0.100789
    outer loop
      vertex -13 -22 1
      vertex -13.82 -21.8195 2.42663
      vertex -13.9587 -21.9581 1
    endloop
  endfacet
  facet normal -0.0433812 -0.993958 0.100823
    outer loop
      vertex -13.82 -21.8195 2.42663
      vertex -13 -22 1
      vertex -12.9524 -21.8572 2.42827
    endloop
  endfacet
  facet normal -0.0433825 -0.993956 0.100842
    outer loop
      vertex -12.5 -20.5 16
      vertex -13.4579 -21.4575 6.15028
      vertex -12.8282 -21.4847 6.15308
    endloop
  endfacet
  facet normal -0.0436633 -0.999046 0
    outer loop
      vertex -13.9587 -21.9581 0
      vertex -13 -22 1
      vertex -13.9587 -21.9581 1
    endloop
  endfacet
  facet normal -0.0436633 -0.999046 -0
    outer loop
      vertex -13 -22 1
      vertex -13.9587 -21.9581 0
      vertex -13 -22 0
    endloop
  endfacet
  facet normal 0.991452 0.130471 -0
    outer loop
      vertex 23.9581 11.9587 0.868335
      vertex 23.8329 12.9101 1
      vertex 23.9581 11.9587 1
    endloop
  endfacet
  facet normal 0.991452 0.130471 0
    outer loop
      vertex 23.8329 12.9101 1
      vertex 23.9581 11.9587 0.868335
      vertex 23.8329 12.9101 0.568354
    endloop
  endfacet
  facet normal 0 0 1
    outer loop
      vertex 12.5 20.5 16
      vertex 22.5 10.5 16
      vertex 22.4619 11.3716 16
    endloop
  endfacet
  facet normal 0 0 1
    outer loop
      vertex 22.5 10.5 16
      vertex 18.2139 -8.16978 16
      vertex 22.5 -10.5 16
    endloop
  endfacet
  facet normal 0 0 1
    outer loop
      vertex 12.5 20.5 16
      vertex 22.4619 11.3716 16
      vertex 22.3481 12.2365 16
    endloop
  endfacet
  facet normal -0 -0 1
    outer loop
      vertex 18.8302 -8.78606 16
      vertex 22.5 -10.5 16
      vertex 18.5355 -8.46447 16
    endloop
  endfacet
  facet normal 0 0 1
    outer loop
      vertex 12.5 20.5 16
      vertex 22.3481 12.2365 16
      vertex 22.1593 13.0882 16
    endloop
  endfacet
  facet normal -0 -0 1
    outer loop
      vertex 19.5315 -9.88691 16
      vertex 22.5 -10.5 16
      vertex 19.3301 -9.5 16
    endloop
  endfacet
  facet normal 0 0 1
    outer loop
      vertex 12.5 20.5 16
      vertex 22.1593 13.0882 16
      vertex 21.8969 13.9202 16
    endloop
  endfacet
  facet normal 0 -0 1
    outer loop
      vertex 19.8296 -10.7059 16
      vertex 22.5 -10.5 16
      vertex 19.6985 -10.2899 16
    endloop
  endfacet
  facet normal 0 0 1
    outer loop
      vertex 12.5 20.5 16
      vertex 21.8969 13.9202 16
      vertex 21.5631 14.7262 16
    endloop
  endfacet
  facet normal 0 0 1
    outer loop
      vertex 22.5 -10.5 16
      vertex 19.924 -11.1318 16
      vertex 22.4619 -11.3716 16
    endloop
  endfacet
  facet normal 0 0 1
    outer loop
      vertex 12.5 20.5 16
      vertex 21.5631 14.7262 16
      vertex 21.1602 15.5 16
    endloop
  endfacet
  facet normal 0 0 1
    outer loop
      vertex 22.4619 -11.3716 16
      vertex 19.981 -11.5642 16
      vertex 22.3481 -12.2365 16
    endloop
  endfacet
  facet normal 0 0 1
    outer loop
      vertex 12.5 20.5 16
      vertex 21.1602 15.5 16
      vertex 20.6915 16.2358 16
    endloop
  endfacet
  facet normal 0 0 1
    outer loop
      vertex 19.981 -12.4358 16
      vertex 22.3481 -12.2365 16
      vertex 20 -12 16
    endloop
  endfacet
  facet normal 0 0 1
    outer loop
      vertex 12.5 20.5 16
      vertex 20.6915 16.2358 16
      vertex 20.1604 16.9279 16
    endloop
  endfacet
  facet normal 0 0 1
    outer loop
      vertex 22.1593 -13.0882 16
      vertex 19.924 -12.8682 16
      vertex 21.8969 -13.9202 16
    endloop
  endfacet
  facet normal -0 0 1
    outer loop
      vertex 19.6985 -13.7101 16
      vertex 21.8969 -13.9202 16
      vertex 19.8296 -13.2941 16
    endloop
  endfacet
  facet normal -0 0 1
    outer loop
      vertex 19.8296 -13.2941 16
      vertex 21.8969 -13.9202 16
      vertex 19.924 -12.8682 16
    endloop
  endfacet
  facet normal -0 0 1
    outer loop
      vertex 19.924 -12.8682 16
      vertex 22.1593 -13.0882 16
      vertex 19.981 -12.4358 16
    endloop
  endfacet
  facet normal 0 0 1
    outer loop
      vertex 22.3481 -12.2365 16
      vertex 19.981 -12.4358 16
      vertex 22.1593 -13.0882 16
    endloop
  endfacet
  facet normal -0 -0 1
    outer loop
      vertex 20 -12 16
      vertex 22.3481 -12.2365 16
      vertex 19.981 -11.5642 16
    endloop
  endfacet
  facet normal 0 0 1
    outer loop
      vertex 12.5 20.5 16
      vertex 20.1604 16.9279 16
      vertex 19.5711 17.5711 16
    endloop
  endfacet
  facet normal 0 -0 1
    outer loop
      vertex 19.981 -11.5642 16
      vertex 22.4619 -11.3716 16
      vertex 19.924 -11.1318 16
    endloop
  endfacet
  facet normal 0 -0 1
    outer loop
      vertex 19.924 -11.1318 16
      vertex 22.5 -10.5 16
      vertex 19.8296 -10.7059 16
    endloop
  endfacet
  facet normal -0 -0 1
    outer loop
      vertex 19.6985 -10.2899 16
      vertex 22.5 -10.5 16
      vertex 19.5315 -9.88691 16
    endloop
  endfacet
  facet normal 0 0 1
    outer loop
      vertex 12.5 20.5 16
      vertex 19.5711 17.5711 16
      vertex 18.9279 18.1604 16
    endloop
  endfacet
  facet normal -0 -0 1
    outer loop
      vertex 19.3301 -9.5 16
      vertex 22.5 -10.5 16
      vertex 19.0958 -9.13212 16
    endloop
  endfacet
  facet normal -0 -0 1
    outer loop
      vertex 19.0958 -9.13212 16
      vertex 22.5 -10.5 16
      vertex 18.8302 -8.78606 16
    endloop
  endfacet
  facet normal 0 0 1
    outer loop
      vertex 12.5 20.5 16
      vertex 18.9279 18.1604 16
      vertex 18.2358 18.6915 16
    endloop
  endfacet
  facet normal 0 0 1
    outer loop
      vertex 22.5 -10.5 16
      vertex 18.2139 -8.16978 16
      vertex 18.5355 -8.46447 16
    endloop
  endfacet
  facet normal 0 0 1
    outer loop
      vertex 22.5 10.5 16
      vertex 17.8679 -7.90424 16
      vertex 18.2139 -8.16978 16
    endloop
  endfacet
  facet normal 0 0 1
    outer loop
      vertex 12.5 20.5 16
      vertex 18.2358 18.6915 16
      vertex 17.5 19.1602 16
    endloop
  endfacet
  facet normal 0 0 1
    outer loop
      vertex 22.5 10.5 16
      vertex 17.5 -7.66987 16
      vertex 17.8679 -7.90424 16
    endloop
  endfacet
  facet normal 0 0 1
    outer loop
      vertex 22.5 10.5 16
      vertex 17.1131 -7.46846 16
      vertex 17.5 -7.66987 16
    endloop
  endfacet
  facet normal 0 0 1
    outer loop
      vertex 12.5 20.5 16
      vertex 17.5 19.1602 16
      vertex 16.7262 19.5631 16
    endloop
  endfacet
  facet normal 0 0 1
    outer loop
      vertex 22.5 10.5 16
      vertex 16.7101 -7.30154 16
      vertex 17.1131 -7.46846 16
    endloop
  endfacet
  facet normal 0 0 1
    outer loop
      vertex 22.5 10.5 16
      vertex 16.2941 -7.17037 16
      vertex 16.7101 -7.30154 16
    endloop
  endfacet
  facet normal 0 0 1
    outer loop
      vertex 12.5 20.5 16
      vertex 16.7262 19.5631 16
      vertex 15.9202 19.8969 16
    endloop
  endfacet
  facet normal 0 0 1
    outer loop
      vertex 22.5 10.5 16
      vertex 15.8682 -7.07596 16
      vertex 16.2941 -7.17037 16
    endloop
  endfacet
  facet normal 0 0 1
    outer loop
      vertex 22.5 10.5 16
      vertex 15.4358 -7.01903 16
      vertex 15.8682 -7.07596 16
    endloop
  endfacet
  facet normal 0 0 1
    outer loop
      vertex 12.5 20.5 16
      vertex 15.9202 19.8969 16
      vertex 15.0882 20.1593 16
    endloop
  endfacet
  facet normal 0 0 1
    outer loop
      vertex 22.5 10.5 16
      vertex 15 -7 16
      vertex 15.4358 -7.01903 16
    endloop
  endfacet
  facet normal 0 0 1
    outer loop
      vertex 22.5 10.5 16
      vertex 14.5642 -7.01903 16
      vertex 15 -7 16
    endloop
  endfacet
  facet normal 0 0 1
    outer loop
      vertex 12.5 20.5 16
      vertex 15.0882 20.1593 16
      vertex 14.2365 20.3481 16
    endloop
  endfacet
  facet normal 0 0 1
    outer loop
      vertex 22.5 10.5 16
      vertex 14.1318 -7.07596 16
      vertex 14.5642 -7.01903 16
    endloop
  endfacet
  facet normal 0 0 1
    outer loop
      vertex 22.5 10.5 16
      vertex 12.5 20.5 16
      vertex 13.2899 -7.30154 16
    endloop
  endfacet
  facet normal 0 0 1
    outer loop
      vertex 12.5 20.5 16
      vertex 14.2365 20.3481 16
      vertex 13.3716 20.4619 16
    endloop
  endfacet
  facet normal 0 0 1
    outer loop
      vertex 22.5 10.5 16
      vertex 13.7059 -7.17037 16
      vertex 14.1318 -7.07596 16
    endloop
  endfacet
  facet normal 0 0 1
    outer loop
      vertex 22.5 10.5 16
      vertex 13.2899 -7.30154 16
      vertex 13.7059 -7.17037 16
    endloop
  endfacet
  facet normal 0 0 1
    outer loop
      vertex 13.2899 -7.30154 16
      vertex 12.5 20.5 16
      vertex 12.8869 -7.46846 16
    endloop
  endfacet
  facet normal 0 0 1
    outer loop
      vertex 12.5 20.5 16
      vertex 12.5 -7.66987 16
      vertex 12.8869 -7.46846 16
    endloop
  endfacet
  facet normal 0 0 1
    outer loop
      vertex 12.5 20.5 16
      vertex 12.1321 -7.90424 16
      vertex 12.5 -7.66987 16
    endloop
  endfacet
  facet normal 0 0 1
    outer loop
      vertex 12.5 20.5 16
      vertex 11.7861 -8.16978 16
      vertex 12.1321 -7.90424 16
    endloop
  endfacet
  facet normal -0 0 1
    outer loop
      vertex -12.5 20.5 16
      vertex 11.7861 -8.16978 16
      vertex 12.5 20.5 16
    endloop
  endfacet
  facet normal 0 0 1
    outer loop
      vertex 11.7861 -8.16978 16
      vertex -12.5 20.5 16
      vertex 11.4645 -8.46447 16
    endloop
  endfacet
  facet normal 0 0 1
    outer loop
      vertex 11.4645 -8.46447 16
      vertex -12.5 20.5 16
      vertex 11.1698 -8.78606 16
    endloop
  endfacet
  facet normal 0 0 1
    outer loop
      vertex 11.1698 -8.78606 16
      vertex -12.5 20.5 16
      vertex 10.9042 -9.13212 16
    endloop
  endfacet
  facet normal -0 0 1
    outer loop
      vertex -22.5 10.5 16
      vertex 10.9042 -9.13212 16
      vertex -12.5 20.5 16
    endloop
  endfacet
  facet normal 0 0 1
    outer loop
      vertex 10.9042 -9.13212 16
      vertex -22.5 10.5 16
      vertex 10.6699 -9.5 16
    endloop
  endfacet
  facet normal 0 0 1
    outer loop
      vertex -22.5 -10.5 16
      vertex 10.6699 -9.5 16
      vertex -22.5 10.5 16
    endloop
  endfacet
  facet normal 0 0 1
    outer loop
      vertex 10.6699 -9.5 16
      vertex -22.5 -10.5 16
      vertex 10.4685 -9.88691 16
    endloop
  endfacet
  facet normal 0 0 1
    outer loop
      vertex 10.4685 -9.88691 16
      vertex -22.5 -10.5 16
      vertex 10.3015 -10.2899 16
    endloop
  endfacet
  facet normal 0 0 1
    outer loop
      vertex 10.3015 -10.2899 16
      vertex -12.5 -20.5 16
      vertex 10.1704 -10.7059 16
    endloop
  endfacet
  facet normal 0 -0 1
    outer loop
      vertex -12.5 -20.5 16
      vertex 10.3015 -10.2899 16
      vertex -22.5 -10.5 16
    endloop
  endfacet
  facet normal 0 0 1
    outer loop
      vertex 21.8969 -13.9202 16
      vertex 19.6985 -13.7101 16
      vertex 21.5631 -14.7262 16
    endloop
  endfacet
  facet normal -0 0 1
    outer loop
      vertex 19.5315 -14.1131 16
      vertex 21.5631 -14.7262 16
      vertex 19.6985 -13.7101 16
    endloop
  endfacet
  facet normal 0 0 1
    outer loop
      vertex 21.5631 -14.7262 16
      vertex 19.5315 -14.1131 16
      vertex 21.1602 -15.5 16
    endloop
  endfacet
  facet normal -0 0 1
    outer loop
      vertex 19.3301 -14.5 16
      vertex 21.1602 -15.5 16
      vertex 19.5315 -14.1131 16
    endloop
  endfacet
  facet normal -0 0 1
    outer loop
      vertex 19.0958 -14.8679 16
      vertex 21.1602 -15.5 16
      vertex 19.3301 -14.5 16
    endloop
  endfacet
  facet normal 0 0 1
    outer loop
      vertex 21.1602 -15.5 16
      vertex 19.0958 -14.8679 16
      vertex 20.6915 -16.2358 16
    endloop
  endfacet
  facet normal -0 0 1
    outer loop
      vertex 18.8302 -15.2139 16
      vertex 20.6915 -16.2358 16
      vertex 19.0958 -14.8679 16
    endloop
  endfacet
  facet normal 0 0 1
    outer loop
      vertex 20.6915 -16.2358 16
      vertex 18.8302 -15.2139 16
      vertex 20.1604 -16.9279 16
    endloop
  endfacet
  facet normal -0 0 1
    outer loop
      vertex 18.5355 -15.5355 16
      vertex 20.1604 -16.9279 16
      vertex 18.8302 -15.2139 16
    endloop
  endfacet
  facet normal -0 0 1
    outer loop
      vertex 18.2139 -15.8302 16
      vertex 20.1604 -16.9279 16
      vertex 18.5355 -15.5355 16
    endloop
  endfacet
  facet normal 0 0 1
    outer loop
      vertex 20.1604 -16.9279 16
      vertex 18.2139 -15.8302 16
      vertex 19.5711 -17.5711 16
    endloop
  endfacet
  facet normal -0 0 1
    outer loop
      vertex 17.8679 -16.0958 16
      vertex 19.5711 -17.5711 16
      vertex 18.2139 -15.8302 16
    endloop
  endfacet
  facet normal 0 0 1
    outer loop
      vertex 19.5711 -17.5711 16
      vertex 17.8679 -16.0958 16
      vertex 18.9279 -18.1604 16
    endloop
  endfacet
  facet normal -0 0 1
    outer loop
      vertex 17.5 -16.3301 16
      vertex 18.9279 -18.1604 16
      vertex 17.8679 -16.0958 16
    endloop
  endfacet
  facet normal 0 0 1
    outer loop
      vertex 18.9279 -18.1604 16
      vertex 17.5 -16.3301 16
      vertex 18.2358 -18.6915 16
    endloop
  endfacet
  facet normal -0 0 1
    outer loop
      vertex 17.1131 -16.5315 16
      vertex 18.2358 -18.6915 16
      vertex 17.5 -16.3301 16
    endloop
  endfacet
  facet normal -0 0 1
    outer loop
      vertex 16.7101 -16.6985 16
      vertex 18.2358 -18.6915 16
      vertex 17.1131 -16.5315 16
    endloop
  endfacet
  facet normal 0 0 1
    outer loop
      vertex 18.2358 -18.6915 16
      vertex 16.7101 -16.6985 16
      vertex 17.5 -19.1602 16
    endloop
  endfacet
  facet normal -0 0 1
    outer loop
      vertex 16.2941 -16.8296 16
      vertex 17.5 -19.1602 16
      vertex 16.7101 -16.6985 16
    endloop
  endfacet
  facet normal 0 0 1
    outer loop
      vertex 17.5 -19.1602 16
      vertex 16.2941 -16.8296 16
      vertex 16.7262 -19.5631 16
    endloop
  endfacet
  facet normal -0 0 1
    outer loop
      vertex 15.8682 -16.924 16
      vertex 16.7262 -19.5631 16
      vertex 16.2941 -16.8296 16
    endloop
  endfacet
  facet normal -0 0 1
    outer loop
      vertex 15.4358 -16.981 16
      vertex 16.7262 -19.5631 16
      vertex 15.8682 -16.924 16
    endloop
  endfacet
  facet normal 0 0 1
    outer loop
      vertex 16.7262 -19.5631 16
      vertex 15.4358 -16.981 16
      vertex 15.9202 -19.8969 16
    endloop
  endfacet
  facet normal -0 0 1
    outer loop
      vertex 15 -17 16
      vertex 15.9202 -19.8969 16
      vertex 15.4358 -16.981 16
    endloop
  endfacet
  facet normal 0 0 1
    outer loop
      vertex 15.9202 -19.8969 16
      vertex 15 -17 16
      vertex 15.0882 -20.1593 16
    endloop
  endfacet
  facet normal 0 0 1
    outer loop
      vertex 14.5642 -16.981 16
      vertex 15.0882 -20.1593 16
      vertex 15 -17 16
    endloop
  endfacet
  facet normal 0 0 1
    outer loop
      vertex 14.5642 -16.981 16
      vertex 14.2365 -20.3481 16
      vertex 15.0882 -20.1593 16
    endloop
  endfacet
  facet normal 0 0 1
    outer loop
      vertex 14.1318 -16.924 16
      vertex 14.2365 -20.3481 16
      vertex 14.5642 -16.981 16
    endloop
  endfacet
  facet normal 0 0 1
    outer loop
      vertex 13.3716 -20.4619 16
      vertex 14.1318 -16.924 16
      vertex 13.7059 -16.8296 16
    endloop
  endfacet
  facet normal 0 0 1
    outer loop
      vertex 14.1318 -16.924 16
      vertex 13.3716 -20.4619 16
      vertex 14.2365 -20.3481 16
    endloop
  endfacet
  facet normal 0 0 1
    outer loop
      vertex 13.2899 -16.6985 16
      vertex 13.3716 -20.4619 16
      vertex 13.7059 -16.8296 16
    endloop
  endfacet
  facet normal 0 0 1
    outer loop
      vertex 12.5 -20.5 16
      vertex 13.2899 -16.6985 16
      vertex 12.8869 -16.5315 16
    endloop
  endfacet
  facet normal 0 0 1
    outer loop
      vertex 12.5 -20.5 16
      vertex 12.8869 -16.5315 16
      vertex 12.5 -16.3301 16
    endloop
  endfacet
  facet normal 0 0 1
    outer loop
      vertex 13.2899 -16.6985 16
      vertex 12.5 -20.5 16
      vertex 13.3716 -20.4619 16
    endloop
  endfacet
  facet normal 0 0 1
    outer loop
      vertex 12.1321 -16.0958 16
      vertex 12.5 -20.5 16
      vertex 12.5 -16.3301 16
    endloop
  endfacet
  facet normal 0 0 1
    outer loop
      vertex 11.7861 -15.8302 16
      vertex 12.5 -20.5 16
      vertex 12.1321 -16.0958 16
    endloop
  endfacet
  facet normal 0 0 1
    outer loop
      vertex 11.4645 -15.5355 16
      vertex 12.5 -20.5 16
      vertex 11.7861 -15.8302 16
    endloop
  endfacet
  facet normal 0 0 1
    outer loop
      vertex 11.1698 -15.2139 16
      vertex 12.5 -20.5 16
      vertex 11.4645 -15.5355 16
    endloop
  endfacet
  facet normal 0 0 1
    outer loop
      vertex 10.9042 -14.8679 16
      vertex 12.5 -20.5 16
      vertex 11.1698 -15.2139 16
    endloop
  endfacet
  facet normal 0 0 1
    outer loop
      vertex 10.6699 -14.5 16
      vertex 12.5 -20.5 16
      vertex 10.9042 -14.8679 16
    endloop
  endfacet
  facet normal 0 0 1
    outer loop
      vertex -12.5 -20.5 16
      vertex 10.6699 -14.5 16
      vertex 10.4685 -14.1131 16
    endloop
  endfacet
  facet normal 0 0 1
    outer loop
      vertex -12.5 -20.5 16
      vertex 10.4685 -14.1131 16
      vertex 10.3015 -13.7101 16
    endloop
  endfacet
  facet normal 0 0 1
    outer loop
      vertex 10.1704 -10.7059 16
      vertex -12.5 -20.5 16
      vertex 10.076 -11.1318 16
    endloop
  endfacet
  facet normal 0 0 1
    outer loop
      vertex 10.076 -11.1318 16
      vertex -12.5 -20.5 16
      vertex 10.019 -11.5642 16
    endloop
  endfacet
  facet normal 0 0 1
    outer loop
      vertex 10.019 -11.5642 16
      vertex -12.5 -20.5 16
      vertex 10 -12 16
    endloop
  endfacet
  facet normal 0 0 1
    outer loop
      vertex 10 -12 16
      vertex -12.5 -20.5 16
      vertex 10.019 -12.4358 16
    endloop
  endfacet
  facet normal 0 0 1
    outer loop
      vertex 10.019 -12.4358 16
      vertex -12.5 -20.5 16
      vertex 10.076 -12.8682 16
    endloop
  endfacet
  facet normal 0 0 1
    outer loop
      vertex 10.6699 -14.5 16
      vertex -12.5 -20.5 16
      vertex 12.5 -20.5 16
    endloop
  endfacet
  facet normal 0 0 1
    outer loop
      vertex -22.5 10.5 16
      vertex -12.5 20.5 16
      vertex -13.3716 20.4619 16
    endloop
  endfacet
  facet normal 0 0 1
    outer loop
      vertex 10.076 -12.8682 16
      vertex -12.5 -20.5 16
      vertex 10.1704 -13.2941 16
    endloop
  endfacet
  facet normal 0 0 1
    outer loop
      vertex -22.5 10.5 16
      vertex -13.3716 20.4619 16
      vertex -14.2365 20.3481 16
    endloop
  endfacet
  facet normal 0 0 1
    outer loop
      vertex 10.1704 -13.2941 16
      vertex -12.5 -20.5 16
      vertex 10.3015 -13.7101 16
    endloop
  endfacet
  facet normal 0 0 1
    outer loop
      vertex -22.5 10.5 16
      vertex -14.2365 20.3481 16
      vertex -15.0882 20.1593 16
    endloop
  endfacet
  facet normal 0 0 1
    outer loop
      vertex -12.5 -20.5 16
      vertex -22.5 -10.5 16
      vertex -13.3716 -20.4619 16
    endloop
  endfacet
  facet normal 0 0 1
    outer loop
      vertex -22.5 10.5 16
      vertex -15.0882 20.1593 16
      vertex -15.9202 19.8969 16
    endloop
  endfacet
  facet normal 0 0 1
    outer loop
      vertex -13.3716 -20.4619 16
      vertex -22.5 -10.5 16
      vertex -14.2365 -20.3481 16
    endloop
  endfacet
  facet normal 0 0 1
    outer loop
      vertex -22.5 10.5 16
      vertex -15.9202 19.8969 16
      vertex -16.7262 19.5631 16
    endloop
  endfacet
  facet normal 0 0 1
    outer loop
      vertex -14.2365 -20.3481 16
      vertex -22.5 -10.5 16
      vertex -15.0882 -20.1593 16
    endloop
  endfacet
  facet normal 0 0 1
    outer loop
      vertex -22.5 10.5 16
      vertex -16.7262 19.5631 16
      vertex -17.5 19.1602 16
    endloop
  endfacet
  facet normal 0 0 1
    outer loop
      vertex -15.0882 -20.1593 16
      vertex -22.5 -10.5 16
      vertex -15.9202 -19.8969 16
    endloop
  endfacet
  facet normal 0 0 1
    outer loop
      vertex -22.5 10.5 16
      vertex -17.5 19.1602 16
      vertex -18.2358 18.6915 16
    endloop
  endfacet
  facet normal 0 0 1
    outer loop
      vertex -15.9202 -19.8969 16
      vertex -22.5 -10.5 16
      vertex -16.7262 -19.5631 16
    endloop
  endfacet
  facet normal 0 0 1
    outer loop
      vertex -22.5 10.5 16
      vertex -18.2358 18.6915 16
      vertex -18.9279 18.1604 16
    endloop
  endfacet
  facet normal 0 0 1
    outer loop
      vertex -16.7262 -19.5631 16
      vertex -22.5 -10.5 16
      vertex -17.5 -19.1602 16
    endloop
  endfacet
  facet normal 0 0 1
    outer loop
      vertex -22.5 10.5 16
      vertex -18.9279 18.1604 16
      vertex -19.5711 17.5711 16
    endloop
  endfacet
  facet normal 0 0 1
    outer loop
      vertex -17.5 -19.1602 16
      vertex -22.5 -10.5 16
      vertex -18.2358 -18.6915 16
    endloop
  endfacet
  facet normal 0 0 1
    outer loop
      vertex -22.5 10.5 16
      vertex -19.5711 17.5711 16
      vertex -20.1604 16.9279 16
    endloop
  endfacet
  facet normal 0 0 1
    outer loop
      vertex -18.2358 -18.6915 16
      vertex -22.5 -10.5 16
      vertex -18.9279 -18.1604 16
    endloop
  endfacet
  facet normal 0 0 1
    outer loop
      vertex -22.5 10.5 16
      vertex -20.1604 16.9279 16
      vertex -20.6915 16.2358 16
    endloop
  endfacet
  facet normal 0 0 1
    outer loop
      vertex -18.9279 -18.1604 16
      vertex -22.5 -10.5 16
      vertex -19.5711 -17.5711 16
    endloop
  endfacet
  facet normal 0 0 1
    outer loop
      vertex -22.5 10.5 16
      vertex -20.6915 16.2358 16
      vertex -21.1602 15.5 16
    endloop
  endfacet
  facet normal 0 0 1
    outer loop
      vertex -19.5711 -17.5711 16
      vertex -22.5 -10.5 16
      vertex -20.1604 -16.9279 16
    endloop
  endfacet
  facet normal 0 0 1
    outer loop
      vertex -22.5 10.5 16
      vertex -21.1602 15.5 16
      vertex -21.5631 14.7262 16
    endloop
  endfacet
  facet normal 0 0 1
    outer loop
      vertex -20.1604 -16.9279 16
      vertex -22.5 -10.5 16
      vertex -20.6915 -16.2358 16
    endloop
  endfacet
  facet normal 0 0 1
    outer loop
      vertex -22.5 10.5 16
      vertex -21.5631 14.7262 16
      vertex -21.8969 13.9202 16
    endloop
  endfacet
  facet normal 0 0 1
    outer loop
      vertex -20.6915 -16.2358 16
      vertex -22.5 -10.5 16
      vertex -21.1602 -15.5 16
    endloop
  endfacet
  facet normal 0 0 1
    outer loop
      vertex -22.5 10.5 16
      vertex -21.8969 13.9202 16
      vertex -22.1593 13.0882 16
    endloop
  endfacet
  facet normal 0 0 1
    outer loop
      vertex -21.1602 -15.5 16
      vertex -22.5 -10.5 16
      vertex -21.5631 -14.7262 16
    endloop
  endfacet
  facet normal 0 0 1
    outer loop
      vertex -22.5 10.5 16
      vertex -22.1593 13.0882 16
      vertex -22.3481 12.2365 16
    endloop
  endfacet
  facet normal 0 0 1
    outer loop
      vertex -21.5631 -14.7262 16
      vertex -22.5 -10.5 16
      vertex -21.8969 -13.9202 16
    endloop
  endfacet
  facet normal 0 0 1
    outer loop
      vertex -22.5 10.5 16
      vertex -22.3481 12.2365 16
      vertex -22.4619 11.3716 16
    endloop
  endfacet
  facet normal 0 0 1
    outer loop
      vertex -21.8969 -13.9202 16
      vertex -22.5 -10.5 16
      vertex -22.1593 -13.0882 16
    endloop
  endfacet
  facet normal 0 0 1
    outer loop
      vertex -22.1593 -13.0882 16
      vertex -22.5 -10.5 16
      vertex -22.3481 -12.2365 16
    endloop
  endfacet
  facet normal 0 0 1
    outer loop
      vertex -22.3481 -12.2365 16
      vertex -22.5 -10.5 16
      vertex -22.4619 -11.3716 16
    endloop
  endfacet
  facet normal -0.0433812 0.993958 0.100823
    outer loop
      vertex -13 22 1
      vertex -13.82 21.8195 2.42663
      vertex -12.9524 21.8572 2.42827
    endloop
  endfacet
  facet normal -0.043441 0.993959 0.100789
    outer loop
      vertex -13.82 21.8195 2.42663
      vertex -13 22 1
      vertex -13.9587 21.9581 1
    endloop
  endfacet
  facet normal -0.0433825 0.993956 0.100842
    outer loop
      vertex -12.8282 21.4847 6.15308
      vertex -13.4579 21.4575 6.15028
      vertex -12.5 20.5 16
    endloop
  endfacet
  facet normal 0.993956 0.0434485 0.100818
    outer loop
      vertex 22.5 10.5 16
      vertex 22.5622 10.9566 15.19
      vertex 22.4619 11.3716 16
    endloop
  endfacet
  facet normal 0.99396 0.0434101 0.100797
    outer loop
      vertex 22.5622 10.9566 15.19
      vertex 22.5 10.5 16
      vertex 22.5787 10.5788 15.19
    endloop
  endfacet
  facet normal 0.993955 0.0433362 0.100875
    outer loop
      vertex 22.6946 10.9392 13.8929
      vertex 22.4619 11.3716 16
      vertex 22.5622 10.9566 15.19
    endloop
  endfacet
  facet normal 0.993959 0.0431564 0.100913
    outer loop
      vertex 22.7359 10.9301 13.49
      vertex 22.4619 11.3716 16
      vertex 22.6946 10.9392 13.8929
    endloop
  endfacet
  facet normal 0.993949 0.0435261 0.100847
    outer loop
      vertex 22.4619 11.3716 16
      vertex 22.7359 10.9301 13.49
      vertex 23.9581 11.9587 1
    endloop
  endfacet
  facet normal 0.993962 0.0432854 0.100828
    outer loop
      vertex 23.9581 11.9587 1
      vertex 22.7359 10.9301 13.49
      vertex 22.744 10.7441 13.49
    endloop
  endfacet
  facet normal 0 -1 0
    outer loop
      vertex -13 -22 0
      vertex 13 -22 1
      vertex -13 -22 1
    endloop
  endfacet
  facet normal 0 -1 -0
    outer loop
      vertex 13 -22 1
      vertex -13 -22 0
      vertex 13 -22 0
    endloop
  endfacet
  facet normal -0.881502 -0.458978 0.110874
    outer loop
      vertex -21.5631 -14.7262 16
      vertex -22.9694 -15.6488 1
      vertex -21.1602 -15.5 16
    endloop
  endfacet
  facet normal -0.986134 0.129771 0.103442
    outer loop
      vertex -23.8329 12.9101 1
      vertex -23.9581 11.9587 1
      vertex -22.3481 12.2365 16
    endloop
  endfacet
  facet normal -0.0436633 0.999046 0
    outer loop
      vertex -13 22 0
      vertex -13.9587 21.9581 1
      vertex -13 22 1
    endloop
  endfacet
  facet normal -0.0436633 0.999046 0
    outer loop
      vertex -13.9587 21.9581 1
      vertex -13 22 0
      vertex -13.9587 21.9581 0
    endloop
  endfacet
  facet normal -0.73256 0.671263 0.11297
    outer loop
      vertex -20.7782 18.7782 1
      vertex -21.4265 18.0707 1
      vertex -19.5711 17.5711 16
    endloop
  endfacet
  facet normal 0.0434484 0.993953 0.100848
    outer loop
      vertex 13.3716 20.4619 16
      vertex 13.4579 21.4575 6.15028
      vertex 12.5 20.5 16
    endloop
  endfacet
  facet normal 0.0432884 0.99396 0.100848
    outer loop
      vertex 13.4579 21.4575 6.15028
      vertex 13.3716 20.4619 16
      vertex 13.7572 21.4446 6.14895
    endloop
  endfacet
  facet normal 0.0433582 0.993963 0.100781
    outer loop
      vertex 13.9587 21.9581 1
      vertex 13.82 21.8195 2.42663
      vertex 13.9029 21.8159 2.42647
    endloop
  endfacet
  facet normal 0.533878 0.838121 0.111922
    outer loop
      vertex 18.5 20.5263 1
      vertex 17.5 19.1602 16
      vertex 18.2358 18.6915 16
    endloop
  endfacet
  facet normal 0 -0.995039 0.0994851
    outer loop
      vertex -13 -22 1
      vertex -12 -21.8572 2.42827
      vertex -12.9524 -21.8572 2.42827
    endloop
  endfacet
  facet normal 0 -0.995039 0.0994851
    outer loop
      vertex -12 -21.8572 2.42827
      vertex -13 -22 1
      vertex 12 -21.8572 2.42827
    endloop
  endfacet
  facet normal 0 -0.995039 0.0994851
    outer loop
      vertex 13 -22 1
      vertex 12 -21.8572 2.42827
      vertex -13 -22 1
    endloop
  endfacet
  facet normal 0 -0.995039 0.0994851
    outer loop
      vertex 12 -21.8572 2.42827
      vertex 13 -22 1
      vertex 12.9524 -21.8572 2.42827
    endloop
  endfacet
  facet normal 0 -0.995037 0.0995087
    outer loop
      vertex -12 -21.8572 2.42827
      vertex 12 -21.4847 6.15308
      vertex -12 -21.4847 6.15308
    endloop
  endfacet
  facet normal 0 -0.995037 0.0995087
    outer loop
      vertex 12 -21.4847 6.15308
      vertex -12 -21.8572 2.42827
      vertex 12 -21.8572 2.42827
    endloop
  endfacet
  facet normal 0 -0.995037 0.0995045
    outer loop
      vertex -12 -21.4847 6.15308
      vertex -12.5 -20.5 16
      vertex -12.8282 -21.4847 6.15308
    endloop
  endfacet
  facet normal 0 -0.995037 0.0995045
    outer loop
      vertex -12.5 -20.5 16
      vertex -12 -21.4847 6.15308
      vertex 12.5 -20.5 16
    endloop
  endfacet
  facet normal 0 -0.995037 0.0995045
    outer loop
      vertex 12 -21.4847 6.15308
      vertex 12.5 -20.5 16
      vertex -12 -21.4847 6.15308
    endloop
  endfacet
  facet normal 0 -0.995037 0.0995045
    outer loop
      vertex 12.5 -20.5 16
      vertex 12 -21.4847 6.15308
      vertex 12.8282 -21.4847 6.15308
    endloop
  endfacet
  facet normal -0.887014 -0.461743 0
    outer loop
      vertex -22.5263 -16.5 0
      vertex -22.9694 -15.6488 1
      vertex -22.9694 -15.6488 0
    endloop
  endfacet
  facet normal -0.887014 -0.461743 0
    outer loop
      vertex -22.9694 -15.6488 1
      vertex -22.5263 -16.5 0
      vertex -22.5263 -16.5 1
    endloop
  endfacet
  facet normal -0.986136 -0.129752 0.103442
    outer loop
      vertex -22.4619 -11.3716 16
      vertex -23.9581 -11.9587 1
      vertex -22.3481 -12.2365 16
    endloop
  endfacet
  facet normal -0.970825 -0.215207 0.105762
    outer loop
      vertex -22.3481 -12.2365 16
      vertex -23.6252 -13.847 1
      vertex -22.1593 -13.0882 16
    endloop
  endfacet
  facet normal 0.380548 -0.918261 0.109448
    outer loop
      vertex 16.7589 -21.1713 2.39833
      vertex 16.7622 -21.3366 1
      vertex 17 -21.0719 2.39399
    endloop
  endfacet
  facet normal 0.380397 -0.918319 0.109492
    outer loop
      vertex 17 -20.6342 6.06539
      vertex 16.7262 -19.5631 16
      vertex 16.75 -20.7365 6.07594
    endloop
  endfacet
  facet normal 0.380396 -0.918319 0.109492
    outer loop
      vertex 17 -20.6342 6.06539
      vertex 17.6488 -20.9694 1
      vertex 16.7262 -19.5631 16
    endloop
  endfacet
  facet normal 0.38032 -0.918352 0.109485
    outer loop
      vertex 17 -21.0719 2.39399
      vertex 17.6488 -20.9694 1
      vertex 17 -20.6342 6.06539
    endloop
  endfacet
  facet normal 0.380345 -0.91834 0.109497
    outer loop
      vertex 17.6488 -20.9694 1
      vertex 17 -21.0719 2.39399
      vertex 16.7622 -21.3366 1
    endloop
  endfacet
  facet normal 0.986136 0.129752 0.103442
    outer loop
      vertex 23.9581 11.9587 1
      vertex 22.3481 12.2365 16
      vertex 22.4619 11.3716 16
    endloop
  endfacet
  facet normal 0.73256 0.671263 0.11297
    outer loop
      vertex 20.7782 18.7782 1
      vertex 19.5711 17.5711 16
      vertex 21.4265 18.0707 1
    endloop
  endfacet
  facet normal 0.215195 -0.970825 0.105783
    outer loop
      vertex 14.9101 -21.8329 1
      vertex 15.6953 -21.5049 2.41289
      vertex 14.8463 -21.6922 2.42107
    endloop
  endfacet
  facet normal 0.21522 -0.970821 0.105768
    outer loop
      vertex 15.6953 -21.5049 2.41289
      vertex 14.9101 -21.8329 1
      vertex 15.847 -21.6252 1
    endloop
  endfacet
  facet normal 0.215229 -0.97082 0.105758
    outer loop
      vertex 15.297 -21.189 6.1226
      vertex 14.2365 -20.3481 16
      vertex 14.6794 -21.3244 6.13656
    endloop
  endfacet
  facet normal 0.458978 -0.881502 0.110874
    outer loop
      vertex 17.5 -19.1602 16
      vertex 16.7262 -19.5631 16
      vertex 17.6488 -20.9694 1
    endloop
  endfacet
  facet normal -0.923895 -0.382646 0
    outer loop
      vertex -22.9694 -15.6488 0
      vertex -23.3366 -14.7622 1
      vertex -23.3366 -14.7622 0
    endloop
  endfacet
  facet normal -0.923895 -0.382646 0
    outer loop
      vertex -23.3366 -14.7622 1
      vertex -22.9694 -15.6488 0
      vertex -22.9694 -15.6488 1
    endloop
  endfacet
  facet normal 0 0.995039 0.0994851
    outer loop
      vertex 13 22 1
      vertex 12 21.8572 2.42827
      vertex 12.9524 21.8572 2.42827
    endloop
  endfacet
  facet normal 0 0.995039 0.0994851
    outer loop
      vertex 12 21.8572 2.42827
      vertex 13 22 1
      vertex -12 21.8572 2.42827
    endloop
  endfacet
  facet normal -0 0.995039 0.0994851
    outer loop
      vertex -13 22 1
      vertex -12 21.8572 2.42827
      vertex 13 22 1
    endloop
  endfacet
  facet normal 0 0.995039 0.0994851
    outer loop
      vertex -12 21.8572 2.42827
      vertex -13 22 1
      vertex -12.9524 21.8572 2.42827
    endloop
  endfacet
  facet normal 0 0.995037 0.0995087
    outer loop
      vertex 12 21.8572 2.42827
      vertex -12 21.4847 6.15308
      vertex 12 21.4847 6.15308
    endloop
  endfacet
  facet normal 0 0.995037 0.0995087
    outer loop
      vertex -12 21.4847 6.15308
      vertex 12 21.8572 2.42827
      vertex -12 21.8572 2.42827
    endloop
  endfacet
  facet normal -0 0.995037 0.0995045
    outer loop
      vertex 12 21.4847 6.15308
      vertex 12.5 20.5 16
      vertex 12.8282 21.4847 6.15308
    endloop
  endfacet
  facet normal 0 0.995037 0.0995045
    outer loop
      vertex 12.5 20.5 16
      vertex 12 21.4847 6.15308
      vertex -12.5 20.5 16
    endloop
  endfacet
  facet normal -0 0.995037 0.0995045
    outer loop
      vertex -12 21.4847 6.15308
      vertex -12.5 20.5 16
      vertex 12 21.4847 6.15308
    endloop
  endfacet
  facet normal 0 0.995037 0.0995045
    outer loop
      vertex -12.5 20.5 16
      vertex -12 21.4847 6.15308
      vertex -12.8282 21.4847 6.15308
    endloop
  endfacet
  facet normal -0.73728 0.675588 0
    outer loop
      vertex -21.4265 18.0707 0
      vertex -20.7782 18.7782 1
      vertex -20.7782 18.7782 0
    endloop
  endfacet
  facet normal -0.73728 0.675588 0
    outer loop
      vertex -20.7782 18.7782 1
      vertex -21.4265 18.0707 0
      vertex -21.4265 18.0707 1
    endloop
  endfacet
  facet normal 0 1 -0
    outer loop
      vertex 13 22 0
      vertex -13 22 1
      vertex 13 22 1
    endloop
  endfacet
  facet normal 0 1 0
    outer loop
      vertex -13 22 1
      vertex 13 22 0
      vertex -13 22 0
    endloop
  endfacet
  facet normal 0.0436633 0.999046 -0
    outer loop
      vertex 13.9587 21.9581 0
      vertex 13 22 1
      vertex 13.9587 21.9581 1
    endloop
  endfacet
  facet normal 0.0436633 0.999046 0
    outer loop
      vertex 13 22 1
      vertex 13.9587 21.9581 0
      vertex 13 22 0
    endloop
  endfacet
  facet normal 0.13015 0.986089 0.103391
    outer loop
      vertex 13.9587 21.9581 1
      vertex 13.9029 21.8159 2.42647
      vertex 13.9851 21.8051 2.426
    endloop
  endfacet
  facet normal 0.129752 0.986135 0.103452
    outer loop
      vertex 14.2365 20.3481 16
      vertex 13.7572 21.4446 6.14895
      vertex 13.3716 20.4619 16
    endloop
  endfacet
  facet normal 0.12997 0.986108 0.103438
    outer loop
      vertex 13.7572 21.4446 6.14895
      vertex 14.2365 20.3481 16
      vertex 14.054 21.4059 6.14496
    endloop
  endfacet
  facet normal 0.215016 0.970868 0.10575
    outer loop
      vertex 15.847 21.6252 1
      vertex 15.6953 21.5049 2.41289
      vertex 15.7756 21.4872 2.41212
    endloop
  endfacet
  facet normal 0.215207 0.970825 0.105756
    outer loop
      vertex 15.0882 20.1593 16
      vertex 15.297 21.189 6.1226
      vertex 14.2365 20.3481 16
    endloop
  endfacet
  facet normal 0.215096 0.97085 0.105756
    outer loop
      vertex 15.297 21.189 6.1226
      vertex 15.0882 20.1593 16
      vertex 15.5882 21.1252 6.11602
    endloop
  endfacet
  facet normal 0.382646 0.923895 -0
    outer loop
      vertex 17.6488 20.9694 0
      vertex 16.7622 21.3366 1
      vertex 17.6488 20.9694 1
    endloop
  endfacet
  facet normal 0.382646 0.923895 0
    outer loop
      vertex 16.7622 21.3366 1
      vertex 17.6488 20.9694 0
      vertex 16.7622 21.3366 0
    endloop
  endfacet
  facet normal -0.38051 -0.918277 0.10945
    outer loop
      vertex -16.7589 -21.1713 2.39833
      vertex -16.7622 -21.3366 1
      vertex -16.6837 -21.2023 2.39968
    endloop
  endfacet
  facet normal -0.380328 -0.918348 0.109491
    outer loop
      vertex -16.7262 -19.5631 16
      vertex -16.4766 -20.8483 6.08747
      vertex -15.9202 -19.8969 16
    endloop
  endfacet
  facet normal -0.380178 -0.918408 0.109502
    outer loop
      vertex -16.4766 -20.8483 6.08747
      vertex -16.7262 -19.5631 16
      vertex -16.75 -20.7365 6.07594
    endloop
  endfacet
  facet normal -0.130471 -0.991452 0
    outer loop
      vertex -14.9101 -21.8329 0
      vertex -13.9587 -21.9581 1
      vertex -14.9101 -21.8329 1
    endloop
  endfacet
  facet normal -0.130471 -0.991452 -0
    outer loop
      vertex -13.9587 -21.9581 1
      vertex -14.9101 -21.8329 0
      vertex -13.9587 -21.9581 0
    endloop
  endfacet
  facet normal -0.12977 -0.986131 0.103463
    outer loop
      vertex -13.9587 -21.9581 1
      vertex -14.8463 -21.6922 2.42107
      vertex -14.9101 -21.8329 1
    endloop
  endfacet
  facet normal -0.129869 -0.986125 0.1034
    outer loop
      vertex -14.8463 -21.6922 2.42107
      vertex -13.9587 -21.9581 1
      vertex -13.9851 -21.8051 2.426
    endloop
  endfacet
  facet normal -0.129897 -0.986117 0.10344
    outer loop
      vertex -14.2365 -20.3481 16
      vertex -14.6794 -21.3244 6.13656
      vertex -14.054 -21.4059 6.14496
    endloop
  endfacet
  facet normal -0.73728 -0.675588 0
    outer loop
      vertex -20.7782 -18.7782 0
      vertex -21.4265 -18.0707 1
      vertex -21.4265 -18.0707 0
    endloop
  endfacet
  facet normal -0.73728 -0.675588 0
    outer loop
      vertex -21.4265 -18.0707 1
      vertex -20.7782 -18.7782 0
      vertex -20.7782 -18.7782 1
    endloop
  endfacet
  facet normal -0.993953 -0.0434484 0.100844
    outer loop
      vertex -22.5 -10.5 16
      vertex -23.9581 -11.9587 1
      vertex -22.4619 -11.3716 16
    endloop
  endfacet
  facet normal 0.380328 -0.918348 0.109491
    outer loop
      vertex 16.4766 -20.8483 6.08747
      vertex 16.7262 -19.5631 16
      vertex 15.9202 -19.8969 16
    endloop
  endfacet
  facet normal 0.380178 -0.918408 0.109502
    outer loop
      vertex 16.7262 -19.5631 16
      vertex 16.4766 -20.8483 6.08747
      vertex 16.75 -20.7365 6.07594
    endloop
  endfacet
  facet normal 0.38051 -0.918277 0.10945
    outer loop
      vertex 16.7589 -21.1713 2.39833
      vertex 16.6837 -21.2023 2.39968
      vertex 16.7622 -21.3366 1
    endloop
  endfacet
  facet normal 0.881502 -0.458978 0.110874
    outer loop
      vertex 21.5631 -14.7262 16
      vertex 21.1602 -15.5 16
      vertex 22.9694 -15.6488 1
    endloop
  endfacet
  facet normal 0.73256 -0.671263 0.11297
    outer loop
      vertex 21.4265 -18.0707 1
      vertex 19.5711 -17.5711 16
      vertex 20.7782 -18.7782 1
    endloop
  endfacet
  facet normal 0.843382 -0.537314 0
    outer loop
      vertex 22.0107 -17.3093 1
      vertex 22.5263 -16.5 0
      vertex 22.5263 -16.5 1
    endloop
  endfacet
  facet normal 0.843382 -0.537314 0
    outer loop
      vertex 22.5263 -16.5 0
      vertex 22.0107 -17.3093 1
      vertex 22.0107 -17.3093 0
    endloop
  endfacet
  facet normal 0.918347 -0.380328 0.109492
    outer loop
      vertex 21.8969 -13.9202 16
      vertex 21.5631 -14.7262 16
      vertex 23.3366 -14.7622 1
    endloop
  endfacet
  facet normal 0.838084 -0.533938 0.111919
    outer loop
      vertex 22.5263 -16.5 1
      vertex 20.6915 -16.2358 16
      vertex 22.0107 -17.3093 1
    endloop
  endfacet
  facet normal 0.948137 0.299028 0.107788
    outer loop
      vertex 23.3366 14.7622 1
      vertex 21.8969 13.9202 16
      vertex 22.1593 13.0882 16
    endloop
  endfacet
  facet normal 0.732605 0.671213 0.112974
    outer loop
      vertex 21.4265 18.0707 1
      vertex 19.5711 17.5711 16
      vertex 20.1604 16.9279 16
    endloop
  endfacet
  facet normal 0.216434 -0.976297 0
    outer loop
      vertex 14.9101 -21.8329 0
      vertex 15.847 -21.6252 1
      vertex 14.9101 -21.8329 1
    endloop
  endfacet
  facet normal 0.216434 -0.976297 0
    outer loop
      vertex 15.847 -21.6252 1
      vertex 14.9101 -21.8329 0
      vertex 15.847 -21.6252 0
    endloop
  endfacet
  facet normal 0.382646 -0.923895 0
    outer loop
      vertex 16.7622 -21.3366 0
      vertex 17.6488 -20.9694 1
      vertex 16.7622 -21.3366 1
    endloop
  endfacet
  facet normal 0.382646 -0.923895 0
    outer loop
      vertex 17.6488 -20.9694 1
      vertex 16.7622 -21.3366 0
      vertex 17.6488 -20.9694 0
    endloop
  endfacet
  facet normal -0.380328 0.918348 0.109491
    outer loop
      vertex -16.4766 20.8483 6.08747
      vertex -16.7262 19.5631 16
      vertex -15.9202 19.8969 16
    endloop
  endfacet
  facet normal -0.380178 0.918408 0.109502
    outer loop
      vertex -16.7262 19.5631 16
      vertex -16.4766 20.8483 6.08747
      vertex -16.75 20.7365 6.07594
    endloop
  endfacet
  facet normal -0.38051 0.918277 0.10945
    outer loop
      vertex -16.6837 21.2023 2.39968
      vertex -16.7622 21.3366 1
      vertex -16.7589 21.1713 2.39833
    endloop
  endfacet
  facet normal 0.0433825 0.993956 0.100842
    outer loop
      vertex 12.8282 21.4847 6.15308
      vertex 12.5 20.5 16
      vertex 13.4579 21.4575 6.15028
    endloop
  endfacet
  facet normal 0.043441 0.993959 0.100789
    outer loop
      vertex 13 22 1
      vertex 13.82 21.8195 2.42663
      vertex 13.9587 21.9581 1
    endloop
  endfacet
  facet normal 0.0433812 0.993958 0.100823
    outer loop
      vertex 13.82 21.8195 2.42663
      vertex 13 22 1
      vertex 12.9524 21.8572 2.42827
    endloop
  endfacet
  facet normal 0.130471 0.991452 -0
    outer loop
      vertex 14.9101 21.8329 0
      vertex 13.9587 21.9581 1
      vertex 14.9101 21.8329 1
    endloop
  endfacet
  facet normal 0.130471 0.991452 0
    outer loop
      vertex 13.9587 21.9581 1
      vertex 14.9101 21.8329 0
      vertex 13.9587 21.9581 0
    endloop
  endfacet
  facet normal 0.380397 0.918319 0.109492
    outer loop
      vertex 16.7262 19.5631 16
      vertex 17 20.6342 6.06539
      vertex 16.75 20.7365 6.07594
    endloop
  endfacet
  facet normal 0.38032 0.918352 0.109485
    outer loop
      vertex 17 20.6342 6.06539
      vertex 17.6488 20.9694 1
      vertex 17 21.0719 2.39399
    endloop
  endfacet
  facet normal 0.380396 0.918319 0.109492
    outer loop
      vertex 17.6488 20.9694 1
      vertex 17 20.6342 6.06539
      vertex 16.7262 19.5631 16
    endloop
  endfacet
  facet normal 0.380345 0.91834 0.109497
    outer loop
      vertex 16.7622 21.3366 1
      vertex 17 21.0719 2.39399
      vertex 17.6488 20.9694 1
    endloop
  endfacet
  facet normal 0.380548 0.918261 0.109448
    outer loop
      vertex 17 21.0719 2.39399
      vertex 16.7622 21.3366 1
      vertex 16.7589 21.1713 2.39833
    endloop
  endfacet
  facet normal 0.537314 0.843382 -0
    outer loop
      vertex 19.3093 20.0107 0
      vertex 18.5 20.5263 1
      vertex 19.3093 20.0107 1
    endloop
  endfacet
  facet normal 0.537314 0.843382 0
    outer loop
      vertex 18.5 20.5263 1
      vertex 19.3093 20.0107 0
      vertex 18.5 20.5263 0
    endloop
  endfacet
  facet normal -0.671263 -0.73256 0.11297
    outer loop
      vertex -19.5711 -17.5711 16
      vertex -20.7782 -18.7782 1
      vertex -20.0707 -19.4265 1
    endloop
  endfacet
  facet normal -0.838084 -0.533938 0.111919
    outer loop
      vertex -20.6915 -16.2358 16
      vertex -22.5263 -16.5 1
      vertex -22.0107 -17.3093 1
    endloop
  endfacet
  facet normal -0.976297 0.216434 0
    outer loop
      vertex -23.8329 12.9101 0.568354
      vertex -23.6252 13.847 1
      vertex -23.6252 13.847 0.272955
    endloop
  endfacet
  facet normal -0.976297 0.216434 0
    outer loop
      vertex -23.6252 13.847 1
      vertex -23.8329 12.9101 0.568354
      vertex -23.8329 12.9101 1
    endloop
  endfacet
  facet normal -0.995037 1.49989e-05 0.0995044
    outer loop
      vertex -23.9184 -7.81417 1.81635
      vertex -23.2 -5.8 9
      vertex -23.8671 -3.92201 2.32876
    endloop
  endfacet
  facet normal -0.995037 -1.58572e-05 0.0995103
    outer loop
      vertex -23.9889 -10.9963 1.11089
      vertex -23.2 -7 9
      vertex -23.9184 -7.81417 1.81635
    endloop
  endfacet
  facet normal -0.995037 0 0.0995085
    outer loop
      vertex -23.2 -5.8 9
      vertex -23.9184 -7.81417 1.81635
      vertex -23.2 -7 9
    endloop
  endfacet
  facet normal -0.995037 -6.0162e-06 0.0995021
    outer loop
      vertex -23.8671 -3.92201 2.32876
      vertex -23.2 -1.8 9
      vertex -23.85 0 2.5
    endloop
  endfacet
  facet normal -0.995038 0 0.0995002
    outer loop
      vertex -23.2 -5.8 9
      vertex -23.2 -3 9
      vertex -23.8671 -3.92201 2.32876
    endloop
  endfacet
  facet normal -0.995038 0 0.0995002
    outer loop
      vertex -23.2 -1.8 9
      vertex -23.8671 -3.92201 2.32876
      vertex -23.2 -3 9
    endloop
  endfacet
  facet normal -0.995037 6.00027e-06 0.0995017
    outer loop
      vertex -23.85 0 2.5
      vertex -23.2 2.2 9
      vertex -23.8671 3.92201 2.32876
    endloop
  endfacet
  facet normal -0.995037 0 0.0995037
    outer loop
      vertex -23.2 -1.8 9
      vertex -23.2 1 9
      vertex -23.85 0 2.5
    endloop
  endfacet
  facet normal -0.995037 0 0.0995037
    outer loop
      vertex -23.2 2.2 9
      vertex -23.85 0 2.5
      vertex -23.2 1 9
    endloop
  endfacet
  facet normal -0.995037 1.43269e-05 0.0995035
    outer loop
      vertex -23.9184 7.81417 1.81635
      vertex -22.5 10.5 16
      vertex -23.9889 10.9963 1.11089
    endloop
  endfacet
  facet normal -0.995038 -1.61019e-05 0.0994961
    outer loop
      vertex -23.2 2.2 9
      vertex -23.9184 7.81417 1.81635
      vertex -23.8671 3.92201 2.32876
    endloop
  endfacet
  facet normal -0.995037 -2.46437e-06 0.0995066
    outer loop
      vertex -23.9184 7.81417 1.81635
      vertex -23.2 2.2 9
      vertex -22.5 10.5 16
    endloop
  endfacet
  facet normal -0.995037 2.12957e-16 0.0995037
    outer loop
      vertex -22.6 2.2 15
      vertex -22.5 10.5 16
      vertex -23.2 2.2 9
    endloop
  endfacet
  facet normal -0.995037 0 0.0995037
    outer loop
      vertex -22.6 1 15
      vertex -22.5 10.5 16
      vertex -22.6 2.2 15
    endloop
  endfacet
  facet normal -0.995037 0 0.0995037
    outer loop
      vertex -23.2 1 9
      vertex -23.2 -1.8 9
      vertex -22.6 1 15
    endloop
  endfacet
  facet normal -0.995037 0 0.0995037
    outer loop
      vertex -22.6 -1.8 15
      vertex -22.6 1 15
      vertex -23.2 -1.8 9
    endloop
  endfacet
  facet normal -0.995037 0 0.0995037
    outer loop
      vertex -22.6 -1.8 15
      vertex -22.5 10.5 16
      vertex -22.6 1 15
    endloop
  endfacet
  facet normal -0.995037 0 0.0995037
    outer loop
      vertex -22.5 -10.5 16
      vertex -22.6 -1.8 15
      vertex -22.6 -3 15
    endloop
  endfacet
  facet normal -0.995037 0 0.0995037
    outer loop
      vertex -23.2 -3 9
      vertex -23.2 -5.8 9
      vertex -22.6 -3 15
    endloop
  endfacet
  facet normal -0.995037 0 0.0995037
    outer loop
      vertex -22.6 -5.8 15
      vertex -22.6 -3 15
      vertex -23.2 -5.8 9
    endloop
  endfacet
  facet normal -0.995037 0 0.0995037
    outer loop
      vertex -22.5 -10.5 16
      vertex -22.6 -3 15
      vertex -22.6 -5.8 15
    endloop
  endfacet
  facet normal -0.995037 0 0.0995037
    outer loop
      vertex -22.5 -10.5 16
      vertex -22.6 -5.8 15
      vertex -22.6 -7 15
    endloop
  endfacet
  facet normal -0.995037 0 0.0995037
    outer loop
      vertex -22.6 -1.8 15
      vertex -22.5 -10.5 16
      vertex -22.5 10.5 16
    endloop
  endfacet
  facet normal -0.995037 -5.05012e-16 0.0995037
    outer loop
      vertex -23.2 -7 9
      vertex -22.5 -10.5 16
      vertex -22.6 -7 15
    endloop
  endfacet
  facet normal -0.995037 -1.37837e-06 0.099503
    outer loop
      vertex -23.2 -7 9
      vertex -23.9889 -10.9963 1.11089
      vertex -22.5 -10.5 16
    endloop
  endfacet
  facet normal -0.993944 0.0434394 0.100934
    outer loop
      vertex -23.9889 10.9963 1.11089
      vertex -23.9581 11.9587 1
      vertex -23.9783 11.4965 1
    endloop
  endfacet
  facet normal -0.993954 0.0434291 0.100842
    outer loop
      vertex -23.9581 11.9587 1
      vertex -23.9889 10.9963 1.11089
      vertex -22.5 10.5 16
    endloop
  endfacet
  facet normal -0.793375 -0.608733 0
    outer loop
      vertex -21.4265 -18.0707 0
      vertex -22.0107 -17.3093 1
      vertex -22.0107 -17.3093 0
    endloop
  endfacet
  facet normal -0.793375 -0.608733 0
    outer loop
      vertex -22.0107 -17.3093 1
      vertex -21.4265 -18.0707 0
      vertex -21.4265 -18.0707 1
    endloop
  endfacet
  facet normal -0.91834 -0.380346 0.109491
    outer loop
      vertex -21.5631 -14.7262 16
      vertex -23.3366 -14.7622 1
      vertex -22.9694 -15.6488 1
    endloop
  endfacet
  facet normal -0.953703 -0.300749 -9.30695e-06
    outer loop
      vertex -23.3366 -14.7622 1
      vertex -23.6252 -13.847 0.272955
      vertex -23.3522 -14.7127 0
    endloop
  endfacet
  facet normal -0.953757 -0.300578 -0
    outer loop
      vertex -23.3366 -14.7622 1
      vertex -23.3522 -14.7127 0
      vertex -23.3366 -14.7622 0
    endloop
  endfacet
  facet normal -0.953705 -0.300742 0
    outer loop
      vertex -23.6252 -13.847 0.272955
      vertex -23.3366 -14.7622 1
      vertex -23.6252 -13.847 1
    endloop
  endfacet
  facet normal -0.948149 -0.29899 0.107784
    outer loop
      vertex -22.1593 -13.0882 16
      vertex -23.6252 -13.847 1
      vertex -23.3366 -14.7622 1
    endloop
  endfacet
  facet normal -0.918347 -0.380328 0.109492
    outer loop
      vertex -21.8969 -13.9202 16
      vertex -23.3366 -14.7622 1
      vertex -21.5631 -14.7262 16
    endloop
  endfacet
  facet normal 0.299028 -0.948137 0.107788
    outer loop
      vertex 16.1934 -20.9366 6.09657
      vertex 15.9202 -19.8969 16
      vertex 15.0882 -20.1593 16
    endloop
  endfacet
  facet normal 0.299082 -0.94812 0.107788
    outer loop
      vertex 15.9202 -19.8969 16
      vertex 16.1934 -20.9366 6.09657
      vertex 16.4766 -20.8483 6.08747
    endloop
  endfacet
  facet normal 0.298847 -0.9482 0.107741
    outer loop
      vertex 16.6837 -21.2023 2.39968
      vertex 16.6059 -21.2267 2.40074
      vertex 16.7622 -21.3366 1
    endloop
  endfacet
  facet normal 0.671263 -0.73256 0.11297
    outer loop
      vertex 20.7782 -18.7782 1
      vertex 19.5711 -17.5711 16
      vertex 20.0707 -19.4265 1
    endloop
  endfacet
  facet normal 0.604861 -0.788327 0.112622
    outer loop
      vertex 20.0707 -19.4265 1
      vertex 18.9279 -18.1604 16
      vertex 19.3093 -20.0107 1
    endloop
  endfacet
  facet normal 0.671213 -0.732605 0.112974
    outer loop
      vertex 19.5711 -17.5711 16
      vertex 18.9279 -18.1604 16
      vertex 20.0707 -19.4265 1
    endloop
  endfacet
  facet normal 0.73728 -0.675588 0
    outer loop
      vertex 20.7782 -18.7782 1
      vertex 21.4265 -18.0707 0
      vertex 21.4265 -18.0707 1
    endloop
  endfacet
  facet normal 0.73728 -0.675588 0
    outer loop
      vertex 21.4265 -18.0707 0
      vertex 20.7782 -18.7782 1
      vertex 20.7782 -18.7782 0
    endloop
  endfacet
  facet normal 0.887014 -0.461743 0
    outer loop
      vertex 22.5263 -16.5 1
      vertex 22.9694 -15.6488 0
      vertex 22.9694 -15.6488 1
    endloop
  endfacet
  facet normal 0.887014 -0.461743 0
    outer loop
      vertex 22.9694 -15.6488 0
      vertex 22.5263 -16.5 1
      vertex 22.5263 -16.5 0
    endloop
  endfacet
  facet normal 0.881544 -0.458896 0.110878
    outer loop
      vertex 22.9694 -15.6488 1
      vertex 21.1602 -15.5 16
      vertex 22.5263 -16.5 1
    endloop
  endfacet
  facet normal 0.838121 -0.533878 0.111922
    outer loop
      vertex 21.1602 -15.5 16
      vertex 20.6915 -16.2358 16
      vertex 22.5263 -16.5 1
    endloop
  endfacet
  facet normal 0.948149 -0.29899 0.107784
    outer loop
      vertex 23.6252 -13.847 1
      vertex 22.1593 -13.0882 16
      vertex 23.3366 -14.7622 1
    endloop
  endfacet
  facet normal 0.923895 -0.382646 0
    outer loop
      vertex 22.9694 -15.6488 1
      vertex 23.3366 -14.7622 0
      vertex 23.3366 -14.7622 1
    endloop
  endfacet
  facet normal 0.923895 -0.382646 0
    outer loop
      vertex 23.3366 -14.7622 0
      vertex 22.9694 -15.6488 1
      vertex 22.9694 -15.6488 0
    endloop
  endfacet
  facet normal 0.970822 -0.21522 0.105763
    outer loop
      vertex 23.8329 -12.9101 1
      vertex 22.3481 -12.2365 16
      vertex 23.6252 -13.847 1
    endloop
  endfacet
  facet normal 0.991452 -0.130471 0
    outer loop
      vertex 23.8329 -12.9101 1
      vertex 23.9581 -11.9587 0.868335
      vertex 23.9581 -11.9587 1
    endloop
  endfacet
  facet normal 0.991452 -0.130471 0
    outer loop
      vertex 23.9581 -11.9587 0.868335
      vertex 23.8329 -12.9101 1
      vertex 23.8329 -12.9101 0.568354
    endloop
  endfacet
  facet normal 0.91834 -0.380346 0.109491
    outer loop
      vertex 23.3366 -14.7622 1
      vertex 21.5631 -14.7262 16
      vertex 22.9694 -15.6488 1
    endloop
  endfacet
  facet normal 0.788288 -0.604912 0.112619
    outer loop
      vertex 20.6915 -16.2358 16
      vertex 20.1604 -16.9279 16
      vertex 22.0107 -17.3093 1
    endloop
  endfacet
  facet normal 0.970822 0.21522 0.105763
    outer loop
      vertex 23.6252 13.847 1
      vertex 22.3481 12.2365 16
      vertex 23.8329 12.9101 1
    endloop
  endfacet
  facet normal 0.953757 0.300578 0
    outer loop
      vertex 23.3366 14.7622 1
      vertex 23.3522 14.7127 0
      vertex 23.3366 14.7622 0
    endloop
  endfacet
  facet normal 0.953705 0.300742 -0
    outer loop
      vertex 23.6252 13.847 0.272955
      vertex 23.3366 14.7622 1
      vertex 23.6252 13.847 1
    endloop
  endfacet
  facet normal 0.953703 0.300749 -9.30695e-06
    outer loop
      vertex 23.3366 14.7622 1
      vertex 23.6252 13.847 0.272955
      vertex 23.3522 14.7127 0
    endloop
  endfacet
  facet normal 0.881502 0.458978 0.110874
    outer loop
      vertex 22.9694 15.6488 1
      vertex 21.1602 15.5 16
      vertex 21.5631 14.7262 16
    endloop
  endfacet
  facet normal 0.923895 0.382646 0
    outer loop
      vertex 23.3366 14.7622 1
      vertex 22.9694 15.6488 0
      vertex 22.9694 15.6488 1
    endloop
  endfacet
  facet normal 0.923895 0.382646 0
    outer loop
      vertex 22.9694 15.6488 0
      vertex 23.3366 14.7622 1
      vertex 23.3366 14.7622 0
    endloop
  endfacet
  facet normal 0.948149 0.29899 0.107784
    outer loop
      vertex 23.3366 14.7622 1
      vertex 22.1593 13.0882 16
      vertex 23.6252 13.847 1
    endloop
  endfacet
  facet normal 0.970825 0.215207 0.105762
    outer loop
      vertex 23.6252 13.847 1
      vertex 22.1593 13.0882 16
      vertex 22.3481 12.2365 16
    endloop
  endfacet
  facet normal 0.793375 0.608733 0
    outer loop
      vertex 22.0107 17.3093 1
      vertex 21.4265 18.0707 0
      vertex 21.4265 18.0707 1
    endloop
  endfacet
  facet normal 0.793375 0.608733 0
    outer loop
      vertex 21.4265 18.0707 0
      vertex 22.0107 17.3093 1
      vertex 22.0107 17.3093 0
    endloop
  endfacet
  facet normal 0.300742 -0.953705 0
    outer loop
      vertex 15.847 -21.6252 0
      vertex 16.7622 -21.3366 1
      vertex 15.847 -21.6252 1
    endloop
  endfacet
  facet normal 0.300742 -0.953705 0
    outer loop
      vertex 16.7622 -21.3366 1
      vertex 15.847 -21.6252 0
      vertex 16.7622 -21.3366 0
    endloop
  endfacet
  facet normal -0.129869 0.986125 0.1034
    outer loop
      vertex -13.9587 21.9581 1
      vertex -14.8463 21.6922 2.42107
      vertex -13.9851 21.8051 2.426
    endloop
  endfacet
  facet normal -0.12977 0.986131 0.103463
    outer loop
      vertex -14.8463 21.6922 2.42107
      vertex -13.9587 21.9581 1
      vertex -14.9101 21.8329 1
    endloop
  endfacet
  facet normal -0.129897 0.986117 0.10344
    outer loop
      vertex -14.054 21.4059 6.14496
      vertex -14.6794 21.3244 6.13656
      vertex -14.2365 20.3481 16
    endloop
  endfacet
  facet normal -0.299028 0.948137 0.107788
    outer loop
      vertex -16.1934 20.9366 6.09657
      vertex -15.9202 19.8969 16
      vertex -15.0882 20.1593 16
    endloop
  endfacet
  facet normal -0.299082 0.94812 0.107788
    outer loop
      vertex -15.9202 19.8969 16
      vertex -16.1934 20.9366 6.09657
      vertex -16.4766 20.8483 6.08747
    endloop
  endfacet
  facet normal -0.298847 0.9482 0.107741
    outer loop
      vertex -16.6059 21.2267 2.40074
      vertex -16.7622 21.3366 1
      vertex -16.6837 21.2023 2.39968
    endloop
  endfacet
  facet normal -0.216434 0.976297 0
    outer loop
      vertex -14.9101 21.8329 0
      vertex -15.847 21.6252 1
      vertex -14.9101 21.8329 1
    endloop
  endfacet
  facet normal -0.216434 0.976297 0
    outer loop
      vertex -15.847 21.6252 1
      vertex -14.9101 21.8329 0
      vertex -15.847 21.6252 0
    endloop
  endfacet
  facet normal 0.21522 0.970821 0.105768
    outer loop
      vertex 14.9101 21.8329 1
      vertex 15.6953 21.5049 2.41289
      vertex 15.847 21.6252 1
    endloop
  endfacet
  facet normal 0.215195 0.970825 0.105783
    outer loop
      vertex 15.6953 21.5049 2.41289
      vertex 14.9101 21.8329 1
      vertex 14.8463 21.6922 2.42107
    endloop
  endfacet
  facet normal 0.215229 0.97082 0.105758
    outer loop
      vertex 14.6794 21.3244 6.13656
      vertex 14.2365 20.3481 16
      vertex 15.297 21.189 6.1226
    endloop
  endfacet
  facet normal 0.12977 0.986131 0.103463
    outer loop
      vertex 13.9587 21.9581 1
      vertex 14.8463 21.6922 2.42107
      vertex 14.9101 21.8329 1
    endloop
  endfacet
  facet normal 0.129869 0.986125 0.1034
    outer loop
      vertex 14.8463 21.6922 2.42107
      vertex 13.9587 21.9581 1
      vertex 13.9851 21.8051 2.426
    endloop
  endfacet
  facet normal 0.129897 0.986117 0.10344
    outer loop
      vertex 14.6794 21.3244 6.13656
      vertex 14.054 21.4059 6.14496
      vertex 14.2365 20.3481 16
    endloop
  endfacet
  facet normal 0.461743 0.887014 -0
    outer loop
      vertex 18.5 20.5263 0
      vertex 17.6488 20.9694 1
      vertex 18.5 20.5263 1
    endloop
  endfacet
  facet normal 0.461743 0.887014 0
    outer loop
      vertex 17.6488 20.9694 1
      vertex 18.5 20.5263 0
      vertex 17.6488 20.9694 0
    endloop
  endfacet
  facet normal 0.298991 0.948153 0.107753
    outer loop
      vertex 15.847 21.6252 1
      vertex 16.6059 21.2267 2.40074
      vertex 16.7622 21.3366 1
    endloop
  endfacet
  facet normal 0.298955 0.948162 0.107775
    outer loop
      vertex 16.6059 21.2267 2.40074
      vertex 15.847 21.6252 1
      vertex 15.7756 21.4872 2.41212
    endloop
  endfacet
  facet normal 0.298943 0.948165 0.107781
    outer loop
      vertex 15.5882 21.1252 6.11602
      vertex 15.0882 20.1593 16
      vertex 16.1934 20.9366 6.09657
    endloop
  endfacet
  facet normal 0.380328 0.918348 0.109491
    outer loop
      vertex 16.7262 19.5631 16
      vertex 16.4766 20.8483 6.08747
      vertex 15.9202 19.8969 16
    endloop
  endfacet
  facet normal 0.380178 0.918408 0.109502
    outer loop
      vertex 16.4766 20.8483 6.08747
      vertex 16.7262 19.5631 16
      vertex 16.75 20.7365 6.07594
    endloop
  endfacet
  facet normal 0.38051 0.918277 0.10945
    outer loop
      vertex 16.7622 21.3366 1
      vertex 16.6837 21.2023 2.39968
      vertex 16.7589 21.1713 2.39833
    endloop
  endfacet
  facet normal 0.671263 0.73256 0.11297
    outer loop
      vertex 20.0707 19.4265 1
      vertex 19.5711 17.5711 16
      vertex 20.7782 18.7782 1
    endloop
  endfacet
  facet normal 0.458896 0.881544 0.110878
    outer loop
      vertex 17.6488 20.9694 1
      vertex 17.5 19.1602 16
      vertex 18.5 20.5263 1
    endloop
  endfacet
  facet normal 0.458978 0.881502 0.110874
    outer loop
      vertex 17.6488 20.9694 1
      vertex 16.7262 19.5631 16
      vertex 17.5 19.1602 16
    endloop
  endfacet
  facet normal 0.73728 0.675588 0
    outer loop
      vertex 21.4265 18.0707 1
      vertex 20.7782 18.7782 0
      vertex 20.7782 18.7782 1
    endloop
  endfacet
  facet normal 0.73728 0.675588 0
    outer loop
      vertex 20.7782 18.7782 0
      vertex 21.4265 18.0707 1
      vertex 21.4265 18.0707 0
    endloop
  endfacet
  facet normal 0.604861 0.788327 0.112622
    outer loop
      vertex 19.3093 20.0107 1
      vertex 18.9279 18.1604 16
      vertex 20.0707 19.4265 1
    endloop
  endfacet
  facet normal 0.608733 0.793375 -0
    outer loop
      vertex 20.0707 19.4265 0
      vertex 19.3093 20.0107 1
      vertex 20.0707 19.4265 1
    endloop
  endfacet
  facet normal 0.608733 0.793375 0
    outer loop
      vertex 19.3093 20.0107 1
      vertex 20.0707 19.4265 0
      vertex 19.3093 20.0107 0
    endloop
  endfacet
  facet normal -0.21522 -0.970821 0.105768
    outer loop
      vertex -14.9101 -21.8329 1
      vertex -15.6953 -21.5049 2.41289
      vertex -15.847 -21.6252 1
    endloop
  endfacet
  facet normal -0.215195 -0.970825 0.105783
    outer loop
      vertex -15.6953 -21.5049 2.41289
      vertex -14.9101 -21.8329 1
      vertex -14.8463 -21.6922 2.42107
    endloop
  endfacet
  facet normal -0.215229 -0.97082 0.105758
    outer loop
      vertex -14.2365 -20.3481 16
      vertex -15.297 -21.189 6.1226
      vertex -14.6794 -21.3244 6.13656
    endloop
  endfacet
  facet normal -0.788288 -0.604912 0.112619
    outer loop
      vertex -20.6915 -16.2358 16
      vertex -22.0107 -17.3093 1
      vertex -20.1604 -16.9279 16
    endloop
  endfacet
  facet normal -0.298847 -0.9482 0.107741
    outer loop
      vertex -16.6837 -21.2023 2.39968
      vertex -16.7622 -21.3366 1
      vertex -16.6059 -21.2267 2.40074
    endloop
  endfacet
  facet normal -0.299028 -0.948137 0.107788
    outer loop
      vertex -15.9202 -19.8969 16
      vertex -16.1934 -20.9366 6.09657
      vertex -15.0882 -20.1593 16
    endloop
  endfacet
  facet normal -0.299082 -0.94812 0.107788
    outer loop
      vertex -16.1934 -20.9366 6.09657
      vertex -15.9202 -19.8969 16
      vertex -16.4766 -20.8483 6.08747
    endloop
  endfacet
  facet normal -0.881544 -0.458896 0.110878
    outer loop
      vertex -21.1602 -15.5 16
      vertex -22.9694 -15.6488 1
      vertex -22.5263 -16.5 1
    endloop
  endfacet
  facet normal -0.838121 -0.533878 0.111922
    outer loop
      vertex -21.1602 -15.5 16
      vertex -22.5263 -16.5 1
      vertex -20.6915 -16.2358 16
    endloop
  endfacet
  facet normal -0.999036 0.0438961 0
    outer loop
      vertex -23.9718 11.6469 0.966661
      vertex -23.9581 11.9587 1
      vertex -23.9581 11.9587 0.868335
    endloop
  endfacet
  facet normal -0.999044 0.0436622 0.00219009
    outer loop
      vertex -23.9581 11.9587 1
      vertex -23.9718 11.6469 0.966661
      vertex -23.9783 11.4965 1
    endloop
  endfacet
  facet normal -0.999044 -0.0436622 0.00219009
    outer loop
      vertex -23.9718 -11.6469 0.966661
      vertex -23.9581 -11.9587 1
      vertex -23.9783 -11.4965 1
    endloop
  endfacet
  facet normal -0.999036 -0.0438961 -0
    outer loop
      vertex -23.9581 -11.9587 1
      vertex -23.9718 -11.6469 0.966661
      vertex -23.9581 -11.9587 0.868335
    endloop
  endfacet
  facet normal 0 0 -1
    outer loop
      vertex 22.0429 -14.7127 0
      vertex 23.3366 -14.7622 0
      vertex 22.9694 -15.6488 0
    endloop
  endfacet
  facet normal 0 0 -1
    outer loop
      vertex 21.7568 -15.4035 0
      vertex 22.9694 -15.6488 0
      vertex 22.5263 -16.5 0
    endloop
  endfacet
  facet normal 0 -0 -1
    outer loop
      vertex 22.0429 -14.7127 0
      vertex 22.9694 -15.6488 0
      vertex 21.7568 -15.4035 0
    endloop
  endfacet
  facet normal 0 0 -1
    outer loop
      vertex 21.3942 -16.1 0
      vertex 22.5263 -16.5 0
      vertex 22.0107 -17.3093 0
    endloop
  endfacet
  facet normal 0 0 -1
    outer loop
      vertex 23.3366 -14.7622 0
      vertex 22.0429 -14.7127 0
      vertex 23.3522 -14.7127 0
    endloop
  endfacet
  facet normal 0 0 -1
    outer loop
      vertex 20.9724 -16.7622 0
      vertex 22.0107 -17.3093 0
      vertex 21.4265 -18.0707 0
    endloop
  endfacet
  facet normal 0 0 -1
    outer loop
      vertex 22.5263 -16.5 0
      vertex 21.3942 -16.1 0
      vertex 21.7568 -15.4035 0
    endloop
  endfacet
  facet normal 0 0 -1
    outer loop
      vertex 22.0107 -17.3093 0
      vertex 20.9724 -16.7622 0
      vertex 21.3942 -16.1 0
    endloop
  endfacet
  facet normal 0 0 -1
    outer loop
      vertex 20.4944 -17.3851 0
      vertex 21.4265 -18.0707 0
      vertex 20.7782 -18.7782 0
    endloop
  endfacet
  facet normal 0 0 -1
    outer loop
      vertex 21.4265 -18.0707 0
      vertex 20.4944 -17.3851 0
      vertex 20.9724 -16.7622 0
    endloop
  endfacet
  facet normal 0 0 -1
    outer loop
      vertex 19.3851 -18.4944 0
      vertex 20.7782 -18.7782 0
      vertex 20.0707 -19.4265 0
    endloop
  endfacet
  facet normal 0 0 -1
    outer loop
      vertex 20.7782 -18.7782 0
      vertex 19.964 -17.964 0
      vertex 20.4944 -17.3851 0
    endloop
  endfacet
  facet normal 0 0 -1
    outer loop
      vertex 20.7782 -18.7782 0
      vertex 19.3851 -18.4944 0
      vertex 19.964 -17.964 0
    endloop
  endfacet
  facet normal 0 0 -1
    outer loop
      vertex 18.7622 -18.9724 0
      vertex 20.0707 -19.4265 0
      vertex 19.3093 -20.0107 0
    endloop
  endfacet
  facet normal 0 0 -1
    outer loop
      vertex 20.0707 -19.4265 0
      vertex 18.7622 -18.9724 0
      vertex 19.3851 -18.4944 0
    endloop
  endfacet
  facet normal 0 0 -1
    outer loop
      vertex 18.1 -19.3942 0
      vertex 19.3093 -20.0107 0
      vertex 18.5 -20.5263 0
    endloop
  endfacet
  facet normal 0 0 -1
    outer loop
      vertex 19.3093 -20.0107 0
      vertex 18.1 -19.3942 0
      vertex 18.7622 -18.9724 0
    endloop
  endfacet
  facet normal 0 0 -1
    outer loop
      vertex 17.4035 -19.7568 0
      vertex 18.5 -20.5263 0
      vertex 17.6488 -20.9694 0
    endloop
  endfacet
  facet normal 0 0 -1
    outer loop
      vertex 18.5 -20.5263 0
      vertex 17.4035 -19.7568 0
      vertex 18.1 -19.3942 0
    endloop
  endfacet
  facet normal 0 0 -1
    outer loop
      vertex 16.6782 -20.0572 0
      vertex 17.6488 -20.9694 0
      vertex 16.7622 -21.3366 0
    endloop
  endfacet
  facet normal 0 0 -1
    outer loop
      vertex 17.6488 -20.9694 0
      vertex 16.6782 -20.0572 0
      vertex 17.4035 -19.7568 0
    endloop
  endfacet
  facet normal 0 0 -1
    outer loop
      vertex 16.7622 -21.3366 0
      vertex 15.9294 -20.2933 0
      vertex 16.6782 -20.0572 0
    endloop
  endfacet
  facet normal 0 0 -1
    outer loop
      vertex 15.847 -21.6252 0
      vertex 15.9294 -20.2933 0
      vertex 16.7622 -21.3366 0
    endloop
  endfacet
  facet normal 0 0 -1
    outer loop
      vertex 15.847 -21.6252 0
      vertex 15.1628 -20.4633 0
      vertex 15.9294 -20.2933 0
    endloop
  endfacet
  facet normal 0 0 -1
    outer loop
      vertex 14.9101 -21.8329 0
      vertex 15.1628 -20.4633 0
      vertex 15.847 -21.6252 0
    endloop
  endfacet
  facet normal 0 0 -1
    outer loop
      vertex 14.9101 -21.8329 0
      vertex 14.3844 -20.5658 0
      vertex 15.1628 -20.4633 0
    endloop
  endfacet
  facet normal 0 0 -1
    outer loop
      vertex 13.9587 -21.9581 0
      vertex 14.3844 -20.5658 0
      vertex 14.9101 -21.8329 0
    endloop
  endfacet
  facet normal 0 0 -1
    outer loop
      vertex 13.9587 -21.9581 0
      vertex 13.6 -20.6 0
      vertex 14.3844 -20.5658 0
    endloop
  endfacet
  facet normal 0 0 -1
    outer loop
      vertex 13 -22 0
      vertex 13.6 -20.6 0
      vertex 13.9587 -21.9581 0
    endloop
  endfacet
  facet normal 0 0 -1
    outer loop
      vertex -13 -22 0
      vertex 13.6 -20.6 0
      vertex 13 -22 0
    endloop
  endfacet
  facet normal 0 0 -1
    outer loop
      vertex -13 -22 0
      vertex -13.6 -20.6 0
      vertex 13.6 -20.6 0
    endloop
  endfacet
  facet normal 0 0 -1
    outer loop
      vertex -13.9587 -21.9581 0
      vertex -13.6 -20.6 0
      vertex -13 -22 0
    endloop
  endfacet
  facet normal 0 0 -1
    outer loop
      vertex -13.9587 -21.9581 0
      vertex -14.3844 -20.5658 0
      vertex -13.6 -20.6 0
    endloop
  endfacet
  facet normal 0 0 -1
    outer loop
      vertex -14.9101 -21.8329 0
      vertex -14.3844 -20.5658 0
      vertex -13.9587 -21.9581 0
    endloop
  endfacet
  facet normal 0 0 -1
    outer loop
      vertex -14.9101 -21.8329 0
      vertex -15.1628 -20.4633 0
      vertex -14.3844 -20.5658 0
    endloop
  endfacet
  facet normal 0 0 -1
    outer loop
      vertex -15.847 -21.6252 0
      vertex -15.1628 -20.4633 0
      vertex -14.9101 -21.8329 0
    endloop
  endfacet
  facet normal 0 0 -1
    outer loop
      vertex -15.847 -21.6252 0
      vertex -15.9294 -20.2933 0
      vertex -15.1628 -20.4633 0
    endloop
  endfacet
  facet normal 0 0 -1
    outer loop
      vertex -16.7622 -21.3366 0
      vertex -15.9294 -20.2933 0
      vertex -15.847 -21.6252 0
    endloop
  endfacet
  facet normal -0 0 -1
    outer loop
      vertex -15.9294 -20.2933 0
      vertex -16.7622 -21.3366 0
      vertex -16.6782 -20.0572 0
    endloop
  endfacet
  facet normal 0 0 -1
    outer loop
      vertex -17.6488 -20.9694 0
      vertex -16.6782 -20.0572 0
      vertex -16.7622 -21.3366 0
    endloop
  endfacet
  facet normal -0 0 -1
    outer loop
      vertex -16.6782 -20.0572 0
      vertex -17.6488 -20.9694 0
      vertex -17.4035 -19.7568 0
    endloop
  endfacet
  facet normal 0 0 -1
    outer loop
      vertex -18.5 -20.5263 0
      vertex -17.4035 -19.7568 0
      vertex -17.6488 -20.9694 0
    endloop
  endfacet
  facet normal -0 0 -1
    outer loop
      vertex -17.4035 -19.7568 0
      vertex -18.5 -20.5263 0
      vertex -18.1 -19.3942 0
    endloop
  endfacet
  facet normal 0 0 -1
    outer loop
      vertex -19.3093 -20.0107 0
      vertex -18.1 -19.3942 0
      vertex -18.5 -20.5263 0
    endloop
  endfacet
  facet normal -0 0 -1
    outer loop
      vertex -18.1 -19.3942 0
      vertex -19.3093 -20.0107 0
      vertex -18.7622 -18.9724 0
    endloop
  endfacet
  facet normal 0 0 -1
    outer loop
      vertex -20.0707 -19.4265 0
      vertex -18.7622 -18.9724 0
      vertex -19.3093 -20.0107 0
    endloop
  endfacet
  facet normal -0 0 -1
    outer loop
      vertex -18.7622 -18.9724 0
      vertex -20.0707 -19.4265 0
      vertex -19.3851 -18.4944 0
    endloop
  endfacet
  facet normal 0 0 -1
    outer loop
      vertex -20.7782 -18.7782 0
      vertex -19.3851 -18.4944 0
      vertex -20.0707 -19.4265 0
    endloop
  endfacet
  facet normal -0 0 -1
    outer loop
      vertex -19.3851 -18.4944 0
      vertex -20.7782 -18.7782 0
      vertex -19.964 -17.964 0
    endloop
  endfacet
  facet normal -0 0 -1
    outer loop
      vertex -19.964 -17.964 0
      vertex -20.7782 -18.7782 0
      vertex -20.4944 -17.3851 0
    endloop
  endfacet
  facet normal 0 0 -1
    outer loop
      vertex -21.4265 -18.0707 0
      vertex -20.4944 -17.3851 0
      vertex -20.7782 -18.7782 0
    endloop
  endfacet
  facet normal -0 0 -1
    outer loop
      vertex -20.4944 -17.3851 0
      vertex -21.4265 -18.0707 0
      vertex -20.9724 -16.7622 0
    endloop
  endfacet
  facet normal 0 0 -1
    outer loop
      vertex -22.0107 -17.3093 0
      vertex -20.9724 -16.7622 0
      vertex -21.4265 -18.0707 0
    endloop
  endfacet
  facet normal -0 0 -1
    outer loop
      vertex -20.9724 -16.7622 0
      vertex -22.0107 -17.3093 0
      vertex -21.3942 -16.1 0
    endloop
  endfacet
  facet normal 0 0 -1
    outer loop
      vertex -22.5263 -16.5 0
      vertex -21.3942 -16.1 0
      vertex -22.0107 -17.3093 0
    endloop
  endfacet
  facet normal -0 0 -1
    outer loop
      vertex -21.3942 -16.1 0
      vertex -22.5263 -16.5 0
      vertex -21.7568 -15.4035 0
    endloop
  endfacet
  facet normal 0 0 -1
    outer loop
      vertex -22.9694 -15.6488 0
      vertex -21.7568 -15.4035 0
      vertex -22.5263 -16.5 0
    endloop
  endfacet
  facet normal -0 0 -1
    outer loop
      vertex -21.7568 -15.4035 0
      vertex -22.9694 -15.6488 0
      vertex -22.0429 -14.7127 0
    endloop
  endfacet
  facet normal 0 0 -1
    outer loop
      vertex -23.3366 -14.7622 0
      vertex -22.0429 -14.7127 0
      vertex -22.9694 -15.6488 0
    endloop
  endfacet
  facet normal -0 0 -1
    outer loop
      vertex -22.0429 -14.7127 0
      vertex -23.3366 -14.7622 0
      vertex -23.3522 -14.7127 0
    endloop
  endfacet
  facet normal 0 0 -1
    outer loop
      vertex 22.0429 14.7127 0
      vertex 23.3366 14.7622 0
      vertex 23.3522 14.7127 0
    endloop
  endfacet
  facet normal -0 0 -1
    outer loop
      vertex 23.3366 14.7622 0
      vertex 22.0429 14.7127 0
      vertex 22.9694 15.6488 0
    endloop
  endfacet
  facet normal 0 0 -1
    outer loop
      vertex 22.9694 15.6488 0
      vertex 22.0429 14.7127 0
      vertex 21.7568 15.4035 0
    endloop
  endfacet
  facet normal -0 0 -1
    outer loop
      vertex 22.9694 15.6488 0
      vertex 21.7568 15.4035 0
      vertex 22.5263 16.5 0
    endloop
  endfacet
  facet normal 0 0 -1
    outer loop
      vertex 21.3942 16.1 0
      vertex 22.5263 16.5 0
      vertex 21.7568 15.4035 0
    endloop
  endfacet
  facet normal -0 0 -1
    outer loop
      vertex 22.5263 16.5 0
      vertex 21.3942 16.1 0
      vertex 22.0107 17.3093 0
    endloop
  endfacet
  facet normal 0 0 -1
    outer loop
      vertex 20.9724 16.7622 0
      vertex 22.0107 17.3093 0
      vertex 21.3942 16.1 0
    endloop
  endfacet
  facet normal -0 0 -1
    outer loop
      vertex 22.0107 17.3093 0
      vertex 20.9724 16.7622 0
      vertex 21.4265 18.0707 0
    endloop
  endfacet
  facet normal 0 0 -1
    outer loop
      vertex 20.4944 17.3851 0
      vertex 21.4265 18.0707 0
      vertex 20.9724 16.7622 0
    endloop
  endfacet
  facet normal -0 0 -1
    outer loop
      vertex 21.4265 18.0707 0
      vertex 20.4944 17.3851 0
      vertex 20.7782 18.7782 0
    endloop
  endfacet
  facet normal 0 0 -1
    outer loop
      vertex 19.964 17.964 0
      vertex 20.7782 18.7782 0
      vertex 20.4944 17.3851 0
    endloop
  endfacet
  facet normal 0 0 -1
    outer loop
      vertex 19.3851 18.4944 0
      vertex 20.7782 18.7782 0
      vertex 19.964 17.964 0
    endloop
  endfacet
  facet normal -0 0 -1
    outer loop
      vertex 20.7782 18.7782 0
      vertex 19.3851 18.4944 0
      vertex 20.0707 19.4265 0
    endloop
  endfacet
  facet normal 0 0 -1
    outer loop
      vertex 18.7622 18.9724 0
      vertex 20.0707 19.4265 0
      vertex 19.3851 18.4944 0
    endloop
  endfacet
  facet normal -0 0 -1
    outer loop
      vertex 20.0707 19.4265 0
      vertex 18.7622 18.9724 0
      vertex 19.3093 20.0107 0
    endloop
  endfacet
  facet normal 0 0 -1
    outer loop
      vertex 18.1 19.3942 0
      vertex 19.3093 20.0107 0
      vertex 18.7622 18.9724 0
    endloop
  endfacet
  facet normal -0 0 -1
    outer loop
      vertex 19.3093 20.0107 0
      vertex 18.1 19.3942 0
      vertex 18.5 20.5263 0
    endloop
  endfacet
  facet normal 0 0 -1
    outer loop
      vertex 17.4035 19.7568 0
      vertex 18.5 20.5263 0
      vertex 18.1 19.3942 0
    endloop
  endfacet
  facet normal -0 0 -1
    outer loop
      vertex 18.5 20.5263 0
      vertex 17.4035 19.7568 0
      vertex 17.6488 20.9694 0
    endloop
  endfacet
  facet normal 0 0 -1
    outer loop
      vertex 16.6782 20.0572 0
      vertex 17.6488 20.9694 0
      vertex 17.4035 19.7568 0
    endloop
  endfacet
  facet normal -0 0 -1
    outer loop
      vertex 17.6488 20.9694 0
      vertex 16.6782 20.0572 0
      vertex 16.7622 21.3366 0
    endloop
  endfacet
  facet normal 0 0 -1
    outer loop
      vertex 15.9294 20.2933 0
      vertex 16.7622 21.3366 0
      vertex 16.6782 20.0572 0
    endloop
  endfacet
  facet normal 0 0 -1
    outer loop
      vertex 15.9294 20.2933 0
      vertex 15.847 21.6252 0
      vertex 16.7622 21.3366 0
    endloop
  endfacet
  facet normal 0 0 -1
    outer loop
      vertex 15.1628 20.4633 0
      vertex 15.847 21.6252 0
      vertex 15.9294 20.2933 0
    endloop
  endfacet
  facet normal 0 0 -1
    outer loop
      vertex 15.1628 20.4633 0
      vertex 14.9101 21.8329 0
      vertex 15.847 21.6252 0
    endloop
  endfacet
  facet normal 0 0 -1
    outer loop
      vertex 14.3844 20.5658 0
      vertex 14.9101 21.8329 0
      vertex 15.1628 20.4633 0
    endloop
  endfacet
  facet normal 0 0 -1
    outer loop
      vertex 14.3844 20.5658 0
      vertex 13.9587 21.9581 0
      vertex 14.9101 21.8329 0
    endloop
  endfacet
  facet normal 0 0 -1
    outer loop
      vertex 13.6 20.6 0
      vertex 13.9587 21.9581 0
      vertex 14.3844 20.5658 0
    endloop
  endfacet
  facet normal 0 0 -1
    outer loop
      vertex 13.6 20.6 0
      vertex 13 22 0
      vertex 13.9587 21.9581 0
    endloop
  endfacet
  facet normal 0 0 -1
    outer loop
      vertex 13.6 20.6 0
      vertex -13 22 0
      vertex 13 22 0
    endloop
  endfacet
  facet normal 0 0 -1
    outer loop
      vertex -13.6 20.6 0
      vertex -13 22 0
      vertex 13.6 20.6 0
    endloop
  endfacet
  facet normal 0 0 -1
    outer loop
      vertex -13.6 20.6 0
      vertex -13.9587 21.9581 0
      vertex -13 22 0
    endloop
  endfacet
  facet normal 0 0 -1
    outer loop
      vertex -14.3844 20.5658 0
      vertex -13.9587 21.9581 0
      vertex -13.6 20.6 0
    endloop
  endfacet
  facet normal 0 0 -1
    outer loop
      vertex -14.3844 20.5658 0
      vertex -14.9101 21.8329 0
      vertex -13.9587 21.9581 0
    endloop
  endfacet
  facet normal 0 0 -1
    outer loop
      vertex -15.1628 20.4633 0
      vertex -14.9101 21.8329 0
      vertex -14.3844 20.5658 0
    endloop
  endfacet
  facet normal 0 0 -1
    outer loop
      vertex -15.1628 20.4633 0
      vertex -15.847 21.6252 0
      vertex -14.9101 21.8329 0
    endloop
  endfacet
  facet normal 0 0 -1
    outer loop
      vertex -15.9294 20.2933 0
      vertex -15.847 21.6252 0
      vertex -15.1628 20.4633 0
    endloop
  endfacet
  facet normal 0 0 -1
    outer loop
      vertex -16.7622 21.3366 0
      vertex -15.9294 20.2933 0
      vertex -16.6782 20.0572 0
    endloop
  endfacet
  facet normal 0 0 -1
    outer loop
      vertex -15.9294 20.2933 0
      vertex -16.7622 21.3366 0
      vertex -15.847 21.6252 0
    endloop
  endfacet
  facet normal 0 0 -1
    outer loop
      vertex -17.6488 20.9694 0
      vertex -16.6782 20.0572 0
      vertex -17.4035 19.7568 0
    endloop
  endfacet
  facet normal 0 0 -1
    outer loop
      vertex -16.6782 20.0572 0
      vertex -17.6488 20.9694 0
      vertex -16.7622 21.3366 0
    endloop
  endfacet
  facet normal 0 0 -1
    outer loop
      vertex -18.5 20.5263 0
      vertex -17.4035 19.7568 0
      vertex -18.1 19.3942 0
    endloop
  endfacet
  facet normal 0 0 -1
    outer loop
      vertex -17.4035 19.7568 0
      vertex -18.5 20.5263 0
      vertex -17.6488 20.9694 0
    endloop
  endfacet
  facet normal 0 0 -1
    outer loop
      vertex -19.3093 20.0107 0
      vertex -18.1 19.3942 0
      vertex -18.7622 18.9724 0
    endloop
  endfacet
  facet normal 0 0 -1
    outer loop
      vertex -18.1 19.3942 0
      vertex -19.3093 20.0107 0
      vertex -18.5 20.5263 0
    endloop
  endfacet
  facet normal 0 0 -1
    outer loop
      vertex -20.0707 19.4265 0
      vertex -18.7622 18.9724 0
      vertex -19.3851 18.4944 0
    endloop
  endfacet
  facet normal 0 0 -1
    outer loop
      vertex -20.7782 18.7782 0
      vertex -19.3851 18.4944 0
      vertex -19.964 17.964 0
    endloop
  endfacet
  facet normal 0 0 -1
    outer loop
      vertex -18.7622 18.9724 0
      vertex -20.0707 19.4265 0
      vertex -19.3093 20.0107 0
    endloop
  endfacet
  facet normal 0 0 -1
    outer loop
      vertex -20.7782 18.7782 0
      vertex -19.964 17.964 0
      vertex -20.4944 17.3851 0
    endloop
  endfacet
  facet normal 0 0 -1
    outer loop
      vertex -19.3851 18.4944 0
      vertex -20.7782 18.7782 0
      vertex -20.0707 19.4265 0
    endloop
  endfacet
  facet normal 0 0 -1
    outer loop
      vertex -21.4265 18.0707 0
      vertex -20.4944 17.3851 0
      vertex -20.9724 16.7622 0
    endloop
  endfacet
  facet normal 0 0 -1
    outer loop
      vertex -22.0107 17.3093 0
      vertex -20.9724 16.7622 0
      vertex -21.3942 16.1 0
    endloop
  endfacet
  facet normal 0 0 -1
    outer loop
      vertex -20.4944 17.3851 0
      vertex -21.4265 18.0707 0
      vertex -20.7782 18.7782 0
    endloop
  endfacet
  facet normal 0 0 -1
    outer loop
      vertex -22.5263 16.5 0
      vertex -21.3942 16.1 0
      vertex -21.7568 15.4035 0
    endloop
  endfacet
  facet normal 0 0 -1
    outer loop
      vertex -20.9724 16.7622 0
      vertex -22.0107 17.3093 0
      vertex -21.4265 18.0707 0
    endloop
  endfacet
  facet normal 0 0 -1
    outer loop
      vertex -22.9694 15.6488 0
      vertex -21.7568 15.4035 0
      vertex -22.0429 14.7127 0
    endloop
  endfacet
  facet normal 0 0 -1
    outer loop
      vertex -21.3942 16.1 0
      vertex -22.5263 16.5 0
      vertex -22.0107 17.3093 0
    endloop
  endfacet
  facet normal 0 0 -1
    outer loop
      vertex -21.7568 15.4035 0
      vertex -22.9694 15.6488 0
      vertex -22.5263 16.5 0
    endloop
  endfacet
  facet normal 0 0 -1
    outer loop
      vertex -22.0429 14.7127 0
      vertex -23.3366 14.7622 0
      vertex -22.9694 15.6488 0
    endloop
  endfacet
  facet normal 0 -0 -1
    outer loop
      vertex -23.3366 14.7622 0
      vertex -22.0429 14.7127 0
      vertex -23.3522 14.7127 0
    endloop
  endfacet
  facet normal -0.993944 -0.0434394 0.100934
    outer loop
      vertex -23.9581 -11.9587 1
      vertex -23.9889 -10.9963 1.11089
      vertex -23.9783 -11.4965 1
    endloop
  endfacet
  facet normal -0.993954 -0.0434291 0.100842
    outer loop
      vertex -23.9889 -10.9963 1.11089
      vertex -23.9581 -11.9587 1
      vertex -22.5 -10.5 16
    endloop
  endfacet
  facet normal -0.970822 0.21522 0.105763
    outer loop
      vertex -23.6252 13.847 1
      vertex -23.8329 12.9101 1
      vertex -22.3481 12.2365 16
    endloop
  endfacet
  facet normal -0.993953 0.0434484 0.100844
    outer loop
      vertex -22.4619 11.3716 16
      vertex -23.9581 11.9587 1
      vertex -22.5 10.5 16
    endloop
  endfacet
  facet normal -0.843382 -0.537314 0
    outer loop
      vertex -22.0107 -17.3093 0
      vertex -22.5263 -16.5 1
      vertex -22.5263 -16.5 0
    endloop
  endfacet
  facet normal -0.843382 -0.537314 0
    outer loop
      vertex -22.5263 -16.5 1
      vertex -22.0107 -17.3093 0
      vertex -22.0107 -17.3093 1
    endloop
  endfacet
  facet normal -0.986134 -0.129771 0.103442
    outer loop
      vertex -22.3481 -12.2365 16
      vertex -23.9581 -11.9587 1
      vertex -23.8329 -12.9101 1
    endloop
  endfacet
  facet normal -0.948137 -0.299028 0.107788
    outer loop
      vertex -22.1593 -13.0882 16
      vertex -23.3366 -14.7622 1
      vertex -21.8969 -13.9202 16
    endloop
  endfacet
  facet normal 0.215016 -0.970868 0.10575
    outer loop
      vertex 15.7756 -21.4872 2.41212
      vertex 15.6953 -21.5049 2.41289
      vertex 15.847 -21.6252 1
    endloop
  endfacet
  facet normal 0.215207 -0.970825 0.105756
    outer loop
      vertex 15.297 -21.189 6.1226
      vertex 15.0882 -20.1593 16
      vertex 14.2365 -20.3481 16
    endloop
  endfacet
  facet normal 0.215096 -0.97085 0.105756
    outer loop
      vertex 15.0882 -20.1593 16
      vertex 15.297 -21.189 6.1226
      vertex 15.5882 -21.1252 6.11602
    endloop
  endfacet
  facet normal 0.298955 -0.948162 0.107775
    outer loop
      vertex 15.847 -21.6252 1
      vertex 16.6059 -21.2267 2.40074
      vertex 15.7756 -21.4872 2.41212
    endloop
  endfacet
  facet normal 0.298991 -0.948153 0.107753
    outer loop
      vertex 16.6059 -21.2267 2.40074
      vertex 15.847 -21.6252 1
      vertex 16.7622 -21.3366 1
    endloop
  endfacet
  facet normal 0.298943 -0.948165 0.107781
    outer loop
      vertex 16.1934 -20.9366 6.09657
      vertex 15.0882 -20.1593 16
      vertex 15.5882 -21.1252 6.11602
    endloop
  endfacet
  facet normal 0.537314 -0.843382 0
    outer loop
      vertex 18.5 -20.5263 0
      vertex 19.3093 -20.0107 1
      vertex 18.5 -20.5263 1
    endloop
  endfacet
  facet normal 0.537314 -0.843382 0
    outer loop
      vertex 19.3093 -20.0107 1
      vertex 18.5 -20.5263 0
      vertex 19.3093 -20.0107 0
    endloop
  endfacet
  facet normal 0.461743 -0.887014 0
    outer loop
      vertex 17.6488 -20.9694 0
      vertex 18.5 -20.5263 1
      vertex 17.6488 -20.9694 1
    endloop
  endfacet
  facet normal 0.461743 -0.887014 0
    outer loop
      vertex 18.5 -20.5263 1
      vertex 17.6488 -20.9694 0
      vertex 18.5 -20.5263 0
    endloop
  endfacet
  facet normal 0.675588 -0.73728 0
    outer loop
      vertex 20.0707 -19.4265 0
      vertex 20.7782 -18.7782 1
      vertex 20.0707 -19.4265 1
    endloop
  endfacet
  facet normal 0.675588 -0.73728 0
    outer loop
      vertex 20.7782 -18.7782 1
      vertex 20.0707 -19.4265 0
      vertex 20.7782 -18.7782 0
    endloop
  endfacet
  facet normal 0.608733 -0.793375 0
    outer loop
      vertex 19.3093 -20.0107 0
      vertex 20.0707 -19.4265 1
      vertex 19.3093 -20.0107 1
    endloop
  endfacet
  facet normal 0.608733 -0.793375 0
    outer loop
      vertex 20.0707 -19.4265 1
      vertex 19.3093 -20.0107 0
      vertex 20.0707 -19.4265 0
    endloop
  endfacet
  facet normal 0.533938 -0.838084 0.111919
    outer loop
      vertex 19.3093 -20.0107 1
      vertex 18.2358 -18.6915 16
      vertex 18.5 -20.5263 1
    endloop
  endfacet
  facet normal 0.458896 -0.881544 0.110878
    outer loop
      vertex 18.5 -20.5263 1
      vertex 17.5 -19.1602 16
      vertex 17.6488 -20.9694 1
    endloop
  endfacet
  facet normal 0.604912 -0.788288 0.112619
    outer loop
      vertex 18.9279 -18.1604 16
      vertex 18.2358 -18.6915 16
      vertex 19.3093 -20.0107 1
    endloop
  endfacet
  facet normal 0.793375 -0.608733 0
    outer loop
      vertex 21.4265 -18.0707 1
      vertex 22.0107 -17.3093 0
      vertex 22.0107 -17.3093 1
    endloop
  endfacet
  facet normal 0.793375 -0.608733 0
    outer loop
      vertex 22.0107 -17.3093 0
      vertex 21.4265 -18.0707 1
      vertex 21.4265 -18.0707 0
    endloop
  endfacet
  facet normal 0.976297 -0.216434 0
    outer loop
      vertex 23.6252 -13.847 1
      vertex 23.8329 -12.9101 0.568354
      vertex 23.8329 -12.9101 1
    endloop
  endfacet
  facet normal 0.976297 -0.216434 0
    outer loop
      vertex 23.8329 -12.9101 0.568354
      vertex 23.6252 -13.847 1
      vertex 23.6252 -13.847 0.272955
    endloop
  endfacet
  facet normal 0.953705 -0.300742 0
    outer loop
      vertex 23.3366 -14.7622 1
      vertex 23.6252 -13.847 0.272955
      vertex 23.6252 -13.847 1
    endloop
  endfacet
  facet normal 0.953703 -0.300749 -9.30695e-06
    outer loop
      vertex 23.6252 -13.847 0.272955
      vertex 23.3366 -14.7622 1
      vertex 23.3522 -14.7127 0
    endloop
  endfacet
  facet normal 0.953757 -0.300578 0
    outer loop
      vertex 23.3522 -14.7127 0
      vertex 23.3366 -14.7622 1
      vertex 23.3366 -14.7622 0
    endloop
  endfacet
  facet normal 0.986134 -0.129771 0.103442
    outer loop
      vertex 23.9581 -11.9587 1
      vertex 22.3481 -12.2365 16
      vertex 23.8329 -12.9101 1
    endloop
  endfacet
  facet normal 0.99396 -0.0434101 0.100797
    outer loop
      vertex 22.5 -10.5 16
      vertex 22.5622 -10.9566 15.19
      vertex 22.5787 -10.5788 15.19
    endloop
  endfacet
  facet normal 0.993956 -0.0434485 0.100818
    outer loop
      vertex 22.5622 -10.9566 15.19
      vertex 22.5 -10.5 16
      vertex 22.4619 -11.3716 16
    endloop
  endfacet
  facet normal 0.993955 -0.0433362 0.100875
    outer loop
      vertex 22.4619 -11.3716 16
      vertex 22.6946 -10.9392 13.8929
      vertex 22.5622 -10.9566 15.19
    endloop
  endfacet
  facet normal 0.993959 -0.0431564 0.100913
    outer loop
      vertex 22.4619 -11.3716 16
      vertex 22.7359 -10.9301 13.49
      vertex 22.6946 -10.9392 13.8929
    endloop
  endfacet
  facet normal 0.993962 -0.0432854 0.100828
    outer loop
      vertex 22.7359 -10.9301 13.49
      vertex 23.9581 -11.9587 1
      vertex 22.744 -10.7441 13.49
    endloop
  endfacet
  facet normal 0.993949 -0.0435261 0.100847
    outer loop
      vertex 23.9581 -11.9587 1
      vertex 22.7359 -10.9301 13.49
      vertex 22.4619 -11.3716 16
    endloop
  endfacet
  facet normal 0.970825 -0.215207 0.105762
    outer loop
      vertex 22.3481 -12.2365 16
      vertex 22.1593 -13.0882 16
      vertex 23.6252 -13.847 1
    endloop
  endfacet
  facet normal 0.732605 -0.671213 0.112974
    outer loop
      vertex 20.1604 -16.9279 16
      vertex 19.5711 -17.5711 16
      vertex 21.4265 -18.0707 1
    endloop
  endfacet
  facet normal 0.788327 -0.604861 0.112622
    outer loop
      vertex 22.0107 -17.3093 1
      vertex 20.1604 -16.9279 16
      vertex 21.4265 -18.0707 1
    endloop
  endfacet
  facet normal 0.838121 0.533878 0.111922
    outer loop
      vertex 22.5263 16.5 1
      vertex 20.6915 16.2358 16
      vertex 21.1602 15.5 16
    endloop
  endfacet
  facet normal 0.881544 0.458896 0.110878
    outer loop
      vertex 22.5263 16.5 1
      vertex 21.1602 15.5 16
      vertex 22.9694 15.6488 1
    endloop
  endfacet
  facet normal 0.976297 0.216434 -0
    outer loop
      vertex 23.8329 12.9101 0.568354
      vertex 23.6252 13.847 1
      vertex 23.8329 12.9101 1
    endloop
  endfacet
  facet normal 0.976297 0.216434 0
    outer loop
      vertex 23.6252 13.847 1
      vertex 23.8329 12.9101 0.568354
      vertex 23.6252 13.847 0.272955
    endloop
  endfacet
  facet normal 0.843382 0.537314 0
    outer loop
      vertex 22.5263 16.5 1
      vertex 22.0107 17.3093 0
      vertex 22.0107 17.3093 1
    endloop
  endfacet
  facet normal 0.843382 0.537314 0
    outer loop
      vertex 22.0107 17.3093 0
      vertex 22.5263 16.5 1
      vertex 22.5263 16.5 0
    endloop
  endfacet
  facet normal 0.91834 0.380346 0.109491
    outer loop
      vertex 22.9694 15.6488 1
      vertex 21.5631 14.7262 16
      vertex 23.3366 14.7622 1
    endloop
  endfacet
  facet normal -0.948137 0.299028 0.107788
    outer loop
      vertex -21.8969 13.9202 16
      vertex -23.3366 14.7622 1
      vertex -22.1593 13.0882 16
    endloop
  endfacet
  facet normal -0.671263 0.73256 0.11297
    outer loop
      vertex -20.0707 19.4265 1
      vertex -20.7782 18.7782 1
      vertex -19.5711 17.5711 16
    endloop
  endfacet
  facet normal -0.923895 0.382646 0
    outer loop
      vertex -23.3366 14.7622 0
      vertex -22.9694 15.6488 1
      vertex -22.9694 15.6488 0
    endloop
  endfacet
  facet normal -0.923895 0.382646 0
    outer loop
      vertex -22.9694 15.6488 1
      vertex -23.3366 14.7622 0
      vertex -23.3366 14.7622 1
    endloop
  endfacet
  facet normal -0.788327 0.604861 0.112622
    outer loop
      vertex -21.4265 18.0707 1
      vertex -22.0107 17.3093 1
      vertex -20.1604 16.9279 16
    endloop
  endfacet
  facet normal -0.533878 0.838121 0.111922
    outer loop
      vertex -17.5 19.1602 16
      vertex -18.5 20.5263 1
      vertex -18.2358 18.6915 16
    endloop
  endfacet
  facet normal -0.458896 0.881544 0.110878
    outer loop
      vertex -17.6488 20.9694 1
      vertex -18.5 20.5263 1
      vertex -17.5 19.1602 16
    endloop
  endfacet
  facet normal -0.215195 0.970825 0.105783
    outer loop
      vertex -14.9101 21.8329 1
      vertex -15.6953 21.5049 2.41289
      vertex -14.8463 21.6922 2.42107
    endloop
  endfacet
  facet normal -0.21522 0.970821 0.105768
    outer loop
      vertex -15.6953 21.5049 2.41289
      vertex -14.9101 21.8329 1
      vertex -15.847 21.6252 1
    endloop
  endfacet
  facet normal -0.215229 0.97082 0.105758
    outer loop
      vertex -14.6794 21.3244 6.13656
      vertex -15.297 21.189 6.1226
      vertex -14.2365 20.3481 16
    endloop
  endfacet
  facet normal -0.458978 0.881502 0.110874
    outer loop
      vertex -16.7262 19.5631 16
      vertex -17.6488 20.9694 1
      vertex -17.5 19.1602 16
    endloop
  endfacet
  facet normal -0.380548 0.918261 0.109448
    outer loop
      vertex -16.7589 21.1713 2.39833
      vertex -16.7622 21.3366 1
      vertex -17 21.0719 2.39399
    endloop
  endfacet
  facet normal -0.380397 0.918319 0.109492
    outer loop
      vertex -17 20.6342 6.06539
      vertex -16.7262 19.5631 16
      vertex -16.75 20.7365 6.07594
    endloop
  endfacet
  facet normal -0.380396 0.918319 0.109492
    outer loop
      vertex -17 20.6342 6.06539
      vertex -17.6488 20.9694 1
      vertex -16.7262 19.5631 16
    endloop
  endfacet
  facet normal -0.38032 0.918352 0.109485
    outer loop
      vertex -17 21.0719 2.39399
      vertex -17.6488 20.9694 1
      vertex -17 20.6342 6.06539
    endloop
  endfacet
  facet normal -0.380345 0.91834 0.109497
    outer loop
      vertex -17.6488 20.9694 1
      vertex -17 21.0719 2.39399
      vertex -16.7622 21.3366 1
    endloop
  endfacet
  facet normal 0.216434 0.976297 -0
    outer loop
      vertex 15.847 21.6252 0
      vertex 14.9101 21.8329 1
      vertex 15.847 21.6252 1
    endloop
  endfacet
  facet normal 0.216434 0.976297 0
    outer loop
      vertex 14.9101 21.8329 1
      vertex 15.847 21.6252 0
      vertex 14.9101 21.8329 0
    endloop
  endfacet
  facet normal 0.300742 0.953705 -0
    outer loop
      vertex 16.7622 21.3366 0
      vertex 15.847 21.6252 1
      vertex 16.7622 21.3366 1
    endloop
  endfacet
  facet normal 0.300742 0.953705 0
    outer loop
      vertex 15.847 21.6252 1
      vertex 16.7622 21.3366 0
      vertex 15.847 21.6252 0
    endloop
  endfacet
  facet normal 0.299028 0.948137 0.107788
    outer loop
      vertex 15.9202 19.8969 16
      vertex 16.1934 20.9366 6.09657
      vertex 15.0882 20.1593 16
    endloop
  endfacet
  facet normal 0.299082 0.94812 0.107788
    outer loop
      vertex 16.1934 20.9366 6.09657
      vertex 15.9202 19.8969 16
      vertex 16.4766 20.8483 6.08747
    endloop
  endfacet
  facet normal 0.298847 0.9482 0.107741
    outer loop
      vertex 16.7622 21.3366 1
      vertex 16.6059 21.2267 2.40074
      vertex 16.6837 21.2023 2.39968
    endloop
  endfacet
  facet normal 0.671213 0.732605 0.112974
    outer loop
      vertex 20.0707 19.4265 1
      vertex 18.9279 18.1604 16
      vertex 19.5711 17.5711 16
    endloop
  endfacet
  facet normal 0.675588 0.73728 -0
    outer loop
      vertex 20.7782 18.7782 0
      vertex 20.0707 19.4265 1
      vertex 20.7782 18.7782 1
    endloop
  endfacet
  facet normal 0.675588 0.73728 0
    outer loop
      vertex 20.0707 19.4265 1
      vertex 20.7782 18.7782 0
      vertex 20.0707 19.4265 0
    endloop
  endfacet
  facet normal 0.533938 0.838084 0.111919
    outer loop
      vertex 18.5 20.5263 1
      vertex 18.2358 18.6915 16
      vertex 19.3093 20.0107 1
    endloop
  endfacet
  facet normal 0.604912 0.788288 0.112619
    outer loop
      vertex 19.3093 20.0107 1
      vertex 18.2358 18.6915 16
      vertex 18.9279 18.1604 16
    endloop
  endfacet
  facet normal -0.13015 -0.986089 0.103391
    outer loop
      vertex -13.9029 -21.8159 2.42647
      vertex -13.9851 -21.8051 2.426
      vertex -13.9587 -21.9581 1
    endloop
  endfacet
  facet normal -0.129752 -0.986135 0.103452
    outer loop
      vertex -14.2365 -20.3481 16
      vertex -13.7572 -21.4446 6.14895
      vertex -13.3716 -20.4619 16
    endloop
  endfacet
  facet normal -0.12997 -0.986108 0.103438
    outer loop
      vertex -13.7572 -21.4446 6.14895
      vertex -14.2365 -20.3481 16
      vertex -14.054 -21.4059 6.14496
    endloop
  endfacet
  facet normal -0.0433582 -0.993963 0.100781
    outer loop
      vertex -13.9029 -21.8159 2.42647
      vertex -13.9587 -21.9581 1
      vertex -13.82 -21.8195 2.42663
    endloop
  endfacet
  facet normal -0.0434484 -0.993953 0.100848
    outer loop
      vertex -13.3716 -20.4619 16
      vertex -13.4579 -21.4575 6.15028
      vertex -12.5 -20.5 16
    endloop
  endfacet
  facet normal -0.0432884 -0.99396 0.100848
    outer loop
      vertex -13.4579 -21.4575 6.15028
      vertex -13.3716 -20.4619 16
      vertex -13.7572 -21.4446 6.14895
    endloop
  endfacet
  facet normal -0.73256 -0.671263 0.11297
    outer loop
      vertex -19.5711 -17.5711 16
      vertex -21.4265 -18.0707 1
      vertex -20.7782 -18.7782 1
    endloop
  endfacet
  facet normal -0.533878 -0.838121 0.111922
    outer loop
      vertex -18.2358 -18.6915 16
      vertex -18.5 -20.5263 1
      vertex -17.5 -19.1602 16
    endloop
  endfacet
  facet normal -0.675588 -0.73728 0
    outer loop
      vertex -20.7782 -18.7782 0
      vertex -20.0707 -19.4265 1
      vertex -20.7782 -18.7782 1
    endloop
  endfacet
  facet normal -0.675588 -0.73728 -0
    outer loop
      vertex -20.0707 -19.4265 1
      vertex -20.7782 -18.7782 0
      vertex -20.0707 -19.4265 0
    endloop
  endfacet
  facet normal -0.671213 -0.732605 0.112974
    outer loop
      vertex -19.5711 -17.5711 16
      vertex -20.0707 -19.4265 1
      vertex -18.9279 -18.1604 16
    endloop
  endfacet
  facet normal -0.991452 0.130471 0
    outer loop
      vertex -23.9581 11.9587 0.868335
      vertex -23.8329 12.9101 1
      vertex -23.8329 12.9101 0.568354
    endloop
  endfacet
  facet normal -0.991452 0.130471 0
    outer loop
      vertex -23.8329 12.9101 1
      vertex -23.9581 11.9587 0.868335
      vertex -23.9581 11.9587 1
    endloop
  endfacet
  facet normal -0.991452 -0.130471 -0
    outer loop
      vertex -23.8329 -12.9101 1
      vertex -23.9581 -11.9587 0.868335
      vertex -23.8329 -12.9101 0.568354
    endloop
  endfacet
  facet normal -0.991452 -0.130471 0
    outer loop
      vertex -23.9581 -11.9587 0.868335
      vertex -23.8329 -12.9101 1
      vertex -23.9581 -11.9587 1
    endloop
  endfacet
  facet normal -0.976297 -0.216434 -0
    outer loop
      vertex -23.6252 -13.847 1
      vertex -23.8329 -12.9101 0.568354
      vertex -23.6252 -13.847 0.272955
    endloop
  endfacet
  facet normal -0.976297 -0.216434 0
    outer loop
      vertex -23.8329 -12.9101 0.568354
      vertex -23.6252 -13.847 1
      vertex -23.8329 -12.9101 1
    endloop
  endfacet
  facet normal -0.970822 -0.21522 0.105763
    outer loop
      vertex -22.3481 -12.2365 16
      vertex -23.8329 -12.9101 1
      vertex -23.6252 -13.847 1
    endloop
  endfacet
  facet normal 0.533878 -0.838121 0.111922
    outer loop
      vertex 18.2358 -18.6915 16
      vertex 17.5 -19.1602 16
      vertex 18.5 -20.5263 1
    endloop
  endfacet
  facet normal 0.948137 -0.299028 0.107788
    outer loop
      vertex 22.1593 -13.0882 16
      vertex 21.8969 -13.9202 16
      vertex 23.3366 -14.7622 1
    endloop
  endfacet
  facet normal 0.999036 0.0438961 0
    outer loop
      vertex 23.9581 11.9587 1
      vertex 23.9718 11.6469 0.966661
      vertex 23.9581 11.9587 0.868335
    endloop
  endfacet
  facet normal 0.999044 0.0436622 0.00219009
    outer loop
      vertex 23.9718 11.6469 0.966661
      vertex 23.9581 11.9587 1
      vertex 23.9783 11.4965 1
    endloop
  endfacet
  facet normal 0.986134 0.129771 0.103442
    outer loop
      vertex 23.8329 12.9101 1
      vertex 22.3481 12.2365 16
      vertex 23.9581 11.9587 1
    endloop
  endfacet
  facet normal 0.995037 -0 0.0995037
    outer loop
      vertex 22.5 -10.5 16
      vertex 22.581 10.527 15.19
      vertex 22.5 10.5 16
    endloop
  endfacet
  facet normal 0.995037 0 0.0995037
    outer loop
      vertex 22.581 10.527 15.19
      vertex 22.5 -10.5 16
      vertex 22.581 -10.527 15.19
    endloop
  endfacet
  facet normal 0.995037 8.56599e-07 0.0995029
    outer loop
      vertex 23.31 5 7.9
      vertex 23.9889 10.9963 1.11089
      vertex 22.751 10.5837 13.49
    endloop
  endfacet
  facet normal 0.995036 1.74417e-05 0.0995174
    outer loop
      vertex 23.9889 10.9963 1.11089
      vertex 23.31 5 7.9
      vertex 23.9184 7.81417 1.81635
    endloop
  endfacet
  facet normal 0.995037 0 0.0995037
    outer loop
      vertex 22.751 10.5837 13.49
      vertex 23.31 -5 7.9
      vertex 23.31 5 7.9
    endloop
  endfacet
  facet normal 0.995037 1.23753e-05 0.0995037
    outer loop
      vertex 23.31 -5 7.9
      vertex 23.9184 -7.81417 1.81635
      vertex 23.65 -5 4.5
    endloop
  endfacet
  facet normal 0.995037 -0 0.0995037
    outer loop
      vertex 22.751 -10.5837 13.49
      vertex 23.31 -5 7.9
      vertex 22.751 10.5837 13.49
    endloop
  endfacet
  facet normal 0.995037 -8.56599e-07 0.0995029
    outer loop
      vertex 23.9889 -10.9963 1.11089
      vertex 23.31 -5 7.9
      vertex 22.751 -10.5837 13.49
    endloop
  endfacet
  facet normal 0.995036 -1.74417e-05 0.0995174
    outer loop
      vertex 23.31 -5 7.9
      vertex 23.9889 -10.9963 1.11089
      vertex 23.9184 -7.81417 1.81635
    endloop
  endfacet
  facet normal 0.995037 -1.23753e-05 0.0995037
    outer loop
      vertex 23.65 5 4.5
      vertex 23.9184 7.81417 1.81635
      vertex 23.31 5 7.9
    endloop
  endfacet
  facet normal 0.995038 -1.55172e-05 0.0995005
    outer loop
      vertex 23.65 5 4.5
      vertex 23.8671 3.92201 2.32876
      vertex 23.9184 7.81417 1.81635
    endloop
  endfacet
  facet normal 0.995039 5.48973e-06 0.0994901
    outer loop
      vertex 23.65 5 4.5
      vertex 23.85 0 2.5
      vertex 23.8671 3.92201 2.32876
    endloop
  endfacet
  facet normal 0.995037 -0 0.0995037
    outer loop
      vertex 23.65 -5 4.5
      vertex 23.85 0 2.5
      vertex 23.65 5 4.5
    endloop
  endfacet
  facet normal 0.995039 -5.48973e-06 0.0994901
    outer loop
      vertex 23.85 0 2.5
      vertex 23.65 -5 4.5
      vertex 23.8671 -3.92201 2.32876
    endloop
  endfacet
  facet normal 0.995038 1.55172e-05 0.0995005
    outer loop
      vertex 23.8671 -3.92201 2.32876
      vertex 23.65 -5 4.5
      vertex 23.9184 -7.81417 1.81635
    endloop
  endfacet
  facet normal 0.993921 0.0441316 0.100863
    outer loop
      vertex 22.5787 10.5788 15.19
      vertex 22.5 10.5 16
      vertex 22.581 10.527 15.19
    endloop
  endfacet
  facet normal 0.993944 0.0434394 0.100934
    outer loop
      vertex 23.9581 11.9587 1
      vertex 23.9889 10.9963 1.11089
      vertex 23.9783 11.4965 1
    endloop
  endfacet
  facet normal 0.993954 0.043429 0.100841
    outer loop
      vertex 22.744 10.7441 13.49
      vertex 23.9889 10.9963 1.11089
      vertex 23.9581 11.9587 1
    endloop
  endfacet
  facet normal 0.993957 0.0433772 0.100841
    outer loop
      vertex 23.9889 10.9963 1.11089
      vertex 22.744 10.7441 13.49
      vertex 22.751 10.5837 13.49
    endloop
  endfacet
  facet normal 0.993957 -0.0433772 0.100841
    outer loop
      vertex 22.744 -10.7441 13.49
      vertex 23.9889 -10.9963 1.11089
      vertex 22.751 -10.5837 13.49
    endloop
  endfacet
  facet normal 0.993954 -0.043429 0.100841
    outer loop
      vertex 23.9581 -11.9587 1
      vertex 23.9889 -10.9963 1.11089
      vertex 22.744 -10.7441 13.49
    endloop
  endfacet
  facet normal 0.993944 -0.0434394 0.100934
    outer loop
      vertex 23.9889 -10.9963 1.11089
      vertex 23.9581 -11.9587 1
      vertex 23.9783 -11.4965 1
    endloop
  endfacet
  facet normal 0.993921 -0.0441316 0.100863
    outer loop
      vertex 22.581 -10.527 15.19
      vertex 22.5 -10.5 16
      vertex 22.5787 -10.5788 15.19
    endloop
  endfacet
  facet normal 0.986136 -0.129752 0.103442
    outer loop
      vertex 22.4619 -11.3716 16
      vertex 22.3481 -12.2365 16
      vertex 23.9581 -11.9587 1
    endloop
  endfacet
  facet normal 0.918347 0.380328 0.109492
    outer loop
      vertex 23.3366 14.7622 1
      vertex 21.5631 14.7262 16
      vertex 21.8969 13.9202 16
    endloop
  endfacet
  facet normal 0.887014 0.461743 0
    outer loop
      vertex 22.9694 15.6488 1
      vertex 22.5263 16.5 0
      vertex 22.5263 16.5 1
    endloop
  endfacet
  facet normal 0.887014 0.461743 0
    outer loop
      vertex 22.5263 16.5 0
      vertex 22.9694 15.6488 1
      vertex 22.9694 15.6488 0
    endloop
  endfacet
  facet normal 0.788288 0.604912 0.112619
    outer loop
      vertex 22.0107 17.3093 1
      vertex 20.1604 16.9279 16
      vertex 20.6915 16.2358 16
    endloop
  endfacet
  facet normal 0.788327 0.604861 0.112622
    outer loop
      vertex 21.4265 18.0707 1
      vertex 20.1604 16.9279 16
      vertex 22.0107 17.3093 1
    endloop
  endfacet
  facet normal -0.0434484 0.993953 0.100848
    outer loop
      vertex -13.4579 21.4575 6.15028
      vertex -13.3716 20.4619 16
      vertex -12.5 20.5 16
    endloop
  endfacet
  facet normal -0.0432884 0.99396 0.100848
    outer loop
      vertex -13.3716 20.4619 16
      vertex -13.4579 21.4575 6.15028
      vertex -13.7572 21.4446 6.14895
    endloop
  endfacet
  facet normal -0.0433582 0.993963 0.100781
    outer loop
      vertex -13.82 21.8195 2.42663
      vertex -13.9587 21.9581 1
      vertex -13.9029 21.8159 2.42647
    endloop
  endfacet
  facet normal -0.129752 0.986135 0.103452
    outer loop
      vertex -13.7572 21.4446 6.14895
      vertex -14.2365 20.3481 16
      vertex -13.3716 20.4619 16
    endloop
  endfacet
  facet normal -0.12997 0.986108 0.103438
    outer loop
      vertex -14.2365 20.3481 16
      vertex -13.7572 21.4446 6.14895
      vertex -14.054 21.4059 6.14496
    endloop
  endfacet
  facet normal -0.13015 0.986089 0.103391
    outer loop
      vertex -13.9587 21.9581 1
      vertex -13.9851 21.8051 2.426
      vertex -13.9029 21.8159 2.42647
    endloop
  endfacet
  facet normal -0.675588 0.73728 0
    outer loop
      vertex -20.0707 19.4265 0
      vertex -20.7782 18.7782 1
      vertex -20.0707 19.4265 1
    endloop
  endfacet
  facet normal -0.675588 0.73728 0
    outer loop
      vertex -20.7782 18.7782 1
      vertex -20.0707 19.4265 0
      vertex -20.7782 18.7782 0
    endloop
  endfacet
  facet normal -0.843382 0.537314 0
    outer loop
      vertex -22.5263 16.5 0
      vertex -22.0107 17.3093 1
      vertex -22.0107 17.3093 0
    endloop
  endfacet
  facet normal -0.843382 0.537314 0
    outer loop
      vertex -22.0107 17.3093 1
      vertex -22.5263 16.5 0
      vertex -22.5263 16.5 1
    endloop
  endfacet
  facet normal -0.838084 0.533938 0.111919
    outer loop
      vertex -22.0107 17.3093 1
      vertex -22.5263 16.5 1
      vertex -20.6915 16.2358 16
    endloop
  endfacet
  facet normal -0.838121 0.533878 0.111922
    outer loop
      vertex -20.6915 16.2358 16
      vertex -22.5263 16.5 1
      vertex -21.1602 15.5 16
    endloop
  endfacet
  facet normal -0.91834 0.380346 0.109491
    outer loop
      vertex -22.9694 15.6488 1
      vertex -23.3366 14.7622 1
      vertex -21.5631 14.7262 16
    endloop
  endfacet
  facet normal -0.887014 0.461743 0
    outer loop
      vertex -22.9694 15.6488 0
      vertex -22.5263 16.5 1
      vertex -22.5263 16.5 0
    endloop
  endfacet
  facet normal -0.887014 0.461743 0
    outer loop
      vertex -22.5263 16.5 1
      vertex -22.9694 15.6488 0
      vertex -22.9694 15.6488 1
    endloop
  endfacet
  facet normal -0.970825 0.215207 0.105762
    outer loop
      vertex -22.1593 13.0882 16
      vertex -23.6252 13.847 1
      vertex -22.3481 12.2365 16
    endloop
  endfacet
  facet normal -0.948149 0.29899 0.107784
    outer loop
      vertex -23.3366 14.7622 1
      vertex -23.6252 13.847 1
      vertex -22.1593 13.0882 16
    endloop
  endfacet
  facet normal -0.881544 0.458896 0.110878
    outer loop
      vertex -22.5263 16.5 1
      vertex -22.9694 15.6488 1
      vertex -21.1602 15.5 16
    endloop
  endfacet
  facet normal -0.881502 0.458978 0.110874
    outer loop
      vertex -21.1602 15.5 16
      vertex -22.9694 15.6488 1
      vertex -21.5631 14.7262 16
    endloop
  endfacet
  facet normal -0.671213 0.732605 0.112974
    outer loop
      vertex -18.9279 18.1604 16
      vertex -20.0707 19.4265 1
      vertex -19.5711 17.5711 16
    endloop
  endfacet
  facet normal -0.608733 0.793375 0
    outer loop
      vertex -19.3093 20.0107 0
      vertex -20.0707 19.4265 1
      vertex -19.3093 20.0107 1
    endloop
  endfacet
  facet normal -0.608733 0.793375 0
    outer loop
      vertex -20.0707 19.4265 1
      vertex -19.3093 20.0107 0
      vertex -20.0707 19.4265 0
    endloop
  endfacet
  facet normal -0.537314 0.843382 0
    outer loop
      vertex -18.5 20.5263 0
      vertex -19.3093 20.0107 1
      vertex -18.5 20.5263 1
    endloop
  endfacet
  facet normal -0.537314 0.843382 0
    outer loop
      vertex -19.3093 20.0107 1
      vertex -18.5 20.5263 0
      vertex -19.3093 20.0107 0
    endloop
  endfacet
  facet normal -0.298955 0.948162 0.107775
    outer loop
      vertex -15.847 21.6252 1
      vertex -16.6059 21.2267 2.40074
      vertex -15.7756 21.4872 2.41212
    endloop
  endfacet
  facet normal -0.298991 0.948153 0.107753
    outer loop
      vertex -16.6059 21.2267 2.40074
      vertex -15.847 21.6252 1
      vertex -16.7622 21.3366 1
    endloop
  endfacet
  facet normal -0.298943 0.948165 0.107781
    outer loop
      vertex -15.5882 21.1252 6.11602
      vertex -16.1934 20.9366 6.09657
      vertex -15.0882 20.1593 16
    endloop
  endfacet
  facet normal -0.215207 0.970825 0.105756
    outer loop
      vertex -15.297 21.189 6.1226
      vertex -15.0882 20.1593 16
      vertex -14.2365 20.3481 16
    endloop
  endfacet
  facet normal -0.215096 0.97085 0.105756
    outer loop
      vertex -15.0882 20.1593 16
      vertex -15.297 21.189 6.1226
      vertex -15.5882 21.1252 6.11602
    endloop
  endfacet
  facet normal -0.215016 0.970868 0.10575
    outer loop
      vertex -15.6953 21.5049 2.41289
      vertex -15.847 21.6252 1
      vertex -15.7756 21.4872 2.41212
    endloop
  endfacet
  facet normal -0.461743 0.887014 0
    outer loop
      vertex -17.6488 20.9694 0
      vertex -18.5 20.5263 1
      vertex -17.6488 20.9694 1
    endloop
  endfacet
  facet normal -0.461743 0.887014 0
    outer loop
      vertex -18.5 20.5263 1
      vertex -17.6488 20.9694 0
      vertex -18.5 20.5263 0
    endloop
  endfacet
  facet normal -0.533938 0.838084 0.111919
    outer loop
      vertex -18.5 20.5263 1
      vertex -19.3093 20.0107 1
      vertex -18.2358 18.6915 16
    endloop
  endfacet
  facet normal -0.788327 -0.604861 0.112622
    outer loop
      vertex -20.1604 -16.9279 16
      vertex -22.0107 -17.3093 1
      vertex -21.4265 -18.0707 1
    endloop
  endfacet
  facet normal -0.732605 -0.671213 0.112974
    outer loop
      vertex -20.1604 -16.9279 16
      vertex -21.4265 -18.0707 1
      vertex -19.5711 -17.5711 16
    endloop
  endfacet
  facet normal -0.215207 -0.970825 0.105756
    outer loop
      vertex -15.0882 -20.1593 16
      vertex -15.297 -21.189 6.1226
      vertex -14.2365 -20.3481 16
    endloop
  endfacet
  facet normal -0.215096 -0.97085 0.105756
    outer loop
      vertex -15.297 -21.189 6.1226
      vertex -15.0882 -20.1593 16
      vertex -15.5882 -21.1252 6.11602
    endloop
  endfacet
  facet normal -0.215016 -0.970868 0.10575
    outer loop
      vertex -15.7756 -21.4872 2.41212
      vertex -15.847 -21.6252 1
      vertex -15.6953 -21.5049 2.41289
    endloop
  endfacet
  facet normal -0.298991 -0.948153 0.107753
    outer loop
      vertex -15.847 -21.6252 1
      vertex -16.6059 -21.2267 2.40074
      vertex -16.7622 -21.3366 1
    endloop
  endfacet
  facet normal -0.298955 -0.948162 0.107775
    outer loop
      vertex -16.6059 -21.2267 2.40074
      vertex -15.847 -21.6252 1
      vertex -15.7756 -21.4872 2.41212
    endloop
  endfacet
  facet normal -0.298943 -0.948165 0.107781
    outer loop
      vertex -15.0882 -20.1593 16
      vertex -16.1934 -20.9366 6.09657
      vertex -15.5882 -21.1252 6.11602
    endloop
  endfacet
  facet normal -0.300742 -0.953705 0
    outer loop
      vertex -16.7622 -21.3366 0
      vertex -15.847 -21.6252 1
      vertex -16.7622 -21.3366 1
    endloop
  endfacet
  facet normal -0.300742 -0.953705 -0
    outer loop
      vertex -15.847 -21.6252 1
      vertex -16.7622 -21.3366 0
      vertex -15.847 -21.6252 0
    endloop
  endfacet
  facet normal -0.382646 -0.923895 0
    outer loop
      vertex -17.6488 -20.9694 0
      vertex -16.7622 -21.3366 1
      vertex -17.6488 -20.9694 1
    endloop
  endfacet
  facet normal -0.382646 -0.923895 -0
    outer loop
      vertex -16.7622 -21.3366 1
      vertex -17.6488 -20.9694 0
      vertex -16.7622 -21.3366 0
    endloop
  endfacet
  facet normal -0.608733 -0.793375 0
    outer loop
      vertex -20.0707 -19.4265 0
      vertex -19.3093 -20.0107 1
      vertex -20.0707 -19.4265 1
    endloop
  endfacet
  facet normal -0.608733 -0.793375 -0
    outer loop
      vertex -19.3093 -20.0107 1
      vertex -20.0707 -19.4265 0
      vertex -19.3093 -20.0107 0
    endloop
  endfacet
  facet normal -0.604912 -0.788288 0.112619
    outer loop
      vertex -18.9279 -18.1604 16
      vertex -19.3093 -20.0107 1
      vertex -18.2358 -18.6915 16
    endloop
  endfacet
  facet normal -0.604861 -0.788327 0.112622
    outer loop
      vertex -18.9279 -18.1604 16
      vertex -20.0707 -19.4265 1
      vertex -19.3093 -20.0107 1
    endloop
  endfacet
  facet normal -0.986136 0.129752 0.103442
    outer loop
      vertex -22.3481 12.2365 16
      vertex -23.9581 11.9587 1
      vertex -22.4619 11.3716 16
    endloop
  endfacet
  facet normal 0.838084 0.533938 0.111919
    outer loop
      vertex 22.0107 17.3093 1
      vertex 20.6915 16.2358 16
      vertex 22.5263 16.5 1
    endloop
  endfacet
  facet normal -0.793375 0.608733 0
    outer loop
      vertex -22.0107 17.3093 0
      vertex -21.4265 18.0707 1
      vertex -21.4265 18.0707 0
    endloop
  endfacet
  facet normal -0.793375 0.608733 0
    outer loop
      vertex -21.4265 18.0707 1
      vertex -22.0107 17.3093 0
      vertex -22.0107 17.3093 1
    endloop
  endfacet
  facet normal -0.788288 0.604912 0.112619
    outer loop
      vertex -20.1604 16.9279 16
      vertex -22.0107 17.3093 1
      vertex -20.6915 16.2358 16
    endloop
  endfacet
  facet normal -0.953757 0.300578 0
    outer loop
      vertex -23.3522 14.7127 0
      vertex -23.3366 14.7622 1
      vertex -23.3366 14.7622 0
    endloop
  endfacet
  facet normal -0.953703 0.300749 -9.30695e-06
    outer loop
      vertex -23.6252 13.847 0.272955
      vertex -23.3366 14.7622 1
      vertex -23.3522 14.7127 0
    endloop
  endfacet
  facet normal -0.953705 0.300742 0
    outer loop
      vertex -23.3366 14.7622 1
      vertex -23.6252 13.847 0.272955
      vertex -23.6252 13.847 1
    endloop
  endfacet
  facet normal -0.918347 0.380328 0.109492
    outer loop
      vertex -21.5631 14.7262 16
      vertex -23.3366 14.7622 1
      vertex -21.8969 13.9202 16
    endloop
  endfacet
  facet normal -0.300742 0.953705 0
    outer loop
      vertex -15.847 21.6252 0
      vertex -16.7622 21.3366 1
      vertex -15.847 21.6252 1
    endloop
  endfacet
  facet normal -0.300742 0.953705 0
    outer loop
      vertex -16.7622 21.3366 1
      vertex -15.847 21.6252 0
      vertex -16.7622 21.3366 0
    endloop
  endfacet
  facet normal -0.604861 0.788327 0.112622
    outer loop
      vertex -19.3093 20.0107 1
      vertex -20.0707 19.4265 1
      vertex -18.9279 18.1604 16
    endloop
  endfacet
  facet normal -0.604912 0.788288 0.112619
    outer loop
      vertex -18.2358 18.6915 16
      vertex -19.3093 20.0107 1
      vertex -18.9279 18.1604 16
    endloop
  endfacet
  facet normal -0.216434 -0.976297 0
    outer loop
      vertex -15.847 -21.6252 0
      vertex -14.9101 -21.8329 1
      vertex -15.847 -21.6252 1
    endloop
  endfacet
  facet normal -0.216434 -0.976297 -0
    outer loop
      vertex -14.9101 -21.8329 1
      vertex -15.847 -21.6252 0
      vertex -14.9101 -21.8329 0
    endloop
  endfacet
  facet normal -0.458978 -0.881502 0.110874
    outer loop
      vertex -17.5 -19.1602 16
      vertex -17.6488 -20.9694 1
      vertex -16.7262 -19.5631 16
    endloop
  endfacet
  facet normal -0.380397 -0.918319 0.109492
    outer loop
      vertex -16.7262 -19.5631 16
      vertex -17 -20.6342 6.06539
      vertex -16.75 -20.7365 6.07594
    endloop
  endfacet
  facet normal -0.38032 -0.918352 0.109485
    outer loop
      vertex -17 -20.6342 6.06539
      vertex -17.6488 -20.9694 1
      vertex -17 -21.0719 2.39399
    endloop
  endfacet
  facet normal -0.380396 -0.918319 0.109492
    outer loop
      vertex -17.6488 -20.9694 1
      vertex -17 -20.6342 6.06539
      vertex -16.7262 -19.5631 16
    endloop
  endfacet
  facet normal -0.380345 -0.91834 0.109497
    outer loop
      vertex -16.7622 -21.3366 1
      vertex -17 -21.0719 2.39399
      vertex -17.6488 -20.9694 1
    endloop
  endfacet
  facet normal -0.380548 -0.918261 0.109448
    outer loop
      vertex -17 -21.0719 2.39399
      vertex -16.7622 -21.3366 1
      vertex -16.7589 -21.1713 2.39833
    endloop
  endfacet
  facet normal -0.537314 -0.843382 0
    outer loop
      vertex -19.3093 -20.0107 0
      vertex -18.5 -20.5263 1
      vertex -19.3093 -20.0107 1
    endloop
  endfacet
  facet normal -0.537314 -0.843382 -0
    outer loop
      vertex -18.5 -20.5263 1
      vertex -19.3093 -20.0107 0
      vertex -18.5 -20.5263 0
    endloop
  endfacet
  facet normal -0.533938 -0.838084 0.111919
    outer loop
      vertex -18.2358 -18.6915 16
      vertex -19.3093 -20.0107 1
      vertex -18.5 -20.5263 1
    endloop
  endfacet
  facet normal -0.732605 0.671213 0.112974
    outer loop
      vertex -19.5711 17.5711 16
      vertex -21.4265 18.0707 1
      vertex -20.1604 16.9279 16
    endloop
  endfacet
  facet normal -0.130471 0.991452 0
    outer loop
      vertex -13.9587 21.9581 0
      vertex -14.9101 21.8329 1
      vertex -13.9587 21.9581 1
    endloop
  endfacet
  facet normal -0.130471 0.991452 0
    outer loop
      vertex -14.9101 21.8329 1
      vertex -13.9587 21.9581 0
      vertex -14.9101 21.8329 0
    endloop
  endfacet
  facet normal -0.382646 0.923895 0
    outer loop
      vertex -16.7622 21.3366 0
      vertex -17.6488 20.9694 1
      vertex -16.7622 21.3366 1
    endloop
  endfacet
  facet normal -0.382646 0.923895 0
    outer loop
      vertex -17.6488 20.9694 1
      vertex -16.7622 21.3366 0
      vertex -17.6488 20.9694 0
    endloop
  endfacet
  facet normal -0.461743 -0.887014 0
    outer loop
      vertex -18.5 -20.5263 0
      vertex -17.6488 -20.9694 1
      vertex -18.5 -20.5263 1
    endloop
  endfacet
  facet normal -0.461743 -0.887014 -0
    outer loop
      vertex -17.6488 -20.9694 1
      vertex -18.5 -20.5263 0
      vertex -17.6488 -20.9694 0
    endloop
  endfacet
  facet normal -0.458896 -0.881544 0.110878
    outer loop
      vertex -17.5 -19.1602 16
      vertex -18.5 -20.5263 1
      vertex -17.6488 -20.9694 1
    endloop
  endfacet
  facet normal 0 0 -1
    outer loop
      vertex -22.6 -7 15
      vertex -21 -5.8 15
      vertex -21 -7 15
    endloop
  endfacet
  facet normal -0 0 -1
    outer loop
      vertex -21 -5.8 15
      vertex -22.6 -7 15
      vertex -22.6 -5.8 15
    endloop
  endfacet
  facet normal -1 0 0
    outer loop
      vertex -21 -7 13.5
      vertex -21 -5.8 15
      vertex -21 -5.8 13.5
    endloop
  endfacet
  facet normal -1 -0 0
    outer loop
      vertex -21 -5.8 15
      vertex -21 -7 13.5
      vertex -21 -7 15
    endloop
  endfacet
  facet normal 0 -1 0
    outer loop
      vertex -22.6 -5.8 15
      vertex -22 -5.8 13.5
      vertex -21 -5.8 15
    endloop
  endfacet
  facet normal 0 -1 0
    outer loop
      vertex -23.2 -5.8 9
      vertex -22 -5.8 13.5
      vertex -22.6 -5.8 15
    endloop
  endfacet
  facet normal 0 -1 -0
    outer loop
      vertex -22 -5.8 13.5
      vertex -23.2 -5.8 9
      vertex -22 -5.8 9
    endloop
  endfacet
  facet normal 0 -1 -0
    outer loop
      vertex -21 -5.8 15
      vertex -22 -5.8 13.5
      vertex -21 -5.8 13.5
    endloop
  endfacet
  facet normal -0 0 1
    outer loop
      vertex -23.2 -5.8 9
      vertex -22 -7 9
      vertex -22 -5.8 9
    endloop
  endfacet
  facet normal 0 0 1
    outer loop
      vertex -22 -7 9
      vertex -23.2 -5.8 9
      vertex -23.2 -7 9
    endloop
  endfacet
  facet normal 0 1 0
    outer loop
      vertex -22 -7 13.5
      vertex -21 -7 15
      vertex -21 -7 13.5
    endloop
  endfacet
  facet normal 0 1 0
    outer loop
      vertex -21 -7 15
      vertex -22 -7 13.5
      vertex -22.6 -7 15
    endloop
  endfacet
  facet normal 0 1 0
    outer loop
      vertex -23.2 -7 9
      vertex -22 -7 13.5
      vertex -22 -7 9
    endloop
  endfacet
  facet normal 0 1 0
    outer loop
      vertex -22 -7 13.5
      vertex -23.2 -7 9
      vertex -22.6 -7 15
    endloop
  endfacet
  facet normal 0 0 -1
    outer loop
      vertex -22.6 -3 15
      vertex -21 -1.8 15
      vertex -21 -3 15
    endloop
  endfacet
  facet normal -0 0 -1
    outer loop
      vertex -21 -1.8 15
      vertex -22.6 -3 15
      vertex -22.6 -1.8 15
    endloop
  endfacet
  facet normal -1 0 0
    outer loop
      vertex -21 -3 13.5
      vertex -21 -1.8 15
      vertex -21 -1.8 13.5
    endloop
  endfacet
  facet normal -1 -0 0
    outer loop
      vertex -21 -1.8 15
      vertex -21 -3 13.5
      vertex -21 -3 15
    endloop
  endfacet
  facet normal 0 -1 0
    outer loop
      vertex -22.6 -1.8 15
      vertex -22 -1.8 13.5
      vertex -21 -1.8 15
    endloop
  endfacet
  facet normal 0 -1 0
    outer loop
      vertex -23.2 -1.8 9
      vertex -22 -1.8 13.5
      vertex -22.6 -1.8 15
    endloop
  endfacet
  facet normal 0 -1 -0
    outer loop
      vertex -22 -1.8 13.5
      vertex -23.2 -1.8 9
      vertex -22 -1.8 9
    endloop
  endfacet
  facet normal 0 -1 -0
    outer loop
      vertex -21 -1.8 15
      vertex -22 -1.8 13.5
      vertex -21 -1.8 13.5
    endloop
  endfacet
  facet normal -0 0 1
    outer loop
      vertex -23.2 -1.8 9
      vertex -22 -3 9
      vertex -22 -1.8 9
    endloop
  endfacet
  facet normal 0 0 1
    outer loop
      vertex -22 -3 9
      vertex -23.2 -1.8 9
      vertex -23.2 -3 9
    endloop
  endfacet
  facet normal 0 1 0
    outer loop
      vertex -22 -3 13.5
      vertex -21 -3 15
      vertex -21 -3 13.5
    endloop
  endfacet
  facet normal 0 1 0
    outer loop
      vertex -21 -3 15
      vertex -22 -3 13.5
      vertex -22.6 -3 15
    endloop
  endfacet
  facet normal 0 1 0
    outer loop
      vertex -23.2 -3 9
      vertex -22 -3 13.5
      vertex -22 -3 9
    endloop
  endfacet
  facet normal 0 1 0
    outer loop
      vertex -22 -3 13.5
      vertex -23.2 -3 9
      vertex -22.6 -3 15
    endloop
  endfacet
  facet normal 0 0 -1
    outer loop
      vertex -22.6 1 15
      vertex -21 2.2 15
      vertex -21 1 15
    endloop
  endfacet
  facet normal -0 0 -1
    outer loop
      vertex -21 2.2 15
      vertex -22.6 1 15
      vertex -22.6 2.2 15
    endloop
  endfacet
  facet normal -1 0 0
    outer loop
      vertex -21 1 13.5
      vertex -21 2.2 15
      vertex -21 2.2 13.5
    endloop
  endfacet
  facet normal -1 -0 0
    outer loop
      vertex -21 2.2 15
      vertex -21 1 13.5
      vertex -21 1 15
    endloop
  endfacet
  facet normal 0 -1 0
    outer loop
      vertex -22.6 2.2 15
      vertex -22 2.2 13.5
      vertex -21 2.2 15
    endloop
  endfacet
  facet normal 0 -1 0
    outer loop
      vertex -23.2 2.2 9
      vertex -22 2.2 13.5
      vertex -22.6 2.2 15
    endloop
  endfacet
  facet normal 0 -1 -0
    outer loop
      vertex -22 2.2 13.5
      vertex -23.2 2.2 9
      vertex -22 2.2 9
    endloop
  endfacet
  facet normal 0 -1 -0
    outer loop
      vertex -21 2.2 15
      vertex -22 2.2 13.5
      vertex -21 2.2 13.5
    endloop
  endfacet
  facet normal -0 0 1
    outer loop
      vertex -23.2 2.2 9
      vertex -22 1 9
      vertex -22 2.2 9
    endloop
  endfacet
  facet normal 0 0 1
    outer loop
      vertex -22 1 9
      vertex -23.2 2.2 9
      vertex -23.2 1 9
    endloop
  endfacet
  facet normal 0 1 0
    outer loop
      vertex -22 1 13.5
      vertex -21 1 15
      vertex -21 1 13.5
    endloop
  endfacet
  facet normal 0 1 0
    outer loop
      vertex -21 1 15
      vertex -22 1 13.5
      vertex -22.6 1 15
    endloop
  endfacet
  facet normal 0 1 0
    outer loop
      vertex -23.2 1 9
      vertex -22 1 13.5
      vertex -22 1 9
    endloop
  endfacet
  facet normal 0 1 0
    outer loop
      vertex -22 1 13.5
      vertex -23.2 1 9
      vertex -22.6 1 15
    endloop
  endfacet
  facet normal 0 0.301027 -0.953615
    outer loop
      vertex -23.3522 -14.7127 0
      vertex -22.0572 -14.6782 0.0108906
      vertex -22.0429 -14.7127 0
    endloop
  endfacet
  facet normal 9.25242e-06 0.300712 -0.953715
    outer loop
      vertex -23.3522 -14.7127 0
      vertex -22.2933 -13.9294 0.246989
      vertex -22.0572 -14.6782 0.0108906
    endloop
  endfacet
  facet normal 1.07355e-05 0.30071 -0.953716
    outer loop
      vertex -23.6252 -13.847 0.272955
      vertex -22.2933 -13.9294 0.246989
      vertex -23.3522 -14.7127 0
    endloop
  endfacet
  facet normal 9.12785e-06 0.300686 -0.953723
    outer loop
      vertex -22.2933 -13.9294 0.246989
      vertex -23.6252 -13.847 0.272955
      vertex -22.4633 -13.1628 0.488678
    endloop
  endfacet
  facet normal -8.6569e-07 0.300702 -0.953718
    outer loop
      vertex -23.8329 -12.9101 0.568354
      vertex -22.4633 -13.1628 0.488678
      vertex -23.6252 -13.847 0.272955
    endloop
  endfacet
  facet normal 1.95429e-06 0.300715 -0.953714
    outer loop
      vertex -22.4633 -13.1628 0.488678
      vertex -23.8329 -12.9101 0.568354
      vertex -22.5658 -12.3844 0.734115
    endloop
  endfacet
  facet normal 3.75361e-06 0.300711 -0.953715
    outer loop
      vertex -23.9581 -11.9587 0.868335
      vertex -22.5658 -12.3844 0.734115
      vertex -23.8329 -12.9101 0.568354
    endloop
  endfacet
  facet normal 7.13733e-06 0.300722 -0.953712
    outer loop
      vertex -22.5658 -12.3844 0.734115
      vertex -23.9581 -11.9587 0.868335
      vertex -22.5979 -11.6469 0.966661
    endloop
  endfacet
  facet normal 0 0.30075 -0.953703
    outer loop
      vertex -22.5979 -11.6469 0.966661
      vertex -23.9581 -11.9587 0.868335
      vertex -23.9718 -11.6469 0.966661
    endloop
  endfacet
  facet normal -3.75361e-06 0.300711 -0.953715
    outer loop
      vertex 22.5658 -12.3844 0.734115
      vertex 23.9581 -11.9587 0.868335
      vertex 23.8329 -12.9101 0.568354
    endloop
  endfacet
  facet normal 8.6569e-07 0.300702 -0.953718
    outer loop
      vertex 22.4633 -13.1628 0.488678
      vertex 23.8329 -12.9101 0.568354
      vertex 23.6252 -13.847 0.272955
    endloop
  endfacet
  facet normal -1.07355e-05 0.30071 -0.953716
    outer loop
      vertex 22.2933 -13.9294 0.246989
      vertex 23.6252 -13.847 0.272955
      vertex 23.3522 -14.7127 0
    endloop
  endfacet
  facet normal -1.95429e-06 0.300715 -0.953714
    outer loop
      vertex 23.8329 -12.9101 0.568354
      vertex 22.4633 -13.1628 0.488678
      vertex 22.5658 -12.3844 0.734115
    endloop
  endfacet
  facet normal 0 0.30075 -0.953703
    outer loop
      vertex 23.9581 -11.9587 0.868335
      vertex 22.5979 -11.6469 0.966661
      vertex 23.9718 -11.6469 0.966661
    endloop
  endfacet
  facet normal -7.13733e-06 0.300722 -0.953712
    outer loop
      vertex 22.5979 -11.6469 0.966661
      vertex 23.9581 -11.9587 0.868335
      vertex 22.5658 -12.3844 0.734115
    endloop
  endfacet
  facet normal -9.12785e-06 0.300686 -0.953723
    outer loop
      vertex 23.6252 -13.847 0.272955
      vertex 22.2933 -13.9294 0.246989
      vertex 22.4633 -13.1628 0.488678
    endloop
  endfacet
  facet normal -9.25242e-06 0.300712 -0.953715
    outer loop
      vertex 23.3522 -14.7127 0
      vertex 22.0572 -14.6782 0.0108906
      vertex 22.2933 -13.9294 0.246989
    endloop
  endfacet
  facet normal 0 0.301027 -0.953615
    outer loop
      vertex 22.0572 -14.6782 0.0108906
      vertex 23.3522 -14.7127 0
      vertex 22.0429 -14.7127 0
    endloop
  endfacet
  facet normal 0 -0.130526 -0.991445
    outer loop
      vertex -23.8671 3.92201 2.32876
      vertex -22 7.81417 1.81635
      vertex -22 3.92201 2.32876
    endloop
  endfacet
  facet normal -0 -0.130526 -0.991445
    outer loop
      vertex -22 7.81417 1.81635
      vertex -23.8671 3.92201 2.32876
      vertex -23.9184 7.81417 1.81635
    endloop
  endfacet
  facet normal 0 -0.130526 -0.991445
    outer loop
      vertex 22 7.81417 1.81635
      vertex 23.8671 3.92201 2.32876
      vertex 22 3.92201 2.32876
    endloop
  endfacet
  facet normal 0 -0.130526 -0.991445
    outer loop
      vertex 23.8671 3.92201 2.32876
      vertex 22 7.81417 1.81635
      vertex 23.9184 7.81417 1.81635
    endloop
  endfacet
  facet normal 0 0.130526 -0.991445
    outer loop
      vertex -22 -7.81417 1.81635
      vertex -23.8671 -3.92201 2.32876
      vertex -22 -3.92201 2.32876
    endloop
  endfacet
  facet normal 0 0.130526 -0.991445
    outer loop
      vertex -23.8671 -3.92201 2.32876
      vertex -22 -7.81417 1.81635
      vertex -23.9184 -7.81417 1.81635
    endloop
  endfacet
  facet normal 0 0.130526 -0.991445
    outer loop
      vertex 22 -7.81417 1.81635
      vertex 23.8671 -3.92201 2.32876
      vertex 23.9184 -7.81417 1.81635
    endloop
  endfacet
  facet normal 0 0.130526 -0.991445
    outer loop
      vertex 23.8671 -3.92201 2.32876
      vertex 22 -7.81417 1.81635
      vertex 22 -3.92201 2.32876
    endloop
  endfacet
  facet normal 0 -0.0436197 -0.999048
    outer loop
      vertex -23.85 0 2.5
      vertex -22 3.92201 2.32876
      vertex -22 0 2.5
    endloop
  endfacet
  facet normal -0 -0.0436197 -0.999048
    outer loop
      vertex -22 3.92201 2.32876
      vertex -23.85 0 2.5
      vertex -23.8671 3.92201 2.32876
    endloop
  endfacet
  facet normal 0 -0.0436197 -0.999048
    outer loop
      vertex 22 0 2.5
      vertex 23.8671 3.92201 2.32876
      vertex 23.85 0 2.5
    endloop
  endfacet
  facet normal -0 -0.0436197 -0.999048
    outer loop
      vertex 23.8671 3.92201 2.32876
      vertex 22 0 2.5
      vertex 22 3.92201 2.32876
    endloop
  endfacet
  facet normal 0 -0.301027 -0.953615
    outer loop
      vertex -22.0572 14.6782 0.0108906
      vertex -23.3522 14.7127 0
      vertex -22.0429 14.7127 0
    endloop
  endfacet
  facet normal 9.25242e-06 -0.300712 -0.953715
    outer loop
      vertex -22.2933 13.9294 0.246989
      vertex -23.3522 14.7127 0
      vertex -22.0572 14.6782 0.0108906
    endloop
  endfacet
  facet normal 9.12785e-06 -0.300686 -0.953723
    outer loop
      vertex -23.6252 13.847 0.272955
      vertex -22.2933 13.9294 0.246989
      vertex -22.4633 13.1628 0.488678
    endloop
  endfacet
  facet normal 1.95429e-06 -0.300715 -0.953714
    outer loop
      vertex -23.8329 12.9101 0.568354
      vertex -22.4633 13.1628 0.488678
      vertex -22.5658 12.3844 0.734115
    endloop
  endfacet
  facet normal 7.13733e-06 -0.300722 -0.953712
    outer loop
      vertex -23.9581 11.9587 0.868335
      vertex -22.5658 12.3844 0.734115
      vertex -22.5979 11.6469 0.966661
    endloop
  endfacet
  facet normal 1.07355e-05 -0.30071 -0.953716
    outer loop
      vertex -22.2933 13.9294 0.246989
      vertex -23.6252 13.847 0.272955
      vertex -23.3522 14.7127 0
    endloop
  endfacet
  facet normal -8.6569e-07 -0.300702 -0.953718
    outer loop
      vertex -22.4633 13.1628 0.488678
      vertex -23.8329 12.9101 0.568354
      vertex -23.6252 13.847 0.272955
    endloop
  endfacet
  facet normal 3.75361e-06 -0.300711 -0.953715
    outer loop
      vertex -22.5658 12.3844 0.734115
      vertex -23.9581 11.9587 0.868335
      vertex -23.8329 12.9101 0.568354
    endloop
  endfacet
  facet normal 0 -0.30075 -0.953703
    outer loop
      vertex -23.9581 11.9587 0.868335
      vertex -22.5979 11.6469 0.966661
      vertex -23.9718 11.6469 0.966661
    endloop
  endfacet
  facet normal 0 -0.30075 -0.953703
    outer loop
      vertex 22.5979 11.6469 0.966661
      vertex 23.9581 11.9587 0.868335
      vertex 23.9718 11.6469 0.966661
    endloop
  endfacet
  facet normal -3.75361e-06 -0.300711 -0.953715
    outer loop
      vertex 23.9581 11.9587 0.868335
      vertex 22.5658 12.3844 0.734115
      vertex 23.8329 12.9101 0.568354
    endloop
  endfacet
  facet normal -1.95429e-06 -0.300715 -0.953714
    outer loop
      vertex 22.4633 13.1628 0.488678
      vertex 23.8329 12.9101 0.568354
      vertex 22.5658 12.3844 0.734115
    endloop
  endfacet
  facet normal -7.13733e-06 -0.300722 -0.953712
    outer loop
      vertex 23.9581 11.9587 0.868335
      vertex 22.5979 11.6469 0.966661
      vertex 22.5658 12.3844 0.734115
    endloop
  endfacet
  facet normal 8.6569e-07 -0.300702 -0.953718
    outer loop
      vertex 23.8329 12.9101 0.568354
      vertex 22.4633 13.1628 0.488678
      vertex 23.6252 13.847 0.272955
    endloop
  endfacet
  facet normal -9.12785e-06 -0.300686 -0.953723
    outer loop
      vertex 22.2933 13.9294 0.246989
      vertex 23.6252 13.847 0.272955
      vertex 22.4633 13.1628 0.488678
    endloop
  endfacet
  facet normal -1.07355e-05 -0.30071 -0.953716
    outer loop
      vertex 23.6252 13.847 0.272955
      vertex 22.2933 13.9294 0.246989
      vertex 23.3522 14.7127 0
    endloop
  endfacet
  facet normal -9.25242e-06 -0.300712 -0.953715
    outer loop
      vertex 22.0572 14.6782 0.0108906
      vertex 23.3522 14.7127 0
      vertex 22.2933 13.9294 0.246989
    endloop
  endfacet
  facet normal -0 -0.301027 -0.953615
    outer loop
      vertex 23.3522 14.7127 0
      vertex 22.0572 14.6782 0.0108906
      vertex 22.0429 14.7127 0
    endloop
  endfacet
  facet normal 0 -0.216441 -0.976296
    outer loop
      vertex -22 7.81417 1.81635
      vertex -22.6 9.46666 1.45
      vertex -22 9.46666 1.45
    endloop
  endfacet
  facet normal -1.75027e-06 -0.216439 -0.976296
    outer loop
      vertex -23.9889 10.9963 1.11089
      vertex -22.6 9.46666 1.45
      vertex -23.9184 7.81417 1.81635
    endloop
  endfacet
  facet normal 0 -0.216441 -0.976296
    outer loop
      vertex -23.9184 7.81417 1.81635
      vertex -22.6 9.46666 1.45
      vertex -22 7.81417 1.81635
    endloop
  endfacet
  facet normal -1.57531e-06 -0.216439 -0.976296
    outer loop
      vertex -22.6 9.46666 1.45
      vertex -23.9889 10.9963 1.11089
      vertex -22.6 11.6 0.977051
    endloop
  endfacet
  facet normal -2.80097e-06 -0.216436 -0.976297
    outer loop
      vertex -23.9783 11.4965 1
      vertex -22.6 11.6 0.977051
      vertex -23.9889 10.9963 1.11089
    endloop
  endfacet
  facet normal -4.45617e-06 -0.216415 -0.976301
    outer loop
      vertex -23.9718 11.6469 0.966661
      vertex -22.6 11.6 0.977051
      vertex -23.9783 11.4965 1
    endloop
  endfacet
  facet normal 0 -0.216291 -0.976329
    outer loop
      vertex -22.6 11.6 0.977051
      vertex -23.9718 11.6469 0.966661
      vertex -22.5979 11.6469 0.966661
    endloop
  endfacet
  facet normal 0 -0.216441 -0.976296
    outer loop
      vertex 22 7.81417 1.81635
      vertex 22.6 9.46666 1.45
      vertex 23.9184 7.81417 1.81635
    endloop
  endfacet
  facet normal -0 -0.216441 -0.976296
    outer loop
      vertex 22.6 9.46666 1.45
      vertex 22 7.81417 1.81635
      vertex 22 9.46666 1.45
    endloop
  endfacet
  facet normal 2.80097e-06 -0.216436 -0.976297
    outer loop
      vertex 22.6 11.6 0.977051
      vertex 23.9783 11.4965 1
      vertex 23.9889 10.9963 1.11089
    endloop
  endfacet
  facet normal 1.75027e-06 -0.216439 -0.976296
    outer loop
      vertex 22.6 9.46666 1.45
      vertex 23.9889 10.9963 1.11089
      vertex 23.9184 7.81417 1.81635
    endloop
  endfacet
  facet normal 1.57531e-06 -0.216439 -0.976296
    outer loop
      vertex 22.6 11.6 0.977051
      vertex 23.9889 10.9963 1.11089
      vertex 22.6 9.46666 1.45
    endloop
  endfacet
  facet normal 4.45617e-06 -0.216415 -0.976301
    outer loop
      vertex 23.9783 11.4965 1
      vertex 22.6 11.6 0.977051
      vertex 23.9718 11.6469 0.966661
    endloop
  endfacet
  facet normal -0 -0.216291 -0.976329
    outer loop
      vertex 23.9718 11.6469 0.966661
      vertex 22.6 11.6 0.977051
      vertex 22.5979 11.6469 0.966661
    endloop
  endfacet
  facet normal -1.57531e-06 0.216439 -0.976296
    outer loop
      vertex -23.9889 -10.9963 1.11089
      vertex -22.6 -9.46666 1.45
      vertex -22.6 -11.6 0.977051
    endloop
  endfacet
  facet normal 0 0.216291 -0.976329
    outer loop
      vertex -23.9718 -11.6469 0.966661
      vertex -22.6 -11.6 0.977051
      vertex -22.5979 -11.6469 0.966661
    endloop
  endfacet
  facet normal -4.45617e-06 0.216415 -0.976301
    outer loop
      vertex -22.6 -11.6 0.977051
      vertex -23.9718 -11.6469 0.966661
      vertex -23.9783 -11.4965 1
    endloop
  endfacet
  facet normal -2.80097e-06 0.216436 -0.976297
    outer loop
      vertex -22.6 -11.6 0.977051
      vertex -23.9783 -11.4965 1
      vertex -23.9889 -10.9963 1.11089
    endloop
  endfacet
  facet normal -1.75027e-06 0.216439 -0.976296
    outer loop
      vertex -22.6 -9.46666 1.45
      vertex -23.9889 -10.9963 1.11089
      vertex -23.9184 -7.81417 1.81635
    endloop
  endfacet
  facet normal 0 0.216441 -0.976296
    outer loop
      vertex -22.6 -9.46666 1.45
      vertex -22 -7.81417 1.81635
      vertex -22 -9.46666 1.45
    endloop
  endfacet
  facet normal 0 0.216441 -0.976296
    outer loop
      vertex -22 -7.81417 1.81635
      vertex -22.6 -9.46666 1.45
      vertex -23.9184 -7.81417 1.81635
    endloop
  endfacet
  facet normal 4.45617e-06 0.216415 -0.976301
    outer loop
      vertex 22.6 -11.6 0.977051
      vertex 23.9783 -11.4965 1
      vertex 23.9718 -11.6469 0.966661
    endloop
  endfacet
  facet normal 2.80097e-06 0.216436 -0.976297
    outer loop
      vertex 23.9783 -11.4965 1
      vertex 22.6 -11.6 0.977051
      vertex 23.9889 -10.9963 1.11089
    endloop
  endfacet
  facet normal 1.57531e-06 0.216439 -0.976296
    outer loop
      vertex 23.9889 -10.9963 1.11089
      vertex 22.6 -11.6 0.977051
      vertex 22.6 -9.46666 1.45
    endloop
  endfacet
  facet normal 0 0.216291 -0.976329
    outer loop
      vertex 22.6 -11.6 0.977051
      vertex 23.9718 -11.6469 0.966661
      vertex 22.5979 -11.6469 0.966661
    endloop
  endfacet
  facet normal 1.75027e-06 0.216439 -0.976296
    outer loop
      vertex 23.9889 -10.9963 1.11089
      vertex 22.6 -9.46666 1.45
      vertex 23.9184 -7.81417 1.81635
    endloop
  endfacet
  facet normal 0 0.216441 -0.976296
    outer loop
      vertex 22 -7.81417 1.81635
      vertex 22.6 -9.46666 1.45
      vertex 22 -9.46666 1.45
    endloop
  endfacet
  facet normal 0 0.216441 -0.976296
    outer loop
      vertex 22.6 -9.46666 1.45
      vertex 22 -7.81417 1.81635
      vertex 23.9184 -7.81417 1.81635
    endloop
  endfacet
  facet normal 0 0.0436197 -0.999048
    outer loop
      vertex -22 -3.92201 2.32876
      vertex -23.85 0 2.5
      vertex -22 0 2.5
    endloop
  endfacet
  facet normal 0 0.0436197 -0.999048
    outer loop
      vertex -23.85 0 2.5
      vertex -22 -3.92201 2.32876
      vertex -23.8671 -3.92201 2.32876
    endloop
  endfacet
  facet normal 0 0.0436197 -0.999048
    outer loop
      vertex 22 -3.92201 2.32876
      vertex 23.85 0 2.5
      vertex 23.8671 -3.92201 2.32876
    endloop
  endfacet
  facet normal 0 0.0436197 -0.999048
    outer loop
      vertex 23.85 0 2.5
      vertex 22 -3.92201 2.32876
      vertex 22 0 2.5
    endloop
  endfacet
  facet normal -0.0435588 0.999051 0
    outer loop
      vertex 13.7844 -19.9658 1.45
      vertex 13 -20 13.5
      vertex 13.7844 -19.9658 13.5
    endloop
  endfacet
  facet normal -0.0435588 0.999051 0
    outer loop
      vertex 13 -20 13.5
      vertex 13.7844 -19.9658 1.45
      vertex 13 -20 1.45
    endloop
  endfacet
  facet normal -0.130553 0.991441 0
    outer loop
      vertex 14.5628 -19.8633 1.45
      vertex 13.7844 -19.9658 13.5
      vertex 14.5628 -19.8633 13.5
    endloop
  endfacet
  facet normal -0.130553 0.991441 0
    outer loop
      vertex 13.7844 -19.9658 13.5
      vertex 14.5628 -19.8633 1.45
      vertex 13.7844 -19.9658 1.45
    endloop
  endfacet
  facet normal 0.976283 0.216499 0
    outer loop
      vertex -21.6933 -13.3294 13.5
      vertex -21.8633 -12.5628 1.45
      vertex -21.8633 -12.5628 13.5
    endloop
  endfacet
  facet normal 0.976283 0.216499 0
    outer loop
      vertex -21.8633 -12.5628 1.45
      vertex -21.6933 -13.3294 13.5
      vertex -21.6933 -13.3294 1.45
    endloop
  endfacet
  facet normal 0.0435588 0.999051 -0
    outer loop
      vertex -13 -20 1.45
      vertex -13.7844 -19.9658 13.5
      vertex -13 -20 13.5
    endloop
  endfacet
  facet normal 0.0435588 0.999051 0
    outer loop
      vertex -13.7844 -19.9658 13.5
      vertex -13 -20 1.45
      vertex -13.7844 -19.9658 1.45
    endloop
  endfacet
  facet normal 0.537238 0.843431 -0
    outer loop
      vertex -17.5 -18.7942 1.45
      vertex -18.1622 -18.3724 13.5
      vertex -17.5 -18.7942 13.5
    endloop
  endfacet
  facet normal 0.537238 0.843431 0
    outer loop
      vertex -18.1622 -18.3724 13.5
      vertex -17.5 -18.7942 1.45
      vertex -18.1622 -18.3724 1.45
    endloop
  endfacet
  facet normal 0 1 -0
    outer loop
      vertex 13 -20 1.45
      vertex -13 -20 13.5
      vertex 13 -20 13.5
    endloop
  endfacet
  facet normal 0 1 0
    outer loop
      vertex -13 -20 13.5
      vertex 13 -20 1.45
      vertex -13 -20 1.45
    endloop
  endfacet
  facet normal 0.0435588 -0.999051 0
    outer loop
      vertex -13.7844 19.9658 1.45
      vertex -13 20 13.5
      vertex -13.7844 19.9658 13.5
    endloop
  endfacet
  facet normal 0.0435588 -0.999051 0
    outer loop
      vertex -13 20 13.5
      vertex -13.7844 19.9658 1.45
      vertex -13 20 1.45
    endloop
  endfacet
  facet normal 0 -1 0
    outer loop
      vertex -13 20 1.45
      vertex 13 20 13.5
      vertex -13 20 13.5
    endloop
  endfacet
  facet normal 0 -1 -0
    outer loop
      vertex 13 20 13.5
      vertex -13 20 1.45
      vertex 13 20 1.45
    endloop
  endfacet
  facet normal -0.793334 -0.608787 0
    outer loop
      vertex 20.3724 16.1622 1.45
      vertex 19.8944 16.7851 13.5
      vertex 19.8944 16.7851 1.45
    endloop
  endfacet
  facet normal -0.793334 -0.608787 0
    outer loop
      vertex 19.8944 16.7851 13.5
      vertex 20.3724 16.1622 1.45
      vertex 20.3724 16.1622 13.5
    endloop
  endfacet
  facet normal -0.0435588 -0.999051 0
    outer loop
      vertex 13 20 1.45
      vertex 13.7844 19.9658 13.5
      vertex 13 20 13.5
    endloop
  endfacet
  facet normal -0.0435588 -0.999051 -0
    outer loop
      vertex 13.7844 19.9658 13.5
      vertex 13 20 1.45
      vertex 13.7844 19.9658 1.45
    endloop
  endfacet
  facet normal 0.537238 -0.843431 0
    outer loop
      vertex -18.1622 18.3724 1.45
      vertex -17.5 18.7942 13.5
      vertex -18.1622 18.3724 13.5
    endloop
  endfacet
  facet normal 0.537238 -0.843431 0
    outer loop
      vertex -17.5 18.7942 13.5
      vertex -18.1622 18.3724 1.45
      vertex -17.5 18.7942 1.45
    endloop
  endfacet
  facet normal 0.843431 0.537238 0
    outer loop
      vertex -20.3724 -16.1622 13.5
      vertex -20.7942 -15.5 1.45
      vertex -20.7942 -15.5 13.5
    endloop
  endfacet
  facet normal 0.843431 0.537238 0
    outer loop
      vertex -20.7942 -15.5 1.45
      vertex -20.3724 -16.1622 13.5
      vertex -20.3724 -16.1622 1.45
    endloop
  endfacet
  facet normal 0.300711 0.953715 -0
    outer loop
      vertex -15.3294 -19.6933 1.45
      vertex -16.0782 -19.4572 13.5
      vertex -15.3294 -19.6933 13.5
    endloop
  endfacet
  facet normal 0.300711 0.953715 0
    outer loop
      vertex -16.0782 -19.4572 13.5
      vertex -15.3294 -19.6933 1.45
      vertex -16.0782 -19.4572 1.45
    endloop
  endfacet
  facet normal 0.130553 0.991441 -0
    outer loop
      vertex -13.7844 -19.9658 1.45
      vertex -14.5628 -19.8633 13.5
      vertex -13.7844 -19.9658 13.5
    endloop
  endfacet
  facet normal 0.130553 0.991441 0
    outer loop
      vertex -14.5628 -19.8633 13.5
      vertex -13.7844 -19.9658 1.45
      vertex -14.5628 -19.8633 1.45
    endloop
  endfacet
  facet normal 0.382607 0.923911 -0
    outer loop
      vertex -16.0782 -19.4572 1.45
      vertex -16.8036 -19.1568 13.5
      vertex -16.0782 -19.4572 13.5
    endloop
  endfacet
  facet normal 0.382607 0.923911 0
    outer loop
      vertex -16.8036 -19.1568 13.5
      vertex -16.0782 -19.4572 1.45
      vertex -16.8036 -19.1568 1.45
    endloop
  endfacet
  facet normal 0.461826 0.886971 -0
    outer loop
      vertex -16.8036 -19.1568 1.45
      vertex -17.5 -18.7942 13.5
      vertex -16.8036 -19.1568 13.5
    endloop
  endfacet
  facet normal 0.461826 0.886971 0
    outer loop
      vertex -17.5 -18.7942 13.5
      vertex -16.8036 -19.1568 1.45
      vertex -17.5 -18.7942 1.45
    endloop
  endfacet
  facet normal 0.793334 0.608787 0
    outer loop
      vertex -19.8944 -16.7851 13.5
      vertex -20.3724 -16.1622 1.45
      vertex -20.3724 -16.1622 13.5
    endloop
  endfacet
  facet normal 0.793334 0.608787 0
    outer loop
      vertex -20.3724 -16.1622 1.45
      vertex -19.8944 -16.7851 13.5
      vertex -19.8944 -16.7851 1.45
    endloop
  endfacet
  facet normal -0.843431 0.537238 0
    outer loop
      vertex 20.3724 -16.1622 1.45
      vertex 20.7942 -15.5 13.5
      vertex 20.7942 -15.5 1.45
    endloop
  endfacet
  facet normal -0.843431 0.537238 0
    outer loop
      vertex 20.7942 -15.5 13.5
      vertex 20.3724 -16.1622 1.45
      vertex 20.3724 -16.1622 13.5
    endloop
  endfacet
  facet normal -1 0 0
    outer loop
      vertex 22 3.92201 2.32876
      vertex 22 5 4.5
      vertex 22 7.81417 1.81635
    endloop
  endfacet
  facet normal -1 0 0
    outer loop
      vertex 22 0 2.5
      vertex 22 5 4.5
      vertex 22 3.92201 2.32876
    endloop
  endfacet
  facet normal -1 0 0
    outer loop
      vertex 22 -5 4.5
      vertex 22 0 2.5
      vertex 22 -3.92201 2.32876
    endloop
  endfacet
  facet normal -1 0 0
    outer loop
      vertex 22 0 2.5
      vertex 22 -5 4.5
      vertex 22 5 4.5
    endloop
  endfacet
  facet normal -1 -0 0
    outer loop
      vertex 22 -5 4.5
      vertex 22 -7.81417 1.81635
      vertex 22 -5 7.9
    endloop
  endfacet
  facet normal -1 0 0
    outer loop
      vertex 22 -7.81417 1.81635
      vertex 22 -5 4.5
      vertex 22 -3.92201 2.32876
    endloop
  endfacet
  facet normal -1 0 0
    outer loop
      vertex 22 5 7.9
      vertex 22 11 1.45
      vertex 22 9.46666 1.45
    endloop
  endfacet
  facet normal -1 0 0
    outer loop
      vertex 22 5 7.9
      vertex 22 9.46666 1.45
      vertex 22 7.81417 1.81635
    endloop
  endfacet
  facet normal -1 0 0
    outer loop
      vertex 22 5 7.9
      vertex 22 7.81417 1.81635
      vertex 22 5 4.5
    endloop
  endfacet
  facet normal -1 0 0
    outer loop
      vertex 22 11 1.45
      vertex 22 5 7.9
      vertex 22 11 13.49
    endloop
  endfacet
  facet normal -1 0 0
    outer loop
      vertex 22 -5 7.9
      vertex 22 11 13.49
      vertex 22 5 7.9
    endloop
  endfacet
  facet normal -1 0 0
    outer loop
      vertex 22 -9.46666 1.45
      vertex 22 -5 7.9
      vertex 22 -7.81417 1.81635
    endloop
  endfacet
  facet normal -1 0 0
    outer loop
      vertex 22 -11 1.45
      vertex 22 -5 7.9
      vertex 22 -9.46666 1.45
    endloop
  endfacet
  facet normal -1 0 0
    outer loop
      vertex 22 -5 7.9
      vertex 22 -11 13.49
      vertex 22 11 13.49
    endloop
  endfacet
  facet normal -1 0 0
    outer loop
      vertex 22 -11 13.49
      vertex 22 -5 7.9
      vertex 22 -11 1.45
    endloop
  endfacet
  facet normal 0.130553 -0.991441 0
    outer loop
      vertex -14.5628 19.8633 1.45
      vertex -13.7844 19.9658 13.5
      vertex -14.5628 19.8633 13.5
    endloop
  endfacet
  facet normal 0.130553 -0.991441 0
    outer loop
      vertex -13.7844 19.9658 13.5
      vertex -14.5628 19.8633 1.45
      vertex -13.7844 19.9658 1.45
    endloop
  endfacet
  facet normal 0.953715 0.300711 0
    outer loop
      vertex -21.4572 -14.0782 13.5
      vertex -21.6933 -13.3294 1.45
      vertex -21.6933 -13.3294 13.5
    endloop
  endfacet
  facet normal 0.953715 0.300711 0
    outer loop
      vertex -21.6933 -13.3294 1.45
      vertex -21.4572 -14.0782 13.5
      vertex -21.4572 -14.0782 1.45
    endloop
  endfacet
  facet normal 0.999051 -0.0435588 0
    outer loop
      vertex -22 11 13.5
      vertex -21.9658 11.7844 1.45
      vertex -21.9658 11.7844 13.5
    endloop
  endfacet
  facet normal 0.999051 -0.0435588 0
    outer loop
      vertex -21.9658 11.7844 1.45
      vertex -22 11 13.5
      vertex -22 11 1.45
    endloop
  endfacet
  facet normal 0.991441 0.130553 0
    outer loop
      vertex -21.8633 -12.5628 13.5
      vertex -21.9658 -11.7844 1.45
      vertex -21.9658 -11.7844 13.5
    endloop
  endfacet
  facet normal 0.991441 0.130553 0
    outer loop
      vertex -21.9658 -11.7844 1.45
      vertex -21.8633 -12.5628 13.5
      vertex -21.8633 -12.5628 1.45
    endloop
  endfacet
  facet normal 0.216499 0.976283 -0
    outer loop
      vertex -14.5628 -19.8633 1.45
      vertex -15.3294 -19.6933 13.5
      vertex -14.5628 -19.8633 13.5
    endloop
  endfacet
  facet normal 0.216499 0.976283 0
    outer loop
      vertex -15.3294 -19.6933 13.5
      vertex -14.5628 -19.8633 1.45
      vertex -15.3294 -19.6933 1.45
    endloop
  endfacet
  facet normal 0.675546 0.737318 -0
    outer loop
      vertex -18.7851 -17.8944 1.45
      vertex -19.364 -17.364 13.5
      vertex -18.7851 -17.8944 13.5
    endloop
  endfacet
  facet normal 0.675546 0.737318 0
    outer loop
      vertex -19.364 -17.364 13.5
      vertex -18.7851 -17.8944 1.45
      vertex -19.364 -17.364 1.45
    endloop
  endfacet
  facet normal 0.737318 0.675546 0
    outer loop
      vertex -19.364 -17.364 13.5
      vertex -19.8944 -16.7851 1.45
      vertex -19.8944 -16.7851 13.5
    endloop
  endfacet
  facet normal 0.737318 0.675546 0
    outer loop
      vertex -19.8944 -16.7851 1.45
      vertex -19.364 -17.364 13.5
      vertex -19.364 -17.364 1.45
    endloop
  endfacet
  facet normal -0.991441 0.130553 0
    outer loop
      vertex 21.8633 -12.5628 1.45
      vertex 21.9658 -11.7844 13.5
      vertex 21.9658 -11.7844 1.45
    endloop
  endfacet
  facet normal -0.991441 0.130553 0
    outer loop
      vertex 21.9658 -11.7844 13.5
      vertex 21.8633 -12.5628 1.45
      vertex 21.8633 -12.5628 13.5
    endloop
  endfacet
  facet normal -0.999051 -0.0435588 -0
    outer loop
      vertex 22 11 13.49
      vertex 21.9658 11.7844 1.45
      vertex 22 11 1.45
    endloop
  endfacet
  facet normal -0.999051 -0.0435588 0
    outer loop
      vertex 21.9658 11.7844 1.45
      vertex 22 11 13.49
      vertex 21.9658 11.7844 13.5
    endloop
  endfacet
  facet normal -0.999051 -0.0435588 0
    outer loop
      vertex 21.9658 11.7844 13.5
      vertex 22 11 13.49
      vertex 22 11 13.5
    endloop
  endfacet
  facet normal -0.737318 -0.675546 0
    outer loop
      vertex 19.8944 16.7851 1.45
      vertex 19.364 17.364 13.5
      vertex 19.364 17.364 1.45
    endloop
  endfacet
  facet normal -0.737318 -0.675546 0
    outer loop
      vertex 19.364 17.364 13.5
      vertex 19.8944 16.7851 1.45
      vertex 19.8944 16.7851 13.5
    endloop
  endfacet
  facet normal -0.537238 -0.843431 0
    outer loop
      vertex 17.5 18.7942 1.45
      vertex 18.1622 18.3724 13.5
      vertex 17.5 18.7942 13.5
    endloop
  endfacet
  facet normal -0.537238 -0.843431 -0
    outer loop
      vertex 18.1622 18.3724 13.5
      vertex 17.5 18.7942 1.45
      vertex 18.1622 18.3724 1.45
    endloop
  endfacet
  facet normal -0.461826 -0.886971 0
    outer loop
      vertex 16.8036 19.1568 1.45
      vertex 17.5 18.7942 13.5
      vertex 16.8036 19.1568 13.5
    endloop
  endfacet
  facet normal -0.461826 -0.886971 -0
    outer loop
      vertex 17.5 18.7942 13.5
      vertex 16.8036 19.1568 1.45
      vertex 17.5 18.7942 1.45
    endloop
  endfacet
  facet normal 0.300711 -0.953715 0
    outer loop
      vertex -16.0782 19.4572 1.45
      vertex -15.3294 19.6933 13.5
      vertex -16.0782 19.4572 13.5
    endloop
  endfacet
  facet normal 0.300711 -0.953715 0
    outer loop
      vertex -15.3294 19.6933 13.5
      vertex -16.0782 19.4572 1.45
      vertex -15.3294 19.6933 1.45
    endloop
  endfacet
  facet normal 0.675546 -0.737318 0
    outer loop
      vertex -19.364 17.364 1.45
      vertex -18.7851 17.8944 13.5
      vertex -19.364 17.364 13.5
    endloop
  endfacet
  facet normal 0.675546 -0.737318 0
    outer loop
      vertex -18.7851 17.8944 13.5
      vertex -19.364 17.364 1.45
      vertex -18.7851 17.8944 1.45
    endloop
  endfacet
  facet normal 0.608787 -0.793334 0
    outer loop
      vertex -18.7851 17.8944 1.45
      vertex -18.1622 18.3724 13.5
      vertex -18.7851 17.8944 13.5
    endloop
  endfacet
  facet normal 0.608787 -0.793334 0
    outer loop
      vertex -18.1622 18.3724 13.5
      vertex -18.7851 17.8944 1.45
      vertex -18.1622 18.3724 1.45
    endloop
  endfacet
  facet normal 0.843431 -0.537238 0
    outer loop
      vertex -20.7942 15.5 13.5
      vertex -20.3724 16.1622 1.45
      vertex -20.3724 16.1622 13.5
    endloop
  endfacet
  facet normal 0.843431 -0.537238 0
    outer loop
      vertex -20.3724 16.1622 1.45
      vertex -20.7942 15.5 13.5
      vertex -20.7942 15.5 1.45
    endloop
  endfacet
  facet normal 0.976283 -0.216499 0
    outer loop
      vertex -21.8633 12.5628 13.5
      vertex -21.6933 13.3294 1.45
      vertex -21.6933 13.3294 13.5
    endloop
  endfacet
  facet normal 0.976283 -0.216499 0
    outer loop
      vertex -21.6933 13.3294 1.45
      vertex -21.8633 12.5628 13.5
      vertex -21.8633 12.5628 1.45
    endloop
  endfacet
  facet normal 0.953715 -0.300711 0
    outer loop
      vertex -21.6933 13.3294 13.5
      vertex -21.4572 14.0782 1.45
      vertex -21.4572 14.0782 13.5
    endloop
  endfacet
  facet normal 0.953715 -0.300711 0
    outer loop
      vertex -21.4572 14.0782 1.45
      vertex -21.6933 13.3294 13.5
      vertex -21.6933 13.3294 1.45
    endloop
  endfacet
  facet normal 0.923911 0.382607 0
    outer loop
      vertex -21.1568 -14.8036 13.5
      vertex -21.4572 -14.0782 1.45
      vertex -21.4572 -14.0782 13.5
    endloop
  endfacet
  facet normal 0.923911 0.382607 0
    outer loop
      vertex -21.4572 -14.0782 1.45
      vertex -21.1568 -14.8036 13.5
      vertex -21.1568 -14.8036 1.45
    endloop
  endfacet
  facet normal 0.999051 0.0435588 0
    outer loop
      vertex -21.9658 -11.7844 13.5
      vertex -22 -11 1.45
      vertex -22 -11 13.5
    endloop
  endfacet
  facet normal 0.999051 0.0435588 0
    outer loop
      vertex -22 -11 1.45
      vertex -21.9658 -11.7844 13.5
      vertex -21.9658 -11.7844 1.45
    endloop
  endfacet
  facet normal 1 -0 0
    outer loop
      vertex -22 -11 13.5
      vertex -22 -7 9
      vertex -22 -7 13.5
    endloop
  endfacet
  facet normal 1 0 0
    outer loop
      vertex -22 -11 1.45
      vertex -22 -7 9
      vertex -22 -11 13.5
    endloop
  endfacet
  facet normal 1 0 0
    outer loop
      vertex -22 -7 9
      vertex -22 -9.46666 1.45
      vertex -22 -7.81417 1.81635
    endloop
  endfacet
  facet normal 1 0 0
    outer loop
      vertex -22 -7 9
      vertex -22 -11 1.45
      vertex -22 -9.46666 1.45
    endloop
  endfacet
  facet normal 1 0 0
    outer loop
      vertex -22 -5.8 9
      vertex -22 -3 9
      vertex -22 -3 13.5
    endloop
  endfacet
  facet normal 1 0 0
    outer loop
      vertex -22 -5.8 9
      vertex -22 -3 13.5
      vertex -22 -5.8 13.5
    endloop
  endfacet
  facet normal 1 0 0
    outer loop
      vertex -22 -3 9
      vertex -22 -5.8 9
      vertex -22 -3.92201 2.32876
    endloop
  endfacet
  facet normal 1 0 0
    outer loop
      vertex -22 -7.81417 1.81635
      vertex -22 -5.8 9
      vertex -22 -7 9
    endloop
  endfacet
  facet normal 1 0 0
    outer loop
      vertex -22 -5.8 9
      vertex -22 -7.81417 1.81635
      vertex -22 -3.92201 2.32876
    endloop
  endfacet
  facet normal 1 0 0
    outer loop
      vertex -22 -1.8 9
      vertex -22 1 9
      vertex -22 1 13.5
    endloop
  endfacet
  facet normal 1 0 0
    outer loop
      vertex -22 -1.8 9
      vertex -22 1 13.5
      vertex -22 -1.8 13.5
    endloop
  endfacet
  facet normal 1 0 0
    outer loop
      vertex -22 1 9
      vertex -22 -1.8 9
      vertex -22 0 2.5
    endloop
  endfacet
  facet normal 1 0 0
    outer loop
      vertex -22 -3.92201 2.32876
      vertex -22 -1.8 9
      vertex -22 -3 9
    endloop
  endfacet
  facet normal 1 0 0
    outer loop
      vertex -22 -1.8 9
      vertex -22 -3.92201 2.32876
      vertex -22 0 2.5
    endloop
  endfacet
  facet normal 1 0 0
    outer loop
      vertex -22 11 13.5
      vertex -22 9.46666 1.45
      vertex -22 11 1.45
    endloop
  endfacet
  facet normal 1 0 0
    outer loop
      vertex -22 11 13.5
      vertex -22 7.81417 1.81635
      vertex -22 9.46666 1.45
    endloop
  endfacet
  facet normal 1 -0 0
    outer loop
      vertex -22 2.2 9
      vertex -22 7.81417 1.81635
      vertex -22 11 13.5
    endloop
  endfacet
  facet normal 1 0 0
    outer loop
      vertex -22 2.2 9
      vertex -22 11 13.5
      vertex -22 2.2 13.5
    endloop
  endfacet
  facet normal 1 0 0
    outer loop
      vertex -22 7.81417 1.81635
      vertex -22 2.2 9
      vertex -22 3.92201 2.32876
    endloop
  endfacet
  facet normal 1 0 0
    outer loop
      vertex -22 0 2.5
      vertex -22 2.2 9
      vertex -22 1 9
    endloop
  endfacet
  facet normal 1 0 0
    outer loop
      vertex -22 2.2 9
      vertex -22 0 2.5
      vertex -22 3.92201 2.32876
    endloop
  endfacet
  facet normal 0 0 -1
    outer loop
      vertex 21.8633 -12.5628 13.5
      vertex 19.981 -12.4358 13.5
      vertex 20 -12 13.5
    endloop
  endfacet
  facet normal 0 0 -1
    outer loop
      vertex 20.7942 -15.5 13.5
      vertex 19.924 -12.8682 13.5
      vertex 19.981 -12.4358 13.5
    endloop
  endfacet
  facet normal 0 0 -1
    outer loop
      vertex 18.8302 -15.2139 13.5
      vertex 20.3724 -16.1622 13.5
      vertex 19.8944 -16.7851 13.5
    endloop
  endfacet
  facet normal 0 0 -1
    outer loop
      vertex 20.7942 -15.5 13.5
      vertex 19.8296 -13.2941 13.5
      vertex 19.924 -12.8682 13.5
    endloop
  endfacet
  facet normal 0 0 -1
    outer loop
      vertex 20.7942 -15.5 13.5
      vertex 19.6985 -13.7101 13.5
      vertex 19.8296 -13.2941 13.5
    endloop
  endfacet
  facet normal 0 0 -1
    outer loop
      vertex 20.7942 -15.5 13.5
      vertex 19.5315 -14.1131 13.5
      vertex 19.6985 -13.7101 13.5
    endloop
  endfacet
  facet normal 0 0 -1
    outer loop
      vertex 18.2139 -15.8302 13.5
      vertex 19.8944 -16.7851 13.5
      vertex 19.364 -17.364 13.5
    endloop
  endfacet
  facet normal 0 0 -1
    outer loop
      vertex 20.7942 -15.5 13.5
      vertex 19.3301 -14.5 13.5
      vertex 19.5315 -14.1131 13.5
    endloop
  endfacet
  facet normal 0 0 -1
    outer loop
      vertex 20.7942 -15.5 13.5
      vertex 19.0958 -14.8679 13.5
      vertex 19.3301 -14.5 13.5
    endloop
  endfacet
  facet normal 0 0 -1
    outer loop
      vertex 20.3724 -16.1622 13.5
      vertex 18.8302 -15.2139 13.5
      vertex 19.0958 -14.8679 13.5
    endloop
  endfacet
  facet normal 0 0 -1
    outer loop
      vertex 17.8679 -16.0958 13.5
      vertex 19.364 -17.364 13.5
      vertex 18.7851 -17.8944 13.5
    endloop
  endfacet
  facet normal 0 0 -1
    outer loop
      vertex 19.8944 -16.7851 13.5
      vertex 18.5355 -15.5355 13.5
      vertex 18.8302 -15.2139 13.5
    endloop
  endfacet
  facet normal 0 0 -1
    outer loop
      vertex 19.8944 -16.7851 13.5
      vertex 18.2139 -15.8302 13.5
      vertex 18.5355 -15.5355 13.5
    endloop
  endfacet
  facet normal 0 0 -1
    outer loop
      vertex 17.5 -16.3301 13.5
      vertex 18.7851 -17.8944 13.5
      vertex 18.1622 -18.3724 13.5
    endloop
  endfacet
  facet normal 0 0 -1
    outer loop
      vertex 19.364 -17.364 13.5
      vertex 17.8679 -16.0958 13.5
      vertex 18.2139 -15.8302 13.5
    endloop
  endfacet
  facet normal 0 0 -1
    outer loop
      vertex 16.7101 -16.6985 13.5
      vertex 18.1622 -18.3724 13.5
      vertex 17.5 -18.7942 13.5
    endloop
  endfacet
  facet normal 0 0 -1
    outer loop
      vertex 18.7851 -17.8944 13.5
      vertex 17.5 -16.3301 13.5
      vertex 17.8679 -16.0958 13.5
    endloop
  endfacet
  facet normal 0 0 -1
    outer loop
      vertex 18.1622 -18.3724 13.5
      vertex 17.1131 -16.5315 13.5
      vertex 17.5 -16.3301 13.5
    endloop
  endfacet
  facet normal 0 0 -1
    outer loop
      vertex 16.2941 -16.8296 13.5
      vertex 17.5 -18.7942 13.5
      vertex 16.8036 -19.1568 13.5
    endloop
  endfacet
  facet normal 0 0 -1
    outer loop
      vertex 18.1622 -18.3724 13.5
      vertex 16.7101 -16.6985 13.5
      vertex 17.1131 -16.5315 13.5
    endloop
  endfacet
  facet normal 0 0 -1
    outer loop
      vertex 17.5 -18.7942 13.5
      vertex 16.2941 -16.8296 13.5
      vertex 16.7101 -16.6985 13.5
    endloop
  endfacet
  facet normal 0 0 -1
    outer loop
      vertex 15.8682 -16.924 13.5
      vertex 16.8036 -19.1568 13.5
      vertex 16.0782 -19.4572 13.5
    endloop
  endfacet
  facet normal 0 0 -1
    outer loop
      vertex 16.8036 -19.1568 13.5
      vertex 15.8682 -16.924 13.5
      vertex 16.2941 -16.8296 13.5
    endloop
  endfacet
  facet normal 0 0 -1
    outer loop
      vertex 16.0782 -19.4572 13.5
      vertex 15.4358 -16.981 13.5
      vertex 15.8682 -16.924 13.5
    endloop
  endfacet
  facet normal 0 0 -1
    outer loop
      vertex 15.3294 -19.6933 13.5
      vertex 15.4358 -16.981 13.5
      vertex 16.0782 -19.4572 13.5
    endloop
  endfacet
  facet normal 0 0 -1
    outer loop
      vertex 15.3294 -19.6933 13.5
      vertex 15 -17 13.5
      vertex 15.4358 -16.981 13.5
    endloop
  endfacet
  facet normal 0 0 -1
    outer loop
      vertex 15.3294 -19.6933 13.5
      vertex 14.5642 -16.981 13.5
      vertex 15 -17 13.5
    endloop
  endfacet
  facet normal 0 0 -1
    outer loop
      vertex 14.5628 -19.8633 13.5
      vertex 14.5642 -16.981 13.5
      vertex 15.3294 -19.6933 13.5
    endloop
  endfacet
  facet normal 0 0 -1
    outer loop
      vertex 14.5628 -19.8633 13.5
      vertex 14.1318 -16.924 13.5
      vertex 14.5642 -16.981 13.5
    endloop
  endfacet
  facet normal 0 0 -1
    outer loop
      vertex 13.7844 -19.9658 13.5
      vertex 14.1318 -16.924 13.5
      vertex 14.5628 -19.8633 13.5
    endloop
  endfacet
  facet normal 0 0 -1
    outer loop
      vertex 13.7844 -19.9658 13.5
      vertex 13.7059 -16.8296 13.5
      vertex 14.1318 -16.924 13.5
    endloop
  endfacet
  facet normal 0 0 -1
    outer loop
      vertex 13 -20 13.5
      vertex 13.7059 -16.8296 13.5
      vertex 13.7844 -19.9658 13.5
    endloop
  endfacet
  facet normal -0 0 -1
    outer loop
      vertex 13.7059 -16.8296 13.5
      vertex 13 -20 13.5
      vertex 13.2899 -16.6985 13.5
    endloop
  endfacet
  facet normal 0 0 -1
    outer loop
      vertex 13 -20 13.5
      vertex 12.8869 -16.5315 13.5
      vertex 13.2899 -16.6985 13.5
    endloop
  endfacet
  facet normal 0 0 -1
    outer loop
      vertex 13 -20 13.5
      vertex 12.5 -16.3301 13.5
      vertex 12.8869 -16.5315 13.5
    endloop
  endfacet
  facet normal 0 0 -1
    outer loop
      vertex 13 -20 13.5
      vertex 12.1321 -16.0958 13.5
      vertex 12.5 -16.3301 13.5
    endloop
  endfacet
  facet normal 0 0 -1
    outer loop
      vertex 13 -20 13.5
      vertex 11.7861 -15.8302 13.5
      vertex 12.1321 -16.0958 13.5
    endloop
  endfacet
  facet normal 0 0 -1
    outer loop
      vertex 13 -20 13.5
      vertex 11.4645 -15.5355 13.5
      vertex 11.7861 -15.8302 13.5
    endloop
  endfacet
  facet normal 0 0 -1
    outer loop
      vertex 13 -20 13.5
      vertex 11.1698 -15.2139 13.5
      vertex 11.4645 -15.5355 13.5
    endloop
  endfacet
  facet normal 0 0 -1
    outer loop
      vertex 13 -20 13.5
      vertex 10.9042 -14.8679 13.5
      vertex 11.1698 -15.2139 13.5
    endloop
  endfacet
  facet normal 0 0 -1
    outer loop
      vertex 4.96472 -10.8637 13.5
      vertex 10.9042 -14.8679 13.5
      vertex 13 -20 13.5
    endloop
  endfacet
  facet normal -0 -0 -1
    outer loop
      vertex 5.3054 -10.9392 13.5
      vertex 10.9042 -14.8679 13.5
      vertex 4.96472 -10.8637 13.5
    endloop
  endfacet
  facet normal 0 0 -1
    outer loop
      vertex 10.019 -12.4358 13.5
      vertex 6 -11 13.5
      vertex 10 -12 13.5
    endloop
  endfacet
  facet normal 0 0 -1
    outer loop
      vertex 10.076 -12.8682 13.5
      vertex 6 -11 13.5
      vertex 10.019 -12.4358 13.5
    endloop
  endfacet
  facet normal 0 0 -1
    outer loop
      vertex 10.1704 -13.2941 13.5
      vertex 6 -11 13.5
      vertex 10.076 -12.8682 13.5
    endloop
  endfacet
  facet normal 0 0 -1
    outer loop
      vertex 10.3015 -13.7101 13.5
      vertex 6 -11 13.5
      vertex 10.1704 -13.2941 13.5
    endloop
  endfacet
  facet normal 0 0 -1
    outer loop
      vertex 10.4685 -14.1131 13.5
      vertex 6 -11 13.5
      vertex 10.3015 -13.7101 13.5
    endloop
  endfacet
  facet normal 0 0 -1
    outer loop
      vertex 10.9042 -14.8679 13.5
      vertex 5.3054 -10.9392 13.5
      vertex 10.6699 -14.5 13.5
    endloop
  endfacet
  facet normal 0 0 -1
    outer loop
      vertex 10.4685 -14.1131 13.5
      vertex 5.65138 -10.9848 13.5
      vertex 6 -11 13.5
    endloop
  endfacet
  facet normal 0 0 -1
    outer loop
      vertex 10.6699 -14.5 13.5
      vertex 5.65138 -10.9848 13.5
      vertex 10.4685 -14.1131 13.5
    endloop
  endfacet
  facet normal -0 -0 -1
    outer loop
      vertex 5.65138 -10.9848 13.5
      vertex 10.6699 -14.5 13.5
      vertex 5.3054 -10.9392 13.5
    endloop
  endfacet
  facet normal 0 0 -1
    outer loop
      vertex 13 -20 13.5
      vertex 4.63191 -10.7588 13.5
      vertex 4.96472 -10.8637 13.5
    endloop
  endfacet
  facet normal 0 0 -1
    outer loop
      vertex -13 -20 13.5
      vertex 4.63191 -10.7588 13.5
      vertex 13 -20 13.5
    endloop
  endfacet
  facet normal -0 0 -1
    outer loop
      vertex 4.63191 -10.7588 13.5
      vertex -13 -20 13.5
      vertex 4.30952 -10.6252 13.5
    endloop
  endfacet
  facet normal -0 0 -1
    outer loop
      vertex 4.30952 -10.6252 13.5
      vertex -13 -20 13.5
      vertex 4 -10.4641 13.5
    endloop
  endfacet
  facet normal -0 0 -1
    outer loop
      vertex 4 -10.4641 13.5
      vertex -13 -20 13.5
      vertex 3.70569 -10.2766 13.5
    endloop
  endfacet
  facet normal -0 0 -1
    outer loop
      vertex 3.70569 -10.2766 13.5
      vertex -13 -20 13.5
      vertex 3.42885 -10.0642 13.5
    endloop
  endfacet
  facet normal 0 0 -1
    outer loop
      vertex 2.01523 -7.34862 13.5
      vertex -21 -7 13.5
      vertex 2 -7 13.5
    endloop
  endfacet
  facet normal 0 0 -1
    outer loop
      vertex -21 -7 13.5
      vertex 2.01523 -7.34862 13.5
      vertex -13 -20 13.5
    endloop
  endfacet
  facet normal -0 0 -1
    outer loop
      vertex 2.06078 -7.6946 13.5
      vertex -13 -20 13.5
      vertex 2.01523 -7.34862 13.5
    endloop
  endfacet
  facet normal -0 0 -1
    outer loop
      vertex 2.13629 -8.03528 13.5
      vertex -13 -20 13.5
      vertex 2.06078 -7.6946 13.5
    endloop
  endfacet
  facet normal -0 0 -1
    outer loop
      vertex 2.24123 -8.36809 13.5
      vertex -13 -20 13.5
      vertex 2.13629 -8.03528 13.5
    endloop
  endfacet
  facet normal -0 0 -1
    outer loop
      vertex 2.37477 -8.69048 13.5
      vertex -13 -20 13.5
      vertex 2.24123 -8.36809 13.5
    endloop
  endfacet
  facet normal -0 0 -1
    outer loop
      vertex 2.5359 -9 13.5
      vertex -13 -20 13.5
      vertex 2.37477 -8.69048 13.5
    endloop
  endfacet
  facet normal -0 0 -1
    outer loop
      vertex 2.72339 -9.29431 13.5
      vertex -13 -20 13.5
      vertex 2.5359 -9 13.5
    endloop
  endfacet
  facet normal -0 0 -1
    outer loop
      vertex 2.93582 -9.57115 13.5
      vertex -13 -20 13.5
      vertex 2.72339 -9.29431 13.5
    endloop
  endfacet
  facet normal -0 0 -1
    outer loop
      vertex 3.17157 -9.82843 13.5
      vertex -13 -20 13.5
      vertex 2.93582 -9.57115 13.5
    endloop
  endfacet
  facet normal -0 0 -1
    outer loop
      vertex 3.42885 -10.0642 13.5
      vertex -13 -20 13.5
      vertex 3.17157 -9.82843 13.5
    endloop
  endfacet
  facet normal 0 0 -1
    outer loop
      vertex 20 -12 13.5
      vertex 21.9658 -11.7844 13.5
      vertex 21.8633 -12.5628 13.5
    endloop
  endfacet
  facet normal 0 0 -1
    outer loop
      vertex 19.981 -12.4358 13.5
      vertex 21.8633 -12.5628 13.5
      vertex 21.6933 -13.3294 13.5
    endloop
  endfacet
  facet normal 0 0 -1
    outer loop
      vertex 19.981 -12.4358 13.5
      vertex 21.6933 -13.3294 13.5
      vertex 21.4572 -14.0782 13.5
    endloop
  endfacet
  facet normal 0 0 -1
    outer loop
      vertex 19.981 -12.4358 13.5
      vertex 21.4572 -14.0782 13.5
      vertex 21.1568 -14.8036 13.5
    endloop
  endfacet
  facet normal 0 0 -1
    outer loop
      vertex 19.981 -12.4358 13.5
      vertex 21.1568 -14.8036 13.5
      vertex 20.7942 -15.5 13.5
    endloop
  endfacet
  facet normal 0 0 -1
    outer loop
      vertex 19.0958 -14.8679 13.5
      vertex 20.7942 -15.5 13.5
      vertex 20.3724 -16.1622 13.5
    endloop
  endfacet
  facet normal -0 0 -1
    outer loop
      vertex 21.9658 -11.7844 13.5
      vertex 20 -12 13.5
      vertex 19.981 -11.5642 13.5
    endloop
  endfacet
  facet normal 0 0 -1
    outer loop
      vertex 21.9658 -11.7844 13.5
      vertex 19.981 -11.5642 13.5
      vertex 22 -11 13.5
    endloop
  endfacet
  facet normal 0 0 -1
    outer loop
      vertex 19.924 -11.1318 13.5
      vertex 22 -11 13.5
      vertex 19.981 -11.5642 13.5
    endloop
  endfacet
  facet normal -0 0 -1
    outer loop
      vertex 22 -11 13.5
      vertex 19.924 -11.1318 13.5
      vertex 19.8948 -11 13.5
    endloop
  endfacet
  facet normal 0 0 -1
    outer loop
      vertex 10.076 -11.1318 13.5
      vertex 6 -11 13.5
      vertex 10.1052 -11 13.5
    endloop
  endfacet
  facet normal 0 0 -1
    outer loop
      vertex 10.019 -11.5642 13.5
      vertex 6 -11 13.5
      vertex 10.076 -11.1318 13.5
    endloop
  endfacet
  facet normal 0 0 -1
    outer loop
      vertex 6 -11 13.5
      vertex 10.019 -11.5642 13.5
      vertex 10 -12 13.5
    endloop
  endfacet
  facet normal 0 0 -1
    outer loop
      vertex 6 11 13.5
      vertex 21.9658 11.7844 13.5
      vertex 22 11 13.5
    endloop
  endfacet
  facet normal -0 0 -1
    outer loop
      vertex 21.9658 11.7844 13.5
      vertex 6 11 13.5
      vertex 21.8633 12.5628 13.5
    endloop
  endfacet
  facet normal -0 0 -1
    outer loop
      vertex 21.8633 12.5628 13.5
      vertex 6 11 13.5
      vertex 21.6933 13.3294 13.5
    endloop
  endfacet
  facet normal -0 0 -1
    outer loop
      vertex 21.6933 13.3294 13.5
      vertex 6 11 13.5
      vertex 21.4572 14.0782 13.5
    endloop
  endfacet
  facet normal -0 0 -1
    outer loop
      vertex 21.4572 14.0782 13.5
      vertex 6 11 13.5
      vertex 21.1568 14.8036 13.5
    endloop
  endfacet
  facet normal -0 0 -1
    outer loop
      vertex 21.1568 14.8036 13.5
      vertex 6 11 13.5
      vertex 20.7942 15.5 13.5
    endloop
  endfacet
  facet normal -0 0 -1
    outer loop
      vertex 20.7942 15.5 13.5
      vertex 6 11 13.5
      vertex 20.3724 16.1622 13.5
    endloop
  endfacet
  facet normal -0 0 -1
    outer loop
      vertex 20.3724 16.1622 13.5
      vertex 6 11 13.5
      vertex 19.8944 16.7851 13.5
    endloop
  endfacet
  facet normal -0 0 -1
    outer loop
      vertex 19.8944 16.7851 13.5
      vertex 6 11 13.5
      vertex 19.364 17.364 13.5
    endloop
  endfacet
  facet normal -0 0 -1
    outer loop
      vertex 19.364 17.364 13.5
      vertex 6 11 13.5
      vertex 18.7851 17.8944 13.5
    endloop
  endfacet
  facet normal -0 0 -1
    outer loop
      vertex 18.7851 17.8944 13.5
      vertex 6 11 13.5
      vertex 18.1622 18.3724 13.5
    endloop
  endfacet
  facet normal -0 0 -1
    outer loop
      vertex 18.1622 18.3724 13.5
      vertex 6 11 13.5
      vertex 17.5 18.7942 13.5
    endloop
  endfacet
  facet normal -0 0 -1
    outer loop
      vertex 17.5 18.7942 13.5
      vertex 6 11 13.5
      vertex 16.8036 19.1568 13.5
    endloop
  endfacet
  facet normal -0 0 -1
    outer loop
      vertex 16.8036 19.1568 13.5
      vertex 6 11 13.5
      vertex 16.0782 19.4572 13.5
    endloop
  endfacet
  facet normal -0 0 -1
    outer loop
      vertex 16.0782 19.4572 13.5
      vertex 6 11 13.5
      vertex 15.3294 19.6933 13.5
    endloop
  endfacet
  facet normal -0 0 -1
    outer loop
      vertex 15.3294 19.6933 13.5
      vertex 6 11 13.5
      vertex 14.5628 19.8633 13.5
    endloop
  endfacet
  facet normal -0 0 -1
    outer loop
      vertex 14.5628 19.8633 13.5
      vertex 6 11 13.5
      vertex 13.7844 19.9658 13.5
    endloop
  endfacet
  facet normal -0 0 -1
    outer loop
      vertex 13.7844 19.9658 13.5
      vertex 6 11 13.5
      vertex 13 20 13.5
    endloop
  endfacet
  facet normal 0 0 -1
    outer loop
      vertex 5.65138 10.9848 13.5
      vertex 13 20 13.5
      vertex 6 11 13.5
    endloop
  endfacet
  facet normal 0 0 -1
    outer loop
      vertex 5.3054 10.9392 13.5
      vertex 13 20 13.5
      vertex 5.65138 10.9848 13.5
    endloop
  endfacet
  facet normal 0 0 -1
    outer loop
      vertex 4.96472 10.8637 13.5
      vertex 13 20 13.5
      vertex 5.3054 10.9392 13.5
    endloop
  endfacet
  facet normal 0 0 -1
    outer loop
      vertex 4.63191 10.7588 13.5
      vertex 13 20 13.5
      vertex 4.96472 10.8637 13.5
    endloop
  endfacet
  facet normal 0 0 -1
    outer loop
      vertex -13 20 13.5
      vertex 4.63191 10.7588 13.5
      vertex 4.30952 10.6252 13.5
    endloop
  endfacet
  facet normal 0 0 -1
    outer loop
      vertex -13 20 13.5
      vertex 4.30952 10.6252 13.5
      vertex 4 10.4641 13.5
    endloop
  endfacet
  facet normal 0 0 -1
    outer loop
      vertex -13 20 13.5
      vertex 4 10.4641 13.5
      vertex 3.70569 10.2766 13.5
    endloop
  endfacet
  facet normal 0 0 -1
    outer loop
      vertex -13 20 13.5
      vertex 3.70569 10.2766 13.5
      vertex 3.42885 10.0642 13.5
    endloop
  endfacet
  facet normal 0 0 -1
    outer loop
      vertex -13 20 13.5
      vertex 3.42885 10.0642 13.5
      vertex 3.17157 9.82843 13.5
    endloop
  endfacet
  facet normal 0 0 -1
    outer loop
      vertex -21 -3 13.5
      vertex 2 -7 13.5
      vertex -21 -5.8 13.5
    endloop
  endfacet
  facet normal 0 0 -1
    outer loop
      vertex -21 -1.8 13.5
      vertex 2 -7 13.5
      vertex -21 -3 13.5
    endloop
  endfacet
  facet normal 0 0 -1
    outer loop
      vertex -21 1 13.5
      vertex 2 -7 13.5
      vertex -21 -1.8 13.5
    endloop
  endfacet
  facet normal 0 0 -1
    outer loop
      vertex 2 -7 13.5
      vertex -21 1 13.5
      vertex 2 7 13.5
    endloop
  endfacet
  facet normal 0 0 -1
    outer loop
      vertex -21 2.2 13.5
      vertex 2 7 13.5
      vertex -21 1 13.5
    endloop
  endfacet
  facet normal -0 0 -1
    outer loop
      vertex 2 7 13.5
      vertex -21 2.2 13.5
      vertex 2.01523 7.34862 13.5
    endloop
  endfacet
  facet normal 0 0 -1
    outer loop
      vertex 4.63191 10.7588 13.5
      vertex -13 20 13.5
      vertex 13 20 13.5
    endloop
  endfacet
  facet normal 0 0 -1
    outer loop
      vertex 2.93582 9.57115 13.5
      vertex -13 20 13.5
      vertex 3.17157 9.82843 13.5
    endloop
  endfacet
  facet normal 0 0 -1
    outer loop
      vertex 2.72339 9.29431 13.5
      vertex -13 20 13.5
      vertex 2.93582 9.57115 13.5
    endloop
  endfacet
  facet normal 0 0 -1
    outer loop
      vertex 2.5359 9 13.5
      vertex -13 20 13.5
      vertex 2.72339 9.29431 13.5
    endloop
  endfacet
  facet normal 0 0 -1
    outer loop
      vertex -22 11 13.5
      vertex 2.01523 7.34862 13.5
      vertex -21 2.2 13.5
    endloop
  endfacet
  facet normal 0 0 -1
    outer loop
      vertex -21 -7 13.5
      vertex -13 -20 13.5
      vertex -13.7844 -19.9658 13.5
    endloop
  endfacet
  facet normal 0 0 -1
    outer loop
      vertex 2.24123 8.36809 13.5
      vertex -13 20 13.5
      vertex 2.37477 8.69048 13.5
    endloop
  endfacet
  facet normal 0 0 -1
    outer loop
      vertex -21 -7 13.5
      vertex -13.7844 -19.9658 13.5
      vertex -14.5628 -19.8633 13.5
    endloop
  endfacet
  facet normal 0 0 -1
    outer loop
      vertex 2.37477 8.69048 13.5
      vertex -13 20 13.5
      vertex 2.5359 9 13.5
    endloop
  endfacet
  facet normal 0 0 -1
    outer loop
      vertex -21 -7 13.5
      vertex -14.5628 -19.8633 13.5
      vertex -15.3294 -19.6933 13.5
    endloop
  endfacet
  facet normal 0 0 -1
    outer loop
      vertex 2.13629 8.03528 13.5
      vertex -13 20 13.5
      vertex 2.24123 8.36809 13.5
    endloop
  endfacet
  facet normal 0 0 -1
    outer loop
      vertex -21 -7 13.5
      vertex -15.3294 -19.6933 13.5
      vertex -16.0782 -19.4572 13.5
    endloop
  endfacet
  facet normal 0 0 -1
    outer loop
      vertex -13 20 13.5
      vertex -22 11 13.5
      vertex -13.7844 19.9658 13.5
    endloop
  endfacet
  facet normal 0 0 -1
    outer loop
      vertex -21 -7 13.5
      vertex -16.0782 -19.4572 13.5
      vertex -16.8036 -19.1568 13.5
    endloop
  endfacet
  facet normal 0 0 -1
    outer loop
      vertex -13.7844 19.9658 13.5
      vertex -22 11 13.5
      vertex -14.5628 19.8633 13.5
    endloop
  endfacet
  facet normal 0 0 -1
    outer loop
      vertex -21 -7 13.5
      vertex -16.8036 -19.1568 13.5
      vertex -17.5 -18.7942 13.5
    endloop
  endfacet
  facet normal 0 0 -1
    outer loop
      vertex 2.06078 7.6946 13.5
      vertex -13 20 13.5
      vertex 2.13629 8.03528 13.5
    endloop
  endfacet
  facet normal 0 0 -1
    outer loop
      vertex -21 -7 13.5
      vertex -17.5 -18.7942 13.5
      vertex -18.1622 -18.3724 13.5
    endloop
  endfacet
  facet normal 0 0 -1
    outer loop
      vertex -14.5628 19.8633 13.5
      vertex -22 11 13.5
      vertex -15.3294 19.6933 13.5
    endloop
  endfacet
  facet normal 0 0 -1
    outer loop
      vertex -21 -7 13.5
      vertex -18.1622 -18.3724 13.5
      vertex -18.7851 -17.8944 13.5
    endloop
  endfacet
  facet normal 0 0 -1
    outer loop
      vertex -15.3294 19.6933 13.5
      vertex -22 11 13.5
      vertex -16.0782 19.4572 13.5
    endloop
  endfacet
  facet normal 0 0 -1
    outer loop
      vertex -21 -7 13.5
      vertex -18.7851 -17.8944 13.5
      vertex -19.364 -17.364 13.5
    endloop
  endfacet
  facet normal 0 0 -1
    outer loop
      vertex -16.0782 19.4572 13.5
      vertex -22 11 13.5
      vertex -16.8036 19.1568 13.5
    endloop
  endfacet
  facet normal 0 0 -1
    outer loop
      vertex -21 -7 13.5
      vertex -19.364 -17.364 13.5
      vertex -19.8944 -16.7851 13.5
    endloop
  endfacet
  facet normal 0 0 -1
    outer loop
      vertex -16.8036 19.1568 13.5
      vertex -22 11 13.5
      vertex -17.5 18.7942 13.5
    endloop
  endfacet
  facet normal 0 0 -1
    outer loop
      vertex -21 -7 13.5
      vertex -19.8944 -16.7851 13.5
      vertex -20.3724 -16.1622 13.5
    endloop
  endfacet
  facet normal 0 0 -1
    outer loop
      vertex -17.5 18.7942 13.5
      vertex -22 11 13.5
      vertex -18.1622 18.3724 13.5
    endloop
  endfacet
  facet normal 0 0 -1
    outer loop
      vertex -21 -7 13.5
      vertex -20.3724 -16.1622 13.5
      vertex -20.7942 -15.5 13.5
    endloop
  endfacet
  facet normal 0 0 -1
    outer loop
      vertex 2.01523 7.34862 13.5
      vertex -13 20 13.5
      vertex 2.06078 7.6946 13.5
    endloop
  endfacet
  facet normal 0 0 -1
    outer loop
      vertex 2 -7 13.5
      vertex -21 -7 13.5
      vertex -21 -5.8 13.5
    endloop
  endfacet
  facet normal 0 0 -1
    outer loop
      vertex -21.1568 -14.8036 13.5
      vertex -21 -7 13.5
      vertex -20.7942 -15.5 13.5
    endloop
  endfacet
  facet normal 0 0 -1
    outer loop
      vertex -21.4572 -14.0782 13.5
      vertex -21 -7 13.5
      vertex -21.1568 -14.8036 13.5
    endloop
  endfacet
  facet normal 0 0 -1
    outer loop
      vertex -21.6933 -13.3294 13.5
      vertex -21 -7 13.5
      vertex -21.4572 -14.0782 13.5
    endloop
  endfacet
  facet normal 0 0 -1
    outer loop
      vertex -21.8633 -12.5628 13.5
      vertex -21 -7 13.5
      vertex -21.6933 -13.3294 13.5
    endloop
  endfacet
  facet normal 0 0 -1
    outer loop
      vertex -21.9658 -11.7844 13.5
      vertex -21 -7 13.5
      vertex -21.8633 -12.5628 13.5
    endloop
  endfacet
  facet normal 0 0 -1
    outer loop
      vertex -22 -11 13.5
      vertex -21 -7 13.5
      vertex -21.9658 -11.7844 13.5
    endloop
  endfacet
  facet normal -0 0 -1
    outer loop
      vertex -21 -7 13.5
      vertex -22 -11 13.5
      vertex -22 -7 13.5
    endloop
  endfacet
  facet normal 0 0 -1
    outer loop
      vertex -22 -1.8 13.5
      vertex -21 1 13.5
      vertex -21 -1.8 13.5
    endloop
  endfacet
  facet normal -0 0 -1
    outer loop
      vertex -21 1 13.5
      vertex -22 -1.8 13.5
      vertex -22 1 13.5
    endloop
  endfacet
  facet normal 0 0 -1
    outer loop
      vertex -22 -5.8 13.5
      vertex -21 -3 13.5
      vertex -21 -5.8 13.5
    endloop
  endfacet
  facet normal -0 0 -1
    outer loop
      vertex -21 -3 13.5
      vertex -22 -5.8 13.5
      vertex -22 -3 13.5
    endloop
  endfacet
  facet normal 0 -0 -1
    outer loop
      vertex -13 20 13.5
      vertex 2.01523 7.34862 13.5
      vertex -22 11 13.5
    endloop
  endfacet
  facet normal 0 0 -1
    outer loop
      vertex -18.1622 18.3724 13.5
      vertex -22 11 13.5
      vertex -18.7851 17.8944 13.5
    endloop
  endfacet
  facet normal 0 0 -1
    outer loop
      vertex -18.7851 17.8944 13.5
      vertex -22 11 13.5
      vertex -19.364 17.364 13.5
    endloop
  endfacet
  facet normal 0 0 -1
    outer loop
      vertex -19.364 17.364 13.5
      vertex -22 11 13.5
      vertex -19.8944 16.7851 13.5
    endloop
  endfacet
  facet normal 0 0 -1
    outer loop
      vertex -19.8944 16.7851 13.5
      vertex -22 11 13.5
      vertex -20.3724 16.1622 13.5
    endloop
  endfacet
  facet normal 0 0 -1
    outer loop
      vertex -20.3724 16.1622 13.5
      vertex -22 11 13.5
      vertex -20.7942 15.5 13.5
    endloop
  endfacet
  facet normal 0 0 -1
    outer loop
      vertex -20.7942 15.5 13.5
      vertex -22 11 13.5
      vertex -21.1568 14.8036 13.5
    endloop
  endfacet
  facet normal 0 0 -1
    outer loop
      vertex -21.1568 14.8036 13.5
      vertex -22 11 13.5
      vertex -21.4572 14.0782 13.5
    endloop
  endfacet
  facet normal 0 0 -1
    outer loop
      vertex -21.4572 14.0782 13.5
      vertex -22 11 13.5
      vertex -21.6933 13.3294 13.5
    endloop
  endfacet
  facet normal 0 0 -1
    outer loop
      vertex -21.6933 13.3294 13.5
      vertex -22 11 13.5
      vertex -21.8633 12.5628 13.5
    endloop
  endfacet
  facet normal 0 0 -1
    outer loop
      vertex -22 11 13.5
      vertex -21 2.2 13.5
      vertex -22 2.2 13.5
    endloop
  endfacet
  facet normal 0 0 -1
    outer loop
      vertex -21.8633 12.5628 13.5
      vertex -22 11 13.5
      vertex -21.9658 11.7844 13.5
    endloop
  endfacet
  facet normal 0.991441 -0.130553 0
    outer loop
      vertex -21.9658 11.7844 13.5
      vertex -21.8633 12.5628 1.45
      vertex -21.8633 12.5628 13.5
    endloop
  endfacet
  facet normal 0.991441 -0.130553 0
    outer loop
      vertex -21.8633 12.5628 1.45
      vertex -21.9658 11.7844 13.5
      vertex -21.9658 11.7844 1.45
    endloop
  endfacet
  facet normal 0.608787 0.793334 -0
    outer loop
      vertex -18.1622 -18.3724 1.45
      vertex -18.7851 -17.8944 13.5
      vertex -18.1622 -18.3724 13.5
    endloop
  endfacet
  facet normal 0.608787 0.793334 0
    outer loop
      vertex -18.7851 -17.8944 13.5
      vertex -18.1622 -18.3724 1.45
      vertex -18.7851 -17.8944 1.45
    endloop
  endfacet
  facet normal -0.216499 0.976283 0
    outer loop
      vertex 15.3294 -19.6933 1.45
      vertex 14.5628 -19.8633 13.5
      vertex 15.3294 -19.6933 13.5
    endloop
  endfacet
  facet normal -0.216499 0.976283 0
    outer loop
      vertex 14.5628 -19.8633 13.5
      vertex 15.3294 -19.6933 1.45
      vertex 14.5628 -19.8633 1.45
    endloop
  endfacet
  facet normal -0.976283 0.216499 0
    outer loop
      vertex 21.6933 -13.3294 1.45
      vertex 21.8633 -12.5628 13.5
      vertex 21.8633 -12.5628 1.45
    endloop
  endfacet
  facet normal -0.976283 0.216499 0
    outer loop
      vertex 21.8633 -12.5628 13.5
      vertex 21.6933 -13.3294 1.45
      vertex 21.6933 -13.3294 13.5
    endloop
  endfacet
  facet normal -0.953715 0.300711 0
    outer loop
      vertex 21.4572 -14.0782 1.45
      vertex 21.6933 -13.3294 13.5
      vertex 21.6933 -13.3294 1.45
    endloop
  endfacet
  facet normal -0.953715 0.300711 0
    outer loop
      vertex 21.6933 -13.3294 13.5
      vertex 21.4572 -14.0782 1.45
      vertex 21.4572 -14.0782 13.5
    endloop
  endfacet
  facet normal -0.999051 0.0435588 0
    outer loop
      vertex 21.9658 -11.7844 1.45
      vertex 22 -11 13.49
      vertex 22 -11 1.45
    endloop
  endfacet
  facet normal -0.999051 0.0435588 0
    outer loop
      vertex 21.9658 -11.7844 13.5
      vertex 22 -11 13.49
      vertex 21.9658 -11.7844 1.45
    endloop
  endfacet
  facet normal -0.999051 0.0435588 0
    outer loop
      vertex 22 -11 13.49
      vertex 21.9658 -11.7844 13.5
      vertex 22 -11 13.5
    endloop
  endfacet
  facet normal -0.843431 -0.537238 0
    outer loop
      vertex 20.7942 15.5 1.45
      vertex 20.3724 16.1622 13.5
      vertex 20.3724 16.1622 1.45
    endloop
  endfacet
  facet normal -0.843431 -0.537238 0
    outer loop
      vertex 20.3724 16.1622 13.5
      vertex 20.7942 15.5 1.45
      vertex 20.7942 15.5 13.5
    endloop
  endfacet
  facet normal -0.953715 -0.300711 0
    outer loop
      vertex 21.6933 13.3294 1.45
      vertex 21.4572 14.0782 13.5
      vertex 21.4572 14.0782 1.45
    endloop
  endfacet
  facet normal -0.953715 -0.300711 0
    outer loop
      vertex 21.4572 14.0782 13.5
      vertex 21.6933 13.3294 1.45
      vertex 21.6933 13.3294 13.5
    endloop
  endfacet
  facet normal -0.608787 -0.793334 0
    outer loop
      vertex 18.1622 18.3724 1.45
      vertex 18.7851 17.8944 13.5
      vertex 18.1622 18.3724 13.5
    endloop
  endfacet
  facet normal -0.608787 -0.793334 -0
    outer loop
      vertex 18.7851 17.8944 13.5
      vertex 18.1622 18.3724 1.45
      vertex 18.7851 17.8944 1.45
    endloop
  endfacet
  facet normal -0.675546 -0.737318 0
    outer loop
      vertex 18.7851 17.8944 1.45
      vertex 19.364 17.364 13.5
      vertex 18.7851 17.8944 13.5
    endloop
  endfacet
  facet normal -0.675546 -0.737318 -0
    outer loop
      vertex 19.364 17.364 13.5
      vertex 18.7851 17.8944 1.45
      vertex 19.364 17.364 1.45
    endloop
  endfacet
  facet normal -0.382607 -0.923911 0
    outer loop
      vertex 16.0782 19.4572 1.45
      vertex 16.8036 19.1568 13.5
      vertex 16.0782 19.4572 13.5
    endloop
  endfacet
  facet normal -0.382607 -0.923911 -0
    outer loop
      vertex 16.8036 19.1568 13.5
      vertex 16.0782 19.4572 1.45
      vertex 16.8036 19.1568 1.45
    endloop
  endfacet
  facet normal -0.216499 -0.976283 0
    outer loop
      vertex 14.5628 19.8633 1.45
      vertex 15.3294 19.6933 13.5
      vertex 14.5628 19.8633 13.5
    endloop
  endfacet
  facet normal -0.216499 -0.976283 -0
    outer loop
      vertex 15.3294 19.6933 13.5
      vertex 14.5628 19.8633 1.45
      vertex 15.3294 19.6933 1.45
    endloop
  endfacet
  facet normal -0.300711 -0.953715 0
    outer loop
      vertex 15.3294 19.6933 1.45
      vertex 16.0782 19.4572 13.5
      vertex 15.3294 19.6933 13.5
    endloop
  endfacet
  facet normal -0.300711 -0.953715 -0
    outer loop
      vertex 16.0782 19.4572 13.5
      vertex 15.3294 19.6933 1.45
      vertex 16.0782 19.4572 1.45
    endloop
  endfacet
  facet normal 0.461826 -0.886971 0
    outer loop
      vertex -17.5 18.7942 1.45
      vertex -16.8036 19.1568 13.5
      vertex -17.5 18.7942 13.5
    endloop
  endfacet
  facet normal 0.461826 -0.886971 0
    outer loop
      vertex -16.8036 19.1568 13.5
      vertex -17.5 18.7942 1.45
      vertex -16.8036 19.1568 1.45
    endloop
  endfacet
  facet normal 0.382607 -0.923911 0
    outer loop
      vertex -16.8036 19.1568 1.45
      vertex -16.0782 19.4572 13.5
      vertex -16.8036 19.1568 13.5
    endloop
  endfacet
  facet normal 0.382607 -0.923911 0
    outer loop
      vertex -16.0782 19.4572 13.5
      vertex -16.8036 19.1568 1.45
      vertex -16.0782 19.4572 1.45
    endloop
  endfacet
  facet normal 0.216499 -0.976283 0
    outer loop
      vertex -15.3294 19.6933 1.45
      vertex -14.5628 19.8633 13.5
      vertex -15.3294 19.6933 13.5
    endloop
  endfacet
  facet normal 0.216499 -0.976283 0
    outer loop
      vertex -14.5628 19.8633 13.5
      vertex -15.3294 19.6933 1.45
      vertex -14.5628 19.8633 1.45
    endloop
  endfacet
  facet normal 0.886971 -0.461826 0
    outer loop
      vertex -21.1568 14.8036 13.5
      vertex -20.7942 15.5 1.45
      vertex -20.7942 15.5 13.5
    endloop
  endfacet
  facet normal 0.886971 -0.461826 0
    outer loop
      vertex -20.7942 15.5 1.45
      vertex -21.1568 14.8036 13.5
      vertex -21.1568 14.8036 1.45
    endloop
  endfacet
  facet normal 0.886971 0.461826 0
    outer loop
      vertex -20.7942 -15.5 13.5
      vertex -21.1568 -14.8036 1.45
      vertex -21.1568 -14.8036 13.5
    endloop
  endfacet
  facet normal 0.886971 0.461826 0
    outer loop
      vertex -21.1568 -14.8036 1.45
      vertex -20.7942 -15.5 13.5
      vertex -20.7942 -15.5 1.45
    endloop
  endfacet
  facet normal -0.382607 0.923911 0
    outer loop
      vertex 16.8036 -19.1568 1.45
      vertex 16.0782 -19.4572 13.5
      vertex 16.8036 -19.1568 13.5
    endloop
  endfacet
  facet normal -0.382607 0.923911 0
    outer loop
      vertex 16.0782 -19.4572 13.5
      vertex 16.8036 -19.1568 1.45
      vertex 16.0782 -19.4572 1.45
    endloop
  endfacet
  facet normal -0.300711 0.953715 0
    outer loop
      vertex 16.0782 -19.4572 1.45
      vertex 15.3294 -19.6933 13.5
      vertex 16.0782 -19.4572 13.5
    endloop
  endfacet
  facet normal -0.300711 0.953715 0
    outer loop
      vertex 15.3294 -19.6933 13.5
      vertex 16.0782 -19.4572 1.45
      vertex 15.3294 -19.6933 1.45
    endloop
  endfacet
  facet normal -0.461826 0.886971 0
    outer loop
      vertex 17.5 -18.7942 1.45
      vertex 16.8036 -19.1568 13.5
      vertex 17.5 -18.7942 13.5
    endloop
  endfacet
  facet normal -0.461826 0.886971 0
    outer loop
      vertex 16.8036 -19.1568 13.5
      vertex 17.5 -18.7942 1.45
      vertex 16.8036 -19.1568 1.45
    endloop
  endfacet
  facet normal -0.608787 0.793334 0
    outer loop
      vertex 18.7851 -17.8944 1.45
      vertex 18.1622 -18.3724 13.5
      vertex 18.7851 -17.8944 13.5
    endloop
  endfacet
  facet normal -0.608787 0.793334 0
    outer loop
      vertex 18.1622 -18.3724 13.5
      vertex 18.7851 -17.8944 1.45
      vertex 18.1622 -18.3724 1.45
    endloop
  endfacet
  facet normal -0.923911 0.382607 0
    outer loop
      vertex 21.1568 -14.8036 1.45
      vertex 21.4572 -14.0782 13.5
      vertex 21.4572 -14.0782 1.45
    endloop
  endfacet
  facet normal -0.923911 0.382607 0
    outer loop
      vertex 21.4572 -14.0782 13.5
      vertex 21.1568 -14.8036 1.45
      vertex 21.1568 -14.8036 13.5
    endloop
  endfacet
  facet normal -0.886971 0.461826 0
    outer loop
      vertex 20.7942 -15.5 1.45
      vertex 21.1568 -14.8036 13.5
      vertex 21.1568 -14.8036 1.45
    endloop
  endfacet
  facet normal -0.886971 0.461826 0
    outer loop
      vertex 21.1568 -14.8036 13.5
      vertex 20.7942 -15.5 1.45
      vertex 20.7942 -15.5 13.5
    endloop
  endfacet
  facet normal -0.793334 0.608787 0
    outer loop
      vertex 19.8944 -16.7851 1.45
      vertex 20.3724 -16.1622 13.5
      vertex 20.3724 -16.1622 1.45
    endloop
  endfacet
  facet normal -0.793334 0.608787 0
    outer loop
      vertex 20.3724 -16.1622 13.5
      vertex 19.8944 -16.7851 1.45
      vertex 19.8944 -16.7851 13.5
    endloop
  endfacet
  facet normal -0.737318 0.675546 0
    outer loop
      vertex 19.364 -17.364 1.45
      vertex 19.8944 -16.7851 13.5
      vertex 19.8944 -16.7851 1.45
    endloop
  endfacet
  facet normal -0.737318 0.675546 0
    outer loop
      vertex 19.8944 -16.7851 13.5
      vertex 19.364 -17.364 1.45
      vertex 19.364 -17.364 13.5
    endloop
  endfacet
  facet normal -0.886971 -0.461826 0
    outer loop
      vertex 21.1568 14.8036 1.45
      vertex 20.7942 15.5 13.5
      vertex 20.7942 15.5 1.45
    endloop
  endfacet
  facet normal -0.886971 -0.461826 0
    outer loop
      vertex 20.7942 15.5 13.5
      vertex 21.1568 14.8036 1.45
      vertex 21.1568 14.8036 13.5
    endloop
  endfacet
  facet normal -0.923911 -0.382607 0
    outer loop
      vertex 21.4572 14.0782 1.45
      vertex 21.1568 14.8036 13.5
      vertex 21.1568 14.8036 1.45
    endloop
  endfacet
  facet normal -0.923911 -0.382607 0
    outer loop
      vertex 21.1568 14.8036 13.5
      vertex 21.4572 14.0782 1.45
      vertex 21.4572 14.0782 13.5
    endloop
  endfacet
  facet normal -0.976283 -0.216499 0
    outer loop
      vertex 21.8633 12.5628 1.45
      vertex 21.6933 13.3294 13.5
      vertex 21.6933 13.3294 1.45
    endloop
  endfacet
  facet normal -0.976283 -0.216499 0
    outer loop
      vertex 21.6933 13.3294 13.5
      vertex 21.8633 12.5628 1.45
      vertex 21.8633 12.5628 13.5
    endloop
  endfacet
  facet normal -0.991441 -0.130553 0
    outer loop
      vertex 21.9658 11.7844 1.45
      vertex 21.8633 12.5628 13.5
      vertex 21.8633 12.5628 1.45
    endloop
  endfacet
  facet normal -0.991441 -0.130553 0
    outer loop
      vertex 21.8633 12.5628 13.5
      vertex 21.9658 11.7844 1.45
      vertex 21.9658 11.7844 13.5
    endloop
  endfacet
  facet normal -0.130553 -0.991441 0
    outer loop
      vertex 13.7844 19.9658 1.45
      vertex 14.5628 19.8633 13.5
      vertex 13.7844 19.9658 13.5
    endloop
  endfacet
  facet normal -0.130553 -0.991441 -0
    outer loop
      vertex 14.5628 19.8633 13.5
      vertex 13.7844 19.9658 1.45
      vertex 14.5628 19.8633 1.45
    endloop
  endfacet
  facet normal 0.793334 -0.608787 0
    outer loop
      vertex -20.3724 16.1622 13.5
      vertex -19.8944 16.7851 1.45
      vertex -19.8944 16.7851 13.5
    endloop
  endfacet
  facet normal 0.793334 -0.608787 0
    outer loop
      vertex -19.8944 16.7851 1.45
      vertex -20.3724 16.1622 13.5
      vertex -20.3724 16.1622 1.45
    endloop
  endfacet
  facet normal 0.737318 -0.675546 0
    outer loop
      vertex -19.8944 16.7851 13.5
      vertex -19.364 17.364 1.45
      vertex -19.364 17.364 13.5
    endloop
  endfacet
  facet normal 0.737318 -0.675546 0
    outer loop
      vertex -19.364 17.364 1.45
      vertex -19.8944 16.7851 13.5
      vertex -19.8944 16.7851 1.45
    endloop
  endfacet
  facet normal 0.923911 -0.382607 0
    outer loop
      vertex -21.4572 14.0782 13.5
      vertex -21.1568 14.8036 1.45
      vertex -21.1568 14.8036 13.5
    endloop
  endfacet
  facet normal 0.923911 -0.382607 0
    outer loop
      vertex -21.1568 14.8036 1.45
      vertex -21.4572 14.0782 13.5
      vertex -21.4572 14.0782 1.45
    endloop
  endfacet
  facet normal -0.537238 0.843431 0
    outer loop
      vertex 18.1622 -18.3724 1.45
      vertex 17.5 -18.7942 13.5
      vertex 18.1622 -18.3724 13.5
    endloop
  endfacet
  facet normal -0.537238 0.843431 0
    outer loop
      vertex 17.5 -18.7942 13.5
      vertex 18.1622 -18.3724 1.45
      vertex 17.5 -18.7942 1.45
    endloop
  endfacet
  facet normal -0.675546 0.737318 0
    outer loop
      vertex 19.364 -17.364 1.45
      vertex 18.7851 -17.8944 13.5
      vertex 19.364 -17.364 13.5
    endloop
  endfacet
  facet normal -0.675546 0.737318 0
    outer loop
      vertex 18.7851 -17.8944 13.5
      vertex 19.364 -17.364 1.45
      vertex 18.7851 -17.8944 1.45
    endloop
  endfacet
  facet normal -0.0435588 0.999051 0
    outer loop
      vertex 14.3844 -20.5658 0
      vertex 13.6 -20.6 1.45
      vertex 14.3844 -20.5658 1.45
    endloop
  endfacet
  facet normal -0.0435588 0.999051 0
    outer loop
      vertex 13.6 -20.6 1.45
      vertex 14.3844 -20.5658 0
      vertex 13.6 -20.6 0
    endloop
  endfacet
  facet normal -0.130553 0.991441 0
    outer loop
      vertex 15.1628 -20.4633 0
      vertex 14.3844 -20.5658 1.45
      vertex 15.1628 -20.4633 1.45
    endloop
  endfacet
  facet normal -0.130553 0.991441 0
    outer loop
      vertex 14.3844 -20.5658 1.45
      vertex 15.1628 -20.4633 0
      vertex 14.3844 -20.5658 0
    endloop
  endfacet
  facet normal 0.0435588 0.999051 -0
    outer loop
      vertex -13.6 -20.6 0
      vertex -14.3844 -20.5658 1.45
      vertex -13.6 -20.6 1.45
    endloop
  endfacet
  facet normal 0.0435588 0.999051 0
    outer loop
      vertex -14.3844 -20.5658 1.45
      vertex -13.6 -20.6 0
      vertex -14.3844 -20.5658 0
    endloop
  endfacet
  facet normal 0.793334 0.608787 0
    outer loop
      vertex -20.4944 -17.3851 1.45
      vertex -20.9724 -16.7622 0
      vertex -20.9724 -16.7622 1.45
    endloop
  endfacet
  facet normal 0.793334 0.608787 0
    outer loop
      vertex -20.9724 -16.7622 0
      vertex -20.4944 -17.3851 1.45
      vertex -20.4944 -17.3851 0
    endloop
  endfacet
  facet normal 0 1 -0
    outer loop
      vertex 13.6 -20.6 0
      vertex -13.6 -20.6 1.45
      vertex 13.6 -20.6 1.45
    endloop
  endfacet
  facet normal 0 1 0
    outer loop
      vertex -13.6 -20.6 1.45
      vertex 13.6 -20.6 0
      vertex -13.6 -20.6 0
    endloop
  endfacet
  facet normal 0.0435588 -0.999051 0
    outer loop
      vertex -14.3844 20.5658 0
      vertex -13.6 20.6 1.45
      vertex -14.3844 20.5658 1.45
    endloop
  endfacet
  facet normal 0.0435588 -0.999051 0
    outer loop
      vertex -13.6 20.6 1.45
      vertex -14.3844 20.5658 0
      vertex -13.6 20.6 0
    endloop
  endfacet
  facet normal 0 -1 0
    outer loop
      vertex -13.6 20.6 0
      vertex 13.6 20.6 1.45
      vertex -13.6 20.6 1.45
    endloop
  endfacet
  facet normal 0 -1 -0
    outer loop
      vertex 13.6 20.6 1.45
      vertex -13.6 20.6 0
      vertex 13.6 20.6 0
    endloop
  endfacet
  facet normal -0.991441 0.130553 0
    outer loop
      vertex 22.4633 -13.1628 1.45
      vertex 22.5658 -12.3844 0.734115
      vertex 22.4633 -13.1628 0.488678
    endloop
  endfacet
  facet normal -0.991441 0.130553 0
    outer loop
      vertex 22.5658 -12.3844 0.734115
      vertex 22.4633 -13.1628 1.45
      vertex 22.5658 -12.3844 1.45
    endloop
  endfacet
  facet normal -0.0435588 -0.999051 0
    outer loop
      vertex 13.6 20.6 0
      vertex 14.3844 20.5658 1.45
      vertex 13.6 20.6 1.45
    endloop
  endfacet
  facet normal -0.0435588 -0.999051 -0
    outer loop
      vertex 14.3844 20.5658 1.45
      vertex 13.6 20.6 0
      vertex 14.3844 20.5658 0
    endloop
  endfacet
  facet normal 0.976283 -0.216499 0
    outer loop
      vertex -22.4633 13.1628 0.488678
      vertex -22.2933 13.9294 1.45
      vertex -22.4633 13.1628 1.45
    endloop
  endfacet
  facet normal 0.976283 -0.216499 0
    outer loop
      vertex -22.2933 13.9294 1.45
      vertex -22.4633 13.1628 0.488678
      vertex -22.2933 13.9294 0.246989
    endloop
  endfacet
  facet normal 0.998999 0.0447313 0
    outer loop
      vertex -22.6 -11.6 1.45
      vertex -22.5979 -11.6469 0.966661
      vertex -22.6 -11.6 0.977051
    endloop
  endfacet
  facet normal 0.999051 0.0435588 0.000113995
    outer loop
      vertex -22.5658 -12.3844 1.45
      vertex -22.5979 -11.6469 0.966661
      vertex -22.6 -11.6 1.45
    endloop
  endfacet
  facet normal 0.999054 0.0434843 0
    outer loop
      vertex -22.5979 -11.6469 0.966661
      vertex -22.5658 -12.3844 1.45
      vertex -22.5658 -12.3844 0.734115
    endloop
  endfacet
  facet normal 0.300711 0.953715 -0
    outer loop
      vertex -15.9294 -20.2933 0
      vertex -16.6782 -20.0572 1.45
      vertex -15.9294 -20.2933 1.45
    endloop
  endfacet
  facet normal 0.300711 0.953715 0
    outer loop
      vertex -16.6782 -20.0572 1.45
      vertex -15.9294 -20.2933 0
      vertex -16.6782 -20.0572 0
    endloop
  endfacet
  facet normal 0.461774 0.886998 -0
    outer loop
      vertex -17.4035 -19.7568 0
      vertex -18.1 -19.3942 1.45
      vertex -17.4035 -19.7568 1.45
    endloop
  endfacet
  facet normal 0.461774 0.886998 0
    outer loop
      vertex -18.1 -19.3942 1.45
      vertex -17.4035 -19.7568 0
      vertex -18.1 -19.3942 0
    endloop
  endfacet
  facet normal 0.537238 0.843431 -0
    outer loop
      vertex -18.1 -19.3942 0
      vertex -18.7622 -18.9724 1.45
      vertex -18.1 -19.3942 1.45
    endloop
  endfacet
  facet normal 0.537238 0.843431 0
    outer loop
      vertex -18.7622 -18.9724 1.45
      vertex -18.1 -19.3942 0
      vertex -18.7622 -18.9724 0
    endloop
  endfacet
  facet normal -0.953715 0.300711 0
    outer loop
      vertex 22.0572 -14.6782 1.45
      vertex 22.2933 -13.9294 0.246989
      vertex 22.0572 -14.6782 0.0108906
    endloop
  endfacet
  facet normal -0.953715 0.300711 0
    outer loop
      vertex 22.2933 -13.9294 0.246989
      vertex 22.0572 -14.6782 1.45
      vertex 22.2933 -13.9294 1.45
    endloop
  endfacet
  facet normal -0.737318 0.675546 0
    outer loop
      vertex 19.964 -17.964 0
      vertex 20.4944 -17.3851 1.45
      vertex 20.4944 -17.3851 0
    endloop
  endfacet
  facet normal -0.737318 0.675546 0
    outer loop
      vertex 20.4944 -17.3851 1.45
      vertex 19.964 -17.964 0
      vertex 19.964 -17.964 1.45
    endloop
  endfacet
  facet normal -0.793334 -0.608787 0
    outer loop
      vertex 20.9724 16.7622 0
      vertex 20.4944 17.3851 1.45
      vertex 20.4944 17.3851 0
    endloop
  endfacet
  facet normal -0.793334 -0.608787 0
    outer loop
      vertex 20.4944 17.3851 1.45
      vertex 20.9724 16.7622 0
      vertex 20.9724 16.7622 1.45
    endloop
  endfacet
  facet normal -0.537238 -0.843431 0
    outer loop
      vertex 18.1 19.3942 0
      vertex 18.7622 18.9724 1.45
      vertex 18.1 19.3942 1.45
    endloop
  endfacet
  facet normal -0.537238 -0.843431 -0
    outer loop
      vertex 18.7622 18.9724 1.45
      vertex 18.1 19.3942 0
      vertex 18.7622 18.9724 0
    endloop
  endfacet
  facet normal -0.300711 -0.953715 0
    outer loop
      vertex 15.9294 20.2933 0
      vertex 16.6782 20.0572 1.45
      vertex 15.9294 20.2933 1.45
    endloop
  endfacet
  facet normal -0.300711 -0.953715 -0
    outer loop
      vertex 16.6782 20.0572 1.45
      vertex 15.9294 20.2933 0
      vertex 16.6782 20.0572 0
    endloop
  endfacet
  facet normal 0.216499 -0.976283 0
    outer loop
      vertex -15.9294 20.2933 0
      vertex -15.1628 20.4633 1.45
      vertex -15.9294 20.2933 1.45
    endloop
  endfacet
  facet normal 0.216499 -0.976283 0
    outer loop
      vertex -15.1628 20.4633 1.45
      vertex -15.9294 20.2933 0
      vertex -15.1628 20.4633 0
    endloop
  endfacet
  facet normal 0.537238 -0.843431 0
    outer loop
      vertex -18.7622 18.9724 0
      vertex -18.1 19.3942 1.45
      vertex -18.7622 18.9724 1.45
    endloop
  endfacet
  facet normal 0.537238 -0.843431 0
    outer loop
      vertex -18.1 19.3942 1.45
      vertex -18.7622 18.9724 0
      vertex -18.1 19.3942 0
    endloop
  endfacet
  facet normal 0.382652 -0.923893 0
    outer loop
      vertex -17.4035 19.7568 0
      vertex -16.6782 20.0572 1.45
      vertex -17.4035 19.7568 1.45
    endloop
  endfacet
  facet normal 0.382652 -0.923893 0
    outer loop
      vertex -16.6782 20.0572 1.45
      vertex -17.4035 19.7568 0
      vertex -16.6782 20.0572 0
    endloop
  endfacet
  facet normal 0.608787 -0.793334 0
    outer loop
      vertex -19.3851 18.4944 0
      vertex -18.7622 18.9724 1.45
      vertex -19.3851 18.4944 1.45
    endloop
  endfacet
  facet normal 0.608787 -0.793334 0
    outer loop
      vertex -18.7622 18.9724 1.45
      vertex -19.3851 18.4944 0
      vertex -18.7622 18.9724 0
    endloop
  endfacet
  facet normal 0 0 -1
    outer loop
      vertex -22.6 9.46666 1.45
      vertex -22 11 1.45
      vertex -22 9.46666 1.45
    endloop
  endfacet
  facet normal 0 0 -1
    outer loop
      vertex -22 11 1.45
      vertex -22.2933 13.9294 1.45
      vertex -22.0572 14.6782 1.45
    endloop
  endfacet
  facet normal 0 0 -1
    outer loop
      vertex -22 11 1.45
      vertex -22.4633 13.1628 1.45
      vertex -22.2933 13.9294 1.45
    endloop
  endfacet
  facet normal 0 0 -1
    outer loop
      vertex -22 11 1.45
      vertex -22.5658 12.3844 1.45
      vertex -22.4633 13.1628 1.45
    endloop
  endfacet
  facet normal -0 0 -1
    outer loop
      vertex -22 11 1.45
      vertex -22.6 9.46666 1.45
      vertex -22.6 11.6 1.45
    endloop
  endfacet
  facet normal 0 0 -1
    outer loop
      vertex -22 11 1.45
      vertex -22.6 11.6 1.45
      vertex -22.5658 12.3844 1.45
    endloop
  endfacet
  facet normal 0 0 -1
    outer loop
      vertex 22 11 1.45
      vertex 22.6 11.6 1.45
      vertex 22.6 9.46666 1.45
    endloop
  endfacet
  facet normal 0 0 -1
    outer loop
      vertex 21.9658 11.7844 1.45
      vertex 22.6 11.6 1.45
      vertex 22 11 1.45
    endloop
  endfacet
  facet normal 0 0 -1
    outer loop
      vertex 22.6 11.6 1.45
      vertex 21.9658 11.7844 1.45
      vertex 22.5658 12.3844 1.45
    endloop
  endfacet
  facet normal 0 0 -1
    outer loop
      vertex 22.5658 12.3844 1.45
      vertex 21.8633 12.5628 1.45
      vertex 22.4633 13.1628 1.45
    endloop
  endfacet
  facet normal 0 0 -1
    outer loop
      vertex 22 11 1.45
      vertex 22.6 9.46666 1.45
      vertex 22 9.46666 1.45
    endloop
  endfacet
  facet normal 0 0 -1
    outer loop
      vertex 21.8633 12.5628 1.45
      vertex 22.5658 12.3844 1.45
      vertex 21.9658 11.7844 1.45
    endloop
  endfacet
  facet normal 0 0 -1
    outer loop
      vertex 21.6933 13.3294 1.45
      vertex 22.4633 13.1628 1.45
      vertex 21.8633 12.5628 1.45
    endloop
  endfacet
  facet normal 0 0 -1
    outer loop
      vertex 22.4633 13.1628 1.45
      vertex 21.6933 13.3294 1.45
      vertex 22.2933 13.9294 1.45
    endloop
  endfacet
  facet normal 0 0 -1
    outer loop
      vertex 21.4572 14.0782 1.45
      vertex 22.2933 13.9294 1.45
      vertex 21.6933 13.3294 1.45
    endloop
  endfacet
  facet normal 0 0 -1
    outer loop
      vertex 22.2933 13.9294 1.45
      vertex 21.4572 14.0782 1.45
      vertex 22.0572 14.6782 1.45
    endloop
  endfacet
  facet normal 0 0 -1
    outer loop
      vertex 21.1568 14.8036 1.45
      vertex 22.0572 14.6782 1.45
      vertex 21.4572 14.0782 1.45
    endloop
  endfacet
  facet normal 0 0 -1
    outer loop
      vertex 22.0572 14.6782 1.45
      vertex 21.1568 14.8036 1.45
      vertex 21.7568 15.4035 1.45
    endloop
  endfacet
  facet normal 0 0 -1
    outer loop
      vertex 20.7942 15.5 1.45
      vertex 21.7568 15.4035 1.45
      vertex 21.1568 14.8036 1.45
    endloop
  endfacet
  facet normal 0 0 -1
    outer loop
      vertex 21.7568 15.4035 1.45
      vertex 20.7942 15.5 1.45
      vertex 21.3942 16.1 1.45
    endloop
  endfacet
  facet normal 0 0 -1
    outer loop
      vertex 20.3724 16.1622 1.45
      vertex 21.3942 16.1 1.45
      vertex 20.7942 15.5 1.45
    endloop
  endfacet
  facet normal 0 0 -1
    outer loop
      vertex 21.3942 16.1 1.45
      vertex 20.3724 16.1622 1.45
      vertex 20.9724 16.7622 1.45
    endloop
  endfacet
  facet normal 0 0 -1
    outer loop
      vertex 19.8944 16.7851 1.45
      vertex 20.9724 16.7622 1.45
      vertex 20.3724 16.1622 1.45
    endloop
  endfacet
  facet normal 0 0 -1
    outer loop
      vertex 20.9724 16.7622 1.45
      vertex 19.8944 16.7851 1.45
      vertex 20.4944 17.3851 1.45
    endloop
  endfacet
  facet normal 0 0 -1
    outer loop
      vertex 19.364 17.364 1.45
      vertex 20.4944 17.3851 1.45
      vertex 19.8944 16.7851 1.45
    endloop
  endfacet
  facet normal -0 0 -1
    outer loop
      vertex 20.4944 17.3851 1.45
      vertex 19.364 17.364 1.45
      vertex 19.964 17.964 1.45
    endloop
  endfacet
  facet normal -0 0 -1
    outer loop
      vertex 19.964 17.964 1.45
      vertex 19.364 17.364 1.45
      vertex 19.3851 18.4944 1.45
    endloop
  endfacet
  facet normal 0 0 -1
    outer loop
      vertex 18.7851 17.8944 1.45
      vertex 19.3851 18.4944 1.45
      vertex 19.364 17.364 1.45
    endloop
  endfacet
  facet normal 0 0 -1
    outer loop
      vertex 18.7851 17.8944 1.45
      vertex 18.7622 18.9724 1.45
      vertex 19.3851 18.4944 1.45
    endloop
  endfacet
  facet normal 0 0 -1
    outer loop
      vertex 18.1622 18.3724 1.45
      vertex 18.7622 18.9724 1.45
      vertex 18.7851 17.8944 1.45
    endloop
  endfacet
  facet normal 0 0 -1
    outer loop
      vertex 18.1622 18.3724 1.45
      vertex 18.1 19.3942 1.45
      vertex 18.7622 18.9724 1.45
    endloop
  endfacet
  facet normal 0 0 -1
    outer loop
      vertex 17.5 18.7942 1.45
      vertex 18.1 19.3942 1.45
      vertex 18.1622 18.3724 1.45
    endloop
  endfacet
  facet normal 0 0 -1
    outer loop
      vertex 17.5 18.7942 1.45
      vertex 17.4035 19.7568 1.45
      vertex 18.1 19.3942 1.45
    endloop
  endfacet
  facet normal 0 0 -1
    outer loop
      vertex 16.8036 19.1568 1.45
      vertex 17.4035 19.7568 1.45
      vertex 17.5 18.7942 1.45
    endloop
  endfacet
  facet normal 0 0 -1
    outer loop
      vertex 16.8036 19.1568 1.45
      vertex 16.6782 20.0572 1.45
      vertex 17.4035 19.7568 1.45
    endloop
  endfacet
  facet normal 0 0 -1
    outer loop
      vertex 16.0782 19.4572 1.45
      vertex 16.6782 20.0572 1.45
      vertex 16.8036 19.1568 1.45
    endloop
  endfacet
  facet normal 0 0 -1
    outer loop
      vertex 16.0782 19.4572 1.45
      vertex 15.9294 20.2933 1.45
      vertex 16.6782 20.0572 1.45
    endloop
  endfacet
  facet normal 0 0 -1
    outer loop
      vertex 15.3294 19.6933 1.45
      vertex 15.9294 20.2933 1.45
      vertex 16.0782 19.4572 1.45
    endloop
  endfacet
  facet normal 0 0 -1
    outer loop
      vertex 15.3294 19.6933 1.45
      vertex 15.1628 20.4633 1.45
      vertex 15.9294 20.2933 1.45
    endloop
  endfacet
  facet normal 0 0 -1
    outer loop
      vertex 14.5628 19.8633 1.45
      vertex 15.1628 20.4633 1.45
      vertex 15.3294 19.6933 1.45
    endloop
  endfacet
  facet normal 0 0 -1
    outer loop
      vertex 14.5628 19.8633 1.45
      vertex 14.3844 20.5658 1.45
      vertex 15.1628 20.4633 1.45
    endloop
  endfacet
  facet normal 0 0 -1
    outer loop
      vertex 13.7844 19.9658 1.45
      vertex 14.3844 20.5658 1.45
      vertex 14.5628 19.8633 1.45
    endloop
  endfacet
  facet normal 0 0 -1
    outer loop
      vertex 13.7844 19.9658 1.45
      vertex 13.6 20.6 1.45
      vertex 14.3844 20.5658 1.45
    endloop
  endfacet
  facet normal 0 0 -1
    outer loop
      vertex 13 20 1.45
      vertex 13.6 20.6 1.45
      vertex 13.7844 19.9658 1.45
    endloop
  endfacet
  facet normal 0 0 -1
    outer loop
      vertex -13 20 1.45
      vertex 13.6 20.6 1.45
      vertex 13 20 1.45
    endloop
  endfacet
  facet normal 0 0 -1
    outer loop
      vertex -13 20 1.45
      vertex -13.6 20.6 1.45
      vertex 13.6 20.6 1.45
    endloop
  endfacet
  facet normal 0 0 -1
    outer loop
      vertex -13.7844 19.9658 1.45
      vertex -13.6 20.6 1.45
      vertex -13 20 1.45
    endloop
  endfacet
  facet normal 0 0 -1
    outer loop
      vertex -13.7844 19.9658 1.45
      vertex -14.3844 20.5658 1.45
      vertex -13.6 20.6 1.45
    endloop
  endfacet
  facet normal 0 0 -1
    outer loop
      vertex -14.5628 19.8633 1.45
      vertex -14.3844 20.5658 1.45
      vertex -13.7844 19.9658 1.45
    endloop
  endfacet
  facet normal 0 0 -1
    outer loop
      vertex -14.5628 19.8633 1.45
      vertex -15.1628 20.4633 1.45
      vertex -14.3844 20.5658 1.45
    endloop
  endfacet
  facet normal 0 0 -1
    outer loop
      vertex -15.3294 19.6933 1.45
      vertex -15.1628 20.4633 1.45
      vertex -14.5628 19.8633 1.45
    endloop
  endfacet
  facet normal 0 0 -1
    outer loop
      vertex -15.3294 19.6933 1.45
      vertex -15.9294 20.2933 1.45
      vertex -15.1628 20.4633 1.45
    endloop
  endfacet
  facet normal 0 0 -1
    outer loop
      vertex -16.0782 19.4572 1.45
      vertex -15.9294 20.2933 1.45
      vertex -15.3294 19.6933 1.45
    endloop
  endfacet
  facet normal 0 0 -1
    outer loop
      vertex -16.0782 19.4572 1.45
      vertex -16.6782 20.0572 1.45
      vertex -15.9294 20.2933 1.45
    endloop
  endfacet
  facet normal 0 0 -1
    outer loop
      vertex -16.8036 19.1568 1.45
      vertex -16.6782 20.0572 1.45
      vertex -16.0782 19.4572 1.45
    endloop
  endfacet
  facet normal 0 0 -1
    outer loop
      vertex -16.8036 19.1568 1.45
      vertex -17.4035 19.7568 1.45
      vertex -16.6782 20.0572 1.45
    endloop
  endfacet
  facet normal 0 0 -1
    outer loop
      vertex -17.5 18.7942 1.45
      vertex -17.4035 19.7568 1.45
      vertex -16.8036 19.1568 1.45
    endloop
  endfacet
  facet normal 0 0 -1
    outer loop
      vertex -17.5 18.7942 1.45
      vertex -18.1 19.3942 1.45
      vertex -17.4035 19.7568 1.45
    endloop
  endfacet
  facet normal 0 0 -1
    outer loop
      vertex -18.1622 18.3724 1.45
      vertex -18.1 19.3942 1.45
      vertex -17.5 18.7942 1.45
    endloop
  endfacet
  facet normal 0 0 -1
    outer loop
      vertex -18.1622 18.3724 1.45
      vertex -18.7622 18.9724 1.45
      vertex -18.1 19.3942 1.45
    endloop
  endfacet
  facet normal 0 0 -1
    outer loop
      vertex -18.7851 17.8944 1.45
      vertex -18.7622 18.9724 1.45
      vertex -18.1622 18.3724 1.45
    endloop
  endfacet
  facet normal 0 0 -1
    outer loop
      vertex -19.3851 18.4944 1.45
      vertex -18.7851 17.8944 1.45
      vertex -19.364 17.364 1.45
    endloop
  endfacet
  facet normal 0 0 -1
    outer loop
      vertex -18.7851 17.8944 1.45
      vertex -19.3851 18.4944 1.45
      vertex -18.7622 18.9724 1.45
    endloop
  endfacet
  facet normal 0 0 -1
    outer loop
      vertex -20.4944 17.3851 1.45
      vertex -19.364 17.364 1.45
      vertex -19.8944 16.7851 1.45
    endloop
  endfacet
  facet normal 0 0 -1
    outer loop
      vertex -19.364 17.364 1.45
      vertex -19.964 17.964 1.45
      vertex -19.3851 18.4944 1.45
    endloop
  endfacet
  facet normal 0 0 -1
    outer loop
      vertex -20.9724 16.7622 1.45
      vertex -19.8944 16.7851 1.45
      vertex -20.3724 16.1622 1.45
    endloop
  endfacet
  facet normal 0 0 -1
    outer loop
      vertex -19.364 17.364 1.45
      vertex -20.4944 17.3851 1.45
      vertex -19.964 17.964 1.45
    endloop
  endfacet
  facet normal 0 0 -1
    outer loop
      vertex -21.3942 16.1 1.45
      vertex -20.3724 16.1622 1.45
      vertex -20.7942 15.5 1.45
    endloop
  endfacet
  facet normal -0 0 -1
    outer loop
      vertex -19.8944 16.7851 1.45
      vertex -20.9724 16.7622 1.45
      vertex -20.4944 17.3851 1.45
    endloop
  endfacet
  facet normal 0 0 -1
    outer loop
      vertex -21.7568 15.4035 1.45
      vertex -20.7942 15.5 1.45
      vertex -21.1568 14.8036 1.45
    endloop
  endfacet
  facet normal -0 0 -1
    outer loop
      vertex -20.3724 16.1622 1.45
      vertex -21.3942 16.1 1.45
      vertex -20.9724 16.7622 1.45
    endloop
  endfacet
  facet normal 0 0 -1
    outer loop
      vertex -22.0572 14.6782 1.45
      vertex -21.1568 14.8036 1.45
      vertex -21.4572 14.0782 1.45
    endloop
  endfacet
  facet normal 0 0 -1
    outer loop
      vertex -22.0572 14.6782 1.45
      vertex -21.4572 14.0782 1.45
      vertex -21.6933 13.3294 1.45
    endloop
  endfacet
  facet normal -0 0 -1
    outer loop
      vertex -20.7942 15.5 1.45
      vertex -21.7568 15.4035 1.45
      vertex -21.3942 16.1 1.45
    endloop
  endfacet
  facet normal 0 0 -1
    outer loop
      vertex -22.0572 14.6782 1.45
      vertex -21.6933 13.3294 1.45
      vertex -21.8633 12.5628 1.45
    endloop
  endfacet
  facet normal 0 0 -1
    outer loop
      vertex -22.0572 14.6782 1.45
      vertex -21.8633 12.5628 1.45
      vertex -21.9658 11.7844 1.45
    endloop
  endfacet
  facet normal -0 0 -1
    outer loop
      vertex -21.1568 14.8036 1.45
      vertex -22.0572 14.6782 1.45
      vertex -21.7568 15.4035 1.45
    endloop
  endfacet
  facet normal 0 0 -1
    outer loop
      vertex -22.0572 14.6782 1.45
      vertex -21.9658 11.7844 1.45
      vertex -22 11 1.45
    endloop
  endfacet
  facet normal -0 0 -1
    outer loop
      vertex 22.6 -11.6 1.45
      vertex 21.9658 -11.7844 1.45
      vertex 22 -11 1.45
    endloop
  endfacet
  facet normal 0 0 -1
    outer loop
      vertex 22.2933 -13.9294 1.45
      vertex 21.8633 -12.5628 1.45
      vertex 21.9658 -11.7844 1.45
    endloop
  endfacet
  facet normal 0 0 -1
    outer loop
      vertex 21.1568 -14.8036 1.45
      vertex 22.0572 -14.6782 1.45
      vertex 21.7568 -15.4035 1.45
    endloop
  endfacet
  facet normal 0 0 -1
    outer loop
      vertex 22.2933 -13.9294 1.45
      vertex 21.6933 -13.3294 1.45
      vertex 21.8633 -12.5628 1.45
    endloop
  endfacet
  facet normal -0 0 -1
    outer loop
      vertex 22.2933 -13.9294 1.45
      vertex 21.4572 -14.0782 1.45
      vertex 21.6933 -13.3294 1.45
    endloop
  endfacet
  facet normal 0 0 -1
    outer loop
      vertex 20.7942 -15.5 1.45
      vertex 21.7568 -15.4035 1.45
      vertex 21.3942 -16.1 1.45
    endloop
  endfacet
  facet normal -0 0 -1
    outer loop
      vertex 22.0572 -14.6782 1.45
      vertex 21.1568 -14.8036 1.45
      vertex 21.4572 -14.0782 1.45
    endloop
  endfacet
  facet normal 0 0 -1
    outer loop
      vertex 20.3724 -16.1622 1.45
      vertex 21.3942 -16.1 1.45
      vertex 20.9724 -16.7622 1.45
    endloop
  endfacet
  facet normal -0 0 -1
    outer loop
      vertex 21.7568 -15.4035 1.45
      vertex 20.7942 -15.5 1.45
      vertex 21.1568 -14.8036 1.45
    endloop
  endfacet
  facet normal 0 0 -1
    outer loop
      vertex 19.8944 -16.7851 1.45
      vertex 20.9724 -16.7622 1.45
      vertex 20.4944 -17.3851 1.45
    endloop
  endfacet
  facet normal -0 0 -1
    outer loop
      vertex 21.3942 -16.1 1.45
      vertex 20.3724 -16.1622 1.45
      vertex 20.7942 -15.5 1.45
    endloop
  endfacet
  facet normal 0 0 -1
    outer loop
      vertex 19.364 -17.364 1.45
      vertex 20.4944 -17.3851 1.45
      vertex 19.964 -17.964 1.45
    endloop
  endfacet
  facet normal -0 0 -1
    outer loop
      vertex 20.9724 -16.7622 1.45
      vertex 19.8944 -16.7851 1.45
      vertex 20.3724 -16.1622 1.45
    endloop
  endfacet
  facet normal 0 0 -1
    outer loop
      vertex 19.364 -17.364 1.45
      vertex 19.964 -17.964 1.45
      vertex 19.3851 -18.4944 1.45
    endloop
  endfacet
  facet normal 0 0 -1
    outer loop
      vertex 20.4944 -17.3851 1.45
      vertex 19.364 -17.364 1.45
      vertex 19.8944 -16.7851 1.45
    endloop
  endfacet
  facet normal 0 0 -1
    outer loop
      vertex 19.3851 -18.4944 1.45
      vertex 18.7851 -17.8944 1.45
      vertex 19.364 -17.364 1.45
    endloop
  endfacet
  facet normal 0 0 -1
    outer loop
      vertex 18.7622 -18.9724 1.45
      vertex 18.7851 -17.8944 1.45
      vertex 19.3851 -18.4944 1.45
    endloop
  endfacet
  facet normal 0 0 -1
    outer loop
      vertex 18.7622 -18.9724 1.45
      vertex 18.1622 -18.3724 1.45
      vertex 18.7851 -17.8944 1.45
    endloop
  endfacet
  facet normal 0 0 -1
    outer loop
      vertex 18.1 -19.3942 1.45
      vertex 18.1622 -18.3724 1.45
      vertex 18.7622 -18.9724 1.45
    endloop
  endfacet
  facet normal 0 0 -1
    outer loop
      vertex 18.1 -19.3942 1.45
      vertex 17.5 -18.7942 1.45
      vertex 18.1622 -18.3724 1.45
    endloop
  endfacet
  facet normal 0 0 -1
    outer loop
      vertex 17.4035 -19.7568 1.45
      vertex 17.5 -18.7942 1.45
      vertex 18.1 -19.3942 1.45
    endloop
  endfacet
  facet normal 0 0 -1
    outer loop
      vertex 17.4035 -19.7568 1.45
      vertex 16.8036 -19.1568 1.45
      vertex 17.5 -18.7942 1.45
    endloop
  endfacet
  facet normal 0 0 -1
    outer loop
      vertex 16.6782 -20.0572 1.45
      vertex 16.8036 -19.1568 1.45
      vertex 17.4035 -19.7568 1.45
    endloop
  endfacet
  facet normal 0 0 -1
    outer loop
      vertex 16.6782 -20.0572 1.45
      vertex 16.0782 -19.4572 1.45
      vertex 16.8036 -19.1568 1.45
    endloop
  endfacet
  facet normal 0 0 -1
    outer loop
      vertex 15.9294 -20.2933 1.45
      vertex 16.0782 -19.4572 1.45
      vertex 16.6782 -20.0572 1.45
    endloop
  endfacet
  facet normal 0 0 -1
    outer loop
      vertex 15.9294 -20.2933 1.45
      vertex 15.3294 -19.6933 1.45
      vertex 16.0782 -19.4572 1.45
    endloop
  endfacet
  facet normal 0 0 -1
    outer loop
      vertex 15.1628 -20.4633 1.45
      vertex 15.3294 -19.6933 1.45
      vertex 15.9294 -20.2933 1.45
    endloop
  endfacet
  facet normal 0 0 -1
    outer loop
      vertex 15.1628 -20.4633 1.45
      vertex 14.5628 -19.8633 1.45
      vertex 15.3294 -19.6933 1.45
    endloop
  endfacet
  facet normal 0 0 -1
    outer loop
      vertex 14.3844 -20.5658 1.45
      vertex 14.5628 -19.8633 1.45
      vertex 15.1628 -20.4633 1.45
    endloop
  endfacet
  facet normal 0 0 -1
    outer loop
      vertex 14.3844 -20.5658 1.45
      vertex 13.7844 -19.9658 1.45
      vertex 14.5628 -19.8633 1.45
    endloop
  endfacet
  facet normal 0 0 -1
    outer loop
      vertex 13.6 -20.6 1.45
      vertex 13.7844 -19.9658 1.45
      vertex 14.3844 -20.5658 1.45
    endloop
  endfacet
  facet normal 0 0 -1
    outer loop
      vertex 13.6 -20.6 1.45
      vertex 13 -20 1.45
      vertex 13.7844 -19.9658 1.45
    endloop
  endfacet
  facet normal 0 0 -1
    outer loop
      vertex 13.6 -20.6 1.45
      vertex -13 -20 1.45
      vertex 13 -20 1.45
    endloop
  endfacet
  facet normal 0 0 -1
    outer loop
      vertex -13.6 -20.6 1.45
      vertex -13 -20 1.45
      vertex 13.6 -20.6 1.45
    endloop
  endfacet
  facet normal 0 0 -1
    outer loop
      vertex -13.6 -20.6 1.45
      vertex -13.7844 -19.9658 1.45
      vertex -13 -20 1.45
    endloop
  endfacet
  facet normal 0 0 -1
    outer loop
      vertex -14.3844 -20.5658 1.45
      vertex -13.7844 -19.9658 1.45
      vertex -13.6 -20.6 1.45
    endloop
  endfacet
  facet normal 0 0 -1
    outer loop
      vertex -14.3844 -20.5658 1.45
      vertex -14.5628 -19.8633 1.45
      vertex -13.7844 -19.9658 1.45
    endloop
  endfacet
  facet normal 0 0 -1
    outer loop
      vertex -15.1628 -20.4633 1.45
      vertex -14.5628 -19.8633 1.45
      vertex -14.3844 -20.5658 1.45
    endloop
  endfacet
  facet normal 0 0 -1
    outer loop
      vertex -15.1628 -20.4633 1.45
      vertex -15.3294 -19.6933 1.45
      vertex -14.5628 -19.8633 1.45
    endloop
  endfacet
  facet normal 0 0 -1
    outer loop
      vertex -15.9294 -20.2933 1.45
      vertex -15.3294 -19.6933 1.45
      vertex -15.1628 -20.4633 1.45
    endloop
  endfacet
  facet normal 0 0 -1
    outer loop
      vertex -15.9294 -20.2933 1.45
      vertex -16.0782 -19.4572 1.45
      vertex -15.3294 -19.6933 1.45
    endloop
  endfacet
  facet normal 0 0 -1
    outer loop
      vertex -16.6782 -20.0572 1.45
      vertex -16.0782 -19.4572 1.45
      vertex -15.9294 -20.2933 1.45
    endloop
  endfacet
  facet normal 0 0 -1
    outer loop
      vertex -16.6782 -20.0572 1.45
      vertex -16.8036 -19.1568 1.45
      vertex -16.0782 -19.4572 1.45
    endloop
  endfacet
  facet normal 0 0 -1
    outer loop
      vertex -17.4035 -19.7568 1.45
      vertex -16.8036 -19.1568 1.45
      vertex -16.6782 -20.0572 1.45
    endloop
  endfacet
  facet normal 0 0 -1
    outer loop
      vertex -17.4035 -19.7568 1.45
      vertex -17.5 -18.7942 1.45
      vertex -16.8036 -19.1568 1.45
    endloop
  endfacet
  facet normal 0 0 -1
    outer loop
      vertex -18.1 -19.3942 1.45
      vertex -17.5 -18.7942 1.45
      vertex -17.4035 -19.7568 1.45
    endloop
  endfacet
  facet normal 0 0 -1
    outer loop
      vertex -18.1 -19.3942 1.45
      vertex -18.1622 -18.3724 1.45
      vertex -17.5 -18.7942 1.45
    endloop
  endfacet
  facet normal 0 0 -1
    outer loop
      vertex -18.7622 -18.9724 1.45
      vertex -18.1622 -18.3724 1.45
      vertex -18.1 -19.3942 1.45
    endloop
  endfacet
  facet normal 0 0 -1
    outer loop
      vertex -18.7622 -18.9724 1.45
      vertex -18.7851 -17.8944 1.45
      vertex -18.1622 -18.3724 1.45
    endloop
  endfacet
  facet normal 0 0 -1
    outer loop
      vertex -19.3851 -18.4944 1.45
      vertex -18.7851 -17.8944 1.45
      vertex -18.7622 -18.9724 1.45
    endloop
  endfacet
  facet normal -0 0 -1
    outer loop
      vertex -18.7851 -17.8944 1.45
      vertex -19.3851 -18.4944 1.45
      vertex -19.364 -17.364 1.45
    endloop
  endfacet
  facet normal 0 0 -1
    outer loop
      vertex -19.964 -17.964 1.45
      vertex -19.364 -17.364 1.45
      vertex -19.3851 -18.4944 1.45
    endloop
  endfacet
  facet normal 0 0 -1
    outer loop
      vertex -20.4944 -17.3851 1.45
      vertex -19.364 -17.364 1.45
      vertex -19.964 -17.964 1.45
    endloop
  endfacet
  facet normal -0 0 -1
    outer loop
      vertex -19.364 -17.364 1.45
      vertex -20.4944 -17.3851 1.45
      vertex -19.8944 -16.7851 1.45
    endloop
  endfacet
  facet normal 0 0 -1
    outer loop
      vertex -20.9724 -16.7622 1.45
      vertex -19.8944 -16.7851 1.45
      vertex -20.4944 -17.3851 1.45
    endloop
  endfacet
  facet normal 0 0 -1
    outer loop
      vertex -19.8944 -16.7851 1.45
      vertex -20.9724 -16.7622 1.45
      vertex -20.3724 -16.1622 1.45
    endloop
  endfacet
  facet normal 0 0 -1
    outer loop
      vertex -21.3942 -16.1 1.45
      vertex -20.3724 -16.1622 1.45
      vertex -20.9724 -16.7622 1.45
    endloop
  endfacet
  facet normal 0 0 -1
    outer loop
      vertex -20.3724 -16.1622 1.45
      vertex -21.3942 -16.1 1.45
      vertex -20.7942 -15.5 1.45
    endloop
  endfacet
  facet normal 0 0 -1
    outer loop
      vertex -21.7568 -15.4035 1.45
      vertex -20.7942 -15.5 1.45
      vertex -21.3942 -16.1 1.45
    endloop
  endfacet
  facet normal 0 0 -1
    outer loop
      vertex -20.7942 -15.5 1.45
      vertex -21.7568 -15.4035 1.45
      vertex -21.1568 -14.8036 1.45
    endloop
  endfacet
  facet normal 0 0 -1
    outer loop
      vertex -22.0572 -14.6782 1.45
      vertex -21.1568 -14.8036 1.45
      vertex -21.7568 -15.4035 1.45
    endloop
  endfacet
  facet normal 0 0 -1
    outer loop
      vertex -21.1568 -14.8036 1.45
      vertex -22.0572 -14.6782 1.45
      vertex -21.4572 -14.0782 1.45
    endloop
  endfacet
  facet normal 0 0 -1
    outer loop
      vertex -22.2933 -13.9294 1.45
      vertex -21.4572 -14.0782 1.45
      vertex -22.0572 -14.6782 1.45
    endloop
  endfacet
  facet normal 0 0 -1
    outer loop
      vertex -21.4572 -14.0782 1.45
      vertex -22.2933 -13.9294 1.45
      vertex -21.6933 -13.3294 1.45
    endloop
  endfacet
  facet normal 0 0 -1
    outer loop
      vertex -22.4633 -13.1628 1.45
      vertex -21.6933 -13.3294 1.45
      vertex -22.2933 -13.9294 1.45
    endloop
  endfacet
  facet normal 0 0 -1
    outer loop
      vertex -21.6933 -13.3294 1.45
      vertex -22.4633 -13.1628 1.45
      vertex -21.8633 -12.5628 1.45
    endloop
  endfacet
  facet normal 0 0 -1
    outer loop
      vertex -22.5658 -12.3844 1.45
      vertex -21.8633 -12.5628 1.45
      vertex -22.4633 -13.1628 1.45
    endloop
  endfacet
  facet normal 0 0 -1
    outer loop
      vertex -21.8633 -12.5628 1.45
      vertex -22.5658 -12.3844 1.45
      vertex -21.9658 -11.7844 1.45
    endloop
  endfacet
  facet normal 0 0 -1
    outer loop
      vertex -22.6 -11.6 1.45
      vertex -21.9658 -11.7844 1.45
      vertex -22.5658 -12.3844 1.45
    endloop
  endfacet
  facet normal 0 0 -1
    outer loop
      vertex -21.9658 -11.7844 1.45
      vertex -22.6 -11.6 1.45
      vertex -22 -11 1.45
    endloop
  endfacet
  facet normal 0 0 -1
    outer loop
      vertex -22.6 -9.46666 1.45
      vertex -22 -11 1.45
      vertex -22.6 -11.6 1.45
    endloop
  endfacet
  facet normal 0 0 -1
    outer loop
      vertex -22 -11 1.45
      vertex -22.6 -9.46666 1.45
      vertex -22 -9.46666 1.45
    endloop
  endfacet
  facet normal 0 0 -1
    outer loop
      vertex 21.9658 -11.7844 1.45
      vertex 22.6 -11.6 1.45
      vertex 22.5658 -12.3844 1.45
    endloop
  endfacet
  facet normal 0 0 -1
    outer loop
      vertex 21.9658 -11.7844 1.45
      vertex 22.5658 -12.3844 1.45
      vertex 22.4633 -13.1628 1.45
    endloop
  endfacet
  facet normal 0 0 -1
    outer loop
      vertex 21.9658 -11.7844 1.45
      vertex 22.4633 -13.1628 1.45
      vertex 22.2933 -13.9294 1.45
    endloop
  endfacet
  facet normal 0 0 -1
    outer loop
      vertex 21.4572 -14.0782 1.45
      vertex 22.2933 -13.9294 1.45
      vertex 22.0572 -14.6782 1.45
    endloop
  endfacet
  facet normal 0 0 -1
    outer loop
      vertex 22.6 -11.6 1.45
      vertex 22 -11 1.45
      vertex 22.6 -9.46666 1.45
    endloop
  endfacet
  facet normal -0 0 -1
    outer loop
      vertex 22.6 -9.46666 1.45
      vertex 22 -11 1.45
      vertex 22 -9.46666 1.45
    endloop
  endfacet
  facet normal 0.991441 0.130553 0
    outer loop
      vertex -22.4633 -13.1628 1.45
      vertex -22.5658 -12.3844 0.734115
      vertex -22.5658 -12.3844 1.45
    endloop
  endfacet
  facet normal 0.991441 0.130553 0
    outer loop
      vertex -22.5658 -12.3844 0.734115
      vertex -22.4633 -13.1628 1.45
      vertex -22.4633 -13.1628 0.488678
    endloop
  endfacet
  facet normal 0.216499 0.976283 -0
    outer loop
      vertex -15.1628 -20.4633 0
      vertex -15.9294 -20.2933 1.45
      vertex -15.1628 -20.4633 1.45
    endloop
  endfacet
  facet normal 0.216499 0.976283 0
    outer loop
      vertex -15.9294 -20.2933 1.45
      vertex -15.1628 -20.4633 0
      vertex -15.9294 -20.2933 0
    endloop
  endfacet
  facet normal 0.382652 0.923893 -0
    outer loop
      vertex -16.6782 -20.0572 0
      vertex -17.4035 -19.7568 1.45
      vertex -16.6782 -20.0572 1.45
    endloop
  endfacet
  facet normal 0.382652 0.923893 0
    outer loop
      vertex -17.4035 -19.7568 1.45
      vertex -16.6782 -20.0572 0
      vertex -17.4035 -19.7568 0
    endloop
  endfacet
  facet normal 0.675546 0.737318 -0
    outer loop
      vertex -19.3851 -18.4944 0
      vertex -19.964 -17.964 1.45
      vertex -19.3851 -18.4944 1.45
    endloop
  endfacet
  facet normal 0.675546 0.737318 0
    outer loop
      vertex -19.964 -17.964 1.45
      vertex -19.3851 -18.4944 0
      vertex -19.964 -17.964 0
    endloop
  endfacet
  facet normal 0.737318 0.675546 0
    outer loop
      vertex -19.964 -17.964 1.45
      vertex -20.4944 -17.3851 0
      vertex -20.4944 -17.3851 1.45
    endloop
  endfacet
  facet normal 0.737318 0.675546 0
    outer loop
      vertex -20.4944 -17.3851 0
      vertex -19.964 -17.964 1.45
      vertex -19.964 -17.964 0
    endloop
  endfacet
  facet normal -0.300711 0.953715 0
    outer loop
      vertex 16.6782 -20.0572 0
      vertex 15.9294 -20.2933 1.45
      vertex 16.6782 -20.0572 1.45
    endloop
  endfacet
  facet normal -0.300711 0.953715 0
    outer loop
      vertex 15.9294 -20.2933 1.45
      vertex 16.6782 -20.0572 0
      vertex 15.9294 -20.2933 0
    endloop
  endfacet
  facet normal -0.608787 0.793334 0
    outer loop
      vertex 19.3851 -18.4944 0
      vertex 18.7622 -18.9724 1.45
      vertex 19.3851 -18.4944 1.45
    endloop
  endfacet
  facet normal -0.608787 0.793334 0
    outer loop
      vertex 18.7622 -18.9724 1.45
      vertex 19.3851 -18.4944 0
      vertex 18.7622 -18.9724 0
    endloop
  endfacet
  facet normal -1 -0 -0
    outer loop
      vertex 22.6 11.6 1.45
      vertex 22.6 11.6 0.977051
      vertex 22.6 9.46666 1.45
    endloop
  endfacet
  facet normal -1 0 0
    outer loop
      vertex 22.6 -11.6 1.45
      vertex 22.6 -9.46666 1.45
      vertex 22.6 -11.6 0.977051
    endloop
  endfacet
  facet normal -0.999054 -0.0434843 0
    outer loop
      vertex 22.5979 11.6469 0.966661
      vertex 22.5658 12.3844 1.45
      vertex 22.5658 12.3844 0.734115
    endloop
  endfacet
  facet normal -0.998999 -0.0447313 -0
    outer loop
      vertex 22.6 11.6 1.45
      vertex 22.5979 11.6469 0.966661
      vertex 22.6 11.6 0.977051
    endloop
  endfacet
  facet normal -0.999051 -0.0435588 0.000113995
    outer loop
      vertex 22.5979 11.6469 0.966661
      vertex 22.6 11.6 1.45
      vertex 22.5658 12.3844 1.45
    endloop
  endfacet
  facet normal -0.991441 -0.130553 0
    outer loop
      vertex 22.5658 12.3844 0.734115
      vertex 22.4633 13.1628 1.45
      vertex 22.4633 13.1628 0.488678
    endloop
  endfacet
  facet normal -0.991441 -0.130553 0
    outer loop
      vertex 22.4633 13.1628 1.45
      vertex 22.5658 12.3844 0.734115
      vertex 22.5658 12.3844 1.45
    endloop
  endfacet
  facet normal -0.923898 -0.382639 0
    outer loop
      vertex 22.0429 14.7127 0
      vertex 21.7568 15.4035 1.45
      vertex 21.7568 15.4035 0
    endloop
  endfacet
  facet normal -0.923788 -0.382904 -0
    outer loop
      vertex 22.0572 14.6782 1.45
      vertex 22.0429 14.7127 0
      vertex 22.0572 14.6782 0.0108906
    endloop
  endfacet
  facet normal -0.923893 -0.382652 7.01912e-06
    outer loop
      vertex 22.0429 14.7127 0
      vertex 22.0572 14.6782 1.45
      vertex 21.7568 15.4035 1.45
    endloop
  endfacet
  facet normal -0.737318 -0.675546 0
    outer loop
      vertex 20.4944 17.3851 0
      vertex 19.964 17.964 1.45
      vertex 19.964 17.964 0
    endloop
  endfacet
  facet normal -0.737318 -0.675546 0
    outer loop
      vertex 19.964 17.964 1.45
      vertex 20.4944 17.3851 0
      vertex 20.4944 17.3851 1.45
    endloop
  endfacet
  facet normal -0.675546 -0.737318 0
    outer loop
      vertex 19.3851 18.4944 0
      vertex 19.964 17.964 1.45
      vertex 19.3851 18.4944 1.45
    endloop
  endfacet
  facet normal -0.675546 -0.737318 -0
    outer loop
      vertex 19.964 17.964 1.45
      vertex 19.3851 18.4944 0
      vertex 19.964 17.964 0
    endloop
  endfacet
  facet normal -0.608787 -0.793334 0
    outer loop
      vertex 18.7622 18.9724 0
      vertex 19.3851 18.4944 1.45
      vertex 18.7622 18.9724 1.45
    endloop
  endfacet
  facet normal -0.608787 -0.793334 -0
    outer loop
      vertex 19.3851 18.4944 1.45
      vertex 18.7622 18.9724 0
      vertex 19.3851 18.4944 0
    endloop
  endfacet
  facet normal -0.382652 -0.923893 0
    outer loop
      vertex 16.6782 20.0572 0
      vertex 17.4035 19.7568 1.45
      vertex 16.6782 20.0572 1.45
    endloop
  endfacet
  facet normal -0.382652 -0.923893 -0
    outer loop
      vertex 17.4035 19.7568 1.45
      vertex 16.6782 20.0572 0
      vertex 17.4035 19.7568 0
    endloop
  endfacet
  facet normal 0.461774 -0.886998 0
    outer loop
      vertex -18.1 19.3942 0
      vertex -17.4035 19.7568 1.45
      vertex -18.1 19.3942 1.45
    endloop
  endfacet
  facet normal 0.461774 -0.886998 0
    outer loop
      vertex -17.4035 19.7568 1.45
      vertex -18.1 19.3942 0
      vertex -17.4035 19.7568 0
    endloop
  endfacet
  facet normal 0.300711 -0.953715 0
    outer loop
      vertex -16.6782 20.0572 0
      vertex -15.9294 20.2933 1.45
      vertex -16.6782 20.0572 1.45
    endloop
  endfacet
  facet normal 0.300711 -0.953715 0
    outer loop
      vertex -15.9294 20.2933 1.45
      vertex -16.6782 20.0572 0
      vertex -15.9294 20.2933 0
    endloop
  endfacet
  facet normal 0.675546 -0.737318 0
    outer loop
      vertex -19.964 17.964 0
      vertex -19.3851 18.4944 1.45
      vertex -19.964 17.964 1.45
    endloop
  endfacet
  facet normal 0.675546 -0.737318 0
    outer loop
      vertex -19.3851 18.4944 1.45
      vertex -19.964 17.964 0
      vertex -19.3851 18.4944 0
    endloop
  endfacet
  facet normal 0.843431 -0.537238 0
    outer loop
      vertex -21.3942 16.1 1.45
      vertex -20.9724 16.7622 0
      vertex -20.9724 16.7622 1.45
    endloop
  endfacet
  facet normal 0.843431 -0.537238 0
    outer loop
      vertex -20.9724 16.7622 0
      vertex -21.3942 16.1 1.45
      vertex -21.3942 16.1 0
    endloop
  endfacet
  facet normal 0.793334 -0.608787 0
    outer loop
      vertex -20.9724 16.7622 1.45
      vertex -20.4944 17.3851 0
      vertex -20.4944 17.3851 1.45
    endloop
  endfacet
  facet normal 0.793334 -0.608787 0
    outer loop
      vertex -20.4944 17.3851 0
      vertex -20.9724 16.7622 1.45
      vertex -20.9724 16.7622 0
    endloop
  endfacet
  facet normal 0.953715 -0.300711 0
    outer loop
      vertex -22.2933 13.9294 0.246989
      vertex -22.0572 14.6782 1.45
      vertex -22.2933 13.9294 1.45
    endloop
  endfacet
  facet normal 0.953715 -0.300711 0
    outer loop
      vertex -22.0572 14.6782 1.45
      vertex -22.2933 13.9294 0.246989
      vertex -22.0572 14.6782 0.0108906
    endloop
  endfacet
  facet normal 0.976283 0.216499 0
    outer loop
      vertex -22.2933 -13.9294 1.45
      vertex -22.4633 -13.1628 0.488678
      vertex -22.4633 -13.1628 1.45
    endloop
  endfacet
  facet normal 0.976283 0.216499 0
    outer loop
      vertex -22.4633 -13.1628 0.488678
      vertex -22.2933 -13.9294 1.45
      vertex -22.2933 -13.9294 0.246989
    endloop
  endfacet
  facet normal 0.953715 0.300711 0
    outer loop
      vertex -22.0572 -14.6782 1.45
      vertex -22.2933 -13.9294 0.246989
      vertex -22.2933 -13.9294 1.45
    endloop
  endfacet
  facet normal 0.953715 0.300711 0
    outer loop
      vertex -22.2933 -13.9294 0.246989
      vertex -22.0572 -14.6782 1.45
      vertex -22.0572 -14.6782 0.0108906
    endloop
  endfacet
  facet normal 0.843431 0.537238 0
    outer loop
      vertex -20.9724 -16.7622 1.45
      vertex -21.3942 -16.1 0
      vertex -21.3942 -16.1 1.45
    endloop
  endfacet
  facet normal 0.843431 0.537238 0
    outer loop
      vertex -21.3942 -16.1 0
      vertex -20.9724 -16.7622 1.45
      vertex -20.9724 -16.7622 0
    endloop
  endfacet
  facet normal 0.923788 0.382904 0
    outer loop
      vertex -22.0572 -14.6782 1.45
      vertex -22.0429 -14.7127 0
      vertex -22.0572 -14.6782 0.0108906
    endloop
  endfacet
  facet normal 0.923893 0.382652 7.01912e-06
    outer loop
      vertex -21.7568 -15.4035 1.45
      vertex -22.0429 -14.7127 0
      vertex -22.0572 -14.6782 1.45
    endloop
  endfacet
  facet normal 0.923898 0.382639 0
    outer loop
      vertex -22.0429 -14.7127 0
      vertex -21.7568 -15.4035 1.45
      vertex -21.7568 -15.4035 0
    endloop
  endfacet
  facet normal 0.886998 0.461774 0
    outer loop
      vertex -21.3942 -16.1 1.45
      vertex -21.7568 -15.4035 0
      vertex -21.7568 -15.4035 1.45
    endloop
  endfacet
  facet normal 0.886998 0.461774 0
    outer loop
      vertex -21.7568 -15.4035 0
      vertex -21.3942 -16.1 1.45
      vertex -21.3942 -16.1 0
    endloop
  endfacet
  facet normal 1 0 0
    outer loop
      vertex -22.6 -9.46666 1.45
      vertex -22.6 -11.6 1.45
      vertex -22.6 -11.6 0.977051
    endloop
  endfacet
  facet normal 1 0 -0
    outer loop
      vertex -22.6 11.6 0.977051
      vertex -22.6 11.6 1.45
      vertex -22.6 9.46666 1.45
    endloop
  endfacet
  facet normal 0.991441 -0.130553 0
    outer loop
      vertex -22.5658 12.3844 0.734115
      vertex -22.4633 13.1628 1.45
      vertex -22.5658 12.3844 1.45
    endloop
  endfacet
  facet normal 0.991441 -0.130553 0
    outer loop
      vertex -22.4633 13.1628 1.45
      vertex -22.5658 12.3844 0.734115
      vertex -22.4633 13.1628 0.488678
    endloop
  endfacet
  facet normal 0.999054 -0.0434843 0
    outer loop
      vertex -22.5658 12.3844 1.45
      vertex -22.5979 11.6469 0.966661
      vertex -22.5658 12.3844 0.734115
    endloop
  endfacet
  facet normal 0.999051 -0.0435588 0.000113995
    outer loop
      vertex -22.6 11.6 1.45
      vertex -22.5979 11.6469 0.966661
      vertex -22.5658 12.3844 1.45
    endloop
  endfacet
  facet normal 0.998999 -0.0447313 0
    outer loop
      vertex -22.5979 11.6469 0.966661
      vertex -22.6 11.6 1.45
      vertex -22.6 11.6 0.977051
    endloop
  endfacet
  facet normal 0.130553 0.991441 -0
    outer loop
      vertex -14.3844 -20.5658 0
      vertex -15.1628 -20.4633 1.45
      vertex -14.3844 -20.5658 1.45
    endloop
  endfacet
  facet normal 0.130553 0.991441 0
    outer loop
      vertex -15.1628 -20.4633 1.45
      vertex -14.3844 -20.5658 0
      vertex -15.1628 -20.4633 0
    endloop
  endfacet
  facet normal 0.608787 0.793334 -0
    outer loop
      vertex -18.7622 -18.9724 0
      vertex -19.3851 -18.4944 1.45
      vertex -18.7622 -18.9724 1.45
    endloop
  endfacet
  facet normal 0.608787 0.793334 0
    outer loop
      vertex -19.3851 -18.4944 1.45
      vertex -18.7622 -18.9724 0
      vertex -19.3851 -18.4944 0
    endloop
  endfacet
  facet normal -0.216499 0.976283 0
    outer loop
      vertex 15.9294 -20.2933 0
      vertex 15.1628 -20.4633 1.45
      vertex 15.9294 -20.2933 1.45
    endloop
  endfacet
  facet normal -0.216499 0.976283 0
    outer loop
      vertex 15.1628 -20.4633 1.45
      vertex 15.9294 -20.2933 0
      vertex 15.1628 -20.4633 0
    endloop
  endfacet
  facet normal -0.461774 0.886998 0
    outer loop
      vertex 18.1 -19.3942 0
      vertex 17.4035 -19.7568 1.45
      vertex 18.1 -19.3942 1.45
    endloop
  endfacet
  facet normal -0.461774 0.886998 0
    outer loop
      vertex 17.4035 -19.7568 1.45
      vertex 18.1 -19.3942 0
      vertex 17.4035 -19.7568 0
    endloop
  endfacet
  facet normal -0.537238 0.843431 0
    outer loop
      vertex 18.7622 -18.9724 0
      vertex 18.1 -19.3942 1.45
      vertex 18.7622 -18.9724 1.45
    endloop
  endfacet
  facet normal -0.537238 0.843431 0
    outer loop
      vertex 18.1 -19.3942 1.45
      vertex 18.7622 -18.9724 0
      vertex 18.1 -19.3942 0
    endloop
  endfacet
  facet normal -0.886998 0.461774 0
    outer loop
      vertex 21.3942 -16.1 0
      vertex 21.7568 -15.4035 1.45
      vertex 21.7568 -15.4035 0
    endloop
  endfacet
  facet normal -0.886998 0.461774 0
    outer loop
      vertex 21.7568 -15.4035 1.45
      vertex 21.3942 -16.1 0
      vertex 21.3942 -16.1 1.45
    endloop
  endfacet
  facet normal -0.923788 0.382904 0
    outer loop
      vertex 22.0429 -14.7127 0
      vertex 22.0572 -14.6782 1.45
      vertex 22.0572 -14.6782 0.0108906
    endloop
  endfacet
  facet normal -0.923898 0.382639 0
    outer loop
      vertex 21.7568 -15.4035 1.45
      vertex 22.0429 -14.7127 0
      vertex 21.7568 -15.4035 0
    endloop
  endfacet
  facet normal -0.923893 0.382652 7.01912e-06
    outer loop
      vertex 22.0429 -14.7127 0
      vertex 21.7568 -15.4035 1.45
      vertex 22.0572 -14.6782 1.45
    endloop
  endfacet
  facet normal -0.843431 0.537238 0
    outer loop
      vertex 20.9724 -16.7622 0
      vertex 21.3942 -16.1 1.45
      vertex 21.3942 -16.1 0
    endloop
  endfacet
  facet normal -0.843431 0.537238 0
    outer loop
      vertex 21.3942 -16.1 1.45
      vertex 20.9724 -16.7622 0
      vertex 20.9724 -16.7622 1.45
    endloop
  endfacet
  facet normal -0.998999 0.0447313 0
    outer loop
      vertex 22.5979 -11.6469 0.966661
      vertex 22.6 -11.6 1.45
      vertex 22.6 -11.6 0.977051
    endloop
  endfacet
  facet normal -0.999054 0.0434843 0
    outer loop
      vertex 22.5658 -12.3844 1.45
      vertex 22.5979 -11.6469 0.966661
      vertex 22.5658 -12.3844 0.734115
    endloop
  endfacet
  facet normal -0.999051 0.0435588 0.000113995
    outer loop
      vertex 22.5979 -11.6469 0.966661
      vertex 22.5658 -12.3844 1.45
      vertex 22.6 -11.6 1.45
    endloop
  endfacet
  facet normal -0.953715 -0.300711 0
    outer loop
      vertex 22.2933 13.9294 0.246989
      vertex 22.0572 14.6782 1.45
      vertex 22.0572 14.6782 0.0108906
    endloop
  endfacet
  facet normal -0.953715 -0.300711 0
    outer loop
      vertex 22.0572 14.6782 1.45
      vertex 22.2933 13.9294 0.246989
      vertex 22.2933 13.9294 1.45
    endloop
  endfacet
  facet normal -0.976283 -0.216499 0
    outer loop
      vertex 22.4633 13.1628 0.488678
      vertex 22.2933 13.9294 1.45
      vertex 22.2933 13.9294 0.246989
    endloop
  endfacet
  facet normal -0.976283 -0.216499 0
    outer loop
      vertex 22.2933 13.9294 1.45
      vertex 22.4633 13.1628 0.488678
      vertex 22.4633 13.1628 1.45
    endloop
  endfacet
  facet normal -0.843431 -0.537238 0
    outer loop
      vertex 21.3942 16.1 0
      vertex 20.9724 16.7622 1.45
      vertex 20.9724 16.7622 0
    endloop
  endfacet
  facet normal -0.843431 -0.537238 0
    outer loop
      vertex 20.9724 16.7622 1.45
      vertex 21.3942 16.1 0
      vertex 21.3942 16.1 1.45
    endloop
  endfacet
  facet normal -0.886998 -0.461774 0
    outer loop
      vertex 21.7568 15.4035 0
      vertex 21.3942 16.1 1.45
      vertex 21.3942 16.1 0
    endloop
  endfacet
  facet normal -0.886998 -0.461774 0
    outer loop
      vertex 21.3942 16.1 1.45
      vertex 21.7568 15.4035 0
      vertex 21.7568 15.4035 1.45
    endloop
  endfacet
  facet normal -0.461774 -0.886998 0
    outer loop
      vertex 17.4035 19.7568 0
      vertex 18.1 19.3942 1.45
      vertex 17.4035 19.7568 1.45
    endloop
  endfacet
  facet normal -0.461774 -0.886998 -0
    outer loop
      vertex 18.1 19.3942 1.45
      vertex 17.4035 19.7568 0
      vertex 18.1 19.3942 0
    endloop
  endfacet
  facet normal -0.216499 -0.976283 0
    outer loop
      vertex 15.1628 20.4633 0
      vertex 15.9294 20.2933 1.45
      vertex 15.1628 20.4633 1.45
    endloop
  endfacet
  facet normal -0.216499 -0.976283 -0
    outer loop
      vertex 15.9294 20.2933 1.45
      vertex 15.1628 20.4633 0
      vertex 15.9294 20.2933 0
    endloop
  endfacet
  facet normal 0.130553 -0.991441 0
    outer loop
      vertex -15.1628 20.4633 0
      vertex -14.3844 20.5658 1.45
      vertex -15.1628 20.4633 1.45
    endloop
  endfacet
  facet normal 0.130553 -0.991441 0
    outer loop
      vertex -14.3844 20.5658 1.45
      vertex -15.1628 20.4633 0
      vertex -14.3844 20.5658 0
    endloop
  endfacet
  facet normal 0.886998 -0.461774 0
    outer loop
      vertex -21.7568 15.4035 1.45
      vertex -21.3942 16.1 0
      vertex -21.3942 16.1 1.45
    endloop
  endfacet
  facet normal 0.886998 -0.461774 0
    outer loop
      vertex -21.3942 16.1 0
      vertex -21.7568 15.4035 1.45
      vertex -21.7568 15.4035 0
    endloop
  endfacet
  facet normal 0.923898 -0.382639 0
    outer loop
      vertex -21.7568 15.4035 1.45
      vertex -22.0429 14.7127 0
      vertex -21.7568 15.4035 0
    endloop
  endfacet
  facet normal 0.923893 -0.382652 7.01912e-06
    outer loop
      vertex -22.0572 14.6782 1.45
      vertex -22.0429 14.7127 0
      vertex -21.7568 15.4035 1.45
    endloop
  endfacet
  facet normal 0.923788 -0.382904 0
    outer loop
      vertex -22.0429 14.7127 0
      vertex -22.0572 14.6782 1.45
      vertex -22.0572 14.6782 0.0108906
    endloop
  endfacet
  facet normal -0.382652 0.923893 0
    outer loop
      vertex 17.4035 -19.7568 0
      vertex 16.6782 -20.0572 1.45
      vertex 17.4035 -19.7568 1.45
    endloop
  endfacet
  facet normal -0.382652 0.923893 0
    outer loop
      vertex 16.6782 -20.0572 1.45
      vertex 17.4035 -19.7568 0
      vertex 16.6782 -20.0572 0
    endloop
  endfacet
  facet normal -0.675546 0.737318 0
    outer loop
      vertex 19.964 -17.964 0
      vertex 19.3851 -18.4944 1.45
      vertex 19.964 -17.964 1.45
    endloop
  endfacet
  facet normal -0.675546 0.737318 0
    outer loop
      vertex 19.3851 -18.4944 1.45
      vertex 19.964 -17.964 0
      vertex 19.3851 -18.4944 0
    endloop
  endfacet
  facet normal -0.976283 0.216499 0
    outer loop
      vertex 22.2933 -13.9294 1.45
      vertex 22.4633 -13.1628 0.488678
      vertex 22.2933 -13.9294 0.246989
    endloop
  endfacet
  facet normal -0.976283 0.216499 0
    outer loop
      vertex 22.4633 -13.1628 0.488678
      vertex 22.2933 -13.9294 1.45
      vertex 22.4633 -13.1628 1.45
    endloop
  endfacet
  facet normal -0.793334 0.608787 0
    outer loop
      vertex 20.4944 -17.3851 0
      vertex 20.9724 -16.7622 1.45
      vertex 20.9724 -16.7622 0
    endloop
  endfacet
  facet normal -0.793334 0.608787 0
    outer loop
      vertex 20.9724 -16.7622 1.45
      vertex 20.4944 -17.3851 0
      vertex 20.4944 -17.3851 1.45
    endloop
  endfacet
  facet normal -0.130553 -0.991441 0
    outer loop
      vertex 14.3844 20.5658 0
      vertex 15.1628 20.4633 1.45
      vertex 14.3844 20.5658 1.45
    endloop
  endfacet
  facet normal -0.130553 -0.991441 -0
    outer loop
      vertex 15.1628 20.4633 1.45
      vertex 14.3844 20.5658 0
      vertex 15.1628 20.4633 0
    endloop
  endfacet
  facet normal 0.737318 -0.675546 0
    outer loop
      vertex -20.4944 17.3851 1.45
      vertex -19.964 17.964 0
      vertex -19.964 17.964 1.45
    endloop
  endfacet
  facet normal 0.737318 -0.675546 0
    outer loop
      vertex -19.964 17.964 0
      vertex -20.4944 17.3851 1.45
      vertex -20.4944 17.3851 0
    endloop
  endfacet
  facet normal 0.0435591 -0.999051 0
    outer loop
      vertex 5.65138 10.9848 13.5
      vertex 6 11 15.19
      vertex 5.65138 10.9848 15.19
    endloop
  endfacet
  facet normal 0.0435591 -0.999051 0
    outer loop
      vertex 6 11 15.19
      vertex 5.65138 10.9848 13.5
      vertex 6 11 13.5
    endloop
  endfacet
  facet normal 0.46169 0.887041 -0
    outer loop
      vertex 4.30952 -10.6252 13.5
      vertex 4 -10.4641 15.19
      vertex 4.30952 -10.6252 15.19
    endloop
  endfacet
  facet normal 0.46169 0.887041 0
    outer loop
      vertex 4 -10.4641 15.19
      vertex 4.30952 -10.6252 13.5
      vertex 4 -10.4641 13.5
    endloop
  endfacet
  facet normal 0.991445 0.130529 0
    outer loop
      vertex 2.06078 -7.6946 15.19
      vertex 2.01523 -7.34862 13.5
      vertex 2.01523 -7.34862 15.19
    endloop
  endfacet
  facet normal 0.991445 0.130529 0
    outer loop
      vertex 2.01523 -7.34862 13.5
      vertex 2.06078 -7.6946 15.19
      vertex 2.06078 -7.6946 13.5
    endloop
  endfacet
  facet normal 0 -1 0
    outer loop
      vertex 6 11 13.5
      vertex 22 11 15.19
      vertex 6 11 15.19
    endloop
  endfacet
  facet normal 0 -1 -0
    outer loop
      vertex 22 11 15.19
      vertex 6 11 13.5
      vertex 22 11 13.5
    endloop
  endfacet
  facet normal 0 0 -1
    outer loop
      vertex 22 -11 15.19
      vertex 22.581 -10.527 15.19
      vertex 22.5787 -10.5788 15.19
    endloop
  endfacet
  facet normal 0 0 -1
    outer loop
      vertex 22.581 -10.527 15.19
      vertex 18.2139 -8.16978 15.19
      vertex 22.581 10.527 15.19
    endloop
  endfacet
  facet normal 0 0 -1
    outer loop
      vertex 22.3486 -10.9848 15.19
      vertex 22.5787 -10.5788 15.19
      vertex 22.5622 -10.9566 15.19
    endloop
  endfacet
  facet normal 0 0 -1
    outer loop
      vertex 22.581 -10.527 15.19
      vertex 18.5355 -8.46447 15.19
      vertex 18.2139 -8.16978 15.19
    endloop
  endfacet
  facet normal 0 0 -1
    outer loop
      vertex 22 -11 15.19
      vertex 22.5787 -10.5788 15.19
      vertex 22.3486 -10.9848 15.19
    endloop
  endfacet
  facet normal 0 0 -1
    outer loop
      vertex 17.8679 -7.90424 15.19
      vertex 22.581 10.527 15.19
      vertex 18.2139 -8.16978 15.19
    endloop
  endfacet
  facet normal 0 0 -1
    outer loop
      vertex 19.6985 -10.2899 15.19
      vertex 22.581 -10.527 15.19
      vertex 22 -11 15.19
    endloop
  endfacet
  facet normal 0 0 -1
    outer loop
      vertex 17.5 -7.66987 15.19
      vertex 22.581 10.527 15.19
      vertex 17.8679 -7.90424 15.19
    endloop
  endfacet
  facet normal 0 0 -1
    outer loop
      vertex 19.8296 -10.7059 15.19
      vertex 22 -11 15.19
      vertex 19.8948 -11 15.19
    endloop
  endfacet
  facet normal 0 0 -1
    outer loop
      vertex 19.6985 -10.2899 15.19
      vertex 22 -11 15.19
      vertex 19.8296 -10.7059 15.19
    endloop
  endfacet
  facet normal 0 0 -1
    outer loop
      vertex 22.581 -10.527 15.19
      vertex 19.6985 -10.2899 15.19
      vertex 19.5315 -9.88691 15.19
    endloop
  endfacet
  facet normal 0 0 -1
    outer loop
      vertex 22.581 -10.527 15.19
      vertex 19.5315 -9.88691 15.19
      vertex 19.3301 -9.5 15.19
    endloop
  endfacet
  facet normal 0 0 -1
    outer loop
      vertex 22.581 -10.527 15.19
      vertex 19.3301 -9.5 15.19
      vertex 19.0958 -9.13212 15.19
    endloop
  endfacet
  facet normal 0 0 -1
    outer loop
      vertex 22.581 -10.527 15.19
      vertex 19.0958 -9.13212 15.19
      vertex 18.8302 -8.78606 15.19
    endloop
  endfacet
  facet normal 0 0 -1
    outer loop
      vertex 22.581 -10.527 15.19
      vertex 18.8302 -8.78606 15.19
      vertex 18.5355 -8.46447 15.19
    endloop
  endfacet
  facet normal 0 0 -1
    outer loop
      vertex 17.1131 -7.46846 15.19
      vertex 22.581 10.527 15.19
      vertex 17.5 -7.66987 15.19
    endloop
  endfacet
  facet normal 0 0 -1
    outer loop
      vertex 16.7101 -7.30154 15.19
      vertex 22.581 10.527 15.19
      vertex 17.1131 -7.46846 15.19
    endloop
  endfacet
  facet normal 0 0 -1
    outer loop
      vertex 16.2941 -7.17037 15.19
      vertex 22.581 10.527 15.19
      vertex 16.7101 -7.30154 15.19
    endloop
  endfacet
  facet normal -0 -0 -1
    outer loop
      vertex 22.3486 10.9848 15.19
      vertex 22.5787 10.5788 15.19
      vertex 22 11 15.19
    endloop
  endfacet
  facet normal 0 0 -1
    outer loop
      vertex 22.5787 10.5788 15.19
      vertex 22.3486 10.9848 15.19
      vertex 22.5622 10.9566 15.19
    endloop
  endfacet
  facet normal 0 0 -1
    outer loop
      vertex 15.8682 -7.07596 15.19
      vertex 22.581 10.527 15.19
      vertex 16.2941 -7.17037 15.19
    endloop
  endfacet
  facet normal 0 0 -1
    outer loop
      vertex 15.4358 -7.01903 15.19
      vertex 22.581 10.527 15.19
      vertex 15.8682 -7.07596 15.19
    endloop
  endfacet
  facet normal 0 -0 -1
    outer loop
      vertex 22 11 15.19
      vertex 22.581 10.527 15.19
      vertex 15.4358 -7.01903 15.19
    endloop
  endfacet
  facet normal 0 0 -1
    outer loop
      vertex 22.581 10.527 15.19
      vertex 22 11 15.19
      vertex 22.5787 10.5788 15.19
    endloop
  endfacet
  facet normal 0 0 -1
    outer loop
      vertex 15 -7 15.19
      vertex 22 11 15.19
      vertex 15.4358 -7.01903 15.19
    endloop
  endfacet
  facet normal 0 0 -1
    outer loop
      vertex 14.5642 -7.01903 15.19
      vertex 22 11 15.19
      vertex 15 -7 15.19
    endloop
  endfacet
  facet normal 0 0 -1
    outer loop
      vertex 6 11 15.19
      vertex 14.5642 -7.01903 15.19
      vertex 14.1318 -7.07596 15.19
    endloop
  endfacet
  facet normal 0 0 -1
    outer loop
      vertex 6 11 15.19
      vertex 14.1318 -7.07596 15.19
      vertex 13.7059 -7.17037 15.19
    endloop
  endfacet
  facet normal 0 0 -1
    outer loop
      vertex 2 7 15.19
      vertex 13.7059 -7.17037 15.19
      vertex 13.2899 -7.30154 15.19
    endloop
  endfacet
  facet normal 0 0 -1
    outer loop
      vertex 2 7 15.19
      vertex 13.2899 -7.30154 15.19
      vertex 12.8869 -7.46846 15.19
    endloop
  endfacet
  facet normal 0 0 -1
    outer loop
      vertex 2 7 15.19
      vertex 12.8869 -7.46846 15.19
      vertex 12.5 -7.66987 15.19
    endloop
  endfacet
  facet normal 0 0 -1
    outer loop
      vertex 2 -7 15.19
      vertex 12.5 -7.66987 15.19
      vertex 12.1321 -7.90424 15.19
    endloop
  endfacet
  facet normal 0 0 -1
    outer loop
      vertex 2 -7 15.19
      vertex 12.1321 -7.90424 15.19
      vertex 11.7861 -8.16978 15.19
    endloop
  endfacet
  facet normal 0 0 -1
    outer loop
      vertex 2 -7 15.19
      vertex 11.7861 -8.16978 15.19
      vertex 11.4645 -8.46447 15.19
    endloop
  endfacet
  facet normal 0 0 -1
    outer loop
      vertex 2 -7 15.19
      vertex 11.4645 -8.46447 15.19
      vertex 11.1698 -8.78606 15.19
    endloop
  endfacet
  facet normal 0 0 -1
    outer loop
      vertex 2 -7 15.19
      vertex 11.1698 -8.78606 15.19
      vertex 10.9042 -9.13212 15.19
    endloop
  endfacet
  facet normal 0 0 -1
    outer loop
      vertex 6 -11 15.19
      vertex 10.9042 -9.13212 15.19
      vertex 10.6699 -9.5 15.19
    endloop
  endfacet
  facet normal 0 0 -1
    outer loop
      vertex 6 -11 15.19
      vertex 10.1704 -10.7059 15.19
      vertex 10.1052 -11 15.19
    endloop
  endfacet
  facet normal 0 0 -1
    outer loop
      vertex 6 -11 15.19
      vertex 10.3015 -10.2899 15.19
      vertex 10.1704 -10.7059 15.19
    endloop
  endfacet
  facet normal 0 0 -1
    outer loop
      vertex 6 -11 15.19
      vertex 10.4685 -9.88691 15.19
      vertex 10.3015 -10.2899 15.19
    endloop
  endfacet
  facet normal 0 0 -1
    outer loop
      vertex 6 -11 15.19
      vertex 10.6699 -9.5 15.19
      vertex 10.4685 -9.88691 15.19
    endloop
  endfacet
  facet normal -0 0 -1
    outer loop
      vertex 10.9042 -9.13212 15.19
      vertex 6 -11 15.19
      vertex 2 -7 15.19
    endloop
  endfacet
  facet normal 0 0 -1
    outer loop
      vertex 14.5642 -7.01903 15.19
      vertex 6 11 15.19
      vertex 22 11 15.19
    endloop
  endfacet
  facet normal 0 0 -1
    outer loop
      vertex 2 -7 15.19
      vertex 6 -11 15.19
      vertex 5.65138 -10.9848 15.19
    endloop
  endfacet
  facet normal 0 0 -1
    outer loop
      vertex 12.5 -7.66987 15.19
      vertex 2 -7 15.19
      vertex 2 7 15.19
    endloop
  endfacet
  facet normal 0 0 -1
    outer loop
      vertex 2 -7 15.19
      vertex 5.65138 -10.9848 15.19
      vertex 5.3054 -10.9392 15.19
    endloop
  endfacet
  facet normal 0 0 -1
    outer loop
      vertex 13.7059 -7.17037 15.19
      vertex 2 7 15.19
      vertex 6 11 15.19
    endloop
  endfacet
  facet normal 0 0 -1
    outer loop
      vertex 2 -7 15.19
      vertex 5.3054 -10.9392 15.19
      vertex 4.96472 -10.8637 15.19
    endloop
  endfacet
  facet normal 0 0 -1
    outer loop
      vertex 6 11 15.19
      vertex 2 7 15.19
      vertex 5.65138 10.9848 15.19
    endloop
  endfacet
  facet normal 0 0 -1
    outer loop
      vertex 2 -7 15.19
      vertex 4.96472 -10.8637 15.19
      vertex 4.63191 -10.7588 15.19
    endloop
  endfacet
  facet normal 0 0 -1
    outer loop
      vertex 5.65138 10.9848 15.19
      vertex 2 7 15.19
      vertex 5.3054 10.9392 15.19
    endloop
  endfacet
  facet normal 0 0 -1
    outer loop
      vertex 2 -7 15.19
      vertex 4.63191 -10.7588 15.19
      vertex 4.30952 -10.6252 15.19
    endloop
  endfacet
  facet normal 0 0 -1
    outer loop
      vertex 5.3054 10.9392 15.19
      vertex 2 7 15.19
      vertex 4.96472 10.8637 15.19
    endloop
  endfacet
  facet normal 0 0 -1
    outer loop
      vertex 2 -7 15.19
      vertex 4.30952 -10.6252 15.19
      vertex 4 -10.4641 15.19
    endloop
  endfacet
  facet normal 0 0 -1
    outer loop
      vertex 4.96472 10.8637 15.19
      vertex 2 7 15.19
      vertex 4.63191 10.7588 15.19
    endloop
  endfacet
  facet normal 0 0 -1
    outer loop
      vertex 2 -7 15.19
      vertex 4 -10.4641 15.19
      vertex 3.70569 -10.2766 15.19
    endloop
  endfacet
  facet normal 0 0 -1
    outer loop
      vertex 4.63191 10.7588 15.19
      vertex 2 7 15.19
      vertex 4.30952 10.6252 15.19
    endloop
  endfacet
  facet normal 0 0 -1
    outer loop
      vertex 2 -7 15.19
      vertex 3.70569 -10.2766 15.19
      vertex 3.42885 -10.0642 15.19
    endloop
  endfacet
  facet normal 0 0 -1
    outer loop
      vertex 4.30952 10.6252 15.19
      vertex 2 7 15.19
      vertex 4 10.4641 15.19
    endloop
  endfacet
  facet normal 0 0 -1
    outer loop
      vertex 2 -7 15.19
      vertex 3.42885 -10.0642 15.19
      vertex 3.17157 -9.82843 15.19
    endloop
  endfacet
  facet normal 0 0 -1
    outer loop
      vertex 4 10.4641 15.19
      vertex 2 7 15.19
      vertex 3.70569 10.2766 15.19
    endloop
  endfacet
  facet normal 0 0 -1
    outer loop
      vertex 2 -7 15.19
      vertex 3.17157 -9.82843 15.19
      vertex 2.93582 -9.57115 15.19
    endloop
  endfacet
  facet normal 0 0 -1
    outer loop
      vertex 3.70569 10.2766 15.19
      vertex 2 7 15.19
      vertex 3.42885 10.0642 15.19
    endloop
  endfacet
  facet normal 0 0 -1
    outer loop
      vertex 2 -7 15.19
      vertex 2.93582 -9.57115 15.19
      vertex 2.72339 -9.29431 15.19
    endloop
  endfacet
  facet normal 0 0 -1
    outer loop
      vertex 3.42885 10.0642 15.19
      vertex 2 7 15.19
      vertex 3.17157 9.82843 15.19
    endloop
  endfacet
  facet normal 0 0 -1
    outer loop
      vertex 2 -7 15.19
      vertex 2.72339 -9.29431 15.19
      vertex 2.5359 -9 15.19
    endloop
  endfacet
  facet normal 0 0 -1
    outer loop
      vertex 3.17157 9.82843 15.19
      vertex 2 7 15.19
      vertex 2.93582 9.57115 15.19
    endloop
  endfacet
  facet normal 0 0 -1
    outer loop
      vertex 2 -7 15.19
      vertex 2.5359 -9 15.19
      vertex 2.37477 -8.69048 15.19
    endloop
  endfacet
  facet normal 0 0 -1
    outer loop
      vertex 2.93582 9.57115 15.19
      vertex 2 7 15.19
      vertex 2.72339 9.29431 15.19
    endloop
  endfacet
  facet normal 0 0 -1
    outer loop
      vertex 2 -7 15.19
      vertex 2.37477 -8.69048 15.19
      vertex 2.24123 -8.36809 15.19
    endloop
  endfacet
  facet normal 0 0 -1
    outer loop
      vertex 2.72339 9.29431 15.19
      vertex 2 7 15.19
      vertex 2.5359 9 15.19
    endloop
  endfacet
  facet normal 0 0 -1
    outer loop
      vertex 2 -7 15.19
      vertex 2.24123 -8.36809 15.19
      vertex 2.13629 -8.03528 15.19
    endloop
  endfacet
  facet normal 0 0 -1
    outer loop
      vertex 2.5359 9 15.19
      vertex 2 7 15.19
      vertex 2.37477 8.69048 15.19
    endloop
  endfacet
  facet normal 0 0 -1
    outer loop
      vertex 2 -7 15.19
      vertex 2.13629 -8.03528 15.19
      vertex 2.06078 -7.6946 15.19
    endloop
  endfacet
  facet normal 0 0 -1
    outer loop
      vertex 2.37477 8.69048 15.19
      vertex 2 7 15.19
      vertex 2.24123 8.36809 15.19
    endloop
  endfacet
  facet normal 0 0 -1
    outer loop
      vertex 2 -7 15.19
      vertex 2.06078 -7.6946 15.19
      vertex 2.01523 -7.34862 15.19
    endloop
  endfacet
  facet normal 0 0 -1
    outer loop
      vertex 2.24123 8.36809 15.19
      vertex 2 7 15.19
      vertex 2.13629 8.03528 15.19
    endloop
  endfacet
  facet normal 0 0 -1
    outer loop
      vertex 2.13629 8.03528 15.19
      vertex 2 7 15.19
      vertex 2.06078 7.6946 15.19
    endloop
  endfacet
  facet normal 0 0 -1
    outer loop
      vertex 2.06078 7.6946 15.19
      vertex 2 7 15.19
      vertex 2.01523 7.34862 15.19
    endloop
  endfacet
  facet normal 0.923878 0.382688 0
    outer loop
      vertex 2.37477 -8.69048 15.19
      vertex 2.24123 -8.36809 13.5
      vertex 2.24123 -8.36809 15.19
    endloop
  endfacet
  facet normal 0.923878 0.382688 0
    outer loop
      vertex 2.24123 -8.36809 13.5
      vertex 2.37477 -8.69048 15.19
      vertex 2.37477 -8.69048 13.5
    endloop
  endfacet
  facet normal -0.0435616 -0.999051 0
    outer loop
      vertex 22 11 13.5
      vertex 22.3486 10.9848 15.19
      vertex 22 11 15.19
    endloop
  endfacet
  facet normal -0.0435616 -0.999051 0
    outer loop
      vertex 22.3486 10.9848 13.49
      vertex 22 11 13.5
      vertex 22 11 13.49
    endloop
  endfacet
  facet normal -0.0435616 -0.999051 0
    outer loop
      vertex 22 11 13.5
      vertex 22.3486 10.9848 13.49
      vertex 22.3486 10.9848 15.19
    endloop
  endfacet
  facet normal 0.737283 -0.675584 0
    outer loop
      vertex 2.93582 9.57115 15.19
      vertex 3.17157 9.82843 13.5
      vertex 3.17157 9.82843 15.19
    endloop
  endfacet
  facet normal 0.737283 -0.675584 0
    outer loop
      vertex 3.17157 9.82843 13.5
      vertex 2.93582 9.57115 15.19
      vertex 2.93582 9.57115 13.5
    endloop
  endfacet
  facet normal 0.991445 -0.130529 0
    outer loop
      vertex 2.01523 7.34862 15.19
      vertex 2.06078 7.6946 13.5
      vertex 2.06078 7.6946 15.19
    endloop
  endfacet
  facet normal 0.991445 -0.130529 0
    outer loop
      vertex 2.06078 7.6946 13.5
      vertex 2.01523 7.34862 15.19
      vertex 2.01523 7.34862 13.5
    endloop
  endfacet
  facet normal 0.999047 -0.0436449 0
    outer loop
      vertex 2 7 15.19
      vertex 2.01523 7.34862 13.5
      vertex 2.01523 7.34862 15.19
    endloop
  endfacet
  facet normal 0.999047 -0.0436449 0
    outer loop
      vertex 2.01523 7.34862 13.5
      vertex 2 7 15.19
      vertex 2 7 13.5
    endloop
  endfacet
  facet normal 0.999047 0.0436449 0
    outer loop
      vertex 2.01523 -7.34862 15.19
      vertex 2 -7 13.5
      vertex 2 -7 15.19
    endloop
  endfacet
  facet normal 0.999047 0.0436449 0
    outer loop
      vertex 2 -7 13.5
      vertex 2.01523 -7.34862 15.19
      vertex 2.01523 -7.34862 13.5
    endloop
  endfacet
  facet normal 0.216366 -0.976312 0
    outer loop
      vertex 4.96472 10.8637 13.5
      vertex 5.3054 10.9392 15.19
      vertex 4.96472 10.8637 15.19
    endloop
  endfacet
  facet normal 0.216366 -0.976312 0
    outer loop
      vertex 5.3054 10.9392 15.19
      vertex 4.96472 10.8637 13.5
      vertex 5.3054 10.9392 13.5
    endloop
  endfacet
  facet normal -0.130887 0.991397 -6.09737e-05
    outer loop
      vertex 22.6946 -10.9392 13.8929
      vertex 22.3486 -10.9848 15.19
      vertex 22.5622 -10.9566 15.19
    endloop
  endfacet
  facet normal -0.130662 0.991427 0
    outer loop
      vertex 22.3486 -10.9848 13.49
      vertex 22.6946 -10.9392 13.8929
      vertex 22.6946 -10.9392 13.49
    endloop
  endfacet
  facet normal -0.130662 0.991427 0
    outer loop
      vertex 22.6946 -10.9392 13.8929
      vertex 22.3486 -10.9848 13.49
      vertex 22.3486 -10.9848 15.19
    endloop
  endfacet
  facet normal -0.0435616 0.999051 0
    outer loop
      vertex 22.3486 -10.9848 15.19
      vertex 22 -11 13.5
      vertex 22 -11 15.19
    endloop
  endfacet
  facet normal -0.0435616 0.999051 0
    outer loop
      vertex 22.3486 -10.9848 13.49
      vertex 22 -11 13.5
      vertex 22.3486 -10.9848 15.19
    endloop
  endfacet
  facet normal -0.0435616 0.999051 0
    outer loop
      vertex 22 -11 13.5
      vertex 22.3486 -10.9848 13.49
      vertex 22 -11 13.49
    endloop
  endfacet
  facet normal -0.215178 0.976575 0
    outer loop
      vertex 22.6946 -10.9392 13.8929
      vertex 22.7359 -10.9301 13.49
      vertex 22.6946 -10.9392 13.49
    endloop
  endfacet
  facet normal 0.608713 0.79339 -0
    outer loop
      vertex 3.70569 -10.2766 13.5
      vertex 3.42885 -10.0642 15.19
      vertex 3.70569 -10.2766 15.19
    endloop
  endfacet
  facet normal 0.608713 0.79339 0
    outer loop
      vertex 3.42885 -10.0642 15.19
      vertex 3.70569 -10.2766 13.5
      vertex 3.42885 -10.0642 13.5
    endloop
  endfacet
  facet normal 0.537307 0.843386 -0
    outer loop
      vertex 4 -10.4641 13.5
      vertex 3.70569 -10.2766 15.19
      vertex 4 -10.4641 15.19
    endloop
  endfacet
  facet normal 0.537307 0.843386 0
    outer loop
      vertex 3.70569 -10.2766 15.19
      vertex 4 -10.4641 13.5
      vertex 3.70569 -10.2766 13.5
    endloop
  endfacet
  facet normal 0.737283 0.675584 0
    outer loop
      vertex 3.17157 -9.82843 15.19
      vertex 2.93582 -9.57115 13.5
      vertex 2.93582 -9.57115 15.19
    endloop
  endfacet
  facet normal 0.737283 0.675584 0
    outer loop
      vertex 2.93582 -9.57115 13.5
      vertex 3.17157 -9.82843 15.19
      vertex 3.17157 -9.82843 13.5
    endloop
  endfacet
  facet normal 0.300616 -0.953745 0
    outer loop
      vertex 4.63191 10.7588 13.5
      vertex 4.96472 10.8637 15.19
      vertex 4.63191 10.7588 15.19
    endloop
  endfacet
  facet normal 0.300616 -0.953745 0
    outer loop
      vertex 4.96472 10.8637 15.19
      vertex 4.63191 10.7588 13.5
      vertex 4.96472 10.8637 13.5
    endloop
  endfacet
  facet normal 0.537307 -0.843386 0
    outer loop
      vertex 3.70569 10.2766 13.5
      vertex 4 10.4641 15.19
      vertex 3.70569 10.2766 15.19
    endloop
  endfacet
  facet normal 0.537307 -0.843386 0
    outer loop
      vertex 4 10.4641 15.19
      vertex 3.70569 10.2766 13.5
      vertex 4 10.4641 13.5
    endloop
  endfacet
  facet normal 0.923878 -0.382688 0
    outer loop
      vertex 2.24123 8.36809 15.19
      vertex 2.37477 8.69048 13.5
      vertex 2.37477 8.69048 15.19
    endloop
  endfacet
  facet normal 0.923878 -0.382688 0
    outer loop
      vertex 2.37477 8.69048 13.5
      vertex 2.24123 8.36809 15.19
      vertex 2.24123 8.36809 13.5
    endloop
  endfacet
  facet normal 0.953713 -0.30072 0
    outer loop
      vertex 2.13629 8.03528 15.19
      vertex 2.24123 8.36809 13.5
      vertex 2.24123 8.36809 15.19
    endloop
  endfacet
  facet normal 0.953713 -0.30072 0
    outer loop
      vertex 2.24123 8.36809 13.5
      vertex 2.13629 8.03528 15.19
      vertex 2.13629 8.03528 13.5
    endloop
  endfacet
  facet normal 0.953713 0.30072 0
    outer loop
      vertex 2.24123 -8.36809 15.19
      vertex 2.13629 -8.03528 13.5
      vertex 2.13629 -8.03528 15.19
    endloop
  endfacet
  facet normal 0.953713 0.30072 0
    outer loop
      vertex 2.13629 -8.03528 13.5
      vertex 2.24123 -8.36809 15.19
      vertex 2.24123 -8.36809 13.5
    endloop
  endfacet
  facet normal 1 -0 0
    outer loop
      vertex 2 -7 15.19
      vertex 2 7 13.5
      vertex 2 7 15.19
    endloop
  endfacet
  facet normal 1 0 0
    outer loop
      vertex 2 7 13.5
      vertex 2 -7 15.19
      vertex 2 -7 13.5
    endloop
  endfacet
  facet normal 0 0 1
    outer loop
      vertex 22.3486 10.9848 13.49
      vertex 22.751 10.5837 13.49
      vertex 22.744 10.7441 13.49
    endloop
  endfacet
  facet normal 0 0 1
    outer loop
      vertex 22.751 10.5837 13.49
      vertex 22 11 13.49
      vertex 22.751 -10.5837 13.49
    endloop
  endfacet
  facet normal 0 0 1
    outer loop
      vertex 22.6946 10.9392 13.49
      vertex 22.744 10.7441 13.49
      vertex 22.7359 10.9301 13.49
    endloop
  endfacet
  facet normal 0 0 1
    outer loop
      vertex 22 -11 13.49
      vertex 22.751 -10.5837 13.49
      vertex 22 11 13.49
    endloop
  endfacet
  facet normal 0 0 1
    outer loop
      vertex 22.744 10.7441 13.49
      vertex 22.6946 10.9392 13.49
      vertex 22.3486 10.9848 13.49
    endloop
  endfacet
  facet normal 0 -0 1
    outer loop
      vertex 22.3486 -10.9848 13.49
      vertex 22.751 -10.5837 13.49
      vertex 22 -11 13.49
    endloop
  endfacet
  facet normal 0 0 1
    outer loop
      vertex 22.751 10.5837 13.49
      vertex 22.3486 10.9848 13.49
      vertex 22 11 13.49
    endloop
  endfacet
  facet normal 0 0 1
    outer loop
      vertex 22.751 -10.5837 13.49
      vertex 22.3486 -10.9848 13.49
      vertex 22.744 -10.7441 13.49
    endloop
  endfacet
  facet normal 0 -0 1
    outer loop
      vertex 22.6946 -10.9392 13.49
      vertex 22.744 -10.7441 13.49
      vertex 22.3486 -10.9848 13.49
    endloop
  endfacet
  facet normal 0 0 1
    outer loop
      vertex 22.744 -10.7441 13.49
      vertex 22.6946 -10.9392 13.49
      vertex 22.7359 -10.9301 13.49
    endloop
  endfacet
  facet normal 0.130669 -0.991426 0
    outer loop
      vertex 5.3054 10.9392 13.5
      vertex 5.65138 10.9848 15.19
      vertex 5.3054 10.9392 15.19
    endloop
  endfacet
  facet normal 0.130669 -0.991426 0
    outer loop
      vertex 5.65138 10.9848 15.19
      vertex 5.3054 10.9392 13.5
      vertex 5.65138 10.9848 13.5
    endloop
  endfacet
  facet normal 0 1 -0
    outer loop
      vertex 22 -11 13.5
      vertex 19.8948 -11 15.19
      vertex 22 -11 15.19
    endloop
  endfacet
  facet normal 0 1 0
    outer loop
      vertex 19.8948 -11 15.19
      vertex 22 -11 13.5
      vertex 19.8948 -11 13.5
    endloop
  endfacet
  facet normal 0 1 -0
    outer loop
      vertex 10.1052 -11 13.5
      vertex 6 -11 15.19
      vertex 10.1052 -11 15.19
    endloop
  endfacet
  facet normal 0 1 0
    outer loop
      vertex 6 -11 15.19
      vertex 10.1052 -11 13.5
      vertex 6 -11 13.5
    endloop
  endfacet
  facet normal 0.382834 0.923817 -0
    outer loop
      vertex 4.63191 -10.7588 13.5
      vertex 4.30952 -10.6252 15.19
      vertex 4.63191 -10.7588 15.19
    endloop
  endfacet
  facet normal 0.382834 0.923817 0
    outer loop
      vertex 4.30952 -10.6252 15.19
      vertex 4.63191 -10.7588 13.5
      vertex 4.30952 -10.6252 13.5
    endloop
  endfacet
  facet normal 0.675616 0.737254 -0
    outer loop
      vertex 3.42885 -10.0642 13.5
      vertex 3.17157 -9.82843 15.19
      vertex 3.42885 -10.0642 15.19
    endloop
  endfacet
  facet normal 0.675616 0.737254 0
    outer loop
      vertex 3.17157 -9.82843 15.19
      vertex 3.42885 -10.0642 13.5
      vertex 3.17157 -9.82843 13.5
    endloop
  endfacet
  facet normal -0.215178 -0.976575 0
    outer loop
      vertex 22.7359 10.9301 13.49
      vertex 22.6946 10.9392 13.8929
      vertex 22.6946 10.9392 13.49
    endloop
  endfacet
  facet normal 0.382834 -0.923817 0
    outer loop
      vertex 4.30952 10.6252 13.5
      vertex 4.63191 10.7588 15.19
      vertex 4.30952 10.6252 15.19
    endloop
  endfacet
  facet normal 0.382834 -0.923817 0
    outer loop
      vertex 4.63191 10.7588 15.19
      vertex 4.30952 10.6252 13.5
      vertex 4.63191 10.7588 13.5
    endloop
  endfacet
  facet normal 0.46169 -0.887041 0
    outer loop
      vertex 4 10.4641 13.5
      vertex 4.30952 10.6252 15.19
      vertex 4 10.4641 15.19
    endloop
  endfacet
  facet normal 0.46169 -0.887041 0
    outer loop
      vertex 4.30952 10.6252 15.19
      vertex 4 10.4641 13.5
      vertex 4.30952 10.6252 13.5
    endloop
  endfacet
  facet normal 0.675616 -0.737254 0
    outer loop
      vertex 3.17157 9.82843 13.5
      vertex 3.42885 10.0642 15.19
      vertex 3.17157 9.82843 15.19
    endloop
  endfacet
  facet normal 0.675616 -0.737254 0
    outer loop
      vertex 3.42885 10.0642 15.19
      vertex 3.17157 9.82843 13.5
      vertex 3.42885 10.0642 13.5
    endloop
  endfacet
  facet normal 0.608713 -0.79339 0
    outer loop
      vertex 3.42885 10.0642 13.5
      vertex 3.70569 10.2766 15.19
      vertex 3.42885 10.0642 15.19
    endloop
  endfacet
  facet normal 0.608713 -0.79339 0
    outer loop
      vertex 3.70569 10.2766 15.19
      vertex 3.42885 10.0642 13.5
      vertex 3.70569 10.2766 13.5
    endloop
  endfacet
  facet normal 0.887006 -0.461758 0
    outer loop
      vertex 2.37477 8.69048 15.19
      vertex 2.5359 9 13.5
      vertex 2.5359 9 15.19
    endloop
  endfacet
  facet normal 0.887006 -0.461758 0
    outer loop
      vertex 2.5359 9 13.5
      vertex 2.37477 8.69048 15.19
      vertex 2.37477 8.69048 13.5
    endloop
  endfacet
  facet normal 0.843399 -0.537287 0
    outer loop
      vertex 2.5359 9 15.19
      vertex 2.72339 9.29431 13.5
      vertex 2.72339 9.29431 15.19
    endloop
  endfacet
  facet normal 0.843399 -0.537287 0
    outer loop
      vertex 2.72339 9.29431 13.5
      vertex 2.5359 9 15.19
      vertex 2.5359 9 13.5
    endloop
  endfacet
  facet normal 0.793349 -0.608767 0
    outer loop
      vertex 2.72339 9.29431 15.19
      vertex 2.93582 9.57115 13.5
      vertex 2.93582 9.57115 15.19
    endloop
  endfacet
  facet normal 0.793349 -0.608767 0
    outer loop
      vertex 2.93582 9.57115 13.5
      vertex 2.72339 9.29431 15.19
      vertex 2.72339 9.29431 13.5
    endloop
  endfacet
  facet normal 0.976306 -0.216393 0
    outer loop
      vertex 2.06078 7.6946 15.19
      vertex 2.13629 8.03528 13.5
      vertex 2.13629 8.03528 15.19
    endloop
  endfacet
  facet normal 0.976306 -0.216393 0
    outer loop
      vertex 2.13629 8.03528 13.5
      vertex 2.06078 7.6946 15.19
      vertex 2.06078 7.6946 13.5
    endloop
  endfacet
  facet normal 0.976306 0.216393 0
    outer loop
      vertex 2.13629 -8.03528 15.19
      vertex 2.06078 -7.6946 13.5
      vertex 2.06078 -7.6946 15.19
    endloop
  endfacet
  facet normal 0.976306 0.216393 0
    outer loop
      vertex 2.06078 -7.6946 13.5
      vertex 2.13629 -8.03528 15.19
      vertex 2.13629 -8.03528 13.5
    endloop
  endfacet
  facet normal 0.887006 0.461758 0
    outer loop
      vertex 2.5359 -9 15.19
      vertex 2.37477 -8.69048 13.5
      vertex 2.37477 -8.69048 15.19
    endloop
  endfacet
  facet normal 0.887006 0.461758 0
    outer loop
      vertex 2.37477 -8.69048 13.5
      vertex 2.5359 -9 15.19
      vertex 2.5359 -9 13.5
    endloop
  endfacet
  facet normal 0.793349 0.608767 0
    outer loop
      vertex 2.93582 -9.57115 15.19
      vertex 2.72339 -9.29431 13.5
      vertex 2.72339 -9.29431 15.19
    endloop
  endfacet
  facet normal 0.793349 0.608767 0
    outer loop
      vertex 2.72339 -9.29431 13.5
      vertex 2.93582 -9.57115 15.19
      vertex 2.93582 -9.57115 13.5
    endloop
  endfacet
  facet normal 0.843399 0.537287 0
    outer loop
      vertex 2.72339 -9.29431 15.19
      vertex 2.5359 -9 13.5
      vertex 2.5359 -9 15.19
    endloop
  endfacet
  facet normal 0.843399 0.537287 0
    outer loop
      vertex 2.5359 -9 13.5
      vertex 2.72339 -9.29431 15.19
      vertex 2.72339 -9.29431 13.5
    endloop
  endfacet
  facet normal 0.300616 0.953745 -0
    outer loop
      vertex 4.96472 -10.8637 13.5
      vertex 4.63191 -10.7588 15.19
      vertex 4.96472 -10.8637 15.19
    endloop
  endfacet
  facet normal 0.300616 0.953745 0
    outer loop
      vertex 4.63191 -10.7588 15.19
      vertex 4.96472 -10.8637 13.5
      vertex 4.63191 -10.7588 13.5
    endloop
  endfacet
  facet normal 0.0435591 0.999051 -0
    outer loop
      vertex 6 -11 13.5
      vertex 5.65138 -10.9848 15.19
      vertex 6 -11 15.19
    endloop
  endfacet
  facet normal 0.0435591 0.999051 0
    outer loop
      vertex 5.65138 -10.9848 15.19
      vertex 6 -11 13.5
      vertex 5.65138 -10.9848 13.5
    endloop
  endfacet
  facet normal -0.130887 -0.991397 -6.09737e-05
    outer loop
      vertex 22.3486 10.9848 15.19
      vertex 22.6946 10.9392 13.8929
      vertex 22.5622 10.9566 15.19
    endloop
  endfacet
  facet normal -0.130662 -0.991427 0
    outer loop
      vertex 22.3486 10.9848 13.49
      vertex 22.6946 10.9392 13.8929
      vertex 22.3486 10.9848 15.19
    endloop
  endfacet
  facet normal -0.130662 -0.991427 -0
    outer loop
      vertex 22.6946 10.9392 13.8929
      vertex 22.3486 10.9848 13.49
      vertex 22.6946 10.9392 13.49
    endloop
  endfacet
  facet normal 0.130669 0.991426 -0
    outer loop
      vertex 5.65138 -10.9848 13.5
      vertex 5.3054 -10.9392 15.19
      vertex 5.65138 -10.9848 15.19
    endloop
  endfacet
  facet normal 0.130669 0.991426 0
    outer loop
      vertex 5.3054 -10.9392 15.19
      vertex 5.65138 -10.9848 13.5
      vertex 5.3054 -10.9392 13.5
    endloop
  endfacet
  facet normal 0.216366 0.976312 -0
    outer loop
      vertex 5.3054 -10.9392 13.5
      vertex 4.96472 -10.8637 15.19
      vertex 5.3054 -10.9392 15.19
    endloop
  endfacet
  facet normal 0.216366 0.976312 0
    outer loop
      vertex 4.96472 -10.8637 15.19
      vertex 5.3054 -10.9392 13.5
      vertex 4.96472 -10.8637 13.5
    endloop
  endfacet
  facet normal -0.999051 -0.0435566 0
    outer loop
      vertex 20 -12 13.5
      vertex 19.981 -11.5642 16
      vertex 19.981 -11.5642 13.5
    endloop
  endfacet
  facet normal -0.999051 -0.0435566 0
    outer loop
      vertex 19.981 -11.5642 16
      vertex 20 -12 13.5
      vertex 20 -12 16
    endloop
  endfacet
  facet normal 0.0436252 -0.999048 0
    outer loop
      vertex 14.5642 -7.01903 15.19
      vertex 15 -7 16
      vertex 14.5642 -7.01903 16
    endloop
  endfacet
  facet normal 0.0436252 -0.999048 0
    outer loop
      vertex 15 -7 16
      vertex 14.5642 -7.01903 15.19
      vertex 15 -7 15.19
    endloop
  endfacet
  facet normal -0.675588 -0.73728 0
    outer loop
      vertex 18.2139 -8.16978 15.19
      vertex 18.5355 -8.46447 16
      vertex 18.2139 -8.16978 16
    endloop
  endfacet
  facet normal -0.675588 -0.73728 -0
    outer loop
      vertex 18.5355 -8.46447 16
      vertex 18.2139 -8.16978 15.19
      vertex 18.5355 -8.46447 15.19
    endloop
  endfacet
  facet normal 0.737258 -0.675611 0
    outer loop
      vertex 11.1698 -8.78606 16
      vertex 11.4645 -8.46447 15.19
      vertex 11.4645 -8.46447 16
    endloop
  endfacet
  facet normal 0.737258 -0.675611 0
    outer loop
      vertex 11.4645 -8.46447 15.19
      vertex 11.1698 -8.78606 16
      vertex 11.1698 -8.78606 15.19
    endloop
  endfacet
  facet normal 0.461753 -0.887008 0
    outer loop
      vertex 12.5 -7.66987 15.19
      vertex 12.8869 -7.46846 16
      vertex 12.5 -7.66987 16
    endloop
  endfacet
  facet normal 0.461753 -0.887008 0
    outer loop
      vertex 12.8869 -7.46846 16
      vertex 12.5 -7.66987 15.19
      vertex 12.8869 -7.46846 15.19
    endloop
  endfacet
  facet normal -0.887023 -0.461726 0
    outer loop
      vertex 19.5315 -9.88691 15.19
      vertex 19.3301 -9.5 16
      vertex 19.3301 -9.5 15.19
    endloop
  endfacet
  facet normal -0.887023 -0.461726 0
    outer loop
      vertex 19.3301 -9.5 16
      vertex 19.5315 -9.88691 15.19
      vertex 19.5315 -9.88691 16
    endloop
  endfacet
  facet normal -0.300718 -0.953713 0
    outer loop
      vertex 16.2941 -7.17037 15.19
      vertex 16.7101 -7.30154 16
      vertex 16.2941 -7.17037 16
    endloop
  endfacet
  facet normal -0.300718 -0.953713 -0
    outer loop
      vertex 16.7101 -7.30154 16
      vertex 16.2941 -7.17037 15.19
      vertex 16.7101 -7.30154 15.19
    endloop
  endfacet
  facet normal -0.537286 -0.8434 0
    outer loop
      vertex 17.5 -7.66987 15.19
      vertex 17.8679 -7.90424 16
      vertex 17.5 -7.66987 16
    endloop
  endfacet
  facet normal -0.537286 -0.8434 -0
    outer loop
      vertex 17.8679 -7.90424 16
      vertex 17.5 -7.66987 15.19
      vertex 17.8679 -7.90424 15.19
    endloop
  endfacet
  facet normal 0.953759 -0.300572 0
    outer loop
      vertex 10.1704 -10.7059 16
      vertex 10.3015 -10.2899 15.19
      vertex 10.3015 -10.2899 16
    endloop
  endfacet
  facet normal 0.953759 -0.300572 0
    outer loop
      vertex 10.3015 -10.2899 15.19
      vertex 10.1704 -10.7059 16
      vertex 10.1704 -10.7059 15.19
    endloop
  endfacet
  facet normal 0.216418 -0.976301 0
    outer loop
      vertex 13.7059 -7.17037 15.19
      vertex 14.1318 -7.07596 16
      vertex 13.7059 -7.17037 16
    endloop
  endfacet
  facet normal 0.216418 -0.976301 0
    outer loop
      vertex 14.1318 -7.07596 16
      vertex 13.7059 -7.17037 15.19
      vertex 14.1318 -7.07596 15.19
    endloop
  endfacet
  facet normal -0.976296 -0.216438 0
    outer loop
      vertex 19.8948 -11 15.19
      vertex 19.8296 -10.7059 16
      vertex 19.8296 -10.7059 15.19
    endloop
  endfacet
  facet normal -0.976306 -0.216396 -1.59614e-05
    outer loop
      vertex 19.8948 -11 15.19
      vertex 19.924 -11.1318 16
      vertex 19.8296 -10.7059 16
    endloop
  endfacet
  facet normal -0.976326 -0.216303 -0
    outer loop
      vertex 19.924 -11.1318 16
      vertex 19.8948 -11 15.19
      vertex 19.924 -11.1318 13.5
    endloop
  endfacet
  facet normal -0.976326 -0.216303 0
    outer loop
      vertex 19.8948 -11 13.5
      vertex 19.924 -11.1318 13.5
      vertex 19.8948 -11 15.19
    endloop
  endfacet
  facet normal -0.991423 -0.130692 0
    outer loop
      vertex 19.981 -11.5642 13.5
      vertex 19.924 -11.1318 16
      vertex 19.924 -11.1318 13.5
    endloop
  endfacet
  facet normal -0.991423 -0.130692 0
    outer loop
      vertex 19.924 -11.1318 16
      vertex 19.981 -11.5642 13.5
      vertex 19.981 -11.5642 16
    endloop
  endfacet
  facet normal -0.953759 -0.300572 0
    outer loop
      vertex 19.8296 -10.7059 15.19
      vertex 19.6985 -10.2899 16
      vertex 19.6985 -10.2899 15.19
    endloop
  endfacet
  facet normal -0.953759 -0.300572 0
    outer loop
      vertex 19.6985 -10.2899 16
      vertex 19.8296 -10.7059 15.19
      vertex 19.8296 -10.7059 16
    endloop
  endfacet
  facet normal -0.793288 -0.608846 0
    outer loop
      vertex 19.0958 -9.13212 15.19
      vertex 18.8302 -8.78606 16
      vertex 18.8302 -8.78606 15.19
    endloop
  endfacet
  facet normal -0.793288 -0.608846 0
    outer loop
      vertex 18.8302 -8.78606 16
      vertex 19.0958 -9.13212 15.19
      vertex 19.0958 -9.13212 16
    endloop
  endfacet
  facet normal -0.737258 -0.675611 0
    outer loop
      vertex 18.8302 -8.78606 15.19
      vertex 18.5355 -8.46447 16
      vertex 18.5355 -8.46447 15.19
    endloop
  endfacet
  facet normal -0.737258 -0.675611 0
    outer loop
      vertex 18.5355 -8.46447 16
      vertex 18.8302 -8.78606 15.19
      vertex 18.8302 -8.78606 16
    endloop
  endfacet
  facet normal -0.843459 -0.537193 0
    outer loop
      vertex 19.3301 -9.5 15.19
      vertex 19.0958 -9.13212 16
      vertex 19.0958 -9.13212 15.19
    endloop
  endfacet
  facet normal -0.843459 -0.537193 0
    outer loop
      vertex 19.0958 -9.13212 16
      vertex 19.3301 -9.5 15.19
      vertex 19.3301 -9.5 16
    endloop
  endfacet
  facet normal -0.130534 -0.991444 0
    outer loop
      vertex 15.4358 -7.01903 15.19
      vertex 15.8682 -7.07596 16
      vertex 15.4358 -7.01903 16
    endloop
  endfacet
  facet normal -0.130534 -0.991444 -0
    outer loop
      vertex 15.8682 -7.07596 16
      vertex 15.4358 -7.01903 15.19
      vertex 15.8682 -7.07596 15.19
    endloop
  endfacet
  facet normal -0.216418 -0.976301 0
    outer loop
      vertex 15.8682 -7.07596 15.19
      vertex 16.2941 -7.17037 16
      vertex 15.8682 -7.07596 16
    endloop
  endfacet
  facet normal -0.216418 -0.976301 -0
    outer loop
      vertex 16.2941 -7.17037 16
      vertex 15.8682 -7.07596 15.19
      vertex 16.2941 -7.17037 15.19
    endloop
  endfacet
  facet normal -0.0436252 -0.999048 0
    outer loop
      vertex 15 -7 15.19
      vertex 15.4358 -7.01903 16
      vertex 15 -7 16
    endloop
  endfacet
  facet normal -0.0436252 -0.999048 -0
    outer loop
      vertex 15.4358 -7.01903 16
      vertex 15 -7 15.19
      vertex 15.4358 -7.01903 15.19
    endloop
  endfacet
  facet normal -0.608826 -0.793304 0
    outer loop
      vertex 17.8679 -7.90424 15.19
      vertex 18.2139 -8.16978 16
      vertex 17.8679 -7.90424 16
    endloop
  endfacet
  facet normal -0.608826 -0.793304 -0
    outer loop
      vertex 18.2139 -8.16978 16
      vertex 17.8679 -7.90424 15.19
      vertex 18.2139 -8.16978 15.19
    endloop
  endfacet
  facet normal 0.991423 -0.130692 0
    outer loop
      vertex 10.019 -11.5642 16
      vertex 10.076 -11.1318 13.5
      vertex 10.076 -11.1318 16
    endloop
  endfacet
  facet normal 0.991423 -0.130692 0
    outer loop
      vertex 10.076 -11.1318 13.5
      vertex 10.019 -11.5642 16
      vertex 10.019 -11.5642 13.5
    endloop
  endfacet
  facet normal 0.843459 -0.537193 0
    outer loop
      vertex 10.6699 -9.5 16
      vertex 10.9042 -9.13212 15.19
      vertex 10.9042 -9.13212 16
    endloop
  endfacet
  facet normal 0.843459 -0.537193 0
    outer loop
      vertex 10.9042 -9.13212 15.19
      vertex 10.6699 -9.5 16
      vertex 10.6699 -9.5 15.19
    endloop
  endfacet
  facet normal 0.793288 -0.608846 0
    outer loop
      vertex 10.9042 -9.13212 16
      vertex 11.1698 -8.78606 15.19
      vertex 11.1698 -8.78606 16
    endloop
  endfacet
  facet normal 0.793288 -0.608846 0
    outer loop
      vertex 11.1698 -8.78606 15.19
      vertex 10.9042 -9.13212 16
      vertex 10.9042 -9.13212 15.19
    endloop
  endfacet
  facet normal 0.976296 -0.216438 0
    outer loop
      vertex 10.1704 -10.7059 16
      vertex 10.1052 -11 15.19
      vertex 10.1704 -10.7059 15.19
    endloop
  endfacet
  facet normal 0.976306 -0.216396 -1.59614e-05
    outer loop
      vertex 10.076 -11.1318 16
      vertex 10.1052 -11 15.19
      vertex 10.1704 -10.7059 16
    endloop
  endfacet
  facet normal 0.976326 -0.216303 0
    outer loop
      vertex 10.076 -11.1318 13.5
      vertex 10.1052 -11 15.19
      vertex 10.076 -11.1318 16
    endloop
  endfacet
  facet normal 0.976326 -0.216303 0
    outer loop
      vertex 10.1052 -11 15.19
      vertex 10.076 -11.1318 13.5
      vertex 10.1052 -11 13.5
    endloop
  endfacet
  facet normal 0.999051 -0.0435566 0
    outer loop
      vertex 10 -12 16
      vertex 10.019 -11.5642 13.5
      vertex 10.019 -11.5642 16
    endloop
  endfacet
  facet normal 0.999051 -0.0435566 0
    outer loop
      vertex 10.019 -11.5642 13.5
      vertex 10 -12 16
      vertex 10 -12 13.5
    endloop
  endfacet
  facet normal 0.608826 -0.793304 0
    outer loop
      vertex 11.7861 -8.16978 15.19
      vertex 12.1321 -7.90424 16
      vertex 11.7861 -8.16978 16
    endloop
  endfacet
  facet normal 0.608826 -0.793304 0
    outer loop
      vertex 12.1321 -7.90424 16
      vertex 11.7861 -8.16978 15.19
      vertex 12.1321 -7.90424 15.19
    endloop
  endfacet
  facet normal 0.537286 -0.8434 0
    outer loop
      vertex 12.1321 -7.90424 15.19
      vertex 12.5 -7.66987 16
      vertex 12.1321 -7.90424 16
    endloop
  endfacet
  facet normal 0.537286 -0.8434 0
    outer loop
      vertex 12.5 -7.66987 16
      vertex 12.1321 -7.90424 15.19
      vertex 12.5 -7.66987 15.19
    endloop
  endfacet
  facet normal 0.675588 -0.73728 0
    outer loop
      vertex 11.4645 -8.46447 15.19
      vertex 11.7861 -8.16978 16
      vertex 11.4645 -8.46447 16
    endloop
  endfacet
  facet normal 0.675588 -0.73728 0
    outer loop
      vertex 11.7861 -8.16978 16
      vertex 11.4645 -8.46447 15.19
      vertex 11.7861 -8.16978 15.19
    endloop
  endfacet
  facet normal 0.300718 -0.953713 0
    outer loop
      vertex 13.2899 -7.30154 15.19
      vertex 13.7059 -7.17037 16
      vertex 13.2899 -7.30154 16
    endloop
  endfacet
  facet normal 0.300718 -0.953713 0
    outer loop
      vertex 13.7059 -7.17037 16
      vertex 13.2899 -7.30154 15.19
      vertex 13.7059 -7.17037 15.19
    endloop
  endfacet
  facet normal 0.130534 -0.991444 0
    outer loop
      vertex 14.1318 -7.07596 15.19
      vertex 14.5642 -7.01903 16
      vertex 14.1318 -7.07596 16
    endloop
  endfacet
  facet normal 0.130534 -0.991444 0
    outer loop
      vertex 14.5642 -7.01903 16
      vertex 14.1318 -7.07596 15.19
      vertex 14.5642 -7.01903 15.19
    endloop
  endfacet
  facet normal -0.976306 0.216396 0
    outer loop
      vertex 19.8296 -13.2941 13.5
      vertex 19.924 -12.8682 16
      vertex 19.924 -12.8682 13.5
    endloop
  endfacet
  facet normal -0.976306 0.216396 0
    outer loop
      vertex 19.924 -12.8682 16
      vertex 19.8296 -13.2941 13.5
      vertex 19.8296 -13.2941 16
    endloop
  endfacet
  facet normal -0.999051 0.0435566 0
    outer loop
      vertex 19.981 -12.4358 13.5
      vertex 20 -12 16
      vertex 20 -12 13.5
    endloop
  endfacet
  facet normal -0.999051 0.0435566 0
    outer loop
      vertex 20 -12 16
      vertex 19.981 -12.4358 13.5
      vertex 19.981 -12.4358 16
    endloop
  endfacet
  facet normal -0.537172 0.843473 0
    outer loop
      vertex 17.8679 -16.0958 13.5
      vertex 17.5 -16.3301 16
      vertex 17.8679 -16.0958 16
    endloop
  endfacet
  facet normal -0.537172 0.843473 0
    outer loop
      vertex 17.5 -16.3301 16
      vertex 17.8679 -16.0958 13.5
      vertex 17.5 -16.3301 13.5
    endloop
  endfacet
  facet normal -0.793237 0.608913 0
    outer loop
      vertex 18.8302 -15.2139 13.5
      vertex 19.0958 -14.8679 16
      vertex 19.0958 -14.8679 13.5
    endloop
  endfacet
  facet normal -0.793237 0.608913 0
    outer loop
      vertex 19.0958 -14.8679 16
      vertex 18.8302 -15.2139 13.5
      vertex 18.8302 -15.2139 16
    endloop
  endfacet
  facet normal 0.737268 0.6756 0
    outer loop
      vertex 11.4645 -15.5355 16
      vertex 11.1698 -15.2139 13.5
      vertex 11.1698 -15.2139 16
    endloop
  endfacet
  facet normal 0.737268 0.6756 0
    outer loop
      vertex 11.1698 -15.2139 13.5
      vertex 11.4645 -15.5355 16
      vertex 11.4645 -15.5355 13.5
    endloop
  endfacet
  facet normal -0.461735 0.887018 0
    outer loop
      vertex 17.5 -16.3301 13.5
      vertex 17.1131 -16.5315 16
      vertex 17.5 -16.3301 16
    endloop
  endfacet
  facet normal -0.461735 0.887018 0
    outer loop
      vertex 17.1131 -16.5315 16
      vertex 17.5 -16.3301 13.5
      vertex 17.1131 -16.5315 13.5
    endloop
  endfacet
  facet normal -0.923818 -0.382832 0
    outer loop
      vertex 19.6985 -10.2899 15.19
      vertex 19.5315 -9.88691 16
      vertex 19.5315 -9.88691 15.19
    endloop
  endfacet
  facet normal -0.923818 -0.382832 0
    outer loop
      vertex 19.5315 -9.88691 16
      vertex 19.6985 -10.2899 15.19
      vertex 19.6985 -10.2899 16
    endloop
  endfacet
  facet normal -0.461753 -0.887008 0
    outer loop
      vertex 17.1131 -7.46846 15.19
      vertex 17.5 -7.66987 16
      vertex 17.1131 -7.46846 16
    endloop
  endfacet
  facet normal -0.461753 -0.887008 -0
    outer loop
      vertex 17.5 -7.66987 16
      vertex 17.1131 -7.46846 15.19
      vertex 17.5 -7.66987 15.19
    endloop
  endfacet
  facet normal -0.382668 -0.923886 0
    outer loop
      vertex 16.7101 -7.30154 15.19
      vertex 17.1131 -7.46846 16
      vertex 16.7101 -7.30154 16
    endloop
  endfacet
  facet normal -0.382668 -0.923886 -0
    outer loop
      vertex 17.1131 -7.46846 16
      vertex 16.7101 -7.30154 15.19
      vertex 17.1131 -7.46846 15.19
    endloop
  endfacet
  facet normal 0.923818 -0.382832 0
    outer loop
      vertex 10.3015 -10.2899 16
      vertex 10.4685 -9.88691 15.19
      vertex 10.4685 -9.88691 16
    endloop
  endfacet
  facet normal 0.923818 -0.382832 0
    outer loop
      vertex 10.4685 -9.88691 15.19
      vertex 10.3015 -10.2899 16
      vertex 10.3015 -10.2899 15.19
    endloop
  endfacet
  facet normal 0.887023 -0.461726 0
    outer loop
      vertex 10.4685 -9.88691 16
      vertex 10.6699 -9.5 15.19
      vertex 10.6699 -9.5 16
    endloop
  endfacet
  facet normal 0.887023 -0.461726 0
    outer loop
      vertex 10.6699 -9.5 15.19
      vertex 10.4685 -9.88691 16
      vertex 10.4685 -9.88691 15.19
    endloop
  endfacet
  facet normal 0.999051 0.0435566 0
    outer loop
      vertex 10.019 -12.4358 16
      vertex 10 -12 13.5
      vertex 10 -12 16
    endloop
  endfacet
  facet normal 0.999051 0.0435566 0
    outer loop
      vertex 10 -12 13.5
      vertex 10.019 -12.4358 16
      vertex 10.019 -12.4358 13.5
    endloop
  endfacet
  facet normal 0.382668 -0.923886 0
    outer loop
      vertex 12.8869 -7.46846 15.19
      vertex 13.2899 -7.30154 16
      vertex 12.8869 -7.46846 16
    endloop
  endfacet
  facet normal 0.382668 -0.923886 0
    outer loop
      vertex 13.2899 -7.30154 16
      vertex 12.8869 -7.46846 15.19
      vertex 13.2899 -7.30154 15.19
    endloop
  endfacet
  facet normal -0.953759 0.300572 0
    outer loop
      vertex 19.6985 -13.7101 13.5
      vertex 19.8296 -13.2941 16
      vertex 19.8296 -13.2941 13.5
    endloop
  endfacet
  facet normal -0.953759 0.300572 0
    outer loop
      vertex 19.8296 -13.2941 16
      vertex 19.6985 -13.7101 13.5
      vertex 19.6985 -13.7101 16
    endloop
  endfacet
  facet normal 0.0435566 0.999051 -0
    outer loop
      vertex 15 -17 13.5
      vertex 14.5642 -16.981 16
      vertex 15 -17 16
    endloop
  endfacet
  facet normal 0.0435566 0.999051 0
    outer loop
      vertex 14.5642 -16.981 16
      vertex 15 -17 13.5
      vertex 14.5642 -16.981 13.5
    endloop
  endfacet
  facet normal 0.793237 0.608913 0
    outer loop
      vertex 11.1698 -15.2139 16
      vertex 10.9042 -14.8679 13.5
      vertex 10.9042 -14.8679 16
    endloop
  endfacet
  facet normal 0.793237 0.608913 0
    outer loop
      vertex 10.9042 -14.8679 13.5
      vertex 11.1698 -15.2139 16
      vertex 11.1698 -15.2139 13.5
    endloop
  endfacet
  facet normal 0.991423 0.130692 0
    outer loop
      vertex 10.076 -12.8682 16
      vertex 10.019 -12.4358 13.5
      vertex 10.019 -12.4358 16
    endloop
  endfacet
  facet normal 0.991423 0.130692 0
    outer loop
      vertex 10.019 -12.4358 13.5
      vertex 10.076 -12.8682 16
      vertex 10.076 -12.8682 13.5
    endloop
  endfacet
  facet normal 0.976306 0.216396 0
    outer loop
      vertex 10.1704 -13.2941 16
      vertex 10.076 -12.8682 13.5
      vertex 10.076 -12.8682 16
    endloop
  endfacet
  facet normal 0.976306 0.216396 0
    outer loop
      vertex 10.076 -12.8682 13.5
      vertex 10.1704 -13.2941 16
      vertex 10.1704 -13.2941 13.5
    endloop
  endfacet
  facet normal -0.130692 0.991423 0
    outer loop
      vertex 15.8682 -16.924 13.5
      vertex 15.4358 -16.981 16
      vertex 15.8682 -16.924 16
    endloop
  endfacet
  facet normal -0.130692 0.991423 0
    outer loop
      vertex 15.4358 -16.981 16
      vertex 15.8682 -16.924 13.5
      vertex 15.4358 -16.981 13.5
    endloop
  endfacet
  facet normal -0.382824 0.923821 0
    outer loop
      vertex 17.1131 -16.5315 13.5
      vertex 16.7101 -16.6985 16
      vertex 17.1131 -16.5315 16
    endloop
  endfacet
  facet normal -0.382824 0.923821 0
    outer loop
      vertex 16.7101 -16.6985 16
      vertex 17.1131 -16.5315 13.5
      vertex 16.7101 -16.6985 13.5
    endloop
  endfacet
  facet normal -0.300572 0.953759 0
    outer loop
      vertex 16.7101 -16.6985 13.5
      vertex 16.2941 -16.8296 16
      vertex 16.7101 -16.6985 16
    endloop
  endfacet
  facet normal -0.300572 0.953759 0
    outer loop
      vertex 16.2941 -16.8296 16
      vertex 16.7101 -16.6985 13.5
      vertex 16.2941 -16.8296 13.5
    endloop
  endfacet
  facet normal -0.991423 0.130692 0
    outer loop
      vertex 19.924 -12.8682 13.5
      vertex 19.981 -12.4358 16
      vertex 19.981 -12.4358 13.5
    endloop
  endfacet
  facet normal -0.991423 0.130692 0
    outer loop
      vertex 19.981 -12.4358 16
      vertex 19.924 -12.8682 13.5
      vertex 19.924 -12.8682 16
    endloop
  endfacet
  facet normal -0.6756 0.737268 0
    outer loop
      vertex 18.5355 -15.5355 13.5
      vertex 18.2139 -15.8302 16
      vertex 18.5355 -15.5355 16
    endloop
  endfacet
  facet normal -0.6756 0.737268 0
    outer loop
      vertex 18.2139 -15.8302 16
      vertex 18.5355 -15.5355 13.5
      vertex 18.2139 -15.8302 13.5
    endloop
  endfacet
  facet normal -0.608913 0.793237 0
    outer loop
      vertex 18.2139 -15.8302 13.5
      vertex 17.8679 -16.0958 16
      vertex 18.2139 -15.8302 16
    endloop
  endfacet
  facet normal -0.608913 0.793237 0
    outer loop
      vertex 17.8679 -16.0958 16
      vertex 18.2139 -15.8302 13.5
      vertex 17.8679 -16.0958 13.5
    endloop
  endfacet
  facet normal -0.887018 0.461735 0
    outer loop
      vertex 19.3301 -14.5 13.5
      vertex 19.5315 -14.1131 16
      vertex 19.5315 -14.1131 13.5
    endloop
  endfacet
  facet normal -0.887018 0.461735 0
    outer loop
      vertex 19.5315 -14.1131 16
      vertex 19.3301 -14.5 13.5
      vertex 19.3301 -14.5 16
    endloop
  endfacet
  facet normal -0.843473 0.537172 0
    outer loop
      vertex 19.0958 -14.8679 13.5
      vertex 19.3301 -14.5 16
      vertex 19.3301 -14.5 13.5
    endloop
  endfacet
  facet normal -0.843473 0.537172 0
    outer loop
      vertex 19.3301 -14.5 16
      vertex 19.0958 -14.8679 13.5
      vertex 19.0958 -14.8679 16
    endloop
  endfacet
  facet normal -0.0435566 0.999051 0
    outer loop
      vertex 15.4358 -16.981 13.5
      vertex 15 -17 16
      vertex 15.4358 -16.981 16
    endloop
  endfacet
  facet normal -0.0435566 0.999051 0
    outer loop
      vertex 15 -17 16
      vertex 15.4358 -16.981 13.5
      vertex 15 -17 13.5
    endloop
  endfacet
  facet normal 0.608913 0.793237 -0
    outer loop
      vertex 12.1321 -16.0958 13.5
      vertex 11.7861 -15.8302 16
      vertex 12.1321 -16.0958 16
    endloop
  endfacet
  facet normal 0.608913 0.793237 0
    outer loop
      vertex 11.7861 -15.8302 16
      vertex 12.1321 -16.0958 13.5
      vertex 11.7861 -15.8302 13.5
    endloop
  endfacet
  facet normal 0.6756 0.737268 -0
    outer loop
      vertex 11.7861 -15.8302 13.5
      vertex 11.4645 -15.5355 16
      vertex 11.7861 -15.8302 16
    endloop
  endfacet
  facet normal 0.6756 0.737268 0
    outer loop
      vertex 11.4645 -15.5355 16
      vertex 11.7861 -15.8302 13.5
      vertex 11.4645 -15.5355 13.5
    endloop
  endfacet
  facet normal 0.843473 0.537172 0
    outer loop
      vertex 10.9042 -14.8679 16
      vertex 10.6699 -14.5 13.5
      vertex 10.6699 -14.5 16
    endloop
  endfacet
  facet normal 0.843473 0.537172 0
    outer loop
      vertex 10.6699 -14.5 13.5
      vertex 10.9042 -14.8679 16
      vertex 10.9042 -14.8679 13.5
    endloop
  endfacet
  facet normal 0.923821 0.382824 0
    outer loop
      vertex 10.4685 -14.1131 16
      vertex 10.3015 -13.7101 13.5
      vertex 10.3015 -13.7101 16
    endloop
  endfacet
  facet normal 0.923821 0.382824 0
    outer loop
      vertex 10.3015 -13.7101 13.5
      vertex 10.4685 -14.1131 16
      vertex 10.4685 -14.1131 13.5
    endloop
  endfacet
  facet normal 0.953759 0.300572 0
    outer loop
      vertex 10.3015 -13.7101 16
      vertex 10.1704 -13.2941 13.5
      vertex 10.1704 -13.2941 16
    endloop
  endfacet
  facet normal 0.953759 0.300572 0
    outer loop
      vertex 10.1704 -13.2941 13.5
      vertex 10.3015 -13.7101 16
      vertex 10.3015 -13.7101 13.5
    endloop
  endfacet
  facet normal -0.216396 0.976306 0
    outer loop
      vertex 16.2941 -16.8296 13.5
      vertex 15.8682 -16.924 16
      vertex 16.2941 -16.8296 16
    endloop
  endfacet
  facet normal -0.216396 0.976306 0
    outer loop
      vertex 15.8682 -16.924 16
      vertex 16.2941 -16.8296 13.5
      vertex 15.8682 -16.924 13.5
    endloop
  endfacet
  facet normal -0.737268 0.6756 0
    outer loop
      vertex 18.5355 -15.5355 13.5
      vertex 18.8302 -15.2139 16
      vertex 18.8302 -15.2139 13.5
    endloop
  endfacet
  facet normal -0.737268 0.6756 0
    outer loop
      vertex 18.8302 -15.2139 16
      vertex 18.5355 -15.5355 13.5
      vertex 18.5355 -15.5355 16
    endloop
  endfacet
  facet normal -0.923821 0.382824 0
    outer loop
      vertex 19.5315 -14.1131 13.5
      vertex 19.6985 -13.7101 16
      vertex 19.6985 -13.7101 13.5
    endloop
  endfacet
  facet normal -0.923821 0.382824 0
    outer loop
      vertex 19.6985 -13.7101 16
      vertex 19.5315 -14.1131 13.5
      vertex 19.5315 -14.1131 16
    endloop
  endfacet
  facet normal 0.216396 0.976306 -0
    outer loop
      vertex 14.1318 -16.924 13.5
      vertex 13.7059 -16.8296 16
      vertex 14.1318 -16.924 16
    endloop
  endfacet
  facet normal 0.216396 0.976306 0
    outer loop
      vertex 13.7059 -16.8296 16
      vertex 14.1318 -16.924 13.5
      vertex 13.7059 -16.8296 13.5
    endloop
  endfacet
  facet normal 0.461735 0.887018 -0
    outer loop
      vertex 12.8869 -16.5315 13.5
      vertex 12.5 -16.3301 16
      vertex 12.8869 -16.5315 16
    endloop
  endfacet
  facet normal 0.461735 0.887018 0
    outer loop
      vertex 12.5 -16.3301 16
      vertex 12.8869 -16.5315 13.5
      vertex 12.5 -16.3301 13.5
    endloop
  endfacet
  facet normal 0.887018 0.461735 0
    outer loop
      vertex 10.6699 -14.5 16
      vertex 10.4685 -14.1131 13.5
      vertex 10.4685 -14.1131 16
    endloop
  endfacet
  facet normal 0.887018 0.461735 0
    outer loop
      vertex 10.4685 -14.1131 13.5
      vertex 10.6699 -14.5 16
      vertex 10.6699 -14.5 13.5
    endloop
  endfacet
  facet normal 0.130692 0.991423 -0
    outer loop
      vertex 14.5642 -16.981 13.5
      vertex 14.1318 -16.924 16
      vertex 14.5642 -16.981 16
    endloop
  endfacet
  facet normal 0.130692 0.991423 0
    outer loop
      vertex 14.1318 -16.924 16
      vertex 14.5642 -16.981 13.5
      vertex 14.1318 -16.924 13.5
    endloop
  endfacet
  facet normal 0.537172 0.843473 -0
    outer loop
      vertex 12.5 -16.3301 13.5
      vertex 12.1321 -16.0958 16
      vertex 12.5 -16.3301 16
    endloop
  endfacet
  facet normal 0.537172 0.843473 0
    outer loop
      vertex 12.1321 -16.0958 16
      vertex 12.5 -16.3301 13.5
      vertex 12.1321 -16.0958 13.5
    endloop
  endfacet
  facet normal 0.382824 0.923821 -0
    outer loop
      vertex 13.2899 -16.6985 13.5
      vertex 12.8869 -16.5315 16
      vertex 13.2899 -16.6985 16
    endloop
  endfacet
  facet normal 0.382824 0.923821 0
    outer loop
      vertex 12.8869 -16.5315 16
      vertex 13.2899 -16.6985 13.5
      vertex 12.8869 -16.5315 13.5
    endloop
  endfacet
  facet normal 0.300572 0.953759 -0
    outer loop
      vertex 13.7059 -16.8296 13.5
      vertex 13.2899 -16.6985 16
      vertex 13.7059 -16.8296 16
    endloop
  endfacet
  facet normal 0.300572 0.953759 0
    outer loop
      vertex 13.2899 -16.6985 16
      vertex 13.7059 -16.8296 13.5
      vertex 13.2899 -16.6985 13.5
    endloop
  endfacet
  facet normal 0 0 -1
    outer loop
      vertex 22 -5 7.9
      vertex 23.31 5 7.9
      vertex 23.31 -5 7.9
    endloop
  endfacet
  facet normal -0 0 -1
    outer loop
      vertex 23.31 5 7.9
      vertex 22 -5 7.9
      vertex 22 5 7.9
    endloop
  endfacet
  facet normal 0 -1 0
    outer loop
      vertex 22 5 4.5
      vertex 23.31 5 7.9
      vertex 22 5 7.9
    endloop
  endfacet
  facet normal 0 -1 -0
    outer loop
      vertex 23.31 5 7.9
      vertex 22 5 4.5
      vertex 23.65 5 4.5
    endloop
  endfacet
  facet normal -0 0 1
    outer loop
      vertex 22 5 4.5
      vertex 23.65 -5 4.5
      vertex 23.65 5 4.5
    endloop
  endfacet
  facet normal 0 0 1
    outer loop
      vertex 23.65 -5 4.5
      vertex 22 5 4.5
      vertex 22 -5 4.5
    endloop
  endfacet
  facet normal 0 1 0
    outer loop
      vertex 22 -5 4.5
      vertex 23.31 -5 7.9
      vertex 23.65 -5 4.5
    endloop
  endfacet
  facet normal 0 1 0
    outer loop
      vertex 23.31 -5 7.9
      vertex 22 -5 4.5
      vertex 22 -5 7.9
    endloop
  endfacet
endsolid OpenSCAD_Model
