solid OpenSCAD_Model
  facet normal 3.72168e-05 0.30076 -0.9537
    outer loop
      vertex 21.6113 -15.3909 -0.213832
      vertex 17.8302 -13.2139 0.472561
      vertex 17.897 -13.1269 0.5
    endloop
  endfacet
  facet normal -2.78687e-07 0.3007 -0.953719
    outer loop
      vertex 21.6113 -15.3909 -0.213832
      vertex 17.5355 -13.5355 0.371163
      vertex 17.8302 -13.2139 0.472561
    endloop
  endfacet
  facet normal -5.81256e-06 0.300689 -0.953722
    outer loop
      vertex 21.6113 -15.3909 -0.213832
      vertex 17.2139 -13.8302 0.278252
      vertex 17.5355 -13.5355 0.371163
    endloop
  endfacet
  facet normal -1.29666e-05 0.300671 -0.953728
    outer loop
      vertex 21.6113 -15.3909 -0.213832
      vertex 16.8679 -14.0958 0.194524
      vertex 17.2139 -13.8302 0.278252
    endloop
  endfacet
  facet normal 1.26212e-05 0.300756 -0.953701
    outer loop
      vertex 21.6113 -15.3909 -0.213832
      vertex 16.5 -14.3301 0.120631
      vertex 16.8679 -14.0958 0.194524
    endloop
  endfacet
  facet normal 4.18395e-06 0.300719 -0.953713
    outer loop
      vertex 21.6113 -15.3909 -0.213832
      vertex 16.1131 -14.5315 0.057125
      vertex 16.5 -14.3301 0.120631
    endloop
  endfacet
  facet normal -1.5889e-05 0.300602 -0.95375
    outer loop
      vertex 21.6113 -15.3909 -0.213832
      vertex 15.7101 -14.6985 0.00449671
      vertex 16.1131 -14.5315 0.057125
    endloop
  endfacet
  facet normal 0.0001098 0.301577 -0.953442
    outer loop
      vertex 21.6113 -15.3909 -0.213832
      vertex 15.6649 -14.7127 0
      vertex 15.7101 -14.6985 0.00449671
    endloop
  endfacet
  facet normal -5.8901e-06 0.300654 -0.953733
    outer loop
      vertex 21.6113 -15.3909 -0.213832
      vertex 15.2723 -14.778 -0.0205827
      vertex 15.6649 -14.7127 0
    endloop
  endfacet
  facet normal -0.000879061 0.292428 -0.956287
    outer loop
      vertex 21.6113 -15.3909 -0.213832
      vertex 15.2678 -14.7788 -0.0208232
      vertex 15.2723 -14.778 -0.0205827
    endloop
  endfacet
  facet normal 2.27242e-05 0.30094 -0.953643
    outer loop
      vertex 21.6113 -15.3909 -0.213832
      vertex 14.8345 -14.8304 -0.0371169
      vertex 15.2678 -14.7788 -0.0208232
    endloop
  endfacet
  facet normal -0.000237864 0.298073 -0.954543
    outer loop
      vertex 21.6113 -15.3909 -0.213832
      vertex 14.8262 -14.8314 -0.0374271
      vertex 14.8345 -14.8304 -0.0371169
    endloop
  endfacet
  facet normal 3.21932e-05 0.301053 -0.953607
    outer loop
      vertex 21.6113 -15.3909 -0.213832
      vertex 14.8179 -14.832 -0.0376168
      vertex 14.8262 -14.8314 -0.0374271
    endloop
  endfacet
  facet normal -9.89226e-06 0.300588 -0.953754
    outer loop
      vertex 21.6113 -15.3909 -0.213832
      vertex 14.3894 -14.8629 -0.0473509
      vertex 14.8179 -14.832 -0.0376168
    endloop
  endfacet
  facet normal 1.6823e-06 0.300732 -0.953709
    outer loop
      vertex 21.6113 -15.3909 -0.213832
      vertex 13.9689 -14.8731 -0.050568
      vertex 14.3894 -14.8629 -0.0473509
    endloop
  endfacet
  facet normal -0.000602947 0.292604 -0.956233
    outer loop
      vertex 21.6113 -15.3909 -0.213832
      vertex 13.9578 -14.8734 -0.0506528
      vertex 13.9689 -14.8731 -0.050568
    endloop
  endfacet
  facet normal 0 0.300726 -0.953711
    outer loop
      vertex 21.6113 -15.3909 -0.213832
      vertex -13.9578 -14.8734 -0.0506528
      vertex 13.9578 -14.8734 -0.0506528
    endloop
  endfacet
  facet normal -0.0265706 -0.616382 0.786999
    outer loop
      vertex -14.3894 -14.8629 -0.0473509
      vertex -14.8262 -14.8314 -0.0374271
      vertex -14.8179 -14.832 -0.0376168
    endloop
  endfacet
  facet normal 0.000237864 0.298073 -0.954543
    outer loop
      vertex -21.6113 -15.3909 -0.213832
      vertex -14.8345 -14.8304 -0.0371169
      vertex -14.8262 -14.8314 -0.0374271
    endloop
  endfacet
  facet normal -3.72168e-05 0.30076 -0.9537
    outer loop
      vertex -17.8302 -13.2139 0.472561
      vertex -21.6113 -15.3909 -0.213832
      vertex -17.897 -13.1269 0.5
    endloop
  endfacet
  facet normal 2.78687e-07 0.3007 -0.953719
    outer loop
      vertex -17.5355 -13.5355 0.371163
      vertex -21.6113 -15.3909 -0.213832
      vertex -17.8302 -13.2139 0.472561
    endloop
  endfacet
  facet normal 5.81256e-06 0.300689 -0.953722
    outer loop
      vertex -17.2139 -13.8302 0.278252
      vertex -21.6113 -15.3909 -0.213832
      vertex -17.5355 -13.5355 0.371163
    endloop
  endfacet
  facet normal 1.29666e-05 0.300671 -0.953728
    outer loop
      vertex -16.8679 -14.0958 0.194524
      vertex -21.6113 -15.3909 -0.213832
      vertex -17.2139 -13.8302 0.278252
    endloop
  endfacet
  facet normal -1.26212e-05 0.300756 -0.953701
    outer loop
      vertex -16.5 -14.3301 0.120631
      vertex -21.6113 -15.3909 -0.213832
      vertex -16.8679 -14.0958 0.194524
    endloop
  endfacet
  facet normal -4.18395e-06 0.300719 -0.953713
    outer loop
      vertex -16.1131 -14.5315 0.057125
      vertex -21.6113 -15.3909 -0.213832
      vertex -16.5 -14.3301 0.120631
    endloop
  endfacet
  facet normal 1.5889e-05 0.300602 -0.95375
    outer loop
      vertex -15.7101 -14.6985 0.00449671
      vertex -21.6113 -15.3909 -0.213832
      vertex -16.1131 -14.5315 0.057125
    endloop
  endfacet
  facet normal -0.0001098 0.301577 -0.953442
    outer loop
      vertex -15.6649 -14.7127 0
      vertex -21.6113 -15.3909 -0.213832
      vertex -15.7101 -14.6985 0.00449671
    endloop
  endfacet
  facet normal 5.8901e-06 0.300654 -0.953733
    outer loop
      vertex -15.2723 -14.778 -0.0205827
      vertex -21.6113 -15.3909 -0.213832
      vertex -15.6649 -14.7127 0
    endloop
  endfacet
  facet normal 0.000879061 0.292428 -0.956287
    outer loop
      vertex -15.2678 -14.7788 -0.0208232
      vertex -21.6113 -15.3909 -0.213832
      vertex -15.2723 -14.778 -0.0205827
    endloop
  endfacet
  facet normal -2.27242e-05 0.30094 -0.953643
    outer loop
      vertex -14.8345 -14.8304 -0.0371169
      vertex -21.6113 -15.3909 -0.213832
      vertex -15.2678 -14.7788 -0.0208232
    endloop
  endfacet
  facet normal 9.13581e-06 0.300598 -0.953751
    outer loop
      vertex -14.3894 -14.8629 -0.0473509
      vertex -21.6113 -15.3909 -0.213832
      vertex -14.8262 -14.8314 -0.0374271
    endloop
  endfacet
  facet normal -1.6823e-06 0.300732 -0.953709
    outer loop
      vertex -13.9689 -14.8731 -0.050568
      vertex -21.6113 -15.3909 -0.213832
      vertex -14.3894 -14.8629 -0.0473509
    endloop
  endfacet
  facet normal 0.000602947 0.292604 -0.956233
    outer loop
      vertex -13.9578 -14.8734 -0.0506528
      vertex -21.6113 -15.3909 -0.213832
      vertex -13.9689 -14.8731 -0.050568
    endloop
  endfacet
  facet normal 0 0.300726 -0.953711
    outer loop
      vertex -21.6113 -15.3909 -0.213832
      vertex -13.9578 -14.8734 -0.0506528
      vertex 21.6113 -15.3909 -0.213832
    endloop
  endfacet
  facet normal -1.35766e-06 0.300715 -0.953714
    outer loop
      vertex 17.897 -13.1269 0.5
      vertex 22.4658 -12.2844 0.765642
      vertex 22.3633 -13.0628 0.520205
    endloop
  endfacet
  facet normal -8.69593e-07 0.300684 -0.953724
    outer loop
      vertex 17.897 -13.1269 0.5
      vertex 22.3633 -13.0628 0.520205
      vertex 22.1933 -13.8294 0.278516
    endloop
  endfacet
  facet normal 3.35677e-06 0.300708 -0.953716
    outer loop
      vertex 17.897 -13.1269 0.5
      vertex 22.1933 -13.8294 0.278516
      vertex 21.9572 -14.5782 0.0424176
    endloop
  endfacet
  facet normal -1.5462e-06 0.300695 -0.95372
    outer loop
      vertex 17.897 -13.1269 0.5
      vertex 21.9572 -14.5782 0.0424176
      vertex 21.6568 -15.3036 -0.186291
    endloop
  endfacet
  facet normal 7.87692e-05 0.300822 -0.95368
    outer loop
      vertex 17.897 -13.1269 0.5
      vertex 21.6568 -15.3036 -0.186291
      vertex 21.6113 -15.3909 -0.213832
    endloop
  endfacet
  facet normal -3.87285e-06 0.300728 -0.95371
    outer loop
      vertex 22.4658 -12.2844 0.765642
      vertex 17.897 -13.1269 0.5
      vertex 22.4936 -11.6469 0.966661
    endloop
  endfacet
  facet normal 0 0.300717 -0.953713
    outer loop
      vertex -17.897 -13.1269 0.5
      vertex 22.4936 -11.6469 0.966661
      vertex 17.897 -13.1269 0.5
    endloop
  endfacet
  facet normal -7.87692e-05 0.300822 -0.95368
    outer loop
      vertex -21.6568 -15.3036 -0.186291
      vertex -17.897 -13.1269 0.5
      vertex -21.6113 -15.3909 -0.213832
    endloop
  endfacet
  facet normal 1.5462e-06 0.300695 -0.95372
    outer loop
      vertex -21.9572 -14.5782 0.0424176
      vertex -17.897 -13.1269 0.5
      vertex -21.6568 -15.3036 -0.186291
    endloop
  endfacet
  facet normal -3.35677e-06 0.300708 -0.953716
    outer loop
      vertex -22.1933 -13.8294 0.278516
      vertex -17.897 -13.1269 0.5
      vertex -21.9572 -14.5782 0.0424176
    endloop
  endfacet
  facet normal 8.69593e-07 0.300684 -0.953724
    outer loop
      vertex -22.3633 -13.0628 0.520205
      vertex -17.897 -13.1269 0.5
      vertex -22.1933 -13.8294 0.278516
    endloop
  endfacet
  facet normal 1.35766e-06 0.300715 -0.953714
    outer loop
      vertex -22.4658 -12.2844 0.765642
      vertex -17.897 -13.1269 0.5
      vertex -22.3633 -13.0628 0.520205
    endloop
  endfacet
  facet normal 3.87285e-06 0.300728 -0.95371
    outer loop
      vertex -17.897 -13.1269 0.5
      vertex -22.4658 -12.2844 0.765642
      vertex -22.4936 -11.6469 0.966661
    endloop
  endfacet
  facet normal 0 0.300717 -0.953713
    outer loop
      vertex -17.897 -13.1269 0.5
      vertex -22.4936 -11.6469 0.966661
      vertex 22.4936 -11.6469 0.966661
    endloop
  endfacet
  facet normal -4.22502e-05 -0.382699 -0.923873
    outer loop
      vertex 21.6113 15.3909 -0.213832
      vertex 20.8724 16.6622 -0.740413
      vertex 21.2942 16 -0.466127
    endloop
  endfacet
  facet normal 6.88031e-05 -0.382644 -0.923896
    outer loop
      vertex 21.6113 15.3909 -0.213832
      vertex 20.3944 17.2851 -0.998431
      vertex 20.8724 16.6622 -0.740413
    endloop
  endfacet
  facet normal -4.60959e-05 -0.382707 -0.92387
    outer loop
      vertex 21.6113 15.3909 -0.213832
      vertex 19.864 17.864 -1.23821
      vertex 20.3944 17.2851 -0.998431
    endloop
  endfacet
  facet normal 6.35129e-05 -0.382641 -0.923897
    outer loop
      vertex 21.6113 15.3909 -0.213832
      vertex 19.2851 18.3944 -1.45792
      vertex 19.864 17.864 -1.23821
    endloop
  endfacet
  facet normal 2.45043e-05 -0.382667 -0.923887
    outer loop
      vertex 18.4339 19.0178 -1.71615
      vertex 19.2851 18.3944 -1.45792
      vertex 21.6113 15.3909 -0.213832
    endloop
  endfacet
  facet normal 0.00065777 -0.381928 -0.924192
    outer loop
      vertex 19.2851 18.3944 -1.45792
      vertex 18.4339 19.0178 -1.71615
      vertex 18.6622 18.8724 -1.6559
    endloop
  endfacet
  facet normal 0 -0.382685 -0.923879
    outer loop
      vertex 21.6113 15.3909 -0.213832
      vertex -18.4339 19.0178 -1.71615
      vertex 18.4339 19.0178 -1.71615
    endloop
  endfacet
  facet normal 0 -0.382685 -0.923879
    outer loop
      vertex -21.6113 15.3909 -0.213832
      vertex -18.4339 19.0178 -1.71615
      vertex 21.6113 15.3909 -0.213832
    endloop
  endfacet
  facet normal -2.45043e-05 -0.382667 -0.923887
    outer loop
      vertex -19.2851 18.3944 -1.45792
      vertex -18.4339 19.0178 -1.71615
      vertex -21.6113 15.3909 -0.213832
    endloop
  endfacet
  facet normal -0.00065777 -0.381928 -0.924192
    outer loop
      vertex -18.4339 19.0178 -1.71615
      vertex -19.2851 18.3944 -1.45792
      vertex -18.6622 18.8724 -1.6559
    endloop
  endfacet
  facet normal -6.35129e-05 -0.382641 -0.923897
    outer loop
      vertex -19.2851 18.3944 -1.45792
      vertex -21.6113 15.3909 -0.213832
      vertex -19.864 17.864 -1.23821
    endloop
  endfacet
  facet normal 4.60959e-05 -0.382707 -0.92387
    outer loop
      vertex -19.864 17.864 -1.23821
      vertex -21.6113 15.3909 -0.213832
      vertex -20.3944 17.2851 -0.998431
    endloop
  endfacet
  facet normal -6.88031e-05 -0.382644 -0.923896
    outer loop
      vertex -20.3944 17.2851 -0.998431
      vertex -21.6113 15.3909 -0.213832
      vertex -20.8724 16.6622 -0.740413
    endloop
  endfacet
  facet normal 4.22502e-05 -0.382699 -0.923873
    outer loop
      vertex -20.8724 16.6622 -0.740413
      vertex -21.6113 15.3909 -0.213832
      vertex -21.2942 16 -0.466127
    endloop
  endfacet
  facet normal -0.0013544 -0.216439 -0.976295
    outer loop
      vertex 22.5 9.69219 1.4
      vertex 22.4936 11.6469 0.966661
      vertex 22.5 11.5 0.999219
    endloop
  endfacet
  facet normal 0 -0.216435 -0.976297
    outer loop
      vertex 22.5 9.69219 1.4
      vertex -22.4936 11.6469 0.966661
      vertex 22.4936 11.6469 0.966661
    endloop
  endfacet
  facet normal 0 -0.216435 -0.976297
    outer loop
      vertex -22.5 9.69219 1.4
      vertex -22.4936 11.6469 0.966661
      vertex 22.5 9.69219 1.4
    endloop
  endfacet
  facet normal 0.0013544 -0.216439 -0.976295
    outer loop
      vertex -22.4936 11.6469 0.966661
      vertex -22.5 9.69219 1.4
      vertex -22.5 11.5 0.999219
    endloop
  endfacet
  facet normal -0.000310445 -0.462145 -0.886804
    outer loop
      vertex 18.4339 19.0178 -1.71615
      vertex 17.3036 19.6568 -2.04876
      vertex 18 19.2942 -1.86004
    endloop
  endfacet
  facet normal 0.000214275 -0.461415 -0.887184
    outer loop
      vertex 18.4339 19.0178 -1.71615
      vertex 16.5782 19.9572 -2.20517
      vertex 17.3036 19.6568 -2.04876
    endloop
  endfacet
  facet normal 1.34813e-05 -0.461727 -0.887022
    outer loop
      vertex 18.4339 19.0178 -1.71615
      vertex 15.8294 20.1933 -2.32808
      vertex 16.5782 19.9572 -2.20517
    endloop
  endfacet
  facet normal -8.39192e-05 -0.461897 -0.886934
    outer loop
      vertex 18.4339 19.0178 -1.71615
      vertex 15.0628 20.3633 -2.41654
      vertex 15.8294 20.1933 -2.32808
    endloop
  endfacet
  facet normal 7.46352e-06 -0.461717 -0.887027
    outer loop
      vertex 18.4339 19.0178 -1.71615
      vertex 14.2844 20.4658 -2.4699
      vertex 15.0628 20.3633 -2.41654
    endloop
  endfacet
  facet normal 2.24104e-05 -0.461683 -0.887045
    outer loop
      vertex 18.4339 19.0178 -1.71615
      vertex 13.5 20.5 -2.48772
      vertex 14.2844 20.4658 -2.4699
    endloop
  endfacet
  facet normal 0 -0.461742 -0.887014
    outer loop
      vertex 18.4339 19.0178 -1.71615
      vertex -13.5 20.5 -2.48772
      vertex 13.5 20.5 -2.48772
    endloop
  endfacet
  facet normal 0 -0.461742 -0.887014
    outer loop
      vertex -18.4339 19.0178 -1.71615
      vertex -13.5 20.5 -2.48772
      vertex 18.4339 19.0178 -1.71615
    endloop
  endfacet
  facet normal -2.24104e-05 -0.461683 -0.887045
    outer loop
      vertex -13.5 20.5 -2.48772
      vertex -18.4339 19.0178 -1.71615
      vertex -14.2844 20.4658 -2.4699
    endloop
  endfacet
  facet normal -7.46352e-06 -0.461717 -0.887027
    outer loop
      vertex -14.2844 20.4658 -2.4699
      vertex -18.4339 19.0178 -1.71615
      vertex -15.0628 20.3633 -2.41654
    endloop
  endfacet
  facet normal 8.39192e-05 -0.461897 -0.886934
    outer loop
      vertex -15.0628 20.3633 -2.41654
      vertex -18.4339 19.0178 -1.71615
      vertex -15.8294 20.1933 -2.32808
    endloop
  endfacet
  facet normal -1.34813e-05 -0.461727 -0.887022
    outer loop
      vertex -15.8294 20.1933 -2.32808
      vertex -18.4339 19.0178 -1.71615
      vertex -16.5782 19.9572 -2.20517
    endloop
  endfacet
  facet normal -0.000214275 -0.461415 -0.887184
    outer loop
      vertex -16.5782 19.9572 -2.20517
      vertex -18.4339 19.0178 -1.71615
      vertex -17.3036 19.6568 -2.04876
    endloop
  endfacet
  facet normal 0.000310445 -0.462145 -0.886804
    outer loop
      vertex -17.3036 19.6568 -2.04876
      vertex -18.4339 19.0178 -1.71615
      vertex -18 19.2942 -1.86004
    endloop
  endfacet
  facet normal -0.000154981 -0.300734 -0.953708
    outer loop
      vertex 22.4936 11.6469 0.966661
      vertex 22.3633 13.0628 0.520205
      vertex 22.4658 12.2844 0.765642
    endloop
  endfacet
  facet normal -0.000309613 -0.300747 -0.953704
    outer loop
      vertex 22.4936 11.6469 0.966661
      vertex 22.1933 13.8294 0.278516
      vertex 22.3633 13.0628 0.520205
    endloop
  endfacet
  facet normal 5.85188e-06 -0.300707 -0.953717
    outer loop
      vertex 22.4936 11.6469 0.966661
      vertex 21.9572 14.5782 0.0424176
      vertex 22.1933 13.8294 0.278516
    endloop
  endfacet
  facet normal 1.95383e-05 -0.300705 -0.953717
    outer loop
      vertex 21.6113 15.3909 -0.213832
      vertex 21.9572 14.5782 0.0424176
      vertex 22.4936 11.6469 0.966661
    endloop
  endfacet
  facet normal 0.00168543 -0.30006 -0.953919
    outer loop
      vertex 21.9572 14.5782 0.0424176
      vertex 21.6113 15.3909 -0.213832
      vertex 21.6568 15.3036 -0.186291
    endloop
  endfacet
  facet normal 0 -0.300709 -0.953716
    outer loop
      vertex 22.4936 11.6469 0.966661
      vertex -21.6113 15.3909 -0.213832
      vertex 21.6113 15.3909 -0.213832
    endloop
  endfacet
  facet normal 0 -0.300709 -0.953716
    outer loop
      vertex -22.4936 11.6469 0.966661
      vertex -21.6113 15.3909 -0.213832
      vertex 22.4936 11.6469 0.966661
    endloop
  endfacet
  facet normal -1.95383e-05 -0.300705 -0.953717
    outer loop
      vertex -21.9572 14.5782 0.0424176
      vertex -21.6113 15.3909 -0.213832
      vertex -22.4936 11.6469 0.966661
    endloop
  endfacet
  facet normal -0.00168543 -0.30006 -0.953919
    outer loop
      vertex -21.6113 15.3909 -0.213832
      vertex -21.9572 14.5782 0.0424176
      vertex -21.6568 15.3036 -0.186291
    endloop
  endfacet
  facet normal -5.85188e-06 -0.300707 -0.953717
    outer loop
      vertex -21.9572 14.5782 0.0424176
      vertex -22.4936 11.6469 0.966661
      vertex -22.1933 13.8294 0.278516
    endloop
  endfacet
  facet normal 0.000309613 -0.300747 -0.953704
    outer loop
      vertex -22.1933 13.8294 0.278516
      vertex -22.4936 11.6469 0.966661
      vertex -22.3633 13.0628 0.520205
    endloop
  endfacet
  facet normal 0.000154981 -0.300734 -0.953708
    outer loop
      vertex -22.3633 13.0628 0.520205
      vertex -22.4936 11.6469 0.966661
      vertex -22.4658 12.2844 0.765642
    endloop
  endfacet
  facet normal -0.000310445 0.462145 -0.886804
    outer loop
      vertex 17.3036 -19.6568 -2.04876
      vertex 18.4339 -19.0178 -1.71615
      vertex 18 -19.2942 -1.86004
    endloop
  endfacet
  facet normal 0.000214275 0.461415 -0.887184
    outer loop
      vertex 16.5782 -19.9572 -2.20517
      vertex 18.4339 -19.0178 -1.71615
      vertex 17.3036 -19.6568 -2.04876
    endloop
  endfacet
  facet normal 1.34813e-05 0.461727 -0.887022
    outer loop
      vertex 15.8294 -20.1933 -2.32808
      vertex 18.4339 -19.0178 -1.71615
      vertex 16.5782 -19.9572 -2.20517
    endloop
  endfacet
  facet normal -8.39192e-05 0.461897 -0.886934
    outer loop
      vertex 15.0628 -20.3633 -2.41654
      vertex 18.4339 -19.0178 -1.71615
      vertex 15.8294 -20.1933 -2.32808
    endloop
  endfacet
  facet normal 7.46352e-06 0.461717 -0.887027
    outer loop
      vertex 14.2844 -20.4658 -2.4699
      vertex 18.4339 -19.0178 -1.71615
      vertex 15.0628 -20.3633 -2.41654
    endloop
  endfacet
  facet normal 2.24104e-05 0.461683 -0.887045
    outer loop
      vertex 13.5 -20.5 -2.48772
      vertex 18.4339 -19.0178 -1.71615
      vertex 14.2844 -20.4658 -2.4699
    endloop
  endfacet
  facet normal 0 0.461742 -0.887014
    outer loop
      vertex -13.5 -20.5 -2.48772
      vertex 18.4339 -19.0178 -1.71615
      vertex 13.5 -20.5 -2.48772
    endloop
  endfacet
  facet normal -2.24104e-05 0.461683 -0.887045
    outer loop
      vertex -18.4339 -19.0178 -1.71615
      vertex -13.5 -20.5 -2.48772
      vertex -14.2844 -20.4658 -2.4699
    endloop
  endfacet
  facet normal -7.46352e-06 0.461717 -0.887027
    outer loop
      vertex -18.4339 -19.0178 -1.71615
      vertex -14.2844 -20.4658 -2.4699
      vertex -15.0628 -20.3633 -2.41654
    endloop
  endfacet
  facet normal 8.39192e-05 0.461897 -0.886934
    outer loop
      vertex -18.4339 -19.0178 -1.71615
      vertex -15.0628 -20.3633 -2.41654
      vertex -15.8294 -20.1933 -2.32808
    endloop
  endfacet
  facet normal -1.34813e-05 0.461727 -0.887022
    outer loop
      vertex -18.4339 -19.0178 -1.71615
      vertex -15.8294 -20.1933 -2.32808
      vertex -16.5782 -19.9572 -2.20517
    endloop
  endfacet
  facet normal -0.000214275 0.461415 -0.887184
    outer loop
      vertex -18.4339 -19.0178 -1.71615
      vertex -16.5782 -19.9572 -2.20517
      vertex -17.3036 -19.6568 -2.04876
    endloop
  endfacet
  facet normal 0.000310445 0.462145 -0.886804
    outer loop
      vertex -18.4339 -19.0178 -1.71615
      vertex -17.3036 -19.6568 -2.04876
      vertex -18 -19.2942 -1.86004
    endloop
  endfacet
  facet normal 0 0.461742 -0.887014
    outer loop
      vertex -13.5 -20.5 -2.48772
      vertex -18.4339 -19.0178 -1.71615
      vertex 18.4339 -19.0178 -1.71615
    endloop
  endfacet
  facet normal -4.22502e-05 0.382699 -0.923873
    outer loop
      vertex 20.8724 -16.6622 -0.740413
      vertex 21.6113 -15.3909 -0.213832
      vertex 21.2942 -16 -0.466127
    endloop
  endfacet
  facet normal 6.88031e-05 0.382644 -0.923896
    outer loop
      vertex 20.3944 -17.2851 -0.998431
      vertex 21.6113 -15.3909 -0.213832
      vertex 20.8724 -16.6622 -0.740413
    endloop
  endfacet
  facet normal -4.60959e-05 0.382707 -0.92387
    outer loop
      vertex 19.864 -17.864 -1.23821
      vertex 21.6113 -15.3909 -0.213832
      vertex 20.3944 -17.2851 -0.998431
    endloop
  endfacet
  facet normal 6.35129e-05 0.382641 -0.923897
    outer loop
      vertex 19.2851 -18.3944 -1.45792
      vertex 21.6113 -15.3909 -0.213832
      vertex 19.864 -17.864 -1.23821
    endloop
  endfacet
  facet normal 0.00065777 0.381928 -0.924192
    outer loop
      vertex 18.4339 -19.0178 -1.71615
      vertex 19.2851 -18.3944 -1.45792
      vertex 18.6622 -18.8724 -1.6559
    endloop
  endfacet
  facet normal 2.45043e-05 0.382667 -0.923887
    outer loop
      vertex 19.2851 -18.3944 -1.45792
      vertex 18.4339 -19.0178 -1.71615
      vertex 21.6113 -15.3909 -0.213832
    endloop
  endfacet
  facet normal 0 0.382685 -0.923879
    outer loop
      vertex -18.4339 -19.0178 -1.71615
      vertex 21.6113 -15.3909 -0.213832
      vertex 18.4339 -19.0178 -1.71615
    endloop
  endfacet
  facet normal -0.00065777 0.381928 -0.924192
    outer loop
      vertex -19.2851 -18.3944 -1.45792
      vertex -18.4339 -19.0178 -1.71615
      vertex -18.6622 -18.8724 -1.6559
    endloop
  endfacet
  facet normal -2.45043e-05 0.382667 -0.923887
    outer loop
      vertex -18.4339 -19.0178 -1.71615
      vertex -19.2851 -18.3944 -1.45792
      vertex -21.6113 -15.3909 -0.213832
    endloop
  endfacet
  facet normal -6.35129e-05 0.382641 -0.923897
    outer loop
      vertex -21.6113 -15.3909 -0.213832
      vertex -19.2851 -18.3944 -1.45792
      vertex -19.864 -17.864 -1.23821
    endloop
  endfacet
  facet normal 4.60959e-05 0.382707 -0.92387
    outer loop
      vertex -21.6113 -15.3909 -0.213832
      vertex -19.864 -17.864 -1.23821
      vertex -20.3944 -17.2851 -0.998431
    endloop
  endfacet
  facet normal -6.88031e-05 0.382644 -0.923896
    outer loop
      vertex -21.6113 -15.3909 -0.213832
      vertex -20.3944 -17.2851 -0.998431
      vertex -20.8724 -16.6622 -0.740413
    endloop
  endfacet
  facet normal 4.22502e-05 0.382699 -0.923873
    outer loop
      vertex -21.6113 -15.3909 -0.213832
      vertex -20.8724 -16.6622 -0.740413
      vertex -21.2942 -16 -0.466127
    endloop
  endfacet
  facet normal 0 0.382685 -0.923879
    outer loop
      vertex -18.4339 -19.0178 -1.71615
      vertex -21.6113 -15.3909 -0.213832
      vertex 21.6113 -15.3909 -0.213832
    endloop
  endfacet
  facet normal -0.0013544 0.216439 -0.976295
    outer loop
      vertex 22.4936 -11.6469 0.966661
      vertex 22.5 -9.69219 1.4
      vertex 22.5 -11.5 0.999219
    endloop
  endfacet
  facet normal 0 0.216435 -0.976297
    outer loop
      vertex -22.4936 -11.6469 0.966661
      vertex 22.5 -9.69219 1.4
      vertex 22.4936 -11.6469 0.966661
    endloop
  endfacet
  facet normal 2.36643e-06 0.216383 -0.976309
    outer loop
      vertex -22.5 -11.5 0.999219
      vertex 22.5 -9.69219 1.4
      vertex -22.4936 -11.6469 0.966661
    endloop
  endfacet
  facet normal 0 0.216439 -0.976296
    outer loop
      vertex 22.5 -9.69219 1.4
      vertex -22.5 -11.5 0.999219
      vertex -22.5 -9.69219 1.4
    endloop
  endfacet
  facet normal 0.0435588 -0.999051 0
    outer loop
      vertex 13.5 -20.5 1.4
      vertex 14.2844 -20.4658 -2.4699
      vertex 14.2844 -20.4658 1.4
    endloop
  endfacet
  facet normal 0.0435588 -0.999051 0
    outer loop
      vertex 14.2844 -20.4658 -2.4699
      vertex 13.5 -20.5 1.4
      vertex 13.5 -20.5 -2.48772
    endloop
  endfacet
  facet normal 0.130553 -0.991441 0
    outer loop
      vertex 14.2844 -20.4658 1.4
      vertex 15.0628 -20.3633 -2.41654
      vertex 15.0628 -20.3633 1.4
    endloop
  endfacet
  facet normal 0.130553 -0.991441 0
    outer loop
      vertex 15.0628 -20.3633 -2.41654
      vertex 14.2844 -20.4658 1.4
      vertex 14.2844 -20.4658 -2.4699
    endloop
  endfacet
  facet normal -0.382607 -0.923911 0
    outer loop
      vertex -17.3036 -19.6568 -2.04876
      vertex -16.5782 -19.9572 1.4
      vertex -17.3036 -19.6568 1.4
    endloop
  endfacet
  facet normal -0.382607 -0.923911 -0
    outer loop
      vertex -16.5782 -19.9572 1.4
      vertex -17.3036 -19.6568 -2.04876
      vertex -16.5782 -19.9572 -2.20517
    endloop
  endfacet
  facet normal -0.0435588 -0.999051 0
    outer loop
      vertex -14.2844 -20.4658 -2.4699
      vertex -13.5 -20.5 1.4
      vertex -14.2844 -20.4658 1.4
    endloop
  endfacet
  facet normal -0.0435588 -0.999051 -0
    outer loop
      vertex -13.5 -20.5 1.4
      vertex -14.2844 -20.4658 -2.4699
      vertex -13.5 -20.5 -2.48772
    endloop
  endfacet
  facet normal -0.793334 -0.608787 -0
    outer loop
      vertex -20.3944 -17.2851 1.4
      vertex -20.8724 -16.6622 -0.740413
      vertex -20.3944 -17.2851 -0.998431
    endloop
  endfacet
  facet normal -0.793334 -0.608787 0
    outer loop
      vertex -20.8724 -16.6622 -0.740413
      vertex -20.3944 -17.2851 1.4
      vertex -20.8724 -16.6622 1.4
    endloop
  endfacet
  facet normal 0 -1 0
    outer loop
      vertex -13.5 -20.5 -2.48772
      vertex 13.5 -20.5 1.4
      vertex -13.5 -20.5 1.4
    endloop
  endfacet
  facet normal 0 -1 -0
    outer loop
      vertex 13.5 -20.5 1.4
      vertex -13.5 -20.5 -2.48772
      vertex 13.5 -20.5 -2.48772
    endloop
  endfacet
  facet normal -0.0435588 0.999051 0
    outer loop
      vertex -13.5 20.5 1.4
      vertex -14.2844 20.4658 -2.4699
      vertex -14.2844 20.4658 1.4
    endloop
  endfacet
  facet normal -0.0435588 0.999051 0
    outer loop
      vertex -14.2844 20.4658 -2.4699
      vertex -13.5 20.5 1.4
      vertex -13.5 20.5 -2.48772
    endloop
  endfacet
  facet normal 0 1 -0
    outer loop
      vertex 13.5 20.5 -2.48772
      vertex -13.5 20.5 1.4
      vertex 13.5 20.5 1.4
    endloop
  endfacet
  facet normal 0 1 0
    outer loop
      vertex -13.5 20.5 1.4
      vertex 13.5 20.5 -2.48772
      vertex -13.5 20.5 -2.48772
    endloop
  endfacet
  facet normal 0.991441 -0.130553 0
    outer loop
      vertex 22.3633 -13.0628 1.4
      vertex 22.4658 -12.2844 0.765642
      vertex 22.4658 -12.2844 1.4
    endloop
  endfacet
  facet normal 0.991441 -0.130553 0
    outer loop
      vertex 22.4658 -12.2844 0.765642
      vertex 22.3633 -13.0628 1.4
      vertex 22.3633 -13.0628 0.520205
    endloop
  endfacet
  facet normal 0.461826 0.886971 -0
    outer loop
      vertex 18 19.2942 -1.86004
      vertex 17.3036 19.6568 1.4
      vertex 18 19.2942 1.4
    endloop
  endfacet
  facet normal 0.461826 0.886971 0
    outer loop
      vertex 17.3036 19.6568 1.4
      vertex 18 19.2942 -1.86004
      vertex 17.3036 19.6568 -2.04876
    endloop
  endfacet
  facet normal 0.0435588 0.999051 -0
    outer loop
      vertex 14.2844 20.4658 -2.4699
      vertex 13.5 20.5 1.4
      vertex 14.2844 20.4658 1.4
    endloop
  endfacet
  facet normal 0.0435588 0.999051 0
    outer loop
      vertex 13.5 20.5 1.4
      vertex 14.2844 20.4658 -2.4699
      vertex 13.5 20.5 -2.48772
    endloop
  endfacet
  facet normal -0.976283 0.216499 0
    outer loop
      vertex -22.3633 13.0628 0.520205
      vertex -22.1933 13.8294 1.4
      vertex -22.1933 13.8294 0.278516
    endloop
  endfacet
  facet normal -0.976283 0.216499 0
    outer loop
      vertex -22.1933 13.8294 1.4
      vertex -22.3633 13.0628 0.520205
      vertex -22.3633 13.0628 1.4
    endloop
  endfacet
  facet normal -0.999052 -0.0435258 0
    outer loop
      vertex -22.4936 -11.6469 0.966661
      vertex -22.5 -11.5 1.4
      vertex -22.5 -11.5 0.999219
    endloop
  endfacet
  facet normal -0.999051 -0.0435664 -0
    outer loop
      vertex -22.4658 -12.2844 1.4
      vertex -22.4936 -11.6469 0.966661
      vertex -22.4658 -12.2844 0.765642
    endloop
  endfacet
  facet normal -0.999051 -0.0435588 1.12276e-05
    outer loop
      vertex -22.4936 -11.6469 0.966661
      vertex -22.4658 -12.2844 1.4
      vertex -22.5 -11.5 1.4
    endloop
  endfacet
  facet normal -0.300711 -0.953715 0
    outer loop
      vertex -16.5782 -19.9572 -2.20517
      vertex -15.8294 -20.1933 1.4
      vertex -16.5782 -19.9572 1.4
    endloop
  endfacet
  facet normal -0.300711 -0.953715 -0
    outer loop
      vertex -15.8294 -20.1933 1.4
      vertex -16.5782 -19.9572 -2.20517
      vertex -15.8294 -20.1933 -2.32808
    endloop
  endfacet
  facet normal -0.461826 -0.886971 0
    outer loop
      vertex -18 -19.2942 -1.86004
      vertex -17.3036 -19.6568 1.4
      vertex -18 -19.2942 1.4
    endloop
  endfacet
  facet normal -0.461826 -0.886971 -0
    outer loop
      vertex -17.3036 -19.6568 1.4
      vertex -18 -19.2942 -1.86004
      vertex -17.3036 -19.6568 -2.04876
    endloop
  endfacet
  facet normal -0.537238 -0.843431 0
    outer loop
      vertex -18.6622 -18.8724 -1.6559
      vertex -18 -19.2942 1.4
      vertex -18.6622 -18.8724 1.4
    endloop
  endfacet
  facet normal -0.537189 -0.843462 -1.49352e-05
    outer loop
      vertex -18.4339 -19.0178 -1.71615
      vertex -18 -19.2942 1.4
      vertex -18.6622 -18.8724 -1.6559
    endloop
  endfacet
  facet normal -0.537265 -0.843413 -0
    outer loop
      vertex -18 -19.2942 1.4
      vertex -18.4339 -19.0178 -1.71615
      vertex -18 -19.2942 -1.86004
    endloop
  endfacet
  facet normal 0.976283 -0.216499 0
    outer loop
      vertex 22.1933 -13.8294 1.4
      vertex 22.3633 -13.0628 0.520205
      vertex 22.3633 -13.0628 1.4
    endloop
  endfacet
  facet normal 0.976283 -0.216499 0
    outer loop
      vertex 22.3633 -13.0628 0.520205
      vertex 22.1933 -13.8294 1.4
      vertex 22.1933 -13.8294 0.278516
    endloop
  endfacet
  facet normal 0.737318 -0.675546 0
    outer loop
      vertex 19.864 -17.864 1.4
      vertex 20.3944 -17.2851 -0.998431
      vertex 20.3944 -17.2851 1.4
    endloop
  endfacet
  facet normal 0.737318 -0.675546 0
    outer loop
      vertex 20.3944 -17.2851 -0.998431
      vertex 19.864 -17.864 1.4
      vertex 19.864 -17.864 -1.23821
    endloop
  endfacet
  facet normal 0.793334 0.608787 -0
    outer loop
      vertex 20.8724 16.6622 -0.740413
      vertex 20.3944 17.2851 1.4
      vertex 20.8724 16.6622 1.4
    endloop
  endfacet
  facet normal 0.793334 0.608787 0
    outer loop
      vertex 20.3944 17.2851 1.4
      vertex 20.8724 16.6622 -0.740413
      vertex 20.3944 17.2851 -0.998431
    endloop
  endfacet
  facet normal 0.537238 0.843431 -0
    outer loop
      vertex 18.6622 18.8724 -1.6559
      vertex 18 19.2942 1.4
      vertex 18.6622 18.8724 1.4
    endloop
  endfacet
  facet normal 0.537189 0.843462 -1.49352e-05
    outer loop
      vertex 18.4339 19.0178 -1.71615
      vertex 18 19.2942 1.4
      vertex 18.6622 18.8724 -1.6559
    endloop
  endfacet
  facet normal 0.537265 0.843413 0
    outer loop
      vertex 18 19.2942 1.4
      vertex 18.4339 19.0178 -1.71615
      vertex 18 19.2942 -1.86004
    endloop
  endfacet
  facet normal 0.382607 0.923911 -0
    outer loop
      vertex 17.3036 19.6568 -2.04876
      vertex 16.5782 19.9572 1.4
      vertex 17.3036 19.6568 1.4
    endloop
  endfacet
  facet normal 0.382607 0.923911 0
    outer loop
      vertex 16.5782 19.9572 1.4
      vertex 17.3036 19.6568 -2.04876
      vertex 16.5782 19.9572 -2.20517
    endloop
  endfacet
  facet normal 0.300711 0.953715 -0
    outer loop
      vertex 16.5782 19.9572 -2.20517
      vertex 15.8294 20.1933 1.4
      vertex 16.5782 19.9572 1.4
    endloop
  endfacet
  facet normal 0.300711 0.953715 0
    outer loop
      vertex 15.8294 20.1933 1.4
      vertex 16.5782 19.9572 -2.20517
      vertex 15.8294 20.1933 -2.32808
    endloop
  endfacet
  facet normal -0.130553 0.991441 0
    outer loop
      vertex -14.2844 20.4658 1.4
      vertex -15.0628 20.3633 -2.41654
      vertex -15.0628 20.3633 1.4
    endloop
  endfacet
  facet normal -0.130553 0.991441 0
    outer loop
      vertex -15.0628 20.3633 -2.41654
      vertex -14.2844 20.4658 1.4
      vertex -14.2844 20.4658 -2.4699
    endloop
  endfacet
  facet normal -0.537238 0.843431 0
    outer loop
      vertex -18 19.2942 1.4
      vertex -18.6622 18.8724 -1.6559
      vertex -18.6622 18.8724 1.4
    endloop
  endfacet
  facet normal -0.537189 0.843462 -1.49352e-05
    outer loop
      vertex -18 19.2942 1.4
      vertex -18.4339 19.0178 -1.71615
      vertex -18.6622 18.8724 -1.6559
    endloop
  endfacet
  facet normal -0.537265 0.843413 0
    outer loop
      vertex -18.4339 19.0178 -1.71615
      vertex -18 19.2942 1.4
      vertex -18 19.2942 -1.86004
    endloop
  endfacet
  facet normal -0.461826 0.886971 0
    outer loop
      vertex -17.3036 19.6568 1.4
      vertex -18 19.2942 -1.86004
      vertex -18 19.2942 1.4
    endloop
  endfacet
  facet normal -0.461826 0.886971 0
    outer loop
      vertex -18 19.2942 -1.86004
      vertex -17.3036 19.6568 1.4
      vertex -17.3036 19.6568 -2.04876
    endloop
  endfacet
  facet normal -0.608787 0.793334 0
    outer loop
      vertex -18.6622 18.8724 1.4
      vertex -19.2851 18.3944 -1.45792
      vertex -19.2851 18.3944 1.4
    endloop
  endfacet
  facet normal -0.608787 0.793334 0
    outer loop
      vertex -19.2851 18.3944 -1.45792
      vertex -18.6622 18.8724 1.4
      vertex -18.6622 18.8724 -1.6559
    endloop
  endfacet
  facet normal -0.843431 -0.537238 -0
    outer loop
      vertex -20.8724 -16.6622 1.4
      vertex -21.2942 -16 -0.466127
      vertex -20.8724 -16.6622 -0.740413
    endloop
  endfacet
  facet normal -0.843431 -0.537238 0
    outer loop
      vertex -21.2942 -16 -0.466127
      vertex -20.8724 -16.6622 1.4
      vertex -21.2942 -16 1.4
    endloop
  endfacet
  facet normal 0 0 1
    outer loop
      vertex 13.5 20.5 1.4
      vertex 22.5 11.5 1.4
      vertex 22.4658 12.2844 1.4
    endloop
  endfacet
  facet normal 0 0 1
    outer loop
      vertex 13.5 20.5 1.4
      vertex 22.4658 12.2844 1.4
      vertex 22.3633 13.0628 1.4
    endloop
  endfacet
  facet normal 0 0 1
    outer loop
      vertex 13.5 20.5 1.4
      vertex 22.3633 13.0628 1.4
      vertex 22.1933 13.8294 1.4
    endloop
  endfacet
  facet normal 0 0 1
    outer loop
      vertex 21.6568 15.3036 1.4
      vertex 22.1933 13.8294 1.4
      vertex 21.9572 14.5782 1.4
    endloop
  endfacet
  facet normal 0 0 1
    outer loop
      vertex 21.2942 16 1.4
      vertex 22.1933 13.8294 1.4
      vertex 21.6568 15.3036 1.4
    endloop
  endfacet
  facet normal 0 0 1
    outer loop
      vertex 20.8724 16.6622 1.4
      vertex 22.1933 13.8294 1.4
      vertex 21.2942 16 1.4
    endloop
  endfacet
  facet normal 0 0 1
    outer loop
      vertex 20.3944 17.2851 1.4
      vertex 22.1933 13.8294 1.4
      vertex 20.8724 16.6622 1.4
    endloop
  endfacet
  facet normal 0 0 1
    outer loop
      vertex 19.864 17.864 1.4
      vertex 22.1933 13.8294 1.4
      vertex 20.3944 17.2851 1.4
    endloop
  endfacet
  facet normal 0 0 1
    outer loop
      vertex 19.2851 18.3944 1.4
      vertex 22.1933 13.8294 1.4
      vertex 19.864 17.864 1.4
    endloop
  endfacet
  facet normal 0 0 1
    outer loop
      vertex 18.6622 18.8724 1.4
      vertex 22.1933 13.8294 1.4
      vertex 19.2851 18.3944 1.4
    endloop
  endfacet
  facet normal 0 0 1
    outer loop
      vertex 18 19.2942 1.4
      vertex 22.1933 13.8294 1.4
      vertex 18.6622 18.8724 1.4
    endloop
  endfacet
  facet normal 0 0 1
    outer loop
      vertex 17.3036 19.6568 1.4
      vertex 22.1933 13.8294 1.4
      vertex 18 19.2942 1.4
    endloop
  endfacet
  facet normal 0 0 1
    outer loop
      vertex 16.5782 19.9572 1.4
      vertex 22.1933 13.8294 1.4
      vertex 17.3036 19.6568 1.4
    endloop
  endfacet
  facet normal 0 0 1
    outer loop
      vertex 15.8294 20.1933 1.4
      vertex 22.1933 13.8294 1.4
      vertex 16.5782 19.9572 1.4
    endloop
  endfacet
  facet normal 0 0 1
    outer loop
      vertex 15.0628 20.3633 1.4
      vertex 22.1933 13.8294 1.4
      vertex 15.8294 20.1933 1.4
    endloop
  endfacet
  facet normal 0 0 1
    outer loop
      vertex 14.2844 20.4658 1.4
      vertex 22.1933 13.8294 1.4
      vertex 15.0628 20.3633 1.4
    endloop
  endfacet
  facet normal 0 0 1
    outer loop
      vertex 13.5 20.5 1.4
      vertex 22.1933 13.8294 1.4
      vertex 14.2844 20.4658 1.4
    endloop
  endfacet
  facet normal 0 0 1
    outer loop
      vertex 22.5 11.5 1.4
      vertex 13.5 20.5 1.4
      vertex 22.5 9.69219 1.4
    endloop
  endfacet
  facet normal -0 0 1
    outer loop
      vertex -13.5 20.5 1.4
      vertex 22.5 9.69219 1.4
      vertex 13.5 20.5 1.4
    endloop
  endfacet
  facet normal 0 0 1
    outer loop
      vertex -22.5 11.5 1.4
      vertex -13.5 20.5 1.4
      vertex -14.2844 20.4658 1.4
    endloop
  endfacet
  facet normal 0 0 1
    outer loop
      vertex -22.5 11.5 1.4
      vertex -14.2844 20.4658 1.4
      vertex -15.0628 20.3633 1.4
    endloop
  endfacet
  facet normal 0 0 1
    outer loop
      vertex -22.5 11.5 1.4
      vertex -15.0628 20.3633 1.4
      vertex -15.8294 20.1933 1.4
    endloop
  endfacet
  facet normal 0 0 1
    outer loop
      vertex -22.5 11.5 1.4
      vertex -15.8294 20.1933 1.4
      vertex -16.5782 19.9572 1.4
    endloop
  endfacet
  facet normal 0 0 1
    outer loop
      vertex -22.5 11.5 1.4
      vertex -16.5782 19.9572 1.4
      vertex -17.3036 19.6568 1.4
    endloop
  endfacet
  facet normal 0 0 1
    outer loop
      vertex -22.5 11.5 1.4
      vertex -17.3036 19.6568 1.4
      vertex -18 19.2942 1.4
    endloop
  endfacet
  facet normal 0 0 1
    outer loop
      vertex -22.5 11.5 1.4
      vertex -18 19.2942 1.4
      vertex -18.6622 18.8724 1.4
    endloop
  endfacet
  facet normal 0 0 1
    outer loop
      vertex -22.5 11.5 1.4
      vertex -18.6622 18.8724 1.4
      vertex -19.2851 18.3944 1.4
    endloop
  endfacet
  facet normal 0 0 1
    outer loop
      vertex -22.5 11.5 1.4
      vertex -19.2851 18.3944 1.4
      vertex -19.864 17.864 1.4
    endloop
  endfacet
  facet normal 0 0 1
    outer loop
      vertex -22.5 11.5 1.4
      vertex -19.864 17.864 1.4
      vertex -20.3944 17.2851 1.4
    endloop
  endfacet
  facet normal 0 0 1
    outer loop
      vertex -22.5 11.5 1.4
      vertex -20.3944 17.2851 1.4
      vertex -20.8724 16.6622 1.4
    endloop
  endfacet
  facet normal 0 0 1
    outer loop
      vertex -22.5 11.5 1.4
      vertex -20.8724 16.6622 1.4
      vertex -21.2942 16 1.4
    endloop
  endfacet
  facet normal 0 0 1
    outer loop
      vertex -22.5 11.5 1.4
      vertex -21.2942 16 1.4
      vertex -21.6568 15.3036 1.4
    endloop
  endfacet
  facet normal 0 0 1
    outer loop
      vertex -22.5 11.5 1.4
      vertex -21.6568 15.3036 1.4
      vertex -21.9572 14.5782 1.4
    endloop
  endfacet
  facet normal 0 0 1
    outer loop
      vertex -22.5 11.5 1.4
      vertex -21.9572 14.5782 1.4
      vertex -22.1933 13.8294 1.4
    endloop
  endfacet
  facet normal 0 0 1
    outer loop
      vertex -22.5 11.5 1.4
      vertex -22.1933 13.8294 1.4
      vertex -22.3633 13.0628 1.4
    endloop
  endfacet
  facet normal 0 0 1
    outer loop
      vertex -22.5 11.5 1.4
      vertex -22.3633 13.0628 1.4
      vertex -22.4658 12.2844 1.4
    endloop
  endfacet
  facet normal 0 0 1
    outer loop
      vertex -13.5 20.5 1.4
      vertex -22.5 11.5 1.4
      vertex -22.5 9.69219 1.4
    endloop
  endfacet
  facet normal 0 0 1
    outer loop
      vertex -13.5 20.5 1.4
      vertex -22.5 9.69219 1.4
      vertex 22.5 9.69219 1.4
    endloop
  endfacet
  facet normal 0 0 1
    outer loop
      vertex 13.5 -20.5 1.4
      vertex 22.5 -11.5 1.4
      vertex 22.5 -9.69219 1.4
    endloop
  endfacet
  facet normal 0 0 1
    outer loop
      vertex 22.5 -11.5 1.4
      vertex 13.5 -20.5 1.4
      vertex 22.4658 -12.2844 1.4
    endloop
  endfacet
  facet normal 0 0 1
    outer loop
      vertex 22.4658 -12.2844 1.4
      vertex 13.5 -20.5 1.4
      vertex 22.3633 -13.0628 1.4
    endloop
  endfacet
  facet normal 0 0 1
    outer loop
      vertex 22.3633 -13.0628 1.4
      vertex 13.5 -20.5 1.4
      vertex 22.1933 -13.8294 1.4
    endloop
  endfacet
  facet normal 0 0 1
    outer loop
      vertex 22.1933 -13.8294 1.4
      vertex 21.6568 -15.3036 1.4
      vertex 21.9572 -14.5782 1.4
    endloop
  endfacet
  facet normal 0 0 1
    outer loop
      vertex 22.1933 -13.8294 1.4
      vertex 21.2942 -16 1.4
      vertex 21.6568 -15.3036 1.4
    endloop
  endfacet
  facet normal 0 0 1
    outer loop
      vertex 22.1933 -13.8294 1.4
      vertex 20.8724 -16.6622 1.4
      vertex 21.2942 -16 1.4
    endloop
  endfacet
  facet normal 0 0 1
    outer loop
      vertex 22.1933 -13.8294 1.4
      vertex 20.3944 -17.2851 1.4
      vertex 20.8724 -16.6622 1.4
    endloop
  endfacet
  facet normal 0 0 1
    outer loop
      vertex 22.1933 -13.8294 1.4
      vertex 19.864 -17.864 1.4
      vertex 20.3944 -17.2851 1.4
    endloop
  endfacet
  facet normal 0 0 1
    outer loop
      vertex 22.1933 -13.8294 1.4
      vertex 19.2851 -18.3944 1.4
      vertex 19.864 -17.864 1.4
    endloop
  endfacet
  facet normal 0 0 1
    outer loop
      vertex 22.1933 -13.8294 1.4
      vertex 18.6622 -18.8724 1.4
      vertex 19.2851 -18.3944 1.4
    endloop
  endfacet
  facet normal 0 0 1
    outer loop
      vertex 22.1933 -13.8294 1.4
      vertex 18 -19.2942 1.4
      vertex 18.6622 -18.8724 1.4
    endloop
  endfacet
  facet normal 0 0 1
    outer loop
      vertex 22.1933 -13.8294 1.4
      vertex 17.3036 -19.6568 1.4
      vertex 18 -19.2942 1.4
    endloop
  endfacet
  facet normal 0 0 1
    outer loop
      vertex 22.1933 -13.8294 1.4
      vertex 16.5782 -19.9572 1.4
      vertex 17.3036 -19.6568 1.4
    endloop
  endfacet
  facet normal 0 0 1
    outer loop
      vertex 22.1933 -13.8294 1.4
      vertex 15.8294 -20.1933 1.4
      vertex 16.5782 -19.9572 1.4
    endloop
  endfacet
  facet normal 0 0 1
    outer loop
      vertex 22.1933 -13.8294 1.4
      vertex 15.0628 -20.3633 1.4
      vertex 15.8294 -20.1933 1.4
    endloop
  endfacet
  facet normal 0 0 1
    outer loop
      vertex 22.1933 -13.8294 1.4
      vertex 14.2844 -20.4658 1.4
      vertex 15.0628 -20.3633 1.4
    endloop
  endfacet
  facet normal 0 0 1
    outer loop
      vertex 22.1933 -13.8294 1.4
      vertex 13.5 -20.5 1.4
      vertex 14.2844 -20.4658 1.4
    endloop
  endfacet
  facet normal 0 0 1
    outer loop
      vertex 22.5 -9.69219 1.4
      vertex -13.5 -20.5 1.4
      vertex 13.5 -20.5 1.4
    endloop
  endfacet
  facet normal -0 0 1
    outer loop
      vertex -22.5 -9.69219 1.4
      vertex -13.5 -20.5 1.4
      vertex 22.5 -9.69219 1.4
    endloop
  endfacet
  facet normal -0 0 1
    outer loop
      vertex -22.5 -11.5 1.4
      vertex -13.5 -20.5 1.4
      vertex -22.5 -9.69219 1.4
    endloop
  endfacet
  facet normal 0 0 1
    outer loop
      vertex -13.5 -20.5 1.4
      vertex -22.5 -11.5 1.4
      vertex -14.2844 -20.4658 1.4
    endloop
  endfacet
  facet normal 0 0 1
    outer loop
      vertex -14.2844 -20.4658 1.4
      vertex -22.5 -11.5 1.4
      vertex -15.0628 -20.3633 1.4
    endloop
  endfacet
  facet normal 0 0 1
    outer loop
      vertex -15.0628 -20.3633 1.4
      vertex -22.5 -11.5 1.4
      vertex -15.8294 -20.1933 1.4
    endloop
  endfacet
  facet normal 0 0 1
    outer loop
      vertex -15.8294 -20.1933 1.4
      vertex -22.5 -11.5 1.4
      vertex -16.5782 -19.9572 1.4
    endloop
  endfacet
  facet normal 0 0 1
    outer loop
      vertex -16.5782 -19.9572 1.4
      vertex -22.5 -11.5 1.4
      vertex -17.3036 -19.6568 1.4
    endloop
  endfacet
  facet normal 0 0 1
    outer loop
      vertex -17.3036 -19.6568 1.4
      vertex -22.5 -11.5 1.4
      vertex -18 -19.2942 1.4
    endloop
  endfacet
  facet normal 0 0 1
    outer loop
      vertex -18 -19.2942 1.4
      vertex -22.5 -11.5 1.4
      vertex -18.6622 -18.8724 1.4
    endloop
  endfacet
  facet normal 0 0 1
    outer loop
      vertex -18.6622 -18.8724 1.4
      vertex -22.5 -11.5 1.4
      vertex -19.2851 -18.3944 1.4
    endloop
  endfacet
  facet normal 0 0 1
    outer loop
      vertex -19.2851 -18.3944 1.4
      vertex -22.5 -11.5 1.4
      vertex -19.864 -17.864 1.4
    endloop
  endfacet
  facet normal 0 0 1
    outer loop
      vertex -19.864 -17.864 1.4
      vertex -22.5 -11.5 1.4
      vertex -20.3944 -17.2851 1.4
    endloop
  endfacet
  facet normal 0 0 1
    outer loop
      vertex -20.3944 -17.2851 1.4
      vertex -22.5 -11.5 1.4
      vertex -20.8724 -16.6622 1.4
    endloop
  endfacet
  facet normal 0 0 1
    outer loop
      vertex -20.8724 -16.6622 1.4
      vertex -22.5 -11.5 1.4
      vertex -21.2942 -16 1.4
    endloop
  endfacet
  facet normal 0 0 1
    outer loop
      vertex -21.2942 -16 1.4
      vertex -22.5 -11.5 1.4
      vertex -21.6568 -15.3036 1.4
    endloop
  endfacet
  facet normal 0 0 1
    outer loop
      vertex -21.6568 -15.3036 1.4
      vertex -22.5 -11.5 1.4
      vertex -21.9572 -14.5782 1.4
    endloop
  endfacet
  facet normal 0 0 1
    outer loop
      vertex -21.9572 -14.5782 1.4
      vertex -22.5 -11.5 1.4
      vertex -22.1933 -13.8294 1.4
    endloop
  endfacet
  facet normal 0 0 1
    outer loop
      vertex -22.1933 -13.8294 1.4
      vertex -22.5 -11.5 1.4
      vertex -22.3633 -13.0628 1.4
    endloop
  endfacet
  facet normal 0 0 1
    outer loop
      vertex -22.3633 -13.0628 1.4
      vertex -22.5 -11.5 1.4
      vertex -22.4658 -12.2844 1.4
    endloop
  endfacet
  facet normal -0.991441 -0.130553 -0
    outer loop
      vertex -22.3633 -13.0628 1.4
      vertex -22.4658 -12.2844 0.765642
      vertex -22.3633 -13.0628 0.520205
    endloop
  endfacet
  facet normal -0.991441 -0.130553 0
    outer loop
      vertex -22.4658 -12.2844 0.765642
      vertex -22.3633 -13.0628 1.4
      vertex -22.4658 -12.2844 1.4
    endloop
  endfacet
  facet normal -0.216499 -0.976283 0
    outer loop
      vertex -15.8294 -20.1933 -2.32808
      vertex -15.0628 -20.3633 1.4
      vertex -15.8294 -20.1933 1.4
    endloop
  endfacet
  facet normal -0.216499 -0.976283 -0
    outer loop
      vertex -15.0628 -20.3633 1.4
      vertex -15.8294 -20.1933 -2.32808
      vertex -15.0628 -20.3633 -2.41654
    endloop
  endfacet
  facet normal -0.675546 -0.737318 0
    outer loop
      vertex -19.864 -17.864 -1.23821
      vertex -19.2851 -18.3944 1.4
      vertex -19.864 -17.864 1.4
    endloop
  endfacet
  facet normal -0.675546 -0.737318 -0
    outer loop
      vertex -19.2851 -18.3944 1.4
      vertex -19.864 -17.864 -1.23821
      vertex -19.2851 -18.3944 -1.45792
    endloop
  endfacet
  facet normal -0.737318 -0.675546 -0
    outer loop
      vertex -19.864 -17.864 1.4
      vertex -20.3944 -17.2851 -0.998431
      vertex -19.864 -17.864 -1.23821
    endloop
  endfacet
  facet normal -0.737318 -0.675546 0
    outer loop
      vertex -20.3944 -17.2851 -0.998431
      vertex -19.864 -17.864 1.4
      vertex -20.3944 -17.2851 1.4
    endloop
  endfacet
  facet normal 0.300711 -0.953715 0
    outer loop
      vertex 15.8294 -20.1933 1.4
      vertex 16.5782 -19.9572 -2.20517
      vertex 16.5782 -19.9572 1.4
    endloop
  endfacet
  facet normal 0.300711 -0.953715 0
    outer loop
      vertex 16.5782 -19.9572 -2.20517
      vertex 15.8294 -20.1933 1.4
      vertex 15.8294 -20.1933 -2.32808
    endloop
  endfacet
  facet normal 0.608787 -0.793334 0
    outer loop
      vertex 18.6622 -18.8724 1.4
      vertex 19.2851 -18.3944 -1.45792
      vertex 19.2851 -18.3944 1.4
    endloop
  endfacet
  facet normal 0.608787 -0.793334 0
    outer loop
      vertex 19.2851 -18.3944 -1.45792
      vertex 18.6622 -18.8724 1.4
      vertex 18.6622 -18.8724 -1.6559
    endloop
  endfacet
  facet normal 1 0 0
    outer loop
      vertex 22.5 11.5 1.4
      vertex 22.5 9.69219 1.4
      vertex 22.5 11.5 0.999219
    endloop
  endfacet
  facet normal 1 -0 0
    outer loop
      vertex 22.5 -11.5 1.4
      vertex 22.5 -11.5 0.999219
      vertex 22.5 -9.69219 1.4
    endloop
  endfacet
  facet normal 0.999051 0.0435664 0
    outer loop
      vertex 22.4658 12.2844 1.4
      vertex 22.4936 11.6469 0.966661
      vertex 22.4658 12.2844 0.765642
    endloop
  endfacet
  facet normal 0.999051 0.0435588 1.12276e-05
    outer loop
      vertex 22.5 11.5 1.4
      vertex 22.4936 11.6469 0.966661
      vertex 22.4658 12.2844 1.4
    endloop
  endfacet
  facet normal 0.999052 0.0435258 0
    outer loop
      vertex 22.4936 11.6469 0.966661
      vertex 22.5 11.5 1.4
      vertex 22.5 11.5 0.999219
    endloop
  endfacet
  facet normal 0.991441 0.130553 -0
    outer loop
      vertex 22.4658 12.2844 0.765642
      vertex 22.3633 13.0628 1.4
      vertex 22.4658 12.2844 1.4
    endloop
  endfacet
  facet normal 0.991441 0.130553 0
    outer loop
      vertex 22.3633 13.0628 1.4
      vertex 22.4658 12.2844 0.765642
      vertex 22.3633 13.0628 0.520205
    endloop
  endfacet
  facet normal 0.923911 0.382607 -0
    outer loop
      vertex 21.9572 14.5782 0.0424176
      vertex 21.6568 15.3036 1.4
      vertex 21.9572 14.5782 1.4
    endloop
  endfacet
  facet normal 0.923911 0.382607 0
    outer loop
      vertex 21.6568 15.3036 1.4
      vertex 21.9572 14.5782 0.0424176
      vertex 21.6568 15.3036 -0.186291
    endloop
  endfacet
  facet normal 0.737318 0.675546 -0
    outer loop
      vertex 20.3944 17.2851 -0.998431
      vertex 19.864 17.864 1.4
      vertex 20.3944 17.2851 1.4
    endloop
  endfacet
  facet normal 0.737318 0.675546 0
    outer loop
      vertex 19.864 17.864 1.4
      vertex 20.3944 17.2851 -0.998431
      vertex 19.864 17.864 -1.23821
    endloop
  endfacet
  facet normal 0.675546 0.737318 -0
    outer loop
      vertex 19.864 17.864 -1.23821
      vertex 19.2851 18.3944 1.4
      vertex 19.864 17.864 1.4
    endloop
  endfacet
  facet normal 0.675546 0.737318 0
    outer loop
      vertex 19.2851 18.3944 1.4
      vertex 19.864 17.864 -1.23821
      vertex 19.2851 18.3944 -1.45792
    endloop
  endfacet
  facet normal 0.608787 0.793334 -0
    outer loop
      vertex 19.2851 18.3944 -1.45792
      vertex 18.6622 18.8724 1.4
      vertex 19.2851 18.3944 1.4
    endloop
  endfacet
  facet normal 0.608787 0.793334 0
    outer loop
      vertex 18.6622 18.8724 1.4
      vertex 19.2851 18.3944 -1.45792
      vertex 18.6622 18.8724 -1.6559
    endloop
  endfacet
  facet normal -0.300711 0.953715 0
    outer loop
      vertex -15.8294 20.1933 1.4
      vertex -16.5782 19.9572 -2.20517
      vertex -16.5782 19.9572 1.4
    endloop
  endfacet
  facet normal -0.300711 0.953715 0
    outer loop
      vertex -16.5782 19.9572 -2.20517
      vertex -15.8294 20.1933 1.4
      vertex -15.8294 20.1933 -2.32808
    endloop
  endfacet
  facet normal -0.675546 0.737318 0
    outer loop
      vertex -19.2851 18.3944 1.4
      vertex -19.864 17.864 -1.23821
      vertex -19.864 17.864 1.4
    endloop
  endfacet
  facet normal -0.675546 0.737318 0
    outer loop
      vertex -19.864 17.864 -1.23821
      vertex -19.2851 18.3944 1.4
      vertex -19.2851 18.3944 -1.45792
    endloop
  endfacet
  facet normal -0.843431 0.537238 0
    outer loop
      vertex -21.2942 16 -0.466127
      vertex -20.8724 16.6622 1.4
      vertex -20.8724 16.6622 -0.740413
    endloop
  endfacet
  facet normal -0.843431 0.537238 0
    outer loop
      vertex -20.8724 16.6622 1.4
      vertex -21.2942 16 -0.466127
      vertex -21.2942 16 1.4
    endloop
  endfacet
  facet normal -0.976283 -0.216499 -0
    outer loop
      vertex -22.1933 -13.8294 1.4
      vertex -22.3633 -13.0628 0.520205
      vertex -22.1933 -13.8294 0.278516
    endloop
  endfacet
  facet normal -0.976283 -0.216499 0
    outer loop
      vertex -22.3633 -13.0628 0.520205
      vertex -22.1933 -13.8294 1.4
      vertex -22.3633 -13.0628 1.4
    endloop
  endfacet
  facet normal -0.953715 -0.300711 -0
    outer loop
      vertex -21.9572 -14.5782 1.4
      vertex -22.1933 -13.8294 0.278516
      vertex -21.9572 -14.5782 0.0424176
    endloop
  endfacet
  facet normal -0.953715 -0.300711 0
    outer loop
      vertex -22.1933 -13.8294 0.278516
      vertex -21.9572 -14.5782 1.4
      vertex -22.1933 -13.8294 1.4
    endloop
  endfacet
  facet normal -0.886784 -0.462184 0
    outer loop
      vertex -21.6113 -15.3909 -0.213832
      vertex -21.6568 -15.3036 1.4
      vertex -21.6568 -15.3036 -0.186291
    endloop
  endfacet
  facet normal -0.886997 -0.461775 -0
    outer loop
      vertex -21.2942 -16 1.4
      vertex -21.6113 -15.3909 -0.213832
      vertex -21.2942 -16 -0.466127
    endloop
  endfacet
  facet normal -0.886971 -0.461826 -2.46391e-05
    outer loop
      vertex -21.6113 -15.3909 -0.213832
      vertex -21.2942 -16 1.4
      vertex -21.6568 -15.3036 1.4
    endloop
  endfacet
  facet normal -0.923911 -0.382607 -0
    outer loop
      vertex -21.6568 -15.3036 1.4
      vertex -21.9572 -14.5782 0.0424176
      vertex -21.6568 -15.3036 -0.186291
    endloop
  endfacet
  facet normal -0.923911 -0.382607 0
    outer loop
      vertex -21.9572 -14.5782 0.0424176
      vertex -21.6568 -15.3036 1.4
      vertex -21.9572 -14.5782 1.4
    endloop
  endfacet
  facet normal -1 -0 0
    outer loop
      vertex -22.5 -9.69219 1.4
      vertex -22.5 -11.5 0.999219
      vertex -22.5 -11.5 1.4
    endloop
  endfacet
  facet normal -1 0 0
    outer loop
      vertex -22.5 11.5 0.999219
      vertex -22.5 9.69219 1.4
      vertex -22.5 11.5 1.4
    endloop
  endfacet
  facet normal -0.999051 0.0435664 0
    outer loop
      vertex -22.4936 11.6469 0.966661
      vertex -22.4658 12.2844 1.4
      vertex -22.4658 12.2844 0.765642
    endloop
  endfacet
  facet normal -0.999052 0.0435258 0
    outer loop
      vertex -22.5 11.5 1.4
      vertex -22.4936 11.6469 0.966661
      vertex -22.5 11.5 0.999219
    endloop
  endfacet
  facet normal -0.999051 0.0435588 1.12276e-05
    outer loop
      vertex -22.4936 11.6469 0.966661
      vertex -22.5 11.5 1.4
      vertex -22.4658 12.2844 1.4
    endloop
  endfacet
  facet normal -0.991441 0.130553 0
    outer loop
      vertex -22.4658 12.2844 0.765642
      vertex -22.3633 13.0628 1.4
      vertex -22.3633 13.0628 0.520205
    endloop
  endfacet
  facet normal -0.991441 0.130553 0
    outer loop
      vertex -22.3633 13.0628 1.4
      vertex -22.4658 12.2844 0.765642
      vertex -22.4658 12.2844 1.4
    endloop
  endfacet
  facet normal -0.130553 -0.991441 0
    outer loop
      vertex -15.0628 -20.3633 -2.41654
      vertex -14.2844 -20.4658 1.4
      vertex -15.0628 -20.3633 1.4
    endloop
  endfacet
  facet normal -0.130553 -0.991441 -0
    outer loop
      vertex -14.2844 -20.4658 1.4
      vertex -15.0628 -20.3633 -2.41654
      vertex -14.2844 -20.4658 -2.4699
    endloop
  endfacet
  facet normal -0.608787 -0.793334 0
    outer loop
      vertex -19.2851 -18.3944 -1.45792
      vertex -18.6622 -18.8724 1.4
      vertex -19.2851 -18.3944 1.4
    endloop
  endfacet
  facet normal -0.608787 -0.793334 -0
    outer loop
      vertex -18.6622 -18.8724 1.4
      vertex -19.2851 -18.3944 -1.45792
      vertex -18.6622 -18.8724 -1.6559
    endloop
  endfacet
  facet normal 0.216499 -0.976283 0
    outer loop
      vertex 15.0628 -20.3633 1.4
      vertex 15.8294 -20.1933 -2.32808
      vertex 15.8294 -20.1933 1.4
    endloop
  endfacet
  facet normal 0.216499 -0.976283 0
    outer loop
      vertex 15.8294 -20.1933 -2.32808
      vertex 15.0628 -20.3633 1.4
      vertex 15.0628 -20.3633 -2.41654
    endloop
  endfacet
  facet normal 0.953715 -0.300711 0
    outer loop
      vertex 21.9572 -14.5782 1.4
      vertex 22.1933 -13.8294 0.278516
      vertex 22.1933 -13.8294 1.4
    endloop
  endfacet
  facet normal 0.953715 -0.300711 0
    outer loop
      vertex 22.1933 -13.8294 0.278516
      vertex 21.9572 -14.5782 1.4
      vertex 21.9572 -14.5782 0.0424176
    endloop
  endfacet
  facet normal 0.461826 -0.886971 0
    outer loop
      vertex 17.3036 -19.6568 1.4
      vertex 18 -19.2942 -1.86004
      vertex 18 -19.2942 1.4
    endloop
  endfacet
  facet normal 0.461826 -0.886971 0
    outer loop
      vertex 18 -19.2942 -1.86004
      vertex 17.3036 -19.6568 1.4
      vertex 17.3036 -19.6568 -2.04876
    endloop
  endfacet
  facet normal 0.537238 -0.843431 0
    outer loop
      vertex 18 -19.2942 1.4
      vertex 18.6622 -18.8724 -1.6559
      vertex 18.6622 -18.8724 1.4
    endloop
  endfacet
  facet normal 0.537189 -0.843462 -1.49352e-05
    outer loop
      vertex 18 -19.2942 1.4
      vertex 18.4339 -19.0178 -1.71615
      vertex 18.6622 -18.8724 -1.6559
    endloop
  endfacet
  facet normal 0.537265 -0.843413 0
    outer loop
      vertex 18.4339 -19.0178 -1.71615
      vertex 18 -19.2942 1.4
      vertex 18 -19.2942 -1.86004
    endloop
  endfacet
  facet normal 0.886784 -0.462184 0
    outer loop
      vertex 21.6568 -15.3036 1.4
      vertex 21.6113 -15.3909 -0.213832
      vertex 21.6568 -15.3036 -0.186291
    endloop
  endfacet
  facet normal 0.886971 -0.461826 -2.46391e-05
    outer loop
      vertex 21.2942 -16 1.4
      vertex 21.6113 -15.3909 -0.213832
      vertex 21.6568 -15.3036 1.4
    endloop
  endfacet
  facet normal 0.886997 -0.461775 0
    outer loop
      vertex 21.6113 -15.3909 -0.213832
      vertex 21.2942 -16 1.4
      vertex 21.2942 -16 -0.466127
    endloop
  endfacet
  facet normal 0.923911 -0.382607 0
    outer loop
      vertex 21.6568 -15.3036 1.4
      vertex 21.9572 -14.5782 0.0424176
      vertex 21.9572 -14.5782 1.4
    endloop
  endfacet
  facet normal 0.923911 -0.382607 0
    outer loop
      vertex 21.9572 -14.5782 0.0424176
      vertex 21.6568 -15.3036 1.4
      vertex 21.6568 -15.3036 -0.186291
    endloop
  endfacet
  facet normal 0.843431 -0.537238 0
    outer loop
      vertex 20.8724 -16.6622 1.4
      vertex 21.2942 -16 -0.466127
      vertex 21.2942 -16 1.4
    endloop
  endfacet
  facet normal 0.843431 -0.537238 0
    outer loop
      vertex 21.2942 -16 -0.466127
      vertex 20.8724 -16.6622 1.4
      vertex 20.8724 -16.6622 -0.740413
    endloop
  endfacet
  facet normal 0.999052 -0.0435258 0
    outer loop
      vertex 22.5 -11.5 1.4
      vertex 22.4936 -11.6469 0.966661
      vertex 22.5 -11.5 0.999219
    endloop
  endfacet
  facet normal 0.999051 -0.0435588 1.12276e-05
    outer loop
      vertex 22.4658 -12.2844 1.4
      vertex 22.4936 -11.6469 0.966661
      vertex 22.5 -11.5 1.4
    endloop
  endfacet
  facet normal 0.999051 -0.0435664 0
    outer loop
      vertex 22.4936 -11.6469 0.966661
      vertex 22.4658 -12.2844 1.4
      vertex 22.4658 -12.2844 0.765642
    endloop
  endfacet
  facet normal 0.953715 0.300711 -0
    outer loop
      vertex 22.1933 13.8294 0.278516
      vertex 21.9572 14.5782 1.4
      vertex 22.1933 13.8294 1.4
    endloop
  endfacet
  facet normal 0.953715 0.300711 0
    outer loop
      vertex 21.9572 14.5782 1.4
      vertex 22.1933 13.8294 0.278516
      vertex 21.9572 14.5782 0.0424176
    endloop
  endfacet
  facet normal 0.843431 0.537238 -0
    outer loop
      vertex 21.2942 16 -0.466127
      vertex 20.8724 16.6622 1.4
      vertex 21.2942 16 1.4
    endloop
  endfacet
  facet normal 0.843431 0.537238 0
    outer loop
      vertex 20.8724 16.6622 1.4
      vertex 21.2942 16 -0.466127
      vertex 20.8724 16.6622 -0.740413
    endloop
  endfacet
  facet normal 0.216499 0.976283 -0
    outer loop
      vertex 15.8294 20.1933 -2.32808
      vertex 15.0628 20.3633 1.4
      vertex 15.8294 20.1933 1.4
    endloop
  endfacet
  facet normal 0.216499 0.976283 0
    outer loop
      vertex 15.0628 20.3633 1.4
      vertex 15.8294 20.1933 -2.32808
      vertex 15.0628 20.3633 -2.41654
    endloop
  endfacet
  facet normal -0.382607 0.923911 0
    outer loop
      vertex -16.5782 19.9572 1.4
      vertex -17.3036 19.6568 -2.04876
      vertex -17.3036 19.6568 1.4
    endloop
  endfacet
  facet normal -0.382607 0.923911 0
    outer loop
      vertex -17.3036 19.6568 -2.04876
      vertex -16.5782 19.9572 1.4
      vertex -16.5782 19.9572 -2.20517
    endloop
  endfacet
  facet normal -0.216499 0.976283 0
    outer loop
      vertex -15.0628 20.3633 1.4
      vertex -15.8294 20.1933 -2.32808
      vertex -15.8294 20.1933 1.4
    endloop
  endfacet
  facet normal -0.216499 0.976283 0
    outer loop
      vertex -15.8294 20.1933 -2.32808
      vertex -15.0628 20.3633 1.4
      vertex -15.0628 20.3633 -2.41654
    endloop
  endfacet
  facet normal -0.953715 0.300711 0
    outer loop
      vertex -22.1933 13.8294 0.278516
      vertex -21.9572 14.5782 1.4
      vertex -21.9572 14.5782 0.0424176
    endloop
  endfacet
  facet normal -0.953715 0.300711 0
    outer loop
      vertex -21.9572 14.5782 1.4
      vertex -22.1933 13.8294 0.278516
      vertex -22.1933 13.8294 1.4
    endloop
  endfacet
  facet normal 0.382607 -0.923911 0
    outer loop
      vertex 16.5782 -19.9572 1.4
      vertex 17.3036 -19.6568 -2.04876
      vertex 17.3036 -19.6568 1.4
    endloop
  endfacet
  facet normal 0.382607 -0.923911 0
    outer loop
      vertex 17.3036 -19.6568 -2.04876
      vertex 16.5782 -19.9572 1.4
      vertex 16.5782 -19.9572 -2.20517
    endloop
  endfacet
  facet normal 0.675546 -0.737318 0
    outer loop
      vertex 19.2851 -18.3944 1.4
      vertex 19.864 -17.864 -1.23821
      vertex 19.864 -17.864 1.4
    endloop
  endfacet
  facet normal 0.675546 -0.737318 0
    outer loop
      vertex 19.864 -17.864 -1.23821
      vertex 19.2851 -18.3944 1.4
      vertex 19.2851 -18.3944 -1.45792
    endloop
  endfacet
  facet normal 0.793334 -0.608787 0
    outer loop
      vertex 20.3944 -17.2851 1.4
      vertex 20.8724 -16.6622 -0.740413
      vertex 20.8724 -16.6622 1.4
    endloop
  endfacet
  facet normal 0.793334 -0.608787 0
    outer loop
      vertex 20.8724 -16.6622 -0.740413
      vertex 20.3944 -17.2851 1.4
      vertex 20.3944 -17.2851 -0.998431
    endloop
  endfacet
  facet normal 0.976283 0.216499 -0
    outer loop
      vertex 22.3633 13.0628 0.520205
      vertex 22.1933 13.8294 1.4
      vertex 22.3633 13.0628 1.4
    endloop
  endfacet
  facet normal 0.976283 0.216499 0
    outer loop
      vertex 22.1933 13.8294 1.4
      vertex 22.3633 13.0628 0.520205
      vertex 22.1933 13.8294 0.278516
    endloop
  endfacet
  facet normal 0.886997 0.461775 0
    outer loop
      vertex 21.2942 16 1.4
      vertex 21.6113 15.3909 -0.213832
      vertex 21.2942 16 -0.466127
    endloop
  endfacet
  facet normal 0.886971 0.461826 -2.46391e-05
    outer loop
      vertex 21.6568 15.3036 1.4
      vertex 21.6113 15.3909 -0.213832
      vertex 21.2942 16 1.4
    endloop
  endfacet
  facet normal 0.886784 0.462184 0
    outer loop
      vertex 21.6113 15.3909 -0.213832
      vertex 21.6568 15.3036 1.4
      vertex 21.6568 15.3036 -0.186291
    endloop
  endfacet
  facet normal 0.130553 0.991441 -0
    outer loop
      vertex 15.0628 20.3633 -2.41654
      vertex 14.2844 20.4658 1.4
      vertex 15.0628 20.3633 1.4
    endloop
  endfacet
  facet normal 0.130553 0.991441 0
    outer loop
      vertex 14.2844 20.4658 1.4
      vertex 15.0628 20.3633 -2.41654
      vertex 14.2844 20.4658 -2.4699
    endloop
  endfacet
  facet normal -0.793334 0.608787 0
    outer loop
      vertex -20.8724 16.6622 -0.740413
      vertex -20.3944 17.2851 1.4
      vertex -20.3944 17.2851 -0.998431
    endloop
  endfacet
  facet normal -0.793334 0.608787 0
    outer loop
      vertex -20.3944 17.2851 1.4
      vertex -20.8724 16.6622 -0.740413
      vertex -20.8724 16.6622 1.4
    endloop
  endfacet
  facet normal -0.737318 0.675546 0
    outer loop
      vertex -20.3944 17.2851 -0.998431
      vertex -19.864 17.864 1.4
      vertex -19.864 17.864 -1.23821
    endloop
  endfacet
  facet normal -0.737318 0.675546 0
    outer loop
      vertex -19.864 17.864 1.4
      vertex -20.3944 17.2851 -0.998431
      vertex -20.3944 17.2851 1.4
    endloop
  endfacet
  facet normal -0.923911 0.382607 0
    outer loop
      vertex -21.9572 14.5782 0.0424176
      vertex -21.6568 15.3036 1.4
      vertex -21.6568 15.3036 -0.186291
    endloop
  endfacet
  facet normal -0.923911 0.382607 0
    outer loop
      vertex -21.6568 15.3036 1.4
      vertex -21.9572 14.5782 0.0424176
      vertex -21.9572 14.5782 1.4
    endloop
  endfacet
  facet normal -0.886997 0.461775 0
    outer loop
      vertex -21.6113 15.3909 -0.213832
      vertex -21.2942 16 1.4
      vertex -21.2942 16 -0.466127
    endloop
  endfacet
  facet normal -0.886784 0.462184 0
    outer loop
      vertex -21.6568 15.3036 1.4
      vertex -21.6113 15.3909 -0.213832
      vertex -21.6568 15.3036 -0.186291
    endloop
  endfacet
  facet normal -0.886971 0.461826 -2.46391e-05
    outer loop
      vertex -21.6113 15.3909 -0.213832
      vertex -21.6568 15.3036 1.4
      vertex -21.2942 16 1.4
    endloop
  endfacet
  facet normal 0.0470545 -0.35582 -0.933369
    outer loop
      vertex 14.8179 -14.832 -0.0376168
      vertex 13.521 -11.9544 -1.2
      vertex 14.8262 -14.8314 -0.0374271
    endloop
  endfacet
  facet normal 0.0469024 -0.355882 -0.933353
    outer loop
      vertex 13.521 -11.9544 -1.2
      vertex 14.8179 -14.832 -0.0376168
      vertex 13.2615 -11.9886 -1.2
    endloop
  endfacet
  facet normal 0 -0.371387 -0.928478
    outer loop
      vertex 13.9578 -14.8734 -0.0506528
      vertex -13 -12 -1.2
      vertex 13 -12 -1.2
    endloop
  endfacet
  facet normal 0 -0.371387 -0.928478
    outer loop
      vertex -13 -12 -1.2
      vertex 13.9578 -14.8734 -0.0506528
      vertex -13.9578 -14.8734 -0.0506528
    endloop
  endfacet
  facet normal 0.0170128 -0.366521 -0.930254
    outer loop
      vertex 13.9578 -14.8734 -0.0506528
      vertex 13.2615 -11.9886 -1.2
      vertex 13.9689 -14.8731 -0.050568
    endloop
  endfacet
  facet normal 0.0159879 -0.366741 -0.930186
    outer loop
      vertex 13.2615 -11.9886 -1.2
      vertex 13.9578 -14.8734 -0.0506528
      vertex 13 -12 -1.2
    endloop
  endfacet
  facet normal 0.0468672 -0.355899 -0.933348
    outer loop
      vertex 14.3894 -14.8629 -0.0473509
      vertex 13.2615 -11.9886 -1.2
      vertex 14.8179 -14.832 -0.0376168
    endloop
  endfacet
  facet normal -0.0160125 -0.366739 -0.930186
    outer loop
      vertex -13.9689 -14.8731 -0.050568
      vertex -14.3894 -14.8629 -0.0473509
      vertex -13.2615 -11.9886 -1.2
    endloop
  endfacet
  facet normal 0.0160125 -0.366739 -0.930186
    outer loop
      vertex 13.9689 -14.8731 -0.050568
      vertex 13.2615 -11.9886 -1.2
      vertex 14.3894 -14.8629 -0.0473509
    endloop
  endfacet
  facet normal 0.999051 0.0435586 0
    outer loop
      vertex 19 6 0.5
      vertex 18.981 6.43578 0
      vertex 18.981 6.43578 0.5
    endloop
  endfacet
  facet normal 0.999051 0.0435586 0
    outer loop
      vertex 18.981 6.43578 0
      vertex 19 6 0.5
      vertex 19 6 0
    endloop
  endfacet
  facet normal -0.999051 0.0435586 0
    outer loop
      vertex -19 6 0
      vertex -18.981 6.43578 0.5
      vertex -18.981 6.43578 0
    endloop
  endfacet
  facet normal -0.999051 0.0435586 0
    outer loop
      vertex -18.981 6.43578 0.5
      vertex -19 6 0
      vertex -19 6 0.5
    endloop
  endfacet
  facet normal 0.366744 -0.0159899 -0.930185
    outer loop
      vertex 19 -10 0
      vertex 15.9886 -9.26147 -1.2
      vertex 16 -9 -1.2
    endloop
  endfacet
  facet normal -0.0159879 -0.366741 -0.930186
    outer loop
      vertex -13.9578 -14.8734 -0.0506528
      vertex -13.2615 -11.9886 -1.2
      vertex -13 -12 -1.2
    endloop
  endfacet
  facet normal -0.0170128 -0.366521 -0.930254
    outer loop
      vertex -13.2615 -11.9886 -1.2
      vertex -13.9578 -14.8734 -0.0506528
      vertex -13.9689 -14.8731 -0.050568
    endloop
  endfacet
  facet normal -0.224211 -0.244677 -0.943325
    outer loop
      vertex -17.2139 -13.8302 0
      vertex -17.5355 -13.5355 0
      vertex -15.1213 -11.1213 -1.2
    endloop
  endfacet
  facet normal -0.355882 0.046906 -0.933353
    outer loop
      vertex -15.9886 5.26147 -1.2
      vertex -18.924 6.86824 0
      vertex -15.9544 5.52095 -1.2
    endloop
  endfacet
  facet normal 0 1 -0
    outer loop
      vertex 14 11 0
      vertex -14 11 0.5
      vertex 14 11 0.5
    endloop
  endfacet
  facet normal 0 1 0
    outer loop
      vertex -14 11 0.5
      vertex 14 11 0
      vertex -14 11 0
    endloop
  endfacet
  facet normal 0.224237 -0.244657 -0.943324
    outer loop
      vertex 17.2139 -13.8302 0
      vertex 14.9284 -11.2981 -1.2
      vertex 15.1213 -11.1213 -1.2
    endloop
  endfacet
  facet normal -0.366744 -0.0159893 -0.930184
    outer loop
      vertex -18.981 -10.4358 0
      vertex -19 -10 0
      vertex -15.9886 -9.26147 -1.2
    endloop
  endfacet
  facet normal -0.608913 -0.793237 0
    outer loop
      vertex -17.2139 -13.8302 0
      vertex -16.8679 -14.0958 0.194524
      vertex -17.2139 -13.8302 0.278252
    endloop
  endfacet
  facet normal -0.608913 -0.793237 -0
    outer loop
      vertex -16.8679 -14.0958 0.194524
      vertex -17.2139 -13.8302 0
      vertex -16.8679 -14.0958 0
    endloop
  endfacet
  facet normal -0.461735 -0.887018 0
    outer loop
      vertex -16.5 -14.3301 0
      vertex -16.1131 -14.5315 0.057125
      vertex -16.5 -14.3301 0.120631
    endloop
  endfacet
  facet normal -0.461735 -0.887018 -0
    outer loop
      vertex -16.1131 -14.5315 0.057125
      vertex -16.5 -14.3301 0
      vertex -16.1131 -14.5315 0
    endloop
  endfacet
  facet normal -0.953759 -0.300572 0
    outer loop
      vertex -18.6985 -11.7101 0
      vertex -18.8296 -11.2941 0.5
      vertex -18.8296 -11.2941 0
    endloop
  endfacet
  facet normal -0.953759 -0.300572 0
    outer loop
      vertex -18.8296 -11.2941 0.5
      vertex -18.6985 -11.7101 0
      vertex -18.6985 -11.7101 0.5
    endloop
  endfacet
  facet normal -0.343675 -0.076175 -0.935994
    outer loop
      vertex -18.8296 -11.2941 0
      vertex -18.924 -10.8682 0
      vertex -15.8978 -9.77646 -1.2
    endloop
  endfacet
  facet normal -0.0435566 0.999051 0
    outer loop
      vertex -14 11 0
      vertex -14.4358 10.981 0.5
      vertex -14 11 0.5
    endloop
  endfacet
  facet normal -0.0435566 0.999051 0
    outer loop
      vertex -14.4358 10.981 0.5
      vertex -14 11 0
      vertex -14.4358 10.981 0
    endloop
  endfacet
  facet normal 0.991423 -0.130692 0
    outer loop
      vertex 18.924 -10.8682 0.5
      vertex 18.981 -10.4358 0
      vertex 18.981 -10.4358 0.5
    endloop
  endfacet
  facet normal 0.991423 -0.130692 0
    outer loop
      vertex 18.981 -10.4358 0
      vertex 18.924 -10.8682 0.5
      vertex 18.924 -10.8682 0
    endloop
  endfacet
  facet normal 0.179782 -0.282296 -0.942331
    outer loop
      vertex 16.5 -14.3301 0
      vertex 14.5 -11.5981 -1.2
      vertex 16.8679 -14.0958 0
    endloop
  endfacet
  facet normal -0 0 1
    outer loop
      vertex -14 11 0.5
      vertex -2 1 0.5
      vertex 14 11 0.5
    endloop
  endfacet
  facet normal -0 0 1
    outer loop
      vertex -19 6 0.5
      vertex -10 1 0.5
      vertex -14 11 0.5
    endloop
  endfacet
  facet normal 0 0 1
    outer loop
      vertex -2 1 0.5
      vertex -14 11 0.5
      vertex -10 1 0.5
    endloop
  endfacet
  facet normal 0 0 1
    outer loop
      vertex 14 11 0.5
      vertex 19 6 0.5
      vertex 18.981 6.43578 0.5
    endloop
  endfacet
  facet normal 0 0 1
    outer loop
      vertex 19 6 0.5
      vertex -2 1 0.5
      vertex 19 -10 0.5
    endloop
  endfacet
  facet normal 0 0 1
    outer loop
      vertex 14 11 0.5
      vertex 18.981 6.43578 0.5
      vertex 18.924 6.86824 0.5
    endloop
  endfacet
  facet normal -0 0 1
    outer loop
      vertex -2 -5 0.5
      vertex 19 -10 0.5
      vertex -2 1 0.5
    endloop
  endfacet
  facet normal 0 0 1
    outer loop
      vertex 14 11 0.5
      vertex 18.924 6.86824 0.5
      vertex 18.8296 7.2941 0.5
    endloop
  endfacet
  facet normal 0 -0 1
    outer loop
      vertex 17.897 -13.1269 0.5
      vertex 19 -10 0.5
      vertex -2 -5 0.5
    endloop
  endfacet
  facet normal 0 0 1
    outer loop
      vertex 14 11 0.5
      vertex 18.8296 7.2941 0.5
      vertex 18.6985 7.7101 0.5
    endloop
  endfacet
  facet normal 0 0 1
    outer loop
      vertex 19 -10 0.5
      vertex 17.897 -13.1269 0.5
      vertex 18.981 -10.4358 0.5
    endloop
  endfacet
  facet normal 0 0 1
    outer loop
      vertex 14 11 0.5
      vertex 18.6985 7.7101 0.5
      vertex 18.5315 8.1131 0.5
    endloop
  endfacet
  facet normal 0 0 1
    outer loop
      vertex 18.981 -10.4358 0.5
      vertex 17.897 -13.1269 0.5
      vertex 18.924 -10.8682 0.5
    endloop
  endfacet
  facet normal 0 0 1
    outer loop
      vertex 14 11 0.5
      vertex 18.5315 8.1131 0.5
      vertex 18.3301 8.5 0.5
    endloop
  endfacet
  facet normal 0 0 1
    outer loop
      vertex 18.924 -10.8682 0.5
      vertex 17.897 -13.1269 0.5
      vertex 18.8296 -11.2941 0.5
    endloop
  endfacet
  facet normal 0 0 1
    outer loop
      vertex 14 11 0.5
      vertex 18.3301 8.5 0.5
      vertex 18.0958 8.86789 0.5
    endloop
  endfacet
  facet normal 0 0 1
    outer loop
      vertex 18.8296 -11.2941 0.5
      vertex 17.897 -13.1269 0.5
      vertex 18.6985 -11.7101 0.5
    endloop
  endfacet
  facet normal 0 0 1
    outer loop
      vertex 18.6985 -11.7101 0.5
      vertex 17.897 -13.1269 0.5
      vertex 18.5315 -12.1131 0.5
    endloop
  endfacet
  facet normal 0 0 1
    outer loop
      vertex 14 11 0.5
      vertex 18.0958 8.86789 0.5
      vertex 17.8302 9.21394 0.5
    endloop
  endfacet
  facet normal 0 0 1
    outer loop
      vertex 14 11 0.5
      vertex 17.8302 9.21394 0.5
      vertex 17.5355 9.53554 0.5
    endloop
  endfacet
  facet normal 0 0 1
    outer loop
      vertex 14 11 0.5
      vertex 17.5355 9.53554 0.5
      vertex 17.2139 9.83022 0.5
    endloop
  endfacet
  facet normal 0 0 1
    outer loop
      vertex 14 11 0.5
      vertex 17.2139 9.83022 0.5
      vertex 16.8679 10.0958 0.5
    endloop
  endfacet
  facet normal 0 0 1
    outer loop
      vertex 14 11 0.5
      vertex 16.8679 10.0958 0.5
      vertex 16.5 10.3301 0.5
    endloop
  endfacet
  facet normal 0 0 1
    outer loop
      vertex 14 11 0.5
      vertex 16.5 10.3301 0.5
      vertex 16.1131 10.5315 0.5
    endloop
  endfacet
  facet normal 0 0 1
    outer loop
      vertex 14 11 0.5
      vertex 16.1131 10.5315 0.5
      vertex 15.7101 10.6985 0.5
    endloop
  endfacet
  facet normal 0 0 1
    outer loop
      vertex 14 11 0.5
      vertex 15.7101 10.6985 0.5
      vertex 15.2941 10.8296 0.5
    endloop
  endfacet
  facet normal 0 0 1
    outer loop
      vertex 14 11 0.5
      vertex 15.2941 10.8296 0.5
      vertex 14.8682 10.924 0.5
    endloop
  endfacet
  facet normal 0 0 1
    outer loop
      vertex 14 11 0.5
      vertex 14.8682 10.924 0.5
      vertex 14.4358 10.981 0.5
    endloop
  endfacet
  facet normal 0 0 1
    outer loop
      vertex 19 6 0.5
      vertex 14 11 0.5
      vertex -2 1 0.5
    endloop
  endfacet
  facet normal 0 0 1
    outer loop
      vertex 18.5315 -12.1131 0.5
      vertex 17.897 -13.1269 0.5
      vertex 18.3301 -12.5 0.5
    endloop
  endfacet
  facet normal 0 0 1
    outer loop
      vertex 18.3301 -12.5 0.5
      vertex 17.897 -13.1269 0.5
      vertex 18.0958 -12.8679 0.5
    endloop
  endfacet
  facet normal 0 0 1
    outer loop
      vertex -17.897 -13.1269 0.5
      vertex -2 -5 0.5
      vertex -10 -5 0.5
    endloop
  endfacet
  facet normal 0 0 1
    outer loop
      vertex -19 6 0.5
      vertex -14 11 0.5
      vertex -14.4358 10.981 0.5
    endloop
  endfacet
  facet normal 0 0 1
    outer loop
      vertex -19 6 0.5
      vertex -14.4358 10.981 0.5
      vertex -14.8682 10.924 0.5
    endloop
  endfacet
  facet normal 0 0 1
    outer loop
      vertex -19 6 0.5
      vertex -14.8682 10.924 0.5
      vertex -15.2941 10.8296 0.5
    endloop
  endfacet
  facet normal 0 0 1
    outer loop
      vertex -19 6 0.5
      vertex -15.2941 10.8296 0.5
      vertex -15.7101 10.6985 0.5
    endloop
  endfacet
  facet normal 0 0 1
    outer loop
      vertex -19 6 0.5
      vertex -15.7101 10.6985 0.5
      vertex -16.1131 10.5315 0.5
    endloop
  endfacet
  facet normal 0 0 1
    outer loop
      vertex -19 6 0.5
      vertex -16.1131 10.5315 0.5
      vertex -16.5 10.3301 0.5
    endloop
  endfacet
  facet normal 0 0 1
    outer loop
      vertex -19 6 0.5
      vertex -16.5 10.3301 0.5
      vertex -16.8679 10.0958 0.5
    endloop
  endfacet
  facet normal 0 0 1
    outer loop
      vertex -19 6 0.5
      vertex -16.8679 10.0958 0.5
      vertex -17.2139 9.83022 0.5
    endloop
  endfacet
  facet normal 0 0 1
    outer loop
      vertex -19 6 0.5
      vertex -17.2139 9.83022 0.5
      vertex -17.5355 9.53554 0.5
    endloop
  endfacet
  facet normal 0 0 1
    outer loop
      vertex -19 6 0.5
      vertex -17.5355 9.53554 0.5
      vertex -17.8302 9.21394 0.5
    endloop
  endfacet
  facet normal 0 0 1
    outer loop
      vertex -2 -5 0.5
      vertex -17.897 -13.1269 0.5
      vertex 17.897 -13.1269 0.5
    endloop
  endfacet
  facet normal 0 0 1
    outer loop
      vertex -10 1 0.5
      vertex -19 6 0.5
      vertex -10 -5 0.5
    endloop
  endfacet
  facet normal 0 0 1
    outer loop
      vertex -19 6 0.5
      vertex -17.8302 9.21394 0.5
      vertex -18.0958 8.86789 0.5
    endloop
  endfacet
  facet normal 0 0 1
    outer loop
      vertex -19 -10 0.5
      vertex -10 -5 0.5
      vertex -19 6 0.5
    endloop
  endfacet
  facet normal 0 0 1
    outer loop
      vertex -19 6 0.5
      vertex -18.0958 8.86789 0.5
      vertex -18.3301 8.5 0.5
    endloop
  endfacet
  facet normal 0 0 1
    outer loop
      vertex -10 -5 0.5
      vertex -19 -10 0.5
      vertex -17.897 -13.1269 0.5
    endloop
  endfacet
  facet normal 0 0 1
    outer loop
      vertex -19 6 0.5
      vertex -18.3301 8.5 0.5
      vertex -18.5315 8.1131 0.5
    endloop
  endfacet
  facet normal 0 0 1
    outer loop
      vertex -17.897 -13.1269 0.5
      vertex -19 -10 0.5
      vertex -18.0958 -12.8679 0.5
    endloop
  endfacet
  facet normal 0 0 1
    outer loop
      vertex -19 6 0.5
      vertex -18.5315 8.1131 0.5
      vertex -18.6985 7.7101 0.5
    endloop
  endfacet
  facet normal 0 0 1
    outer loop
      vertex -18.0958 -12.8679 0.5
      vertex -19 -10 0.5
      vertex -18.3301 -12.5 0.5
    endloop
  endfacet
  facet normal 0 0 1
    outer loop
      vertex -19 6 0.5
      vertex -18.6985 7.7101 0.5
      vertex -18.8296 7.2941 0.5
    endloop
  endfacet
  facet normal 0 0 1
    outer loop
      vertex -18.3301 -12.5 0.5
      vertex -19 -10 0.5
      vertex -18.5315 -12.1131 0.5
    endloop
  endfacet
  facet normal 0 0 1
    outer loop
      vertex -19 6 0.5
      vertex -18.8296 7.2941 0.5
      vertex -18.924 6.86824 0.5
    endloop
  endfacet
  facet normal 0 0 1
    outer loop
      vertex -18.5315 -12.1131 0.5
      vertex -19 -10 0.5
      vertex -18.6985 -11.7101 0.5
    endloop
  endfacet
  facet normal 0 0 1
    outer loop
      vertex -19 6 0.5
      vertex -18.924 6.86824 0.5
      vertex -18.981 6.43578 0.5
    endloop
  endfacet
  facet normal 0 0 1
    outer loop
      vertex -18.6985 -11.7101 0.5
      vertex -19 -10 0.5
      vertex -18.8296 -11.2941 0.5
    endloop
  endfacet
  facet normal 0 0 1
    outer loop
      vertex -18.8296 -11.2941 0.5
      vertex -19 -10 0.5
      vertex -18.924 -10.8682 0.5
    endloop
  endfacet
  facet normal 0 0 1
    outer loop
      vertex -18.924 -10.8682 0.5
      vertex -19 -10 0.5
      vertex -18.981 -10.4358 0.5
    endloop
  endfacet
  facet normal -0.6756 -0.737268 0
    outer loop
      vertex -17.5355 -13.5355 0
      vertex -17.2139 -13.8302 0.278252
      vertex -17.5355 -13.5355 0.371163
    endloop
  endfacet
  facet normal -0.6756 -0.737268 -0
    outer loop
      vertex -17.2139 -13.8302 0.278252
      vertex -17.5355 -13.5355 0
      vertex -17.2139 -13.8302 0
    endloop
  endfacet
  facet normal -0.887018 -0.461735 0
    outer loop
      vertex -18.3301 -12.5 0
      vertex -18.5315 -12.1131 0.5
      vertex -18.5315 -12.1131 0
    endloop
  endfacet
  facet normal -0.887018 -0.461735 0
    outer loop
      vertex -18.5315 -12.1131 0.5
      vertex -18.3301 -12.5 0
      vertex -18.3301 -12.5 0.5
    endloop
  endfacet
  facet normal -0.366744 0.0159899 -0.930185
    outer loop
      vertex -16 5 -1.2
      vertex -19 6 0
      vertex -15.9886 5.26147 -1.2
    endloop
  endfacet
  facet normal -0.299404 0.155796 -0.941321
    outer loop
      vertex -15.7189 6.26785 -1.2
      vertex -18.5315 8.1131 0
      vertex -15.5981 6.5 -1.2
    endloop
  endfacet
  facet normal 0.923821 0.382824 0
    outer loop
      vertex 18.6985 7.7101 0.5
      vertex 18.5315 8.1131 0
      vertex 18.5315 8.1131 0.5
    endloop
  endfacet
  facet normal 0.923821 0.382824 0
    outer loop
      vertex 18.5315 8.1131 0
      vertex 18.6985 7.7101 0.5
      vertex 18.6985 7.7101 0
    endloop
  endfacet
  facet normal 0.366744 0.01599 -0.930185
    outer loop
      vertex 19 6 0
      vertex 15.9886 5.26147 -1.2
      vertex 18.981 6.43578 0
    endloop
  endfacet
  facet normal 0.15584 0.299378 -0.941322
    outer loop
      vertex 16.5 10.3301 0
      vertex 14.5 7.59808 -1.2
      vertex 16.1131 10.5315 0
    endloop
  endfacet
  facet normal 0 0.371391 -0.928477
    outer loop
      vertex -13 8 -1.2
      vertex 14 11 0
      vertex 13 8 -1.2
    endloop
  endfacet
  facet normal 0 0.371391 -0.928477
    outer loop
      vertex 14 11 0
      vertex -13 8 -1.2
      vertex -14 11 0
    endloop
  endfacet
  facet normal 0.371391 0 -0.928477
    outer loop
      vertex 16 -9 -1.2
      vertex 19 6 0
      vertex 19 -10 0
    endloop
  endfacet
  facet normal 0.371391 0 -0.928477
    outer loop
      vertex 19 6 0
      vertex 16 -9 -1.2
      vertex 16 5 -1.2
    endloop
  endfacet
  facet normal 0.355883 -0.0469061 -0.933353
    outer loop
      vertex 18.924 -10.8682 0
      vertex 15.9544 -9.52095 -1.2
      vertex 15.9886 -9.26147 -1.2
    endloop
  endfacet
  facet normal 0.382824 -0.923821 0
    outer loop
      vertex 16.1131 -14.5315 0
      vertex 15.7101 -14.6985 0.00449671
      vertex 15.7101 -14.6985 0
    endloop
  endfacet
  facet normal 0.382824 -0.923821 0
    outer loop
      vertex 15.7101 -14.6985 0.00449671
      vertex 16.1131 -14.5315 0
      vertex 16.1131 -14.5315 0.057125
    endloop
  endfacet
  facet normal -0.355879 -0.0469129 -0.933354
    outer loop
      vertex -18.924 -10.8682 0
      vertex -18.981 -10.4358 0
      vertex -15.9886 -9.26147 -1.2
    endloop
  endfacet
  facet normal -1 0 0
    outer loop
      vertex -19 -10 0
      vertex -19 6 0.5
      vertex -19 6 0
    endloop
  endfacet
  facet normal -1 -0 0
    outer loop
      vertex -19 6 0.5
      vertex -19 -10 0
      vertex -19 -10 0.5
    endloop
  endfacet
  facet normal -0.79328 0.608857 0
    outer loop
      vertex -18.0958 8.86789 0
      vertex -17.8302 9.21394 0.5
      vertex -17.8302 9.21394 0
    endloop
  endfacet
  facet normal -0.79328 0.608857 0
    outer loop
      vertex -17.8302 9.21394 0.5
      vertex -18.0958 8.86789 0
      vertex -18.0958 8.86789 0.5
    endloop
  endfacet
  facet normal -0.33014 0.104042 -0.938181
    outer loop
      vertex -15.8191 6.02606 -1.2
      vertex -18.8296 7.2941 0
      vertex -18.6985 7.7101 0
    endloop
  endfacet
  facet normal -0.976301 0.216416 0
    outer loop
      vertex -18.924 6.86824 0
      vertex -18.8296 7.2941 0.5
      vertex -18.8296 7.2941 0
    endloop
  endfacet
  facet normal -0.976301 0.216416 0
    outer loop
      vertex -18.8296 7.2941 0.5
      vertex -18.924 6.86824 0
      vertex -18.924 6.86824 0.5
    endloop
  endfacet
  facet normal -0.244688 0.224196 -0.943326
    outer loop
      vertex -15.2981 6.92836 -1.2
      vertex -17.8302 9.21394 0
      vertex -15.1213 7.12132 -1.2
    endloop
  endfacet
  facet normal -0.371391 0 -0.928477
    outer loop
      vertex -19 -10 0
      vertex -16 5 -1.2
      vertex -16 -9 -1.2
    endloop
  endfacet
  facet normal -0.371391 0 -0.928477
    outer loop
      vertex -16 5 -1.2
      vertex -19 -10 0
      vertex -19 6 0
    endloop
  endfacet
  facet normal -0.155822 -0.299389 -0.941321
    outer loop
      vertex -14.2679 -11.7189 -1.2
      vertex -16.1131 -14.5315 0
      vertex -14.5 -11.5981 -1.2
    endloop
  endfacet
  facet normal -0.382824 -0.923821 0
    outer loop
      vertex -16.1131 -14.5315 0
      vertex -15.7101 -14.6985 0.00449671
      vertex -16.1131 -14.5315 0.057125
    endloop
  endfacet
  facet normal -0.382824 -0.923821 -0
    outer loop
      vertex -15.7101 -14.6985 0.00449671
      vertex -16.1131 -14.5315 0
      vertex -15.7101 -14.6985 0
    endloop
  endfacet
  facet normal -0.923821 -0.382824 0
    outer loop
      vertex -18.5315 -12.1131 0
      vertex -18.6985 -11.7101 0.5
      vertex -18.6985 -11.7101 0
    endloop
  endfacet
  facet normal -0.923821 -0.382824 0
    outer loop
      vertex -18.6985 -11.7101 0.5
      vertex -18.5315 -12.1131 0
      vertex -18.5315 -12.1131 0.5
    endloop
  endfacet
  facet normal 1 -0 0
    outer loop
      vertex 19 -10 0.5
      vertex 19 6 0
      vertex 19 6 0.5
    endloop
  endfacet
  facet normal 1 0 0
    outer loop
      vertex 19 6 0
      vertex 19 -10 0.5
      vertex 19 -10 0
    endloop
  endfacet
  facet normal 0.366744 0.0159899 -0.930185
    outer loop
      vertex 16 5 -1.2
      vertex 15.9886 5.26147 -1.2
      vertex 19 6 0
    endloop
  endfacet
  facet normal 0.79328 0.608857 0
    outer loop
      vertex 18.0958 8.86789 0.5
      vertex 17.8302 9.21394 0
      vertex 17.8302 9.21394 0.5
    endloop
  endfacet
  facet normal 0.79328 0.608857 0
    outer loop
      vertex 17.8302 9.21394 0
      vertex 18.0958 8.86789 0.5
      vertex 18.0958 8.86789 0
    endloop
  endfacet
  facet normal 0.179782 0.282295 -0.942331
    outer loop
      vertex 16.8679 10.0958 0
      vertex 14.5 7.59808 -1.2
      vertex 16.5 10.3301 0
    endloop
  endfacet
  facet normal 0.0160019 0.36674 -0.930186
    outer loop
      vertex 13.2615 7.98859 -1.2
      vertex 13 8 -1.2
      vertex 14 11 0
    endloop
  endfacet
  facet normal 0.0761748 0.343674 -0.935994
    outer loop
      vertex 15.2941 10.8296 0
      vertex 13.7765 7.89778 -1.2
      vertex 14.8682 10.924 0
    endloop
  endfacet
  facet normal -0.300572 0.953759 0
    outer loop
      vertex -15.2941 10.8296 0
      vertex -15.7101 10.6985 0.5
      vertex -15.2941 10.8296 0.5
    endloop
  endfacet
  facet normal -0.300572 0.953759 0
    outer loop
      vertex -15.7101 10.6985 0.5
      vertex -15.2941 10.8296 0
      vertex -15.7101 10.6985 0
    endloop
  endfacet
  facet normal -0.244676 0.22421 -0.943326
    outer loop
      vertex -15.1213 7.12132 -1.2
      vertex -17.8302 9.21394 0
      vertex -17.5355 9.53554 0
    endloop
  endfacet
  facet normal -0.179835 0.282246 -0.942336
    outer loop
      vertex -14.7207 7.45746 -1.2
      vertex -16.8679 10.0958 0
      vertex -14.5 7.59808 -1.2
    endloop
  endfacet
  facet normal -0.224202 0.244684 -0.943325
    outer loop
      vertex -15.1213 7.12132 -1.2
      vertex -17.5355 9.53554 0
      vertex -17.2139 9.83022 0
    endloop
  endfacet
  facet normal 0.366744 -0.0159893 -0.930184
    outer loop
      vertex 18.981 -10.4358 0
      vertex 15.9886 -9.26147 -1.2
      vertex 19 -10 0
    endloop
  endfacet
  facet normal 0.299379 -0.155841 -0.941321
    outer loop
      vertex 18.3301 -12.5 0
      vertex 15.5981 -10.5 -1.2
      vertex 18.5315 -12.1131 0
    endloop
  endfacet
  facet normal 0.244677 -0.224211 -0.943325
    outer loop
      vertex 17.5355 -13.5355 0
      vertex 15.1213 -11.1213 -1.2
      vertex 17.8302 -13.2139 0
    endloop
  endfacet
  facet normal 0.737268 -0.6756 0
    outer loop
      vertex 17.5355 -13.5355 0.371163
      vertex 17.8302 -13.2139 0
      vertex 17.8302 -13.2139 0.472561
    endloop
  endfacet
  facet normal 0.737268 -0.6756 0
    outer loop
      vertex 17.8302 -13.2139 0
      vertex 17.5355 -13.5355 0.371163
      vertex 17.5355 -13.5355 0
    endloop
  endfacet
  facet normal 0.130662 -0.315311 -0.93995
    outer loop
      vertex 15.7101 -14.6985 0
      vertex 14.0261 -11.8191 -1.2
      vertex 16.1131 -14.5315 0
    endloop
  endfacet
  facet normal 0.0761256 -0.343691 -0.935992
    outer loop
      vertex 14.8345 -14.8304 -0.0371169
      vertex 13.7765 -11.8978 -1.2
      vertex 15.2678 -14.7788 -0.0208232
    endloop
  endfacet
  facet normal 0.282262 -0.179819 -0.942334
    outer loop
      vertex 18.0958 -12.8679 0
      vertex 15.4575 -10.7207 -1.2
      vertex 15.5981 -10.5 -1.2
    endloop
  endfacet
  facet normal 0.999051 -0.0435566 0
    outer loop
      vertex 18.981 -10.4358 0.5
      vertex 19 -10 0
      vertex 19 -10 0.5
    endloop
  endfacet
  facet normal 0.999051 -0.0435566 0
    outer loop
      vertex 19 -10 0
      vertex 18.981 -10.4358 0.5
      vertex 18.981 -10.4358 0
    endloop
  endfacet
  facet normal 0.953759 -0.300572 0
    outer loop
      vertex 18.6985 -11.7101 0.5
      vertex 18.8296 -11.2941 0
      vertex 18.8296 -11.2941 0.5
    endloop
  endfacet
  facet normal 0.953759 -0.300572 0
    outer loop
      vertex 18.8296 -11.2941 0
      vertex 18.6985 -11.7101 0.5
      vertex 18.6985 -11.7101 0
    endloop
  endfacet
  facet normal 0.155822 -0.299389 -0.941321
    outer loop
      vertex 16.1131 -14.5315 0
      vertex 14.2679 -11.7189 -1.2
      vertex 14.5 -11.5981 -1.2
    endloop
  endfacet
  facet normal 0.537172 -0.843473 0
    outer loop
      vertex 16.8679 -14.0958 0
      vertex 16.5 -14.3301 0.120631
      vertex 16.5 -14.3301 0
    endloop
  endfacet
  facet normal 0.537172 -0.843473 0
    outer loop
      vertex 16.5 -14.3301 0.120631
      vertex 16.8679 -14.0958 0
      vertex 16.8679 -14.0958 0.194524
    endloop
  endfacet
  facet normal -0.976306 -0.216396 0
    outer loop
      vertex -18.8296 -11.2941 0
      vertex -18.924 -10.8682 0.5
      vertex -18.924 -10.8682 0
    endloop
  endfacet
  facet normal -0.976306 -0.216396 0
    outer loop
      vertex -18.924 -10.8682 0.5
      vertex -18.8296 -11.2941 0
      vertex -18.8296 -11.2941 0.5
    endloop
  endfacet
  facet normal -0.999051 -0.0435566 0
    outer loop
      vertex -18.981 -10.4358 0
      vertex -19 -10 0.5
      vertex -19 -10 0
    endloop
  endfacet
  facet normal -0.999051 -0.0435566 0
    outer loop
      vertex -19 -10 0.5
      vertex -18.981 -10.4358 0
      vertex -18.981 -10.4358 0.5
    endloop
  endfacet
  facet normal -0.299389 -0.155822 -0.941321
    outer loop
      vertex -15.5981 -10.5 -1.2
      vertex -18.5315 -12.1131 0
      vertex -15.7189 -10.2679 -1.2
    endloop
  endfacet
  facet normal -0.793261 -0.608882 0
    outer loop
      vertex -18.0958 -12.8679 0
      vertex -17.897 -13.1269 0.5
      vertex -18.0958 -12.8679 0.5
    endloop
  endfacet
  facet normal -0.793237 -0.608913 -2.5677e-05
    outer loop
      vertex -17.8302 -13.2139 0
      vertex -17.897 -13.1269 0.5
      vertex -18.0958 -12.8679 0
    endloop
  endfacet
  facet normal -0.793166 -0.609006 0
    outer loop
      vertex -17.897 -13.1269 0.5
      vertex -17.8302 -13.2139 0
      vertex -17.8302 -13.2139 0.472561
    endloop
  endfacet
  facet normal -0.537172 -0.843473 0
    outer loop
      vertex -16.8679 -14.0958 0
      vertex -16.5 -14.3301 0.120631
      vertex -16.8679 -14.0958 0.194524
    endloop
  endfacet
  facet normal -0.537172 -0.843473 -0
    outer loop
      vertex -16.5 -14.3301 0.120631
      vertex -16.8679 -14.0958 0
      vertex -16.5 -14.3301 0
    endloop
  endfacet
  facet normal -0.0761256 -0.343691 -0.935992
    outer loop
      vertex -14.8345 -14.8304 -0.0371169
      vertex -15.2678 -14.7788 -0.0208232
      vertex -13.7765 -11.8978 -1.2
    endloop
  endfacet
  facet normal -0.0761358 -0.343687 -0.935993
    outer loop
      vertex -14.8262 -14.8314 -0.0374271
      vertex -13.7765 -11.8978 -1.2
      vertex -13.521 -11.9544 -1.2
    endloop
  endfacet
  facet normal -0.0763798 -0.343604 -0.936003
    outer loop
      vertex -13.7765 -11.8978 -1.2
      vertex -14.8262 -14.8314 -0.0374271
      vertex -14.8345 -14.8304 -0.0371169
    endloop
  endfacet
  facet normal -0.0468672 -0.355899 -0.933348
    outer loop
      vertex -14.3894 -14.8629 -0.0473509
      vertex -14.8179 -14.832 -0.0376168
      vertex -13.2615 -11.9886 -1.2
    endloop
  endfacet
  facet normal -0.953759 0.300572 0
    outer loop
      vertex -18.8296 7.2941 0
      vertex -18.6985 7.7101 0.5
      vertex -18.6985 7.7101 0
    endloop
  endfacet
  facet normal -0.953759 0.300572 0
    outer loop
      vertex -18.6985 7.7101 0.5
      vertex -18.8296 7.2941 0
      vertex -18.8296 7.2941 0.5
    endloop
  endfacet
  facet normal -0.923821 0.382824 0
    outer loop
      vertex -18.6985 7.7101 0
      vertex -18.5315 8.1131 0.5
      vertex -18.5315 8.1131 0
    endloop
  endfacet
  facet normal -0.923821 0.382824 0
    outer loop
      vertex -18.5315 8.1131 0.5
      vertex -18.6985 7.7101 0
      vertex -18.6985 7.7101 0.5
    endloop
  endfacet
  facet normal -0.991425 0.130674 0
    outer loop
      vertex -18.981 6.43578 0
      vertex -18.924 6.86824 0.5
      vertex -18.924 6.86824 0
    endloop
  endfacet
  facet normal -0.991425 0.130674 0
    outer loop
      vertex -18.924 6.86824 0.5
      vertex -18.981 6.43578 0
      vertex -18.981 6.43578 0.5
    endloop
  endfacet
  facet normal -0.887018 0.461735 0
    outer loop
      vertex -18.5315 8.1131 0
      vertex -18.3301 8.5 0.5
      vertex -18.3301 8.5 0
    endloop
  endfacet
  facet normal -0.887018 0.461735 0
    outer loop
      vertex -18.3301 8.5 0.5
      vertex -18.5315 8.1131 0
      vertex -18.5315 8.1131 0.5
    endloop
  endfacet
  facet normal -0.202634 0.263993 -0.942999
    outer loop
      vertex -14.7207 7.45746 -1.2
      vertex -17.2139 9.83022 0
      vertex -16.8679 10.0958 0
    endloop
  endfacet
  facet normal 0 0 -1
    outer loop
      vertex 13 -12 -1.2
      vertex 16 -9 -1.2
      vertex 15.9886 -9.26147 -1.2
    endloop
  endfacet
  facet normal 0 0 -1
    outer loop
      vertex 16 -9 -1.2
      vertex 15 -6 -1.2
      vertex 16 5 -1.2
    endloop
  endfacet
  facet normal 0 0 -1
    outer loop
      vertex 13 -12 -1.2
      vertex 15.9886 -9.26147 -1.2
      vertex 15.9544 -9.52095 -1.2
    endloop
  endfacet
  facet normal 0 0 -1
    outer loop
      vertex 15 2 -1.2
      vertex 16 5 -1.2
      vertex 15 -6 -1.2
    endloop
  endfacet
  facet normal 0 0 -1
    outer loop
      vertex 13 -12 -1.2
      vertex 15.9544 -9.52095 -1.2
      vertex 15.8978 -9.77646 -1.2
    endloop
  endfacet
  facet normal 0 0 -1
    outer loop
      vertex 13 8 -1.2
      vertex 16 5 -1.2
      vertex 15 2 -1.2
    endloop
  endfacet
  facet normal 0 0 -1
    outer loop
      vertex 13 -12 -1.2
      vertex 15.8978 -9.77646 -1.2
      vertex 15.8191 -10.0261 -1.2
    endloop
  endfacet
  facet normal 0 0 -1
    outer loop
      vertex 16 5 -1.2
      vertex 13 8 -1.2
      vertex 15.9886 5.26147 -1.2
    endloop
  endfacet
  facet normal 0 0 -1
    outer loop
      vertex 13 -12 -1.2
      vertex 15.8191 -10.0261 -1.2
      vertex 15.7189 -10.2679 -1.2
    endloop
  endfacet
  facet normal 0 0 -1
    outer loop
      vertex 15.9886 5.26147 -1.2
      vertex 13 8 -1.2
      vertex 15.9544 5.52095 -1.2
    endloop
  endfacet
  facet normal 0 0 -1
    outer loop
      vertex 13 -12 -1.2
      vertex 15.7189 -10.2679 -1.2
      vertex 15.5981 -10.5 -1.2
    endloop
  endfacet
  facet normal 0 0 -1
    outer loop
      vertex 15.9544 5.52095 -1.2
      vertex 13 8 -1.2
      vertex 15.8978 5.77646 -1.2
    endloop
  endfacet
  facet normal 0 0 -1
    outer loop
      vertex 13 -12 -1.2
      vertex 15.5981 -10.5 -1.2
      vertex 15.4575 -10.7207 -1.2
    endloop
  endfacet
  facet normal 0 0 -1
    outer loop
      vertex 15.8978 5.77646 -1.2
      vertex 13 8 -1.2
      vertex 15.8191 6.02606 -1.2
    endloop
  endfacet
  facet normal 0 0 -1
    outer loop
      vertex 13 -12 -1.2
      vertex 15.4575 -10.7207 -1.2
      vertex 15.2981 -10.9284 -1.2
    endloop
  endfacet
  facet normal 0 0 -1
    outer loop
      vertex 15.8191 6.02606 -1.2
      vertex 13 8 -1.2
      vertex 15.7189 6.26785 -1.2
    endloop
  endfacet
  facet normal 0 0 -1
    outer loop
      vertex 13 -12 -1.2
      vertex 15.2981 -10.9284 -1.2
      vertex 15.1213 -11.1213 -1.2
    endloop
  endfacet
  facet normal 0 0 -1
    outer loop
      vertex 15.7189 6.26785 -1.2
      vertex 13 8 -1.2
      vertex 15.5981 6.5 -1.2
    endloop
  endfacet
  facet normal 0 0 -1
    outer loop
      vertex 15.5981 6.5 -1.2
      vertex 13 8 -1.2
      vertex 15.4575 6.72073 -1.2
    endloop
  endfacet
  facet normal 0 0 -1
    outer loop
      vertex 13 -12 -1.2
      vertex 15.1213 -11.1213 -1.2
      vertex 14.9284 -11.2981 -1.2
    endloop
  endfacet
  facet normal 0 0 -1
    outer loop
      vertex 13 -12 -1.2
      vertex 14.9284 -11.2981 -1.2
      vertex 14.7207 -11.4575 -1.2
    endloop
  endfacet
  facet normal 0 0 -1
    outer loop
      vertex 13 -12 -1.2
      vertex 14.7207 -11.4575 -1.2
      vertex 14.5 -11.5981 -1.2
    endloop
  endfacet
  facet normal 0 0 -1
    outer loop
      vertex 13 -12 -1.2
      vertex 14.5 -11.5981 -1.2
      vertex 14.2679 -11.7189 -1.2
    endloop
  endfacet
  facet normal 0 0 -1
    outer loop
      vertex 13.7765 -11.8978 -1.2
      vertex 14.2679 -11.7189 -1.2
      vertex 14.0261 -11.8191 -1.2
    endloop
  endfacet
  facet normal 0 0 -1
    outer loop
      vertex 13.521 -11.9544 -1.2
      vertex 14.2679 -11.7189 -1.2
      vertex 13.7765 -11.8978 -1.2
    endloop
  endfacet
  facet normal 0 0 -1
    outer loop
      vertex 13.2615 -11.9886 -1.2
      vertex 14.2679 -11.7189 -1.2
      vertex 13.521 -11.9544 -1.2
    endloop
  endfacet
  facet normal 0 0 -1
    outer loop
      vertex 13 -12 -1.2
      vertex 14.2679 -11.7189 -1.2
      vertex 13.2615 -11.9886 -1.2
    endloop
  endfacet
  facet normal -0 0 -1
    outer loop
      vertex 16 -9 -1.2
      vertex 13 -12 -1.2
      vertex 15 -6 -1.2
    endloop
  endfacet
  facet normal 0 0 -1
    outer loop
      vertex 13 -12 -1.2
      vertex 5 -6 -1.2
      vertex 15 -6 -1.2
    endloop
  endfacet
  facet normal 0 0 -1
    outer loop
      vertex 5 -6 -1.2
      vertex 0 -5.5 -1.2
      vertex 5 2 -1.2
    endloop
  endfacet
  facet normal 0 0 -1
    outer loop
      vertex -0.866074 -6.85947 -1.2
      vertex 5 -6 -1.2
      vertex 13 -12 -1.2
    endloop
  endfacet
  facet normal 0 0 -1
    outer loop
      vertex 5 -6 -1.2
      vertex -0.00570679 -5.63074 -1.2
      vertex 0 -5.5 -1.2
    endloop
  endfacet
  facet normal 0 0 -1
    outer loop
      vertex 5 -6 -1.2
      vertex -0.0227814 -5.76047 -1.2
      vertex -0.00570679 -5.63074 -1.2
    endloop
  endfacet
  facet normal 0 0 -1
    outer loop
      vertex 5 -6 -1.2
      vertex -0.0511169 -5.88823 -1.2
      vertex -0.0227814 -5.76047 -1.2
    endloop
  endfacet
  facet normal -0 0 -1
    outer loop
      vertex 5 -6 -1.2
      vertex -0.0904541 -6.01303 -1.2
      vertex -0.0511169 -5.88823 -1.2
    endloop
  endfacet
  facet normal 0 0 -1
    outer loop
      vertex 5 -6 -1.2
      vertex -0.140533 -6.13393 -1.2
      vertex -0.0904541 -6.01303 -1.2
    endloop
  endfacet
  facet normal 0 0 -1
    outer loop
      vertex 5 -6 -1.2
      vertex -0.200958 -6.25 -1.2
      vertex -0.140533 -6.13393 -1.2
    endloop
  endfacet
  facet normal 0 0 -1
    outer loop
      vertex 5 -6 -1.2
      vertex -0.271271 -6.36037 -1.2
      vertex -0.200958 -6.25 -1.2
    endloop
  endfacet
  facet normal 0 0 -1
    outer loop
      vertex 5 -6 -1.2
      vertex -0.350937 -6.46419 -1.2
      vertex -0.271271 -6.36037 -1.2
    endloop
  endfacet
  facet normal 0 0 -1
    outer loop
      vertex 5 -6 -1.2
      vertex -0.439346 -6.56065 -1.2
      vertex -0.350937 -6.46419 -1.2
    endloop
  endfacet
  facet normal 0 0 -1
    outer loop
      vertex 5 -6 -1.2
      vertex -0.535812 -6.64906 -1.2
      vertex -0.439346 -6.56065 -1.2
    endloop
  endfacet
  facet normal 0 0 -1
    outer loop
      vertex 5 -6 -1.2
      vertex -0.639633 -6.72873 -1.2
      vertex -0.535812 -6.64906 -1.2
    endloop
  endfacet
  facet normal 0 0 -1
    outer loop
      vertex 5 -6 -1.2
      vertex -0.75 -6.79904 -1.2
      vertex -0.639633 -6.72873 -1.2
    endloop
  endfacet
  facet normal 0 0 -1
    outer loop
      vertex 5 -6 -1.2
      vertex -0.866074 -6.85947 -1.2
      vertex -0.75 -6.79904 -1.2
    endloop
  endfacet
  facet normal 0 0 -1
    outer loop
      vertex 13 -12 -1.2
      vertex -0.986969 -6.90955 -1.2
      vertex -0.866074 -6.85947 -1.2
    endloop
  endfacet
  facet normal 0 0 -1
    outer loop
      vertex 13 -12 -1.2
      vertex -1.11177 -6.94888 -1.2
      vertex -0.986969 -6.90955 -1.2
    endloop
  endfacet
  facet normal 0 0 -1
    outer loop
      vertex 13 -12 -1.2
      vertex -1.23953 -6.97722 -1.2
      vertex -1.11177 -6.94888 -1.2
    endloop
  endfacet
  facet normal 0 0 -1
    outer loop
      vertex 13 -12 -1.2
      vertex -1.36926 -6.99429 -1.2
      vertex -1.23953 -6.97722 -1.2
    endloop
  endfacet
  facet normal 0 0 -1
    outer loop
      vertex -13 -12 -1.2
      vertex -1.36926 -6.99429 -1.2
      vertex 13 -12 -1.2
    endloop
  endfacet
  facet normal 0 0 -1
    outer loop
      vertex -1.36926 -6.99429 -1.2
      vertex -13 -12 -1.2
      vertex -1.5 -7 -1.2
    endloop
  endfacet
  facet normal -0 0 -1
    outer loop
      vertex -1.5 -7 -1.2
      vertex -13 -12 -1.2
      vertex -10.5 -7 -1.2
    endloop
  endfacet
  facet normal -0 0 -1
    outer loop
      vertex -10.5 -7 -1.2
      vertex -13 -12 -1.2
      vertex -10.6307 -6.99429 -1.2
    endloop
  endfacet
  facet normal -0 0 -1
    outer loop
      vertex -11.9943 -5.63074 -1.2
      vertex -16 -9 -1.2
      vertex -12 -5.5 -1.2
    endloop
  endfacet
  facet normal -0 0 -1
    outer loop
      vertex -11.9772 -5.76047 -1.2
      vertex -16 -9 -1.2
      vertex -11.9943 -5.63074 -1.2
    endloop
  endfacet
  facet normal -0 0 -1
    outer loop
      vertex -11.9489 -5.88823 -1.2
      vertex -16 -9 -1.2
      vertex -11.9772 -5.76047 -1.2
    endloop
  endfacet
  facet normal -0 0 -1
    outer loop
      vertex -11.9095 -6.01303 -1.2
      vertex -16 -9 -1.2
      vertex -11.9489 -5.88823 -1.2
    endloop
  endfacet
  facet normal -0 0 -1
    outer loop
      vertex -11.8595 -6.13393 -1.2
      vertex -16 -9 -1.2
      vertex -11.9095 -6.01303 -1.2
    endloop
  endfacet
  facet normal -0 0 -1
    outer loop
      vertex -11.799 -6.25 -1.2
      vertex -16 -9 -1.2
      vertex -11.8595 -6.13393 -1.2
    endloop
  endfacet
  facet normal -0 0 -1
    outer loop
      vertex -11.7287 -6.36037 -1.2
      vertex -16 -9 -1.2
      vertex -11.799 -6.25 -1.2
    endloop
  endfacet
  facet normal -0 0 -1
    outer loop
      vertex -11.6491 -6.46419 -1.2
      vertex -16 -9 -1.2
      vertex -11.7287 -6.36037 -1.2
    endloop
  endfacet
  facet normal -0 0 -1
    outer loop
      vertex -11.5607 -6.56065 -1.2
      vertex -16 -9 -1.2
      vertex -11.6491 -6.46419 -1.2
    endloop
  endfacet
  facet normal -0 0 -1
    outer loop
      vertex -11.4642 -6.64906 -1.2
      vertex -16 -9 -1.2
      vertex -11.5607 -6.56065 -1.2
    endloop
  endfacet
  facet normal -0 0 -1
    outer loop
      vertex -11.3604 -6.72873 -1.2
      vertex -16 -9 -1.2
      vertex -11.4642 -6.64906 -1.2
    endloop
  endfacet
  facet normal 0 0 -1
    outer loop
      vertex -16 -9 -1.2
      vertex -11.3604 -6.72873 -1.2
      vertex -13 -12 -1.2
    endloop
  endfacet
  facet normal -0 0 -1
    outer loop
      vertex -11.25 -6.79904 -1.2
      vertex -13 -12 -1.2
      vertex -11.3604 -6.72873 -1.2
    endloop
  endfacet
  facet normal -0 0 -1
    outer loop
      vertex -11.1339 -6.85947 -1.2
      vertex -13 -12 -1.2
      vertex -11.25 -6.79904 -1.2
    endloop
  endfacet
  facet normal -0 0 -1
    outer loop
      vertex -11.013 -6.90955 -1.2
      vertex -13 -12 -1.2
      vertex -11.1339 -6.85947 -1.2
    endloop
  endfacet
  facet normal -0 0 -1
    outer loop
      vertex -10.8882 -6.94888 -1.2
      vertex -13 -12 -1.2
      vertex -11.013 -6.90955 -1.2
    endloop
  endfacet
  facet normal -0 0 -1
    outer loop
      vertex -10.7605 -6.97722 -1.2
      vertex -13 -12 -1.2
      vertex -10.8882 -6.94888 -1.2
    endloop
  endfacet
  facet normal -0 0 -1
    outer loop
      vertex -10.6307 -6.99429 -1.2
      vertex -13 -12 -1.2
      vertex -10.7605 -6.97722 -1.2
    endloop
  endfacet
  facet normal 0 0 -1
    outer loop
      vertex 15.4575 6.72073 -1.2
      vertex 13 8 -1.2
      vertex 15.2981 6.92836 -1.2
    endloop
  endfacet
  facet normal 0 0 -1
    outer loop
      vertex 15.2981 6.92836 -1.2
      vertex 13 8 -1.2
      vertex 15.1213 7.12132 -1.2
    endloop
  endfacet
  facet normal 0 0 -1
    outer loop
      vertex 15.1213 7.12132 -1.2
      vertex 13 8 -1.2
      vertex 14.9284 7.29813 -1.2
    endloop
  endfacet
  facet normal 0 0 -1
    outer loop
      vertex 14.9284 7.29813 -1.2
      vertex 13 8 -1.2
      vertex 14.7207 7.45746 -1.2
    endloop
  endfacet
  facet normal 0 0 -1
    outer loop
      vertex 14.7207 7.45746 -1.2
      vertex 13 8 -1.2
      vertex 14.5 7.59808 -1.2
    endloop
  endfacet
  facet normal 0 0 -1
    outer loop
      vertex 14.5 7.59808 -1.2
      vertex 13 8 -1.2
      vertex 14.2679 7.71892 -1.2
    endloop
  endfacet
  facet normal 0 0 -1
    outer loop
      vertex 14.2679 7.71892 -1.2
      vertex 13.7765 7.89778 -1.2
      vertex 14.0261 7.81908 -1.2
    endloop
  endfacet
  facet normal 0 0 -1
    outer loop
      vertex 14.2679 7.71892 -1.2
      vertex 13.521 7.95442 -1.2
      vertex 13.7765 7.89778 -1.2
    endloop
  endfacet
  facet normal 0 0 -1
    outer loop
      vertex 14.2679 7.71892 -1.2
      vertex 13.2615 7.98859 -1.2
      vertex 13.521 7.95442 -1.2
    endloop
  endfacet
  facet normal 0 0 -1
    outer loop
      vertex 14.2679 7.71892 -1.2
      vertex 13 8 -1.2
      vertex 13.2615 7.98859 -1.2
    endloop
  endfacet
  facet normal 0 0 -1
    outer loop
      vertex 5 2 -1.2
      vertex 13 8 -1.2
      vertex 15 2 -1.2
    endloop
  endfacet
  facet normal 0 0 -1
    outer loop
      vertex 0 1.5 -1.2
      vertex 5 2 -1.2
      vertex 0 -5.5 -1.2
    endloop
  endfacet
  facet normal 0 0 -1
    outer loop
      vertex -0.00570679 1.63074 -1.2
      vertex 5 2 -1.2
      vertex 0 1.5 -1.2
    endloop
  endfacet
  facet normal 0 0 -1
    outer loop
      vertex -0.0227814 1.76047 -1.2
      vertex 5 2 -1.2
      vertex -0.00570679 1.63074 -1.2
    endloop
  endfacet
  facet normal 0 0 -1
    outer loop
      vertex -0.0511169 1.88823 -1.2
      vertex 5 2 -1.2
      vertex -0.0227814 1.76047 -1.2
    endloop
  endfacet
  facet normal 0 0 -1
    outer loop
      vertex -0.0904541 2.01303 -1.2
      vertex 5 2 -1.2
      vertex -0.0511169 1.88823 -1.2
    endloop
  endfacet
  facet normal 0 0 -1
    outer loop
      vertex -0.140533 2.13393 -1.2
      vertex 5 2 -1.2
      vertex -0.0904541 2.01303 -1.2
    endloop
  endfacet
  facet normal 0 0 -1
    outer loop
      vertex -0.200958 2.25 -1.2
      vertex 5 2 -1.2
      vertex -0.140533 2.13393 -1.2
    endloop
  endfacet
  facet normal 0 0 -1
    outer loop
      vertex -0.271271 2.36037 -1.2
      vertex 5 2 -1.2
      vertex -0.200958 2.25 -1.2
    endloop
  endfacet
  facet normal 0 0 -1
    outer loop
      vertex -0.350937 2.46419 -1.2
      vertex 5 2 -1.2
      vertex -0.271271 2.36037 -1.2
    endloop
  endfacet
  facet normal 0 0 -1
    outer loop
      vertex -0.439346 2.56065 -1.2
      vertex 5 2 -1.2
      vertex -0.350937 2.46419 -1.2
    endloop
  endfacet
  facet normal 0 0 -1
    outer loop
      vertex -0.535812 2.64906 -1.2
      vertex 5 2 -1.2
      vertex -0.439346 2.56065 -1.2
    endloop
  endfacet
  facet normal 0 0 -1
    outer loop
      vertex -0.639633 2.72873 -1.2
      vertex 5 2 -1.2
      vertex -0.535812 2.64906 -1.2
    endloop
  endfacet
  facet normal 0 0 -1
    outer loop
      vertex -0.75 2.79904 -1.2
      vertex 5 2 -1.2
      vertex -0.639633 2.72873 -1.2
    endloop
  endfacet
  facet normal 0 0 -1
    outer loop
      vertex -0.866074 2.85947 -1.2
      vertex 5 2 -1.2
      vertex -0.75 2.79904 -1.2
    endloop
  endfacet
  facet normal 0 0 -1
    outer loop
      vertex 5 2 -1.2
      vertex -0.866074 2.85947 -1.2
      vertex 13 8 -1.2
    endloop
  endfacet
  facet normal 0 0 -1
    outer loop
      vertex -0.986969 2.90955 -1.2
      vertex 13 8 -1.2
      vertex -0.866074 2.85947 -1.2
    endloop
  endfacet
  facet normal 0 0 -1
    outer loop
      vertex -1.11177 2.94888 -1.2
      vertex 13 8 -1.2
      vertex -0.986969 2.90955 -1.2
    endloop
  endfacet
  facet normal 0 0 -1
    outer loop
      vertex -1.23953 2.97722 -1.2
      vertex 13 8 -1.2
      vertex -1.11177 2.94888 -1.2
    endloop
  endfacet
  facet normal 0 0 -1
    outer loop
      vertex -1.36926 2.99429 -1.2
      vertex 13 8 -1.2
      vertex -1.23953 2.97722 -1.2
    endloop
  endfacet
  facet normal 0 0 -1
    outer loop
      vertex -13 8 -1.2
      vertex -1.36926 2.99429 -1.2
      vertex -1.5 3 -1.2
    endloop
  endfacet
  facet normal 0 0 -1
    outer loop
      vertex -13 8 -1.2
      vertex -1.5 3 -1.2
      vertex -10.5 3 -1.2
    endloop
  endfacet
  facet normal 0 0 -1
    outer loop
      vertex -13 8 -1.2
      vertex -10.5 3 -1.2
      vertex -10.6307 2.99429 -1.2
    endloop
  endfacet
  facet normal 0 0 -1
    outer loop
      vertex -13 8 -1.2
      vertex -10.6307 2.99429 -1.2
      vertex -10.7605 2.97722 -1.2
    endloop
  endfacet
  facet normal -0 0 -1
    outer loop
      vertex -12 -5.5 -1.2
      vertex -16 -9 -1.2
      vertex -12 1.5 -1.2
    endloop
  endfacet
  facet normal 0 0 -1
    outer loop
      vertex -1.36926 2.99429 -1.2
      vertex -13 8 -1.2
      vertex 13 8 -1.2
    endloop
  endfacet
  facet normal 0 0 -1
    outer loop
      vertex -10.8882 2.94888 -1.2
      vertex -13 8 -1.2
      vertex -10.7605 2.97722 -1.2
    endloop
  endfacet
  facet normal 0 0 -1
    outer loop
      vertex -11.013 2.90955 -1.2
      vertex -13 8 -1.2
      vertex -10.8882 2.94888 -1.2
    endloop
  endfacet
  facet normal 0 0 -1
    outer loop
      vertex -11.1339 2.85947 -1.2
      vertex -13 8 -1.2
      vertex -11.013 2.90955 -1.2
    endloop
  endfacet
  facet normal 0 0 -1
    outer loop
      vertex -11.25 2.79904 -1.2
      vertex -13 8 -1.2
      vertex -11.1339 2.85947 -1.2
    endloop
  endfacet
  facet normal 0 0 -1
    outer loop
      vertex -11.3604 2.72873 -1.2
      vertex -13 8 -1.2
      vertex -11.25 2.79904 -1.2
    endloop
  endfacet
  facet normal 0 0 -1
    outer loop
      vertex -16 5 -1.2
      vertex -11.3604 2.72873 -1.2
      vertex -11.4642 2.64906 -1.2
    endloop
  endfacet
  facet normal 0 0 -1
    outer loop
      vertex -16 5 -1.2
      vertex -11.4642 2.64906 -1.2
      vertex -11.5607 2.56065 -1.2
    endloop
  endfacet
  facet normal 0 0 -1
    outer loop
      vertex -16 5 -1.2
      vertex -11.5607 2.56065 -1.2
      vertex -11.6491 2.46419 -1.2
    endloop
  endfacet
  facet normal 0 0 -1
    outer loop
      vertex -16 5 -1.2
      vertex -11.6491 2.46419 -1.2
      vertex -11.7287 2.36037 -1.2
    endloop
  endfacet
  facet normal 0 0 -1
    outer loop
      vertex -16 5 -1.2
      vertex -11.7287 2.36037 -1.2
      vertex -11.799 2.25 -1.2
    endloop
  endfacet
  facet normal 0 0 -1
    outer loop
      vertex -16 5 -1.2
      vertex -11.799 2.25 -1.2
      vertex -11.8595 2.13393 -1.2
    endloop
  endfacet
  facet normal 0 0 -1
    outer loop
      vertex -16 5 -1.2
      vertex -11.8595 2.13393 -1.2
      vertex -11.9095 2.01303 -1.2
    endloop
  endfacet
  facet normal 0 0 -1
    outer loop
      vertex -16 5 -1.2
      vertex -11.9095 2.01303 -1.2
      vertex -11.9489 1.88823 -1.2
    endloop
  endfacet
  facet normal 0 0 -1
    outer loop
      vertex -16 5 -1.2
      vertex -11.9489 1.88823 -1.2
      vertex -11.9772 1.76047 -1.2
    endloop
  endfacet
  facet normal 0 0 -1
    outer loop
      vertex -16 5 -1.2
      vertex -11.9772 1.76047 -1.2
      vertex -11.9943 1.63074 -1.2
    endloop
  endfacet
  facet normal 0 0 -1
    outer loop
      vertex -16 5 -1.2
      vertex -12 1.5 -1.2
      vertex -16 -9 -1.2
    endloop
  endfacet
  facet normal 0 0 -1
    outer loop
      vertex -16 -9 -1.2
      vertex -13 -12 -1.2
      vertex -13.2615 -11.9886 -1.2
    endloop
  endfacet
  facet normal 0 0 -1
    outer loop
      vertex -12 1.5 -1.2
      vertex -16 5 -1.2
      vertex -11.9943 1.63074 -1.2
    endloop
  endfacet
  facet normal 0 0 -1
    outer loop
      vertex -16 -9 -1.2
      vertex -13.2615 -11.9886 -1.2
      vertex -13.521 -11.9544 -1.2
    endloop
  endfacet
  facet normal 0 0 -1
    outer loop
      vertex -11.3604 2.72873 -1.2
      vertex -16 5 -1.2
      vertex -15.7189 6.26785 -1.2
    endloop
  endfacet
  facet normal 0 0 -1
    outer loop
      vertex -16 -9 -1.2
      vertex -13.521 -11.9544 -1.2
      vertex -13.7765 -11.8978 -1.2
    endloop
  endfacet
  facet normal 0 0 -1
    outer loop
      vertex -11.3604 2.72873 -1.2
      vertex -13.2615 7.98859 -1.2
      vertex -13 8 -1.2
    endloop
  endfacet
  facet normal 0 0 -1
    outer loop
      vertex -16 -9 -1.2
      vertex -13.7765 -11.8978 -1.2
      vertex -14.0261 -11.8191 -1.2
    endloop
  endfacet
  facet normal 0 0 -1
    outer loop
      vertex -11.3604 2.72873 -1.2
      vertex -13.521 7.95442 -1.2
      vertex -13.2615 7.98859 -1.2
    endloop
  endfacet
  facet normal 0 0 -1
    outer loop
      vertex -16 -9 -1.2
      vertex -14.0261 -11.8191 -1.2
      vertex -14.2679 -11.7189 -1.2
    endloop
  endfacet
  facet normal 0 0 -1
    outer loop
      vertex -11.3604 2.72873 -1.2
      vertex -13.7765 7.89778 -1.2
      vertex -13.521 7.95442 -1.2
    endloop
  endfacet
  facet normal 0 0 -1
    outer loop
      vertex -16 -9 -1.2
      vertex -14.2679 -11.7189 -1.2
      vertex -14.5 -11.5981 -1.2
    endloop
  endfacet
  facet normal 0 0 -1
    outer loop
      vertex -11.3604 2.72873 -1.2
      vertex -14.0261 7.81908 -1.2
      vertex -13.7765 7.89778 -1.2
    endloop
  endfacet
  facet normal 0 0 -1
    outer loop
      vertex -16 -9 -1.2
      vertex -14.5 -11.5981 -1.2
      vertex -14.7207 -11.4575 -1.2
    endloop
  endfacet
  facet normal 0 0 -1
    outer loop
      vertex -11.3604 2.72873 -1.2
      vertex -14.2679 7.71892 -1.2
      vertex -14.0261 7.81908 -1.2
    endloop
  endfacet
  facet normal 0 0 -1
    outer loop
      vertex -16 -9 -1.2
      vertex -14.7207 -11.4575 -1.2
      vertex -14.9284 -11.2981 -1.2
    endloop
  endfacet
  facet normal 0 0 -1
    outer loop
      vertex -11.3604 2.72873 -1.2
      vertex -14.5 7.59808 -1.2
      vertex -14.2679 7.71892 -1.2
    endloop
  endfacet
  facet normal 0 0 -1
    outer loop
      vertex -16 -9 -1.2
      vertex -14.9284 -11.2981 -1.2
      vertex -15.1213 -11.1213 -1.2
    endloop
  endfacet
  facet normal 0 0 -1
    outer loop
      vertex -11.3604 2.72873 -1.2
      vertex -14.7207 7.45746 -1.2
      vertex -14.5 7.59808 -1.2
    endloop
  endfacet
  facet normal 0 0 -1
    outer loop
      vertex -16 -9 -1.2
      vertex -15.1213 -11.1213 -1.2
      vertex -15.2981 -10.9284 -1.2
    endloop
  endfacet
  facet normal 0 0 -1
    outer loop
      vertex -11.3604 2.72873 -1.2
      vertex -14.9284 7.29813 -1.2
      vertex -14.7207 7.45746 -1.2
    endloop
  endfacet
  facet normal 0 0 -1
    outer loop
      vertex -16 -9 -1.2
      vertex -15.2981 -10.9284 -1.2
      vertex -15.4575 -10.7207 -1.2
    endloop
  endfacet
  facet normal 0 0 -1
    outer loop
      vertex -11.3604 2.72873 -1.2
      vertex -15.1213 7.12132 -1.2
      vertex -14.9284 7.29813 -1.2
    endloop
  endfacet
  facet normal 0 0 -1
    outer loop
      vertex -16 -9 -1.2
      vertex -15.4575 -10.7207 -1.2
      vertex -15.5981 -10.5 -1.2
    endloop
  endfacet
  facet normal 0 0 -1
    outer loop
      vertex -11.3604 2.72873 -1.2
      vertex -15.2981 6.92836 -1.2
      vertex -15.1213 7.12132 -1.2
    endloop
  endfacet
  facet normal 0 0 -1
    outer loop
      vertex -16 -9 -1.2
      vertex -15.5981 -10.5 -1.2
      vertex -15.7189 -10.2679 -1.2
    endloop
  endfacet
  facet normal 0 0 -1
    outer loop
      vertex -11.3604 2.72873 -1.2
      vertex -15.4575 6.72073 -1.2
      vertex -15.2981 6.92836 -1.2
    endloop
  endfacet
  facet normal 0 0 -1
    outer loop
      vertex -16 -9 -1.2
      vertex -15.7189 -10.2679 -1.2
      vertex -15.8191 -10.0261 -1.2
    endloop
  endfacet
  facet normal 0 0 -1
    outer loop
      vertex -11.3604 2.72873 -1.2
      vertex -15.5981 6.5 -1.2
      vertex -15.4575 6.72073 -1.2
    endloop
  endfacet
  facet normal 0 0 -1
    outer loop
      vertex -16 -9 -1.2
      vertex -15.8191 -10.0261 -1.2
      vertex -15.8978 -9.77646 -1.2
    endloop
  endfacet
  facet normal 0 0 -1
    outer loop
      vertex -11.3604 2.72873 -1.2
      vertex -15.7189 6.26785 -1.2
      vertex -15.5981 6.5 -1.2
    endloop
  endfacet
  facet normal 0 0 -1
    outer loop
      vertex -16 -9 -1.2
      vertex -15.8978 -9.77646 -1.2
      vertex -15.9544 -9.52095 -1.2
    endloop
  endfacet
  facet normal 0 0 -1
    outer loop
      vertex -15.7189 6.26785 -1.2
      vertex -16 5 -1.2
      vertex -15.8191 6.02606 -1.2
    endloop
  endfacet
  facet normal 0 0 -1
    outer loop
      vertex -16 -9 -1.2
      vertex -15.9544 -9.52095 -1.2
      vertex -15.9886 -9.26147 -1.2
    endloop
  endfacet
  facet normal 0 0 -1
    outer loop
      vertex -15.8191 6.02606 -1.2
      vertex -16 5 -1.2
      vertex -15.8978 5.77646 -1.2
    endloop
  endfacet
  facet normal 0 0 -1
    outer loop
      vertex -15.8978 5.77646 -1.2
      vertex -16 5 -1.2
      vertex -15.9544 5.52095 -1.2
    endloop
  endfacet
  facet normal 0 0 -1
    outer loop
      vertex -15.9544 5.52095 -1.2
      vertex -16 5 -1.2
      vertex -15.9886 5.26147 -1.2
    endloop
  endfacet
  facet normal 0 0 -1
    outer loop
      vertex -1.5 -5.5 -1.2
      vertex -2 -5 -1.2
      vertex -1.5 1.5 -1.2
    endloop
  endfacet
  facet normal 0 0 -1
    outer loop
      vertex -1.5 -5.5 -1.2
      vertex -10 -5 -1.2
      vertex -2 -5 -1.2
    endloop
  endfacet
  facet normal -0 0 -1
    outer loop
      vertex -10 -5 -1.2
      vertex -10.5 -5.5 -1.2
      vertex -10 1 -1.2
    endloop
  endfacet
  facet normal 0 0 -1
    outer loop
      vertex -10.5 -5.5 -1.2
      vertex -10 -5 -1.2
      vertex -1.5 -5.5 -1.2
    endloop
  endfacet
  facet normal 0 0 -1
    outer loop
      vertex -2 1 -1.2
      vertex -1.5 1.5 -1.2
      vertex -2 -5 -1.2
    endloop
  endfacet
  facet normal 0 0 -1
    outer loop
      vertex -10 1 -1.2
      vertex -1.5 1.5 -1.2
      vertex -2 1 -1.2
    endloop
  endfacet
  facet normal 0 0 -1
    outer loop
      vertex -10 1 -1.2
      vertex -10.5 1.5 -1.2
      vertex -1.5 1.5 -1.2
    endloop
  endfacet
  facet normal 0 0 -1
    outer loop
      vertex -10.5 1.5 -1.2
      vertex -10 1 -1.2
      vertex -10.5 -5.5 -1.2
    endloop
  endfacet
  facet normal -0.366744 -0.0159899 -0.930185
    outer loop
      vertex -15.9886 -9.26147 -1.2
      vertex -19 -10 0
      vertex -16 -9 -1.2
    endloop
  endfacet
  facet normal -0.202645 -0.263988 -0.942998
    outer loop
      vertex -16.8679 -14.0958 0
      vertex -17.2139 -13.8302 0
      vertex -14.7207 -11.4575 -1.2
    endloop
  endfacet
  facet normal -0.104087 -0.330115 -0.938184
    outer loop
      vertex -15.2678 -14.7788 -0.0208232
      vertex -14.0261 -11.8191 -1.2
      vertex -13.7765 -11.8978 -1.2
    endloop
  endfacet
  facet normal -0.108514 -0.32831 -0.938316
    outer loop
      vertex -14.0261 -11.8191 -1.2
      vertex -15.2678 -14.7788 -0.0208232
      vertex -15.2723 -14.778 -0.0205827
    endloop
  endfacet
  facet normal -0.355883 -0.0469061 -0.933353
    outer loop
      vertex -15.9544 -9.52095 -1.2
      vertex -18.924 -10.8682 0
      vertex -15.9886 -9.26147 -1.2
    endloop
  endfacet
  facet normal 0.608884 0.793259 -0
    outer loop
      vertex 17.2139 9.83022 0
      vertex 16.8679 10.0958 0.5
      vertex 17.2139 9.83022 0.5
    endloop
  endfacet
  facet normal 0.608884 0.793259 0
    outer loop
      vertex 16.8679 10.0958 0.5
      vertex 17.2139 9.83022 0
      vertex 16.8679 10.0958 0
    endloop
  endfacet
  facet normal 0.461735 0.887018 -0
    outer loop
      vertex 16.5 10.3301 0
      vertex 16.1131 10.5315 0.5
      vertex 16.5 10.3301 0.5
    endloop
  endfacet
  facet normal 0.461735 0.887018 0
    outer loop
      vertex 16.1131 10.5315 0.5
      vertex 16.5 10.3301 0
      vertex 16.1131 10.5315 0
    endloop
  endfacet
  facet normal 0.382824 0.923821 -0
    outer loop
      vertex 16.1131 10.5315 0
      vertex 15.7101 10.6985 0.5
      vertex 16.1131 10.5315 0.5
    endloop
  endfacet
  facet normal 0.382824 0.923821 0
    outer loop
      vertex 15.7101 10.6985 0.5
      vertex 16.1131 10.5315 0
      vertex 15.7101 10.6985 0
    endloop
  endfacet
  facet normal 0.953759 0.300572 0
    outer loop
      vertex 18.8296 7.2941 0.5
      vertex 18.6985 7.7101 0
      vertex 18.6985 7.7101 0.5
    endloop
  endfacet
  facet normal 0.953759 0.300572 0
    outer loop
      vertex 18.6985 7.7101 0
      vertex 18.8296 7.2941 0.5
      vertex 18.8296 7.2941 0
    endloop
  endfacet
  facet normal 0.330121 0.104089 -0.938182
    outer loop
      vertex 15.8978 5.77646 -1.2
      vertex 15.8191 6.02606 -1.2
      vertex 18.8296 7.2941 0
    endloop
  endfacet
  facet normal 0.537172 0.843473 -0
    outer loop
      vertex 16.8679 10.0958 0
      vertex 16.5 10.3301 0.5
      vertex 16.8679 10.0958 0.5
    endloop
  endfacet
  facet normal 0.537172 0.843473 0
    outer loop
      vertex 16.5 10.3301 0.5
      vertex 16.8679 10.0958 0
      vertex 16.5 10.3301 0
    endloop
  endfacet
  facet normal 0.0761858 0.34367 -0.935995
    outer loop
      vertex 13.7765 7.89778 -1.2
      vertex 13.521 7.95442 -1.2
      vertex 14.8682 10.924 0
    endloop
  endfacet
  facet normal 0.0435566 0.999051 -0
    outer loop
      vertex 14.4358 10.981 0
      vertex 14 11 0.5
      vertex 14.4358 10.981 0.5
    endloop
  endfacet
  facet normal 0.0435566 0.999051 0
    outer loop
      vertex 14 11 0.5
      vertex 14.4358 10.981 0
      vertex 14 11 0
    endloop
  endfacet
  facet normal 0.130692 0.991423 -0
    outer loop
      vertex 14.8682 10.924 0
      vertex 14.4358 10.981 0.5
      vertex 14.8682 10.924 0.5
    endloop
  endfacet
  facet normal 0.130692 0.991423 0
    outer loop
      vertex 14.4358 10.981 0.5
      vertex 14.8682 10.924 0
      vertex 14.4358 10.981 0
    endloop
  endfacet
  facet normal -0.382824 0.923821 0
    outer loop
      vertex -15.7101 10.6985 0
      vertex -16.1131 10.5315 0.5
      vertex -15.7101 10.6985 0.5
    endloop
  endfacet
  facet normal -0.382824 0.923821 0
    outer loop
      vertex -16.1131 10.5315 0.5
      vertex -15.7101 10.6985 0
      vertex -16.1131 10.5315 0
    endloop
  endfacet
  facet normal -0.216396 0.976306 0
    outer loop
      vertex -14.8682 10.924 0
      vertex -15.2941 10.8296 0.5
      vertex -14.8682 10.924 0.5
    endloop
  endfacet
  facet normal -0.216396 0.976306 0
    outer loop
      vertex -15.2941 10.8296 0.5
      vertex -14.8682 10.924 0
      vertex -15.2941 10.8296 0
    endloop
  endfacet
  facet normal -0.0761748 0.343674 -0.935994
    outer loop
      vertex -13.7765 7.89778 -1.2
      vertex -15.2941 10.8296 0
      vertex -14.8682 10.924 0
    endloop
  endfacet
  facet normal -0.461735 0.887018 0
    outer loop
      vertex -16.1131 10.5315 0
      vertex -16.5 10.3301 0.5
      vertex -16.1131 10.5315 0.5
    endloop
  endfacet
  facet normal -0.461735 0.887018 0
    outer loop
      vertex -16.5 10.3301 0.5
      vertex -16.1131 10.5315 0
      vertex -16.5 10.3301 0
    endloop
  endfacet
  facet normal -0.130662 0.315309 -0.939951
    outer loop
      vertex -14.0261 7.81908 -1.2
      vertex -16.1131 10.5315 0
      vertex -15.7101 10.6985 0
    endloop
  endfacet
  facet normal -0.537172 0.843473 0
    outer loop
      vertex -16.5 10.3301 0
      vertex -16.8679 10.0958 0.5
      vertex -16.5 10.3301 0.5
    endloop
  endfacet
  facet normal -0.537172 0.843473 0
    outer loop
      vertex -16.8679 10.0958 0.5
      vertex -16.5 10.3301 0
      vertex -16.8679 10.0958 0
    endloop
  endfacet
  facet normal 0.263988 -0.202645 -0.942998
    outer loop
      vertex 17.8302 -13.2139 0
      vertex 15.4575 -10.7207 -1.2
      vertex 18.0958 -12.8679 0
    endloop
  endfacet
  facet normal 0.330141 -0.104042 -0.93818
    outer loop
      vertex 18.6985 -11.7101 0
      vertex 15.8191 -10.0261 -1.2
      vertex 18.8296 -11.2941 0
    endloop
  endfacet
  facet normal 0.330128 -0.104074 -0.938181
    outer loop
      vertex 18.8296 -11.2941 0
      vertex 15.8191 -10.0261 -1.2
      vertex 15.8978 -9.77646 -1.2
    endloop
  endfacet
  facet normal 0.202645 -0.263988 -0.942998
    outer loop
      vertex 16.8679 -14.0958 0
      vertex 14.7207 -11.4575 -1.2
      vertex 17.2139 -13.8302 0
    endloop
  endfacet
  facet normal 0.608913 -0.793237 0
    outer loop
      vertex 17.2139 -13.8302 0
      vertex 16.8679 -14.0958 0.194524
      vertex 16.8679 -14.0958 0
    endloop
  endfacet
  facet normal 0.608913 -0.793237 0
    outer loop
      vertex 16.8679 -14.0958 0.194524
      vertex 17.2139 -13.8302 0
      vertex 17.2139 -13.8302 0.278252
    endloop
  endfacet
  facet normal 0.224211 -0.244677 -0.943325
    outer loop
      vertex 17.2139 -13.8302 0
      vertex 15.1213 -11.1213 -1.2
      vertex 17.5355 -13.5355 0
    endloop
  endfacet
  facet normal 0.6756 -0.737268 0
    outer loop
      vertex 17.5355 -13.5355 0
      vertex 17.2139 -13.8302 0.278252
      vertex 17.2139 -13.8302 0
    endloop
  endfacet
  facet normal 0.6756 -0.737268 0
    outer loop
      vertex 17.2139 -13.8302 0.278252
      vertex 17.5355 -13.5355 0
      vertex 17.5355 -13.5355 0.371163
    endloop
  endfacet
  facet normal 0.793261 -0.608882 0
    outer loop
      vertex 17.897 -13.1269 0.5
      vertex 18.0958 -12.8679 0
      vertex 18.0958 -12.8679 0.5
    endloop
  endfacet
  facet normal 0.793166 -0.609006 0
    outer loop
      vertex 17.8302 -13.2139 0
      vertex 17.897 -13.1269 0.5
      vertex 17.8302 -13.2139 0.472561
    endloop
  endfacet
  facet normal 0.793237 -0.608913 -2.5677e-05
    outer loop
      vertex 17.897 -13.1269 0.5
      vertex 17.8302 -13.2139 0
      vertex 18.0958 -12.8679 0
    endloop
  endfacet
  facet normal 0.315311 -0.130662 -0.93995
    outer loop
      vertex 18.5315 -12.1131 0
      vertex 15.8191 -10.0261 -1.2
      vertex 18.6985 -11.7101 0
    endloop
  endfacet
  facet normal 0.282296 -0.179782 -0.942331
    outer loop
      vertex 18.0958 -12.8679 0
      vertex 15.5981 -10.5 -1.2
      vertex 18.3301 -12.5 0
    endloop
  endfacet
  facet normal 0.843473 -0.537172 0
    outer loop
      vertex 18.0958 -12.8679 0.5
      vertex 18.3301 -12.5 0
      vertex 18.3301 -12.5 0.5
    endloop
  endfacet
  facet normal 0.843473 -0.537172 0
    outer loop
      vertex 18.3301 -12.5 0
      vertex 18.0958 -12.8679 0.5
      vertex 18.0958 -12.8679 0
    endloop
  endfacet
  facet normal 0.355879 -0.0469129 -0.933354
    outer loop
      vertex 18.924 -10.8682 0
      vertex 15.9886 -9.26147 -1.2
      vertex 18.981 -10.4358 0
    endloop
  endfacet
  facet normal 0.104431 -0.332413 -0.937335
    outer loop
      vertex 15.2723 -14.778 -0.0205827
      vertex 15.7101 -14.6985 0
      vertex 15.6649 -14.7127 0
    endloop
  endfacet
  facet normal 0.104056 -0.330134 -0.938181
    outer loop
      vertex 15.7101 -14.6985 0
      vertex 15.2723 -14.778 -0.0205827
      vertex 14.0261 -11.8191 -1.2
    endloop
  endfacet
  facet normal 0.155841 -0.299379 -0.941321
    outer loop
      vertex 16.1131 -14.5315 0
      vertex 14.5 -11.5981 -1.2
      vertex 16.5 -14.3301 0
    endloop
  endfacet
  facet normal 0.461735 -0.887018 0
    outer loop
      vertex 16.5 -14.3301 0
      vertex 16.1131 -14.5315 0.057125
      vertex 16.1131 -14.5315 0
    endloop
  endfacet
  facet normal 0.461735 -0.887018 0
    outer loop
      vertex 16.1131 -14.5315 0.057125
      vertex 16.5 -14.3301 0
      vertex 16.5 -14.3301 0.120631
    endloop
  endfacet
  facet normal -0.991423 -0.130692 0
    outer loop
      vertex -18.924 -10.8682 0
      vertex -18.981 -10.4358 0.5
      vertex -18.981 -10.4358 0
    endloop
  endfacet
  facet normal -0.991423 -0.130692 0
    outer loop
      vertex -18.981 -10.4358 0.5
      vertex -18.924 -10.8682 0
      vertex -18.924 -10.8682 0.5
    endloop
  endfacet
  facet normal -0.244677 -0.224211 -0.943325
    outer loop
      vertex -17.5355 -13.5355 0
      vertex -17.8302 -13.2139 0
      vertex -15.1213 -11.1213 -1.2
    endloop
  endfacet
  facet normal -0.737268 -0.6756 -0
    outer loop
      vertex -17.5355 -13.5355 0.371163
      vertex -17.8302 -13.2139 0
      vertex -17.5355 -13.5355 0
    endloop
  endfacet
  facet normal -0.737268 -0.6756 0
    outer loop
      vertex -17.8302 -13.2139 0
      vertex -17.5355 -13.5355 0.371163
      vertex -17.8302 -13.2139 0.472561
    endloop
  endfacet
  facet normal -0.282296 -0.179782 -0.942331
    outer loop
      vertex -18.0958 -12.8679 0
      vertex -18.3301 -12.5 0
      vertex -15.5981 -10.5 -1.2
    endloop
  endfacet
  facet normal -0.843473 -0.537172 0
    outer loop
      vertex -18.0958 -12.8679 0
      vertex -18.3301 -12.5 0.5
      vertex -18.3301 -12.5 0
    endloop
  endfacet
  facet normal -0.843473 -0.537172 0
    outer loop
      vertex -18.3301 -12.5 0.5
      vertex -18.0958 -12.8679 0
      vertex -18.0958 -12.8679 0.5
    endloop
  endfacet
  facet normal -0.282262 -0.179819 -0.942334
    outer loop
      vertex -15.4575 -10.7207 -1.2
      vertex -18.0958 -12.8679 0
      vertex -15.5981 -10.5 -1.2
    endloop
  endfacet
  facet normal -0.315311 -0.130662 -0.93995
    outer loop
      vertex -18.5315 -12.1131 0
      vertex -18.6985 -11.7101 0
      vertex -15.8191 -10.0261 -1.2
    endloop
  endfacet
  facet normal -0.179819 -0.282262 -0.942334
    outer loop
      vertex -14.5 -11.5981 -1.2
      vertex -16.8679 -14.0958 0
      vertex -14.7207 -11.4575 -1.2
    endloop
  endfacet
  facet normal -0.299717 -0.954028 -0
    outer loop
      vertex -15.7101 -14.6985 0.00449671
      vertex -15.7101 -14.6985 0
      vertex -15.6649 -14.7127 0
    endloop
  endfacet
  facet normal -0.355882 0.0469067 -0.933353
    outer loop
      vertex -15.9886 5.26147 -1.2
      vertex -18.981 6.43578 0
      vertex -18.924 6.86824 0
    endloop
  endfacet
  facet normal -0.366744 0.01599 -0.930185
    outer loop
      vertex -15.9886 5.26147 -1.2
      vertex -19 6 0
      vertex -18.981 6.43578 0
    endloop
  endfacet
  facet normal -0.343672 0.0761815 -0.935995
    outer loop
      vertex -15.8978 5.77646 -1.2
      vertex -18.924 6.86824 0
      vertex -18.8296 7.2941 0
    endloop
  endfacet
  facet normal -0.843466 0.537183 0
    outer loop
      vertex -18.3301 8.5 0
      vertex -18.0958 8.86789 0.5
      vertex -18.0958 8.86789 0
    endloop
  endfacet
  facet normal -0.843466 0.537183 0
    outer loop
      vertex -18.0958 8.86789 0.5
      vertex -18.3301 8.5 0
      vertex -18.3301 8.5 0.5
    endloop
  endfacet
  facet normal -0.282277 0.179804 -0.942332
    outer loop
      vertex -15.5981 6.5 -1.2
      vertex -18.0958 8.86789 0
      vertex -15.4575 6.72073 -1.2
    endloop
  endfacet
  facet normal -0.315309 0.130662 -0.939951
    outer loop
      vertex -15.8191 6.02606 -1.2
      vertex -18.6985 7.7101 0
      vertex -18.5315 8.1131 0
    endloop
  endfacet
  facet normal -0.264004 0.202628 -0.942997
    outer loop
      vertex -15.4575 6.72073 -1.2
      vertex -18.0958 8.86789 0
      vertex -17.8302 9.21394 0
    endloop
  endfacet
  facet normal -0.263975 0.202657 -0.942999
    outer loop
      vertex -15.4575 6.72073 -1.2
      vertex -17.8302 9.21394 0
      vertex -15.2981 6.92836 -1.2
    endloop
  endfacet
  facet normal -0.737268 0.6756 0
    outer loop
      vertex -17.8302 9.21394 0
      vertex -17.5355 9.53554 0.5
      vertex -17.5355 9.53554 0
    endloop
  endfacet
  facet normal -0.737268 0.6756 0
    outer loop
      vertex -17.5355 9.53554 0.5
      vertex -17.8302 9.21394 0
      vertex -17.8302 9.21394 0.5
    endloop
  endfacet
  facet normal -0.224244 0.244651 -0.943324
    outer loop
      vertex -15.1213 7.12132 -1.2
      vertex -17.2139 9.83022 0
      vertex -14.9284 7.29813 -1.2
    endloop
  endfacet
  facet normal -0.202566 0.264062 -0.942994
    outer loop
      vertex -14.9284 7.29813 -1.2
      vertex -17.2139 9.83022 0
      vertex -14.7207 7.45746 -1.2
    endloop
  endfacet
  facet normal -0.202619 -0.264014 -0.942996
    outer loop
      vertex -14.7207 -11.4575 -1.2
      vertex -17.2139 -13.8302 0
      vertex -14.9284 -11.2981 -1.2
    endloop
  endfacet
  facet normal -0.224237 -0.244657 -0.943324
    outer loop
      vertex -14.9284 -11.2981 -1.2
      vertex -17.2139 -13.8302 0
      vertex -15.1213 -11.1213 -1.2
    endloop
  endfacet
  facet normal -0.104431 -0.332413 -0.937335
    outer loop
      vertex -15.7101 -14.6985 0
      vertex -15.2723 -14.778 -0.0205827
      vertex -15.6649 -14.7127 0
    endloop
  endfacet
  facet normal -0.104056 -0.330134 -0.938181
    outer loop
      vertex -15.2723 -14.778 -0.0205827
      vertex -15.7101 -14.6985 0
      vertex -14.0261 -11.8191 -1.2
    endloop
  endfacet
  facet normal -0.130662 -0.315311 -0.93995
    outer loop
      vertex -15.7101 -14.6985 0
      vertex -16.1131 -14.5315 0
      vertex -14.0261 -11.8191 -1.2
    endloop
  endfacet
  facet normal -0.0469024 -0.355882 -0.933353
    outer loop
      vertex -14.8179 -14.832 -0.0376168
      vertex -13.521 -11.9544 -1.2
      vertex -13.2615 -11.9886 -1.2
    endloop
  endfacet
  facet normal -0.0470545 -0.35582 -0.933369
    outer loop
      vertex -13.521 -11.9544 -1.2
      vertex -14.8179 -14.832 -0.0376168
      vertex -14.8262 -14.8314 -0.0374271
    endloop
  endfacet
  facet normal -0.343689 -0.0761333 -0.935992
    outer loop
      vertex -15.8978 -9.77646 -1.2
      vertex -18.924 -10.8682 0
      vertex -15.9544 -9.52095 -1.2
    endloop
  endfacet
  facet normal 0.202634 0.263993 -0.942999
    outer loop
      vertex 17.2139 9.83022 0
      vertex 14.7207 7.45746 -1.2
      vertex 16.8679 10.0958 0
    endloop
  endfacet
  facet normal 0.179835 0.282246 -0.942336
    outer loop
      vertex 14.7207 7.45746 -1.2
      vertex 14.5 7.59808 -1.2
      vertex 16.8679 10.0958 0
    endloop
  endfacet
  facet normal 0.130662 0.315309 -0.939951
    outer loop
      vertex 16.1131 10.5315 0
      vertex 14.0261 7.81908 -1.2
      vertex 15.7101 10.6985 0
    endloop
  endfacet
  facet normal 0.264004 0.202628 -0.942997
    outer loop
      vertex 18.0958 8.86789 0
      vertex 15.4575 6.72073 -1.2
      vertex 17.8302 9.21394 0
    endloop
  endfacet
  facet normal 0.244688 0.224196 -0.943326
    outer loop
      vertex 15.2981 6.92836 -1.2
      vertex 15.1213 7.12132 -1.2
      vertex 17.8302 9.21394 0
    endloop
  endfacet
  facet normal 0.355882 0.0469067 -0.933353
    outer loop
      vertex 18.981 6.43578 0
      vertex 15.9886 5.26147 -1.2
      vertex 18.924 6.86824 0
    endloop
  endfacet
  facet normal 0.202566 0.264062 -0.942994
    outer loop
      vertex 14.9284 7.29813 -1.2
      vertex 14.7207 7.45746 -1.2
      vertex 17.2139 9.83022 0
    endloop
  endfacet
  facet normal 0.224244 0.244651 -0.943324
    outer loop
      vertex 15.1213 7.12132 -1.2
      vertex 14.9284 7.29813 -1.2
      vertex 17.2139 9.83022 0
    endloop
  endfacet
  facet normal 0.0159893 0.366743 -0.930185
    outer loop
      vertex 14.4358 10.981 0
      vertex 13.2615 7.98859 -1.2
      vertex 14 11 0
    endloop
  endfacet
  facet normal 0.0469128 0.355879 -0.933354
    outer loop
      vertex 14.8682 10.924 0
      vertex 13.2615 7.98859 -1.2
      vertex 14.4358 10.981 0
    endloop
  endfacet
  facet normal 0.216396 0.976306 -0
    outer loop
      vertex 15.2941 10.8296 0
      vertex 14.8682 10.924 0.5
      vertex 15.2941 10.8296 0.5
    endloop
  endfacet
  facet normal 0.216396 0.976306 0
    outer loop
      vertex 14.8682 10.924 0.5
      vertex 15.2941 10.8296 0
      vertex 14.8682 10.924 0
    endloop
  endfacet
  facet normal 0.300572 0.953759 -0
    outer loop
      vertex 15.7101 10.6985 0
      vertex 15.2941 10.8296 0.5
      vertex 15.7101 10.6985 0.5
    endloop
  endfacet
  facet normal 0.300572 0.953759 0
    outer loop
      vertex 15.2941 10.8296 0.5
      vertex 15.7101 10.6985 0
      vertex 15.2941 10.8296 0
    endloop
  endfacet
  facet normal -0.0761858 0.34367 -0.935995
    outer loop
      vertex -13.7765 7.89778 -1.2
      vertex -14.8682 10.924 0
      vertex -13.521 7.95442 -1.2
    endloop
  endfacet
  facet normal -0.130692 0.991423 0
    outer loop
      vertex -14.4358 10.981 0
      vertex -14.8682 10.924 0.5
      vertex -14.4358 10.981 0.5
    endloop
  endfacet
  facet normal -0.130692 0.991423 0
    outer loop
      vertex -14.8682 10.924 0.5
      vertex -14.4358 10.981 0
      vertex -14.8682 10.924 0
    endloop
  endfacet
  facet normal -0.155861 0.299366 -0.941322
    outer loop
      vertex -14.5 7.59808 -1.2
      vertex -16.1131 10.5315 0
      vertex -14.2679 7.71892 -1.2
    endloop
  endfacet
  facet normal -0.104042 0.33014 -0.938181
    outer loop
      vertex -14.0261 7.81908 -1.2
      vertex -15.7101 10.6985 0
      vertex -15.2941 10.8296 0
    endloop
  endfacet
  facet normal -0.104088 0.330121 -0.938182
    outer loop
      vertex -14.0261 7.81908 -1.2
      vertex -15.2941 10.8296 0
      vertex -13.7765 7.89778 -1.2
    endloop
  endfacet
  facet normal -0.0469128 0.355879 -0.933354
    outer loop
      vertex -13.2615 7.98859 -1.2
      vertex -14.8682 10.924 0
      vertex -14.4358 10.981 0
    endloop
  endfacet
  facet normal -0.046864 0.355903 -0.933347
    outer loop
      vertex -13.521 7.95442 -1.2
      vertex -14.8682 10.924 0
      vertex -13.2615 7.98859 -1.2
    endloop
  endfacet
  facet normal 0.264014 -0.202619 -0.942996
    outer loop
      vertex 17.8302 -13.2139 0
      vertex 15.2981 -10.9284 -1.2
      vertex 15.4575 -10.7207 -1.2
    endloop
  endfacet
  facet normal 0.244657 -0.224237 -0.943324
    outer loop
      vertex 17.8302 -13.2139 0
      vertex 15.1213 -11.1213 -1.2
      vertex 15.2981 -10.9284 -1.2
    endloop
  endfacet
  facet normal 0.976306 -0.216396 0
    outer loop
      vertex 18.8296 -11.2941 0.5
      vertex 18.924 -10.8682 0
      vertex 18.924 -10.8682 0.5
    endloop
  endfacet
  facet normal 0.976306 -0.216396 0
    outer loop
      vertex 18.924 -10.8682 0
      vertex 18.8296 -11.2941 0.5
      vertex 18.8296 -11.2941 0
    endloop
  endfacet
  facet normal 0.179819 -0.282262 -0.942334
    outer loop
      vertex 16.8679 -14.0958 0
      vertex 14.5 -11.5981 -1.2
      vertex 14.7207 -11.4575 -1.2
    endloop
  endfacet
  facet normal 0.923821 -0.382824 0
    outer loop
      vertex 18.5315 -12.1131 0.5
      vertex 18.6985 -11.7101 0
      vertex 18.6985 -11.7101 0.5
    endloop
  endfacet
  facet normal 0.923821 -0.382824 0
    outer loop
      vertex 18.6985 -11.7101 0
      vertex 18.5315 -12.1131 0.5
      vertex 18.5315 -12.1131 0
    endloop
  endfacet
  facet normal 0.315311 -0.130662 -0.93995
    outer loop
      vertex 18.5315 -12.1131 0
      vertex 15.7189 -10.2679 -1.2
      vertex 15.8191 -10.0261 -1.2
    endloop
  endfacet
  facet normal 0.299389 -0.155822 -0.941321
    outer loop
      vertex 18.5315 -12.1131 0
      vertex 15.5981 -10.5 -1.2
      vertex 15.7189 -10.2679 -1.2
    endloop
  endfacet
  facet normal 0.108514 -0.32831 -0.938316
    outer loop
      vertex 15.2678 -14.7788 -0.0208232
      vertex 14.0261 -11.8191 -1.2
      vertex 15.2723 -14.778 -0.0205827
    endloop
  endfacet
  facet normal 0.104087 -0.330115 -0.938184
    outer loop
      vertex 14.0261 -11.8191 -1.2
      vertex 15.2678 -14.7788 -0.0208232
      vertex 13.7765 -11.8978 -1.2
    endloop
  endfacet
  facet normal 0.0763798 -0.343604 -0.936003
    outer loop
      vertex 14.8262 -14.8314 -0.0374271
      vertex 13.7765 -11.8978 -1.2
      vertex 14.8345 -14.8304 -0.0371169
    endloop
  endfacet
  facet normal 0.0761358 -0.343687 -0.935993
    outer loop
      vertex 13.7765 -11.8978 -1.2
      vertex 14.8262 -14.8314 -0.0374271
      vertex 13.521 -11.9544 -1.2
    endloop
  endfacet
  facet normal 0.130662 -0.315311 -0.93995
    outer loop
      vertex 16.1131 -14.5315 0
      vertex 14.0261 -11.8191 -1.2
      vertex 14.2679 -11.7189 -1.2
    endloop
  endfacet
  facet normal 0.299717 -0.954028 0
    outer loop
      vertex 15.7101 -14.6985 0.00449671
      vertex 15.6649 -14.7127 0
      vertex 15.7101 -14.6985 0
    endloop
  endfacet
  facet normal -0.263988 -0.202645 -0.942998
    outer loop
      vertex -17.8302 -13.2139 0
      vertex -18.0958 -12.8679 0
      vertex -15.4575 -10.7207 -1.2
    endloop
  endfacet
  facet normal -0.244657 -0.224237 -0.943324
    outer loop
      vertex -15.1213 -11.1213 -1.2
      vertex -17.8302 -13.2139 0
      vertex -15.2981 -10.9284 -1.2
    endloop
  endfacet
  facet normal -0.330128 -0.104074 -0.938181
    outer loop
      vertex -15.8191 -10.0261 -1.2
      vertex -18.8296 -11.2941 0
      vertex -15.8978 -9.77646 -1.2
    endloop
  endfacet
  facet normal -0.299379 -0.155841 -0.941321
    outer loop
      vertex -18.3301 -12.5 0
      vertex -18.5315 -12.1131 0
      vertex -15.5981 -10.5 -1.2
    endloop
  endfacet
  facet normal -0.330141 -0.104042 -0.93818
    outer loop
      vertex -18.6985 -11.7101 0
      vertex -18.8296 -11.2941 0
      vertex -15.8191 -10.0261 -1.2
    endloop
  endfacet
  facet normal -0.179782 -0.282296 -0.942331
    outer loop
      vertex -16.5 -14.3301 0
      vertex -16.8679 -14.0958 0
      vertex -14.5 -11.5981 -1.2
    endloop
  endfacet
  facet normal -0.155841 -0.299379 -0.941321
    outer loop
      vertex -16.1131 -14.5315 0
      vertex -16.5 -14.3301 0
      vertex -14.5 -11.5981 -1.2
    endloop
  endfacet
  facet normal -0.330121 0.104089 -0.938182
    outer loop
      vertex -15.8978 5.77646 -1.2
      vertex -18.8296 7.2941 0
      vertex -15.8191 6.02606 -1.2
    endloop
  endfacet
  facet normal -0.299379 0.155841 -0.941321
    outer loop
      vertex -15.5981 6.5 -1.2
      vertex -18.5315 8.1131 0
      vertex -18.3301 8.5 0
    endloop
  endfacet
  facet normal -0.282293 0.179786 -0.942331
    outer loop
      vertex -15.5981 6.5 -1.2
      vertex -18.3301 8.5 0
      vertex -18.0958 8.86789 0
    endloop
  endfacet
  facet normal -0.675575 0.737291 0
    outer loop
      vertex -17.2139 9.83022 0
      vertex -17.5355 9.53554 0.5
      vertex -17.2139 9.83022 0.5
    endloop
  endfacet
  facet normal -0.675575 0.737291 0
    outer loop
      vertex -17.5355 9.53554 0.5
      vertex -17.2139 9.83022 0
      vertex -17.5355 9.53554 0
    endloop
  endfacet
  facet normal -0.608884 0.793259 0
    outer loop
      vertex -16.8679 10.0958 0
      vertex -17.2139 9.83022 0.5
      vertex -16.8679 10.0958 0.5
    endloop
  endfacet
  facet normal -0.608884 0.793259 0
    outer loop
      vertex -17.2139 9.83022 0.5
      vertex -16.8679 10.0958 0
      vertex -17.2139 9.83022 0
    endloop
  endfacet
  facet normal -0.130662 -0.315311 -0.93995
    outer loop
      vertex -14.0261 -11.8191 -1.2
      vertex -16.1131 -14.5315 0
      vertex -14.2679 -11.7189 -1.2
    endloop
  endfacet
  facet normal 0.104088 0.330121 -0.938182
    outer loop
      vertex 14.0261 7.81908 -1.2
      vertex 13.7765 7.89778 -1.2
      vertex 15.2941 10.8296 0
    endloop
  endfacet
  facet normal 0.104042 0.33014 -0.938181
    outer loop
      vertex 15.7101 10.6985 0
      vertex 14.0261 7.81908 -1.2
      vertex 15.2941 10.8296 0
    endloop
  endfacet
  facet normal 0.355882 0.046906 -0.933353
    outer loop
      vertex 15.9886 5.26147 -1.2
      vertex 15.9544 5.52095 -1.2
      vertex 18.924 6.86824 0
    endloop
  endfacet
  facet normal 0.315306 0.130666 -0.939951
    outer loop
      vertex 15.8191 6.02606 -1.2
      vertex 15.7189 6.26785 -1.2
      vertex 18.5315 8.1131 0
    endloop
  endfacet
  facet normal 0.976301 0.216416 0
    outer loop
      vertex 18.924 6.86824 0.5
      vertex 18.8296 7.2941 0
      vertex 18.8296 7.2941 0.5
    endloop
  endfacet
  facet normal 0.976301 0.216416 0
    outer loop
      vertex 18.8296 7.2941 0
      vertex 18.924 6.86824 0.5
      vertex 18.924 6.86824 0
    endloop
  endfacet
  facet normal 0.991425 0.130674 0
    outer loop
      vertex 18.981 6.43578 0.5
      vertex 18.924 6.86824 0
      vertex 18.924 6.86824 0.5
    endloop
  endfacet
  facet normal 0.991425 0.130674 0
    outer loop
      vertex 18.924 6.86824 0
      vertex 18.981 6.43578 0.5
      vertex 18.981 6.43578 0
    endloop
  endfacet
  facet normal 0.224202 0.244684 -0.943325
    outer loop
      vertex 17.5355 9.53554 0
      vertex 15.1213 7.12132 -1.2
      vertex 17.2139 9.83022 0
    endloop
  endfacet
  facet normal 0.675575 0.737291 -0
    outer loop
      vertex 17.5355 9.53554 0
      vertex 17.2139 9.83022 0.5
      vertex 17.5355 9.53554 0.5
    endloop
  endfacet
  facet normal 0.675575 0.737291 0
    outer loop
      vertex 17.2139 9.83022 0.5
      vertex 17.5355 9.53554 0
      vertex 17.2139 9.83022 0
    endloop
  endfacet
  facet normal 0.282293 0.179786 -0.942331
    outer loop
      vertex 18.3301 8.5 0
      vertex 15.5981 6.5 -1.2
      vertex 18.0958 8.86789 0
    endloop
  endfacet
  facet normal 0.263975 0.202657 -0.942999
    outer loop
      vertex 15.4575 6.72073 -1.2
      vertex 15.2981 6.92836 -1.2
      vertex 17.8302 9.21394 0
    endloop
  endfacet
  facet normal 0.046864 0.355903 -0.933347
    outer loop
      vertex 13.521 7.95442 -1.2
      vertex 13.2615 7.98859 -1.2
      vertex 14.8682 10.924 0
    endloop
  endfacet
  facet normal -0.0159893 0.366743 -0.930185
    outer loop
      vertex -13.2615 7.98859 -1.2
      vertex -14.4358 10.981 0
      vertex -14 11 0
    endloop
  endfacet
  facet normal -0.0160019 0.36674 -0.930186
    outer loop
      vertex -13.2615 7.98859 -1.2
      vertex -14 11 0
      vertex -13 8 -1.2
    endloop
  endfacet
  facet normal -0.179782 0.282295 -0.942331
    outer loop
      vertex -14.5 7.59808 -1.2
      vertex -16.8679 10.0958 0
      vertex -16.5 10.3301 0
    endloop
  endfacet
  facet normal -0.15584 0.299378 -0.941322
    outer loop
      vertex -14.5 7.59808 -1.2
      vertex -16.5 10.3301 0
      vertex -16.1131 10.5315 0
    endloop
  endfacet
  facet normal -0.130621 0.315338 -0.939947
    outer loop
      vertex -14.2679 7.71892 -1.2
      vertex -16.1131 10.5315 0
      vertex -14.0261 7.81908 -1.2
    endloop
  endfacet
  facet normal 0.343689 -0.0761333 -0.935992
    outer loop
      vertex 18.924 -10.8682 0
      vertex 15.8978 -9.77646 -1.2
      vertex 15.9544 -9.52095 -1.2
    endloop
  endfacet
  facet normal 0.343675 -0.076175 -0.935994
    outer loop
      vertex 18.8296 -11.2941 0
      vertex 15.8978 -9.77646 -1.2
      vertex 18.924 -10.8682 0
    endloop
  endfacet
  facet normal 0.202619 -0.264014 -0.942996
    outer loop
      vertex 17.2139 -13.8302 0
      vertex 14.7207 -11.4575 -1.2
      vertex 14.9284 -11.2981 -1.2
    endloop
  endfacet
  facet normal 0.887018 -0.461735 0
    outer loop
      vertex 18.3301 -12.5 0.5
      vertex 18.5315 -12.1131 0
      vertex 18.5315 -12.1131 0.5
    endloop
  endfacet
  facet normal 0.887018 -0.461735 0
    outer loop
      vertex 18.5315 -12.1131 0
      vertex 18.3301 -12.5 0.5
      vertex 18.3301 -12.5 0
    endloop
  endfacet
  facet normal -0.264014 -0.202619 -0.942996
    outer loop
      vertex -15.2981 -10.9284 -1.2
      vertex -17.8302 -13.2139 0
      vertex -15.4575 -10.7207 -1.2
    endloop
  endfacet
  facet normal -0.315311 -0.130662 -0.93995
    outer loop
      vertex -15.7189 -10.2679 -1.2
      vertex -18.5315 -12.1131 0
      vertex -15.8191 -10.0261 -1.2
    endloop
  endfacet
  facet normal -0.343689 0.0761331 -0.935992
    outer loop
      vertex -15.9544 5.52095 -1.2
      vertex -18.924 6.86824 0
      vertex -15.8978 5.77646 -1.2
    endloop
  endfacet
  facet normal -0.315306 0.130666 -0.939951
    outer loop
      vertex -15.8191 6.02606 -1.2
      vertex -18.5315 8.1131 0
      vertex -15.7189 6.26785 -1.2
    endloop
  endfacet
  facet normal 0.130621 0.315338 -0.939947
    outer loop
      vertex 14.2679 7.71892 -1.2
      vertex 14.0261 7.81908 -1.2
      vertex 16.1131 10.5315 0
    endloop
  endfacet
  facet normal 0.155861 0.299366 -0.941322
    outer loop
      vertex 14.5 7.59808 -1.2
      vertex 14.2679 7.71892 -1.2
      vertex 16.1131 10.5315 0
    endloop
  endfacet
  facet normal 0.33014 0.104042 -0.938181
    outer loop
      vertex 18.8296 7.2941 0
      vertex 15.8191 6.02606 -1.2
      vertex 18.6985 7.7101 0
    endloop
  endfacet
  facet normal 0.315309 0.130662 -0.939951
    outer loop
      vertex 18.6985 7.7101 0
      vertex 15.8191 6.02606 -1.2
      vertex 18.5315 8.1131 0
    endloop
  endfacet
  facet normal 0.343672 0.0761815 -0.935995
    outer loop
      vertex 18.924 6.86824 0
      vertex 15.8978 5.77646 -1.2
      vertex 18.8296 7.2941 0
    endloop
  endfacet
  facet normal 0.343689 0.0761331 -0.935992
    outer loop
      vertex 15.9544 5.52095 -1.2
      vertex 15.8978 5.77646 -1.2
      vertex 18.924 6.86824 0
    endloop
  endfacet
  facet normal 0.282277 0.179804 -0.942332
    outer loop
      vertex 15.5981 6.5 -1.2
      vertex 15.4575 6.72073 -1.2
      vertex 18.0958 8.86789 0
    endloop
  endfacet
  facet normal 0.299379 0.155841 -0.941321
    outer loop
      vertex 18.5315 8.1131 0
      vertex 15.5981 6.5 -1.2
      vertex 18.3301 8.5 0
    endloop
  endfacet
  facet normal 0.737268 0.6756 0
    outer loop
      vertex 17.8302 9.21394 0.5
      vertex 17.5355 9.53554 0
      vertex 17.5355 9.53554 0.5
    endloop
  endfacet
  facet normal 0.737268 0.6756 0
    outer loop
      vertex 17.5355 9.53554 0
      vertex 17.8302 9.21394 0.5
      vertex 17.8302 9.21394 0
    endloop
  endfacet
  facet normal 0.244676 0.22421 -0.943326
    outer loop
      vertex 17.8302 9.21394 0
      vertex 15.1213 7.12132 -1.2
      vertex 17.5355 9.53554 0
    endloop
  endfacet
  facet normal 0.299404 0.155796 -0.941321
    outer loop
      vertex 15.7189 6.26785 -1.2
      vertex 15.5981 6.5 -1.2
      vertex 18.5315 8.1131 0
    endloop
  endfacet
  facet normal 0.843466 0.537183 0
    outer loop
      vertex 18.3301 8.5 0.5
      vertex 18.0958 8.86789 0
      vertex 18.0958 8.86789 0.5
    endloop
  endfacet
  facet normal 0.843466 0.537183 0
    outer loop
      vertex 18.0958 8.86789 0
      vertex 18.3301 8.5 0.5
      vertex 18.3301 8.5 0
    endloop
  endfacet
  facet normal 0.887018 0.461735 0
    outer loop
      vertex 18.5315 8.1131 0.5
      vertex 18.3301 8.5 0
      vertex 18.3301 8.5 0.5
    endloop
  endfacet
  facet normal 0.887018 0.461735 0
    outer loop
      vertex 18.3301 8.5 0
      vertex 18.5315 8.1131 0.5
      vertex 18.5315 8.1131 0
    endloop
  endfacet
  facet normal 0 0 -1
    outer loop
      vertex -10.5 -7 -0.599999
      vertex -1.5 -5.5 -0.599999
      vertex -1.5 -7 -0.599999
    endloop
  endfacet
  facet normal 0 0 -1
    outer loop
      vertex -10.5 -7 -0.599999
      vertex -10.5 -5.5 -0.599999
      vertex -1.5 -5.5 -0.599999
    endloop
  endfacet
  facet normal 0 0 -1
    outer loop
      vertex -10.6307 -6.99429 -0.599999
      vertex -10.5 -5.5 -0.599999
      vertex -10.5 -7 -0.599999
    endloop
  endfacet
  facet normal 0 0 -1
    outer loop
      vertex -10.5 -5.5 -0.599999
      vertex -12 -5.5 -0.599999
      vertex -10.5 1.5 -0.599999
    endloop
  endfacet
  facet normal 0 0 -1
    outer loop
      vertex -10.7605 -6.97722 -0.599999
      vertex -10.5 -5.5 -0.599999
      vertex -10.6307 -6.99429 -0.599999
    endloop
  endfacet
  facet normal 0 0 -1
    outer loop
      vertex -12 1.5 -0.599999
      vertex -10.5 1.5 -0.599999
      vertex -12 -5.5 -0.599999
    endloop
  endfacet
  facet normal 0 0 -1
    outer loop
      vertex -10.8882 -6.94888 -0.599999
      vertex -10.5 -5.5 -0.599999
      vertex -10.7605 -6.97722 -0.599999
    endloop
  endfacet
  facet normal 0 -0 -1
    outer loop
      vertex -11.9943 1.63074 -0.599999
      vertex -10.5 1.5 -0.599999
      vertex -12 1.5 -0.599999
    endloop
  endfacet
  facet normal 0 0 -1
    outer loop
      vertex -11.013 -6.90955 -0.599999
      vertex -10.5 -5.5 -0.599999
      vertex -10.8882 -6.94888 -0.599999
    endloop
  endfacet
  facet normal 0 0 -1
    outer loop
      vertex -10.5 1.5 -0.599999
      vertex -10.6307 2.99429 -0.599999
      vertex -10.5 3 -0.599999
    endloop
  endfacet
  facet normal 0 0 -1
    outer loop
      vertex -11.1339 -6.85947 -0.599999
      vertex -10.5 -5.5 -0.599999
      vertex -11.013 -6.90955 -0.599999
    endloop
  endfacet
  facet normal 0 0 -1
    outer loop
      vertex -10.5 1.5 -0.599999
      vertex -10.7605 2.97722 -0.599999
      vertex -10.6307 2.99429 -0.599999
    endloop
  endfacet
  facet normal 0 0 -1
    outer loop
      vertex -11.25 -6.79904 -0.599999
      vertex -10.5 -5.5 -0.599999
      vertex -11.1339 -6.85947 -0.599999
    endloop
  endfacet
  facet normal 0 0 -1
    outer loop
      vertex -10.5 1.5 -0.599999
      vertex -10.8882 2.94888 -0.599999
      vertex -10.7605 2.97722 -0.599999
    endloop
  endfacet
  facet normal 0 0 -1
    outer loop
      vertex -11.3604 -6.72873 -0.599999
      vertex -10.5 -5.5 -0.599999
      vertex -11.25 -6.79904 -0.599999
    endloop
  endfacet
  facet normal 0 0 -1
    outer loop
      vertex -10.5 1.5 -0.599999
      vertex -11.013 2.90955 -0.599999
      vertex -10.8882 2.94888 -0.599999
    endloop
  endfacet
  facet normal 0 0 -1
    outer loop
      vertex -11.4642 -6.64906 -0.599999
      vertex -10.5 -5.5 -0.599999
      vertex -11.3604 -6.72873 -0.599999
    endloop
  endfacet
  facet normal 0 0 -1
    outer loop
      vertex -10.5 1.5 -0.599999
      vertex -11.1339 2.85947 -0.599999
      vertex -11.013 2.90955 -0.599999
    endloop
  endfacet
  facet normal 0 0 -1
    outer loop
      vertex -11.5607 -6.56065 -0.599999
      vertex -10.5 -5.5 -0.599999
      vertex -11.4642 -6.64906 -0.599999
    endloop
  endfacet
  facet normal 0 0 -1
    outer loop
      vertex -10.5 1.5 -0.599999
      vertex -11.25 2.79904 -0.599999
      vertex -11.1339 2.85947 -0.599999
    endloop
  endfacet
  facet normal 0 0 -1
    outer loop
      vertex -11.6491 -6.46419 -0.599999
      vertex -10.5 -5.5 -0.599999
      vertex -11.5607 -6.56065 -0.599999
    endloop
  endfacet
  facet normal 0 0 -1
    outer loop
      vertex -10.5 1.5 -0.599999
      vertex -11.3604 2.72873 -0.599999
      vertex -11.25 2.79904 -0.599999
    endloop
  endfacet
  facet normal 0 0 -1
    outer loop
      vertex -11.7287 -6.36037 -0.599999
      vertex -10.5 -5.5 -0.599999
      vertex -11.6491 -6.46419 -0.599999
    endloop
  endfacet
  facet normal 0 0 -1
    outer loop
      vertex -10.5 1.5 -0.599999
      vertex -11.4642 2.64906 -0.599999
      vertex -11.3604 2.72873 -0.599999
    endloop
  endfacet
  facet normal 0 0 -1
    outer loop
      vertex -11.799 -6.25 -0.599999
      vertex -10.5 -5.5 -0.599999
      vertex -11.7287 -6.36037 -0.599999
    endloop
  endfacet
  facet normal 0 0 -1
    outer loop
      vertex -10.5 1.5 -0.599999
      vertex -11.5607 2.56065 -0.599999
      vertex -11.4642 2.64906 -0.599999
    endloop
  endfacet
  facet normal 0 0 -1
    outer loop
      vertex -11.8595 -6.13393 -0.599999
      vertex -10.5 -5.5 -0.599999
      vertex -11.799 -6.25 -0.599999
    endloop
  endfacet
  facet normal 0 0 -1
    outer loop
      vertex -10.5 1.5 -0.599999
      vertex -11.6491 2.46419 -0.599999
      vertex -11.5607 2.56065 -0.599999
    endloop
  endfacet
  facet normal 0 0 -1
    outer loop
      vertex -11.9095 -6.01303 -0.599999
      vertex -10.5 -5.5 -0.599999
      vertex -11.8595 -6.13393 -0.599999
    endloop
  endfacet
  facet normal 0 0 -1
    outer loop
      vertex -10.5 1.5 -0.599999
      vertex -11.7287 2.36037 -0.599999
      vertex -11.6491 2.46419 -0.599999
    endloop
  endfacet
  facet normal 0 0 -1
    outer loop
      vertex -11.9489 -5.88823 -0.599999
      vertex -10.5 -5.5 -0.599999
      vertex -11.9095 -6.01303 -0.599999
    endloop
  endfacet
  facet normal 0 0 -1
    outer loop
      vertex -10.5 1.5 -0.599999
      vertex -11.799 2.25 -0.599999
      vertex -11.7287 2.36037 -0.599999
    endloop
  endfacet
  facet normal 0 0 -1
    outer loop
      vertex -11.9772 -5.76047 -0.599999
      vertex -10.5 -5.5 -0.599999
      vertex -11.9489 -5.88823 -0.599999
    endloop
  endfacet
  facet normal 0 0 -1
    outer loop
      vertex -10.5 1.5 -0.599999
      vertex -11.8595 2.13393 -0.599999
      vertex -11.799 2.25 -0.599999
    endloop
  endfacet
  facet normal 0 0 -1
    outer loop
      vertex -11.9943 -5.63074 -0.599999
      vertex -10.5 -5.5 -0.599999
      vertex -11.9772 -5.76047 -0.599999
    endloop
  endfacet
  facet normal 0 0 -1
    outer loop
      vertex -10.5 1.5 -0.599999
      vertex -11.9095 2.01303 -0.599999
      vertex -11.8595 2.13393 -0.599999
    endloop
  endfacet
  facet normal -0 0 -1
    outer loop
      vertex -10.5 -5.5 -0.599999
      vertex -11.9943 -5.63074 -0.599999
      vertex -12 -5.5 -0.599999
    endloop
  endfacet
  facet normal 0 0 -1
    outer loop
      vertex -10.5 1.5 -0.599999
      vertex -11.9489 1.88823 -0.599999
      vertex -11.9095 2.01303 -0.599999
    endloop
  endfacet
  facet normal 0 0 -1
    outer loop
      vertex -10.5 1.5 -0.599999
      vertex -11.9772 1.76047 -0.599999
      vertex -11.9489 1.88823 -0.599999
    endloop
  endfacet
  facet normal 0 0 -1
    outer loop
      vertex -10.5 1.5 -0.599999
      vertex -11.9943 1.63074 -0.599999
      vertex -11.9772 1.76047 -0.599999
    endloop
  endfacet
  facet normal 0 0 -1
    outer loop
      vertex -1.5 -5.5 -0.599999
      vertex 0 -5.5 -0.599999
      vertex -0.00570679 -5.63074 -0.599999
    endloop
  endfacet
  facet normal 0 0 -1
    outer loop
      vertex 0 -5.5 -0.599999
      vertex -1.5 -5.5 -0.599999
      vertex 0 1.5 -0.599999
    endloop
  endfacet
  facet normal 0 0 -1
    outer loop
      vertex -1.5 -5.5 -0.599999
      vertex -0.00570679 -5.63074 -0.599999
      vertex -0.0227814 -5.76047 -0.599999
    endloop
  endfacet
  facet normal 0 0 -1
    outer loop
      vertex -1.5 1.5 -0.599999
      vertex 0 1.5 -0.599999
      vertex -1.5 -5.5 -0.599999
    endloop
  endfacet
  facet normal 0 0 -1
    outer loop
      vertex -1.5 -5.5 -0.599999
      vertex -0.0227814 -5.76047 -0.599999
      vertex -0.0511169 -5.88823 -0.599999
    endloop
  endfacet
  facet normal 0 0 -1
    outer loop
      vertex 0 1.5 -0.599999
      vertex -1.5 1.5 -0.599999
      vertex -0.00570679 1.63074 -0.599999
    endloop
  endfacet
  facet normal 0 0 -1
    outer loop
      vertex -1.5 -5.5 -0.599999
      vertex -0.0511169 -5.88823 -0.599999
      vertex -0.0904541 -6.01303 -0.599999
    endloop
  endfacet
  facet normal -0 0 -1
    outer loop
      vertex -0.00570679 1.63074 -0.599999
      vertex -1.5 1.5 -0.599999
      vertex -0.0227814 1.76047 -0.599999
    endloop
  endfacet
  facet normal 0 0 -1
    outer loop
      vertex -1.5 -5.5 -0.599999
      vertex -0.0904541 -6.01303 -0.599999
      vertex -0.140533 -6.13393 -0.599999
    endloop
  endfacet
  facet normal -0 0 -1
    outer loop
      vertex -0.0227814 1.76047 -0.599999
      vertex -1.5 1.5 -0.599999
      vertex -0.0511169 1.88823 -0.599999
    endloop
  endfacet
  facet normal 0 0 -1
    outer loop
      vertex -1.5 -5.5 -0.599999
      vertex -0.140533 -6.13393 -0.599999
      vertex -0.200958 -6.25 -0.599999
    endloop
  endfacet
  facet normal -0 0 -1
    outer loop
      vertex -0.0511169 1.88823 -0.599999
      vertex -1.5 1.5 -0.599999
      vertex -0.0904541 2.01303 -0.599999
    endloop
  endfacet
  facet normal 0 0 -1
    outer loop
      vertex -1.5 -5.5 -0.599999
      vertex -0.200958 -6.25 -0.599999
      vertex -0.271271 -6.36037 -0.599999
    endloop
  endfacet
  facet normal -0 0 -1
    outer loop
      vertex -0.0904541 2.01303 -0.599999
      vertex -1.5 1.5 -0.599999
      vertex -0.140533 2.13393 -0.599999
    endloop
  endfacet
  facet normal 0 0 -1
    outer loop
      vertex -1.5 -5.5 -0.599999
      vertex -0.271271 -6.36037 -0.599999
      vertex -0.350937 -6.46419 -0.599999
    endloop
  endfacet
  facet normal -0 0 -1
    outer loop
      vertex -0.140533 2.13393 -0.599999
      vertex -1.5 1.5 -0.599999
      vertex -0.200958 2.25 -0.599999
    endloop
  endfacet
  facet normal 0 0 -1
    outer loop
      vertex -1.5 -5.5 -0.599999
      vertex -0.350937 -6.46419 -0.599999
      vertex -0.439346 -6.56065 -0.599999
    endloop
  endfacet
  facet normal -0 0 -1
    outer loop
      vertex -0.200958 2.25 -0.599999
      vertex -1.5 1.5 -0.599999
      vertex -0.271271 2.36037 -0.599999
    endloop
  endfacet
  facet normal 0 0 -1
    outer loop
      vertex -1.5 -5.5 -0.599999
      vertex -0.439346 -6.56065 -0.599999
      vertex -0.535812 -6.64906 -0.599999
    endloop
  endfacet
  facet normal -0 0 -1
    outer loop
      vertex -0.271271 2.36037 -0.599999
      vertex -1.5 1.5 -0.599999
      vertex -0.350937 2.46419 -0.599999
    endloop
  endfacet
  facet normal 0 0 -1
    outer loop
      vertex -1.5 -5.5 -0.599999
      vertex -0.535812 -6.64906 -0.599999
      vertex -0.639633 -6.72873 -0.599999
    endloop
  endfacet
  facet normal -0 0 -1
    outer loop
      vertex -0.350937 2.46419 -0.599999
      vertex -1.5 1.5 -0.599999
      vertex -0.439346 2.56065 -0.599999
    endloop
  endfacet
  facet normal 0 0 -1
    outer loop
      vertex -1.5 -5.5 -0.599999
      vertex -0.639633 -6.72873 -0.599999
      vertex -0.75 -6.79904 -0.599999
    endloop
  endfacet
  facet normal -0 0 -1
    outer loop
      vertex -0.439346 2.56065 -0.599999
      vertex -1.5 1.5 -0.599999
      vertex -0.535812 2.64906 -0.599999
    endloop
  endfacet
  facet normal 0 0 -1
    outer loop
      vertex -1.5 -5.5 -0.599999
      vertex -0.75 -6.79904 -0.599999
      vertex -0.866074 -6.85947 -0.599999
    endloop
  endfacet
  facet normal -0 0 -1
    outer loop
      vertex -0.535812 2.64906 -0.599999
      vertex -1.5 1.5 -0.599999
      vertex -0.639633 2.72873 -0.599999
    endloop
  endfacet
  facet normal 0 0 -1
    outer loop
      vertex -1.5 -5.5 -0.599999
      vertex -0.866074 -6.85947 -0.599999
      vertex -0.986969 -6.90955 -0.599999
    endloop
  endfacet
  facet normal -0 0 -1
    outer loop
      vertex -0.639633 2.72873 -0.599999
      vertex -1.5 1.5 -0.599999
      vertex -0.75 2.79904 -0.599999
    endloop
  endfacet
  facet normal 0 0 -1
    outer loop
      vertex -1.5 -5.5 -0.599999
      vertex -0.986969 -6.90955 -0.599999
      vertex -1.11177 -6.94888 -0.599999
    endloop
  endfacet
  facet normal -0 0 -1
    outer loop
      vertex -0.75 2.79904 -0.599999
      vertex -1.5 1.5 -0.599999
      vertex -0.866074 2.85947 -0.599999
    endloop
  endfacet
  facet normal 0 0 -1
    outer loop
      vertex -1.5 -5.5 -0.599999
      vertex -1.11177 -6.94888 -0.599999
      vertex -1.23953 -6.97722 -0.599999
    endloop
  endfacet
  facet normal -0 0 -1
    outer loop
      vertex -0.866074 2.85947 -0.599999
      vertex -1.5 1.5 -0.599999
      vertex -0.986969 2.90955 -0.599999
    endloop
  endfacet
  facet normal 0 0 -1
    outer loop
      vertex -1.5 -5.5 -0.599999
      vertex -1.23953 -6.97722 -0.599999
      vertex -1.36926 -6.99429 -0.599999
    endloop
  endfacet
  facet normal -0 0 -1
    outer loop
      vertex -0.986969 2.90955 -0.599999
      vertex -1.5 1.5 -0.599999
      vertex -1.11177 2.94888 -0.599999
    endloop
  endfacet
  facet normal 0 0 -1
    outer loop
      vertex -1.5 -5.5 -0.599999
      vertex -1.36926 -6.99429 -0.599999
      vertex -1.5 -7 -0.599999
    endloop
  endfacet
  facet normal -0 0 -1
    outer loop
      vertex -1.11177 2.94888 -0.599999
      vertex -1.5 1.5 -0.599999
      vertex -1.23953 2.97722 -0.599999
    endloop
  endfacet
  facet normal -0 0 -1
    outer loop
      vertex -1.23953 2.97722 -0.599999
      vertex -1.5 1.5 -0.599999
      vertex -1.36926 2.99429 -0.599999
    endloop
  endfacet
  facet normal 0 0 -1
    outer loop
      vertex -1.5 1.5 -0.599999
      vertex -1.5 3 -0.599999
      vertex -1.36926 2.99429 -0.599999
    endloop
  endfacet
  facet normal 0 0 -1
    outer loop
      vertex -10.5 1.5 -0.599999
      vertex -1.5 3 -0.599999
      vertex -1.5 1.5 -0.599999
    endloop
  endfacet
  facet normal -0 0 -1
    outer loop
      vertex -1.5 3 -0.599999
      vertex -10.5 1.5 -0.599999
      vertex -10.5 3 -0.599999
    endloop
  endfacet
  facet normal -0.130456 0.991454 0
    outer loop
      vertex -1.23953 -6.97722 -1.2
      vertex -1.36926 -6.99429 -0.599999
      vertex -1.23953 -6.97722 -0.599999
    endloop
  endfacet
  facet normal -0.130456 0.991454 0
    outer loop
      vertex -1.36926 -6.99429 -0.599999
      vertex -1.23953 -6.97722 -1.2
      vertex -1.36926 -6.99429 -1.2
    endloop
  endfacet
  facet normal -0.216558 0.97627 0
    outer loop
      vertex -1.11177 -6.94888 -1.2
      vertex -1.23953 -6.97722 -0.599999
      vertex -1.11177 -6.94888 -0.599999
    endloop
  endfacet
  facet normal -0.216558 0.97627 0
    outer loop
      vertex -1.23953 -6.97722 -0.599999
      vertex -1.11177 -6.94888 -1.2
      vertex -1.23953 -6.97722 -1.2
    endloop
  endfacet
  facet normal -0.30057 0.95376 0
    outer loop
      vertex -0.986969 -6.90955 -1.2
      vertex -1.11177 -6.94888 -0.599999
      vertex -0.986969 -6.90955 -0.599999
    endloop
  endfacet
  facet normal -0.30057 0.95376 0
    outer loop
      vertex -1.11177 -6.94888 -0.599999
      vertex -0.986969 -6.90955 -1.2
      vertex -1.11177 -6.94888 -1.2
    endloop
  endfacet
  facet normal -0.382707 0.92387 0
    outer loop
      vertex -0.866074 -6.85947 -1.2
      vertex -0.986969 -6.90955 -0.599999
      vertex -0.866074 -6.85947 -0.599999
    endloop
  endfacet
  facet normal -0.382707 0.92387 0
    outer loop
      vertex -0.986969 -6.90955 -0.599999
      vertex -0.866074 -6.85947 -1.2
      vertex -0.986969 -6.90955 -1.2
    endloop
  endfacet
  facet normal -0.461783 0.886993 0
    outer loop
      vertex -0.75 -6.79904 -1.2
      vertex -0.866074 -6.85947 -0.599999
      vertex -0.75 -6.79904 -0.599999
    endloop
  endfacet
  facet normal -0.461783 0.886993 0
    outer loop
      vertex -0.866074 -6.85947 -0.599999
      vertex -0.75 -6.79904 -1.2
      vertex -0.866074 -6.85947 -1.2
    endloop
  endfacet
  facet normal -0.537291 0.843397 0
    outer loop
      vertex -0.639633 -6.72873 -1.2
      vertex -0.75 -6.79904 -0.599999
      vertex -0.639633 -6.72873 -0.599999
    endloop
  endfacet
  facet normal -0.537291 0.843397 0
    outer loop
      vertex -0.75 -6.79904 -0.599999
      vertex -0.639633 -6.72873 -1.2
      vertex -0.75 -6.79904 -1.2
    endloop
  endfacet
  facet normal -0.608787 0.793334 0
    outer loop
      vertex -0.535812 -6.64906 -1.2
      vertex -0.639633 -6.72873 -0.599999
      vertex -0.535812 -6.64906 -0.599999
    endloop
  endfacet
  facet normal -0.608787 0.793334 0
    outer loop
      vertex -0.639633 -6.72873 -0.599999
      vertex -0.535812 -6.64906 -1.2
      vertex -0.639633 -6.72873 -1.2
    endloop
  endfacet
  facet normal -0.675653 0.737219 0
    outer loop
      vertex -0.439346 -6.56065 -1.2
      vertex -0.535812 -6.64906 -0.599999
      vertex -0.439346 -6.56065 -0.599999
    endloop
  endfacet
  facet normal -0.675653 0.737219 0
    outer loop
      vertex -0.535812 -6.64906 -0.599999
      vertex -0.439346 -6.56065 -1.2
      vertex -0.535812 -6.64906 -1.2
    endloop
  endfacet
  facet normal -0.737202 0.675672 0
    outer loop
      vertex -0.439346 -6.56065 -1.2
      vertex -0.350937 -6.46419 -0.599999
      vertex -0.350937 -6.46419 -1.2
    endloop
  endfacet
  facet normal -0.737202 0.675672 0
    outer loop
      vertex -0.350937 -6.46419 -0.599999
      vertex -0.439346 -6.56065 -1.2
      vertex -0.439346 -6.56065 -0.599999
    endloop
  endfacet
  facet normal -0.793346 0.608772 0
    outer loop
      vertex -0.350937 -6.46419 -1.2
      vertex -0.271271 -6.36037 -0.599999
      vertex -0.271271 -6.36037 -1.2
    endloop
  endfacet
  facet normal -0.793346 0.608772 0
    outer loop
      vertex -0.271271 -6.36037 -0.599999
      vertex -0.350937 -6.46419 -1.2
      vertex -0.350937 -6.46419 -0.599999
    endloop
  endfacet
  facet normal -0.843393 0.537297 0
    outer loop
      vertex -0.271271 -6.36037 -1.2
      vertex -0.200958 -6.25 -0.599999
      vertex -0.200958 -6.25 -1.2
    endloop
  endfacet
  facet normal -0.843393 0.537297 0
    outer loop
      vertex -0.200958 -6.25 -0.599999
      vertex -0.271271 -6.36037 -1.2
      vertex -0.271271 -6.36037 -0.599999
    endloop
  endfacet
  facet normal -0.887002 0.461765 0
    outer loop
      vertex -0.200958 -6.25 -1.2
      vertex -0.140533 -6.13393 -0.599999
      vertex -0.140533 -6.13393 -1.2
    endloop
  endfacet
  facet normal -0.887002 0.461765 0
    outer loop
      vertex -0.140533 -6.13393 -0.599999
      vertex -0.200958 -6.25 -1.2
      vertex -0.200958 -6.25 -0.599999
    endloop
  endfacet
  facet normal -0.923878 0.382687 0
    outer loop
      vertex -0.140533 -6.13393 -1.2
      vertex -0.0904541 -6.01303 -0.599999
      vertex -0.0904541 -6.01303 -1.2
    endloop
  endfacet
  facet normal -0.923878 0.382687 0
    outer loop
      vertex -0.0904541 -6.01303 -0.599999
      vertex -0.140533 -6.13393 -1.2
      vertex -0.140533 -6.13393 -0.599999
    endloop
  endfacet
  facet normal -0.953743 0.300622 0
    outer loop
      vertex -0.0904541 -6.01303 -1.2
      vertex -0.0511169 -5.88823 -0.599999
      vertex -0.0511169 -5.88823 -1.2
    endloop
  endfacet
  facet normal -0.953743 0.300622 0
    outer loop
      vertex -0.0511169 -5.88823 -0.599999
      vertex -0.0904541 -6.01303 -1.2
      vertex -0.0904541 -6.01303 -0.599999
    endloop
  endfacet
  facet normal -0.976277 0.216525 0
    outer loop
      vertex -0.0511169 -5.88823 -1.2
      vertex -0.0227814 -5.76047 -0.599999
      vertex -0.0227814 -5.76047 -1.2
    endloop
  endfacet
  facet normal -0.976277 0.216525 0
    outer loop
      vertex -0.0227814 -5.76047 -0.599999
      vertex -0.0511169 -5.88823 -1.2
      vertex -0.0511169 -5.88823 -0.599999
    endloop
  endfacet
  facet normal -0.991449 0.130491 0
    outer loop
      vertex -0.0227814 -5.76047 -1.2
      vertex -0.00570679 -5.63074 -0.599999
      vertex -0.00570679 -5.63074 -1.2
    endloop
  endfacet
  facet normal -0.991449 0.130491 0
    outer loop
      vertex -0.00570679 -5.63074 -0.599999
      vertex -0.0227814 -5.76047 -1.2
      vertex -0.0227814 -5.76047 -0.599999
    endloop
  endfacet
  facet normal -0.999049 0.0436084 0
    outer loop
      vertex -0.00570679 -5.63074 -1.2
      vertex 0 -5.5 -0.599999
      vertex 0 -5.5 -1.2
    endloop
  endfacet
  facet normal -0.999049 0.0436084 0
    outer loop
      vertex 0 -5.5 -0.599999
      vertex -0.00570679 -5.63074 -1.2
      vertex -0.00570679 -5.63074 -0.599999
    endloop
  endfacet
  facet normal -1 0 0
    outer loop
      vertex 0 -5.5 -1.2
      vertex 0 1.5 -0.599999
      vertex 0 1.5 -1.2
    endloop
  endfacet
  facet normal -1 -0 0
    outer loop
      vertex 0 1.5 -0.599999
      vertex 0 -5.5 -1.2
      vertex 0 -5.5 -0.599999
    endloop
  endfacet
  facet normal -0.999049 -0.0436084 0
    outer loop
      vertex 0 1.5 -1.2
      vertex -0.00570679 1.63074 -0.599999
      vertex -0.00570679 1.63074 -1.2
    endloop
  endfacet
  facet normal -0.999049 -0.0436084 0
    outer loop
      vertex -0.00570679 1.63074 -0.599999
      vertex 0 1.5 -1.2
      vertex 0 1.5 -0.599999
    endloop
  endfacet
  facet normal -0.991449 -0.130491 0
    outer loop
      vertex -0.00570679 1.63074 -1.2
      vertex -0.0227814 1.76047 -0.599999
      vertex -0.0227814 1.76047 -1.2
    endloop
  endfacet
  facet normal -0.991449 -0.130491 0
    outer loop
      vertex -0.0227814 1.76047 -0.599999
      vertex -0.00570679 1.63074 -1.2
      vertex -0.00570679 1.63074 -0.599999
    endloop
  endfacet
  facet normal -0.976277 -0.216525 0
    outer loop
      vertex -0.0227814 1.76047 -1.2
      vertex -0.0511169 1.88823 -0.599999
      vertex -0.0511169 1.88823 -1.2
    endloop
  endfacet
  facet normal -0.976277 -0.216525 0
    outer loop
      vertex -0.0511169 1.88823 -0.599999
      vertex -0.0227814 1.76047 -1.2
      vertex -0.0227814 1.76047 -0.599999
    endloop
  endfacet
  facet normal -0.953743 -0.300622 0
    outer loop
      vertex -0.0511169 1.88823 -1.2
      vertex -0.0904541 2.01303 -0.599999
      vertex -0.0904541 2.01303 -1.2
    endloop
  endfacet
  facet normal -0.953743 -0.300622 0
    outer loop
      vertex -0.0904541 2.01303 -0.599999
      vertex -0.0511169 1.88823 -1.2
      vertex -0.0511169 1.88823 -0.599999
    endloop
  endfacet
  facet normal -0.923878 -0.382687 0
    outer loop
      vertex -0.0904541 2.01303 -1.2
      vertex -0.140533 2.13393 -0.599999
      vertex -0.140533 2.13393 -1.2
    endloop
  endfacet
  facet normal -0.923878 -0.382687 0
    outer loop
      vertex -0.140533 2.13393 -0.599999
      vertex -0.0904541 2.01303 -1.2
      vertex -0.0904541 2.01303 -0.599999
    endloop
  endfacet
  facet normal -0.887002 -0.461765 0
    outer loop
      vertex -0.140533 2.13393 -1.2
      vertex -0.200958 2.25 -0.599999
      vertex -0.200958 2.25 -1.2
    endloop
  endfacet
  facet normal -0.887002 -0.461765 0
    outer loop
      vertex -0.200958 2.25 -0.599999
      vertex -0.140533 2.13393 -1.2
      vertex -0.140533 2.13393 -0.599999
    endloop
  endfacet
  facet normal -0.843393 -0.537297 0
    outer loop
      vertex -0.200958 2.25 -1.2
      vertex -0.271271 2.36037 -0.599999
      vertex -0.271271 2.36037 -1.2
    endloop
  endfacet
  facet normal -0.843393 -0.537297 0
    outer loop
      vertex -0.271271 2.36037 -0.599999
      vertex -0.200958 2.25 -1.2
      vertex -0.200958 2.25 -0.599999
    endloop
  endfacet
  facet normal -0.793346 -0.608772 0
    outer loop
      vertex -0.271271 2.36037 -1.2
      vertex -0.350937 2.46419 -0.599999
      vertex -0.350937 2.46419 -1.2
    endloop
  endfacet
  facet normal -0.793346 -0.608772 0
    outer loop
      vertex -0.350937 2.46419 -0.599999
      vertex -0.271271 2.36037 -1.2
      vertex -0.271271 2.36037 -0.599999
    endloop
  endfacet
  facet normal -0.737202 -0.675672 0
    outer loop
      vertex -0.350937 2.46419 -1.2
      vertex -0.439346 2.56065 -0.599999
      vertex -0.439346 2.56065 -1.2
    endloop
  endfacet
  facet normal -0.737202 -0.675672 0
    outer loop
      vertex -0.439346 2.56065 -0.599999
      vertex -0.350937 2.46419 -1.2
      vertex -0.350937 2.46419 -0.599999
    endloop
  endfacet
  facet normal -0.675653 -0.737219 0
    outer loop
      vertex -0.535812 2.64906 -1.2
      vertex -0.439346 2.56065 -0.599999
      vertex -0.535812 2.64906 -0.599999
    endloop
  endfacet
  facet normal -0.675653 -0.737219 -0
    outer loop
      vertex -0.439346 2.56065 -0.599999
      vertex -0.535812 2.64906 -1.2
      vertex -0.439346 2.56065 -1.2
    endloop
  endfacet
  facet normal -0.608787 -0.793334 0
    outer loop
      vertex -0.639633 2.72873 -1.2
      vertex -0.535812 2.64906 -0.599999
      vertex -0.639633 2.72873 -0.599999
    endloop
  endfacet
  facet normal -0.608787 -0.793334 -0
    outer loop
      vertex -0.535812 2.64906 -0.599999
      vertex -0.639633 2.72873 -1.2
      vertex -0.535812 2.64906 -1.2
    endloop
  endfacet
  facet normal -0.537291 -0.843397 0
    outer loop
      vertex -0.75 2.79904 -1.2
      vertex -0.639633 2.72873 -0.599999
      vertex -0.75 2.79904 -0.599999
    endloop
  endfacet
  facet normal -0.537291 -0.843397 -0
    outer loop
      vertex -0.639633 2.72873 -0.599999
      vertex -0.75 2.79904 -1.2
      vertex -0.639633 2.72873 -1.2
    endloop
  endfacet
  facet normal -0.461783 -0.886993 0
    outer loop
      vertex -0.866074 2.85947 -1.2
      vertex -0.75 2.79904 -0.599999
      vertex -0.866074 2.85947 -0.599999
    endloop
  endfacet
  facet normal -0.461783 -0.886993 -0
    outer loop
      vertex -0.75 2.79904 -0.599999
      vertex -0.866074 2.85947 -1.2
      vertex -0.75 2.79904 -1.2
    endloop
  endfacet
  facet normal -0.382707 -0.92387 0
    outer loop
      vertex -0.986969 2.90955 -1.2
      vertex -0.866074 2.85947 -0.599999
      vertex -0.986969 2.90955 -0.599999
    endloop
  endfacet
  facet normal -0.382707 -0.92387 -0
    outer loop
      vertex -0.866074 2.85947 -0.599999
      vertex -0.986969 2.90955 -1.2
      vertex -0.866074 2.85947 -1.2
    endloop
  endfacet
  facet normal -0.30057 -0.95376 0
    outer loop
      vertex -1.11177 2.94888 -1.2
      vertex -0.986969 2.90955 -0.599999
      vertex -1.11177 2.94888 -0.599999
    endloop
  endfacet
  facet normal -0.30057 -0.95376 -0
    outer loop
      vertex -0.986969 2.90955 -0.599999
      vertex -1.11177 2.94888 -1.2
      vertex -0.986969 2.90955 -1.2
    endloop
  endfacet
  facet normal -0.216558 -0.97627 0
    outer loop
      vertex -1.23953 2.97722 -1.2
      vertex -1.11177 2.94888 -0.599999
      vertex -1.23953 2.97722 -0.599999
    endloop
  endfacet
  facet normal -0.216558 -0.97627 -0
    outer loop
      vertex -1.11177 2.94888 -0.599999
      vertex -1.23953 2.97722 -1.2
      vertex -1.11177 2.94888 -1.2
    endloop
  endfacet
  facet normal -0.130456 -0.991454 0
    outer loop
      vertex -1.36926 2.99429 -1.2
      vertex -1.23953 2.97722 -0.599999
      vertex -1.36926 2.99429 -0.599999
    endloop
  endfacet
  facet normal -0.130456 -0.991454 -0
    outer loop
      vertex -1.23953 2.97722 -0.599999
      vertex -1.36926 2.99429 -1.2
      vertex -1.23953 2.97722 -1.2
    endloop
  endfacet
  facet normal -0.0436329 -0.999048 0
    outer loop
      vertex -1.5 3 -1.2
      vertex -1.36926 2.99429 -0.599999
      vertex -1.5 3 -0.599999
    endloop
  endfacet
  facet normal -0.0436329 -0.999048 -0
    outer loop
      vertex -1.36926 2.99429 -0.599999
      vertex -1.5 3 -1.2
      vertex -1.36926 2.99429 -1.2
    endloop
  endfacet
  facet normal 0 -1 0
    outer loop
      vertex -10.5 3 -1.2
      vertex -1.5 3 -0.599999
      vertex -10.5 3 -0.599999
    endloop
  endfacet
  facet normal 0 -1 -0
    outer loop
      vertex -1.5 3 -0.599999
      vertex -10.5 3 -1.2
      vertex -1.5 3 -1.2
    endloop
  endfacet
  facet normal 0.0436462 -0.999047 0
    outer loop
      vertex -10.6307 2.99429 -1.2
      vertex -10.5 3 -0.599999
      vertex -10.6307 2.99429 -0.599999
    endloop
  endfacet
  facet normal 0.0436462 -0.999047 0
    outer loop
      vertex -10.5 3 -0.599999
      vertex -10.6307 2.99429 -1.2
      vertex -10.5 3 -1.2
    endloop
  endfacet
  facet normal 0.130387 -0.991463 0
    outer loop
      vertex -10.7605 2.97722 -1.2
      vertex -10.6307 2.99429 -0.599999
      vertex -10.7605 2.97722 -0.599999
    endloop
  endfacet
  facet normal 0.130387 -0.991463 0
    outer loop
      vertex -10.6307 2.99429 -0.599999
      vertex -10.7605 2.97722 -1.2
      vertex -10.6307 2.99429 -1.2
    endloop
  endfacet
  facet normal 0.216655 -0.976248 0
    outer loop
      vertex -10.8882 2.94888 -1.2
      vertex -10.7605 2.97722 -0.599999
      vertex -10.8882 2.94888 -0.599999
    endloop
  endfacet
  facet normal 0.216655 -0.976248 0
    outer loop
      vertex -10.7605 2.97722 -0.599999
      vertex -10.8882 2.94888 -1.2
      vertex -10.7605 2.97722 -1.2
    endloop
  endfacet
  facet normal 0.300572 -0.953759 0
    outer loop
      vertex -11.013 2.90955 -1.2
      vertex -10.8882 2.94888 -0.599999
      vertex -11.013 2.90955 -0.599999
    endloop
  endfacet
  facet normal 0.300572 -0.953759 0
    outer loop
      vertex -10.8882 2.94888 -0.599999
      vertex -11.013 2.90955 -1.2
      vertex -10.8882 2.94888 -1.2
    endloop
  endfacet
  facet normal 0.382694 -0.923875 0
    outer loop
      vertex -11.1339 2.85947 -1.2
      vertex -11.013 2.90955 -0.599999
      vertex -11.1339 2.85947 -0.599999
    endloop
  endfacet
  facet normal 0.382694 -0.923875 0
    outer loop
      vertex -11.013 2.90955 -0.599999
      vertex -11.1339 2.85947 -1.2
      vertex -11.013 2.90955 -1.2
    endloop
  endfacet
  facet normal 0.461702 -0.887035 0
    outer loop
      vertex -11.25 2.79904 -1.2
      vertex -11.1339 2.85947 -0.599999
      vertex -11.25 2.79904 -0.599999
    endloop
  endfacet
  facet normal 0.461702 -0.887035 0
    outer loop
      vertex -11.1339 2.85947 -0.599999
      vertex -11.25 2.79904 -1.2
      vertex -11.1339 2.85947 -1.2
    endloop
  endfacet
  facet normal 0.537177 -0.84347 0
    outer loop
      vertex -11.3604 2.72873 -1.2
      vertex -11.25 2.79904 -0.599999
      vertex -11.3604 2.72873 -0.599999
    endloop
  endfacet
  facet normal 0.537177 -0.84347 0
    outer loop
      vertex -11.25 2.79904 -0.599999
      vertex -11.3604 2.72873 -1.2
      vertex -11.25 2.79904 -1.2
    endloop
  endfacet
  facet normal 0.608865 -0.793274 0
    outer loop
      vertex -11.4642 2.64906 -1.2
      vertex -11.3604 2.72873 -0.599999
      vertex -11.4642 2.64906 -0.599999
    endloop
  endfacet
  facet normal 0.608865 -0.793274 0
    outer loop
      vertex -11.3604 2.72873 -0.599999
      vertex -11.4642 2.64906 -1.2
      vertex -11.3604 2.72873 -1.2
    endloop
  endfacet
  facet normal 0.675524 -0.737338 0
    outer loop
      vertex -11.5607 2.56065 -1.2
      vertex -11.4642 2.64906 -0.599999
      vertex -11.5607 2.56065 -0.599999
    endloop
  endfacet
  facet normal 0.675524 -0.737338 0
    outer loop
      vertex -11.4642 2.64906 -0.599999
      vertex -11.5607 2.56065 -1.2
      vertex -11.4642 2.64906 -1.2
    endloop
  endfacet
  facet normal 0.737237 -0.675635 0
    outer loop
      vertex -11.6491 2.46419 -0.599999
      vertex -11.5607 2.56065 -1.2
      vertex -11.5607 2.56065 -0.599999
    endloop
  endfacet
  facet normal 0.737237 -0.675635 0
    outer loop
      vertex -11.5607 2.56065 -1.2
      vertex -11.6491 2.46419 -0.599999
      vertex -11.6491 2.46419 -1.2
    endloop
  endfacet
  facet normal 0.793589 -0.608454 0
    outer loop
      vertex -11.7287 2.36037 -0.599999
      vertex -11.6491 2.46419 -1.2
      vertex -11.6491 2.46419 -0.599999
    endloop
  endfacet
  facet normal 0.793589 -0.608454 0
    outer loop
      vertex -11.6491 2.46419 -1.2
      vertex -11.7287 2.36037 -0.599999
      vertex -11.7287 2.36037 -1.2
    endloop
  endfacet
  facet normal 0.843438 -0.537227 0
    outer loop
      vertex -11.799 2.25 -0.599999
      vertex -11.7287 2.36037 -1.2
      vertex -11.7287 2.36037 -0.599999
    endloop
  endfacet
  facet normal 0.843438 -0.537227 0
    outer loop
      vertex -11.7287 2.36037 -1.2
      vertex -11.799 2.25 -0.599999
      vertex -11.799 2.25 -1.2
    endloop
  endfacet
  facet normal 0.886767 -0.462216 0
    outer loop
      vertex -11.8595 2.13393 -0.599999
      vertex -11.799 2.25 -1.2
      vertex -11.799 2.25 -0.599999
    endloop
  endfacet
  facet normal 0.886767 -0.462216 0
    outer loop
      vertex -11.799 2.25 -1.2
      vertex -11.8595 2.13393 -0.599999
      vertex -11.8595 2.13393 -1.2
    endloop
  endfacet
  facet normal 0.924091 -0.382172 0
    outer loop
      vertex -11.9095 2.01303 -0.599999
      vertex -11.8595 2.13393 -1.2
      vertex -11.8595 2.13393 -0.599999
    endloop
  endfacet
  facet normal 0.924091 -0.382172 0
    outer loop
      vertex -11.8595 2.13393 -1.2
      vertex -11.9095 2.01303 -0.599999
      vertex -11.9095 2.01303 -1.2
    endloop
  endfacet
  facet normal 0.953606 -0.301058 0
    outer loop
      vertex -11.9489 1.88823 -0.599999
      vertex -11.9095 2.01303 -1.2
      vertex -11.9095 2.01303 -0.599999
    endloop
  endfacet
  facet normal 0.953606 -0.301058 0
    outer loop
      vertex -11.9095 2.01303 -1.2
      vertex -11.9489 1.88823 -0.599999
      vertex -11.9489 1.88823 -1.2
    endloop
  endfacet
  facet normal 0.976334 -0.216267 0
    outer loop
      vertex -11.9772 1.76047 -0.599999
      vertex -11.9489 1.88823 -1.2
      vertex -11.9489 1.88823 -0.599999
    endloop
  endfacet
  facet normal 0.976334 -0.216267 0
    outer loop
      vertex -11.9489 1.88823 -1.2
      vertex -11.9772 1.76047 -0.599999
      vertex -11.9772 1.76047 -1.2
    endloop
  endfacet
  facet normal 0.991424 -0.130682 0
    outer loop
      vertex -11.9943 1.63074 -0.599999
      vertex -11.9772 1.76047 -1.2
      vertex -11.9772 1.76047 -0.599999
    endloop
  endfacet
  facet normal 0.991424 -0.130682 0
    outer loop
      vertex -11.9772 1.76047 -1.2
      vertex -11.9943 1.63074 -0.599999
      vertex -11.9943 1.63074 -1.2
    endloop
  endfacet
  facet normal 0.999051 -0.0435566 0
    outer loop
      vertex -12 1.5 -0.599999
      vertex -11.9943 1.63074 -1.2
      vertex -11.9943 1.63074 -0.599999
    endloop
  endfacet
  facet normal 0.999051 -0.0435566 0
    outer loop
      vertex -11.9943 1.63074 -1.2
      vertex -12 1.5 -0.599999
      vertex -12 1.5 -1.2
    endloop
  endfacet
  facet normal 1 -0 0
    outer loop
      vertex -12 -5.5 -0.599999
      vertex -12 1.5 -1.2
      vertex -12 1.5 -0.599999
    endloop
  endfacet
  facet normal 1 0 0
    outer loop
      vertex -12 1.5 -1.2
      vertex -12 -5.5 -0.599999
      vertex -12 -5.5 -1.2
    endloop
  endfacet
  facet normal 0.999051 0.0435566 0
    outer loop
      vertex -11.9943 -5.63074 -0.599999
      vertex -12 -5.5 -1.2
      vertex -12 -5.5 -0.599999
    endloop
  endfacet
  facet normal 0.999051 0.0435566 0
    outer loop
      vertex -12 -5.5 -1.2
      vertex -11.9943 -5.63074 -0.599999
      vertex -11.9943 -5.63074 -1.2
    endloop
  endfacet
  facet normal 0.991424 0.130682 0
    outer loop
      vertex -11.9772 -5.76047 -0.599999
      vertex -11.9943 -5.63074 -1.2
      vertex -11.9943 -5.63074 -0.599999
    endloop
  endfacet
  facet normal 0.991424 0.130682 0
    outer loop
      vertex -11.9943 -5.63074 -1.2
      vertex -11.9772 -5.76047 -0.599999
      vertex -11.9772 -5.76047 -1.2
    endloop
  endfacet
  facet normal 0.976334 0.216267 0
    outer loop
      vertex -11.9489 -5.88823 -0.599999
      vertex -11.9772 -5.76047 -1.2
      vertex -11.9772 -5.76047 -0.599999
    endloop
  endfacet
  facet normal 0.976334 0.216267 0
    outer loop
      vertex -11.9772 -5.76047 -1.2
      vertex -11.9489 -5.88823 -0.599999
      vertex -11.9489 -5.88823 -1.2
    endloop
  endfacet
  facet normal 0.953606 0.301058 0
    outer loop
      vertex -11.9095 -6.01303 -0.599999
      vertex -11.9489 -5.88823 -1.2
      vertex -11.9489 -5.88823 -0.599999
    endloop
  endfacet
  facet normal 0.953606 0.301058 0
    outer loop
      vertex -11.9489 -5.88823 -1.2
      vertex -11.9095 -6.01303 -0.599999
      vertex -11.9095 -6.01303 -1.2
    endloop
  endfacet
  facet normal 0.924091 0.382172 0
    outer loop
      vertex -11.8595 -6.13393 -0.599999
      vertex -11.9095 -6.01303 -1.2
      vertex -11.9095 -6.01303 -0.599999
    endloop
  endfacet
  facet normal 0.924091 0.382172 0
    outer loop
      vertex -11.9095 -6.01303 -1.2
      vertex -11.8595 -6.13393 -0.599999
      vertex -11.8595 -6.13393 -1.2
    endloop
  endfacet
  facet normal 0.886767 0.462216 0
    outer loop
      vertex -11.799 -6.25 -0.599999
      vertex -11.8595 -6.13393 -1.2
      vertex -11.8595 -6.13393 -0.599999
    endloop
  endfacet
  facet normal 0.886767 0.462216 0
    outer loop
      vertex -11.8595 -6.13393 -1.2
      vertex -11.799 -6.25 -0.599999
      vertex -11.799 -6.25 -1.2
    endloop
  endfacet
  facet normal 0.843438 0.537227 0
    outer loop
      vertex -11.7287 -6.36037 -0.599999
      vertex -11.799 -6.25 -1.2
      vertex -11.799 -6.25 -0.599999
    endloop
  endfacet
  facet normal 0.843438 0.537227 0
    outer loop
      vertex -11.799 -6.25 -1.2
      vertex -11.7287 -6.36037 -0.599999
      vertex -11.7287 -6.36037 -1.2
    endloop
  endfacet
  facet normal 0.793589 0.608454 0
    outer loop
      vertex -11.6491 -6.46419 -0.599999
      vertex -11.7287 -6.36037 -1.2
      vertex -11.7287 -6.36037 -0.599999
    endloop
  endfacet
  facet normal 0.793589 0.608454 0
    outer loop
      vertex -11.7287 -6.36037 -1.2
      vertex -11.6491 -6.46419 -0.599999
      vertex -11.6491 -6.46419 -1.2
    endloop
  endfacet
  facet normal 0.737237 0.675635 0
    outer loop
      vertex -11.5607 -6.56065 -0.599999
      vertex -11.6491 -6.46419 -1.2
      vertex -11.6491 -6.46419 -0.599999
    endloop
  endfacet
  facet normal 0.737237 0.675635 0
    outer loop
      vertex -11.6491 -6.46419 -1.2
      vertex -11.5607 -6.56065 -0.599999
      vertex -11.5607 -6.56065 -1.2
    endloop
  endfacet
  facet normal 0.675524 0.737338 -0
    outer loop
      vertex -11.4642 -6.64906 -1.2
      vertex -11.5607 -6.56065 -0.599999
      vertex -11.4642 -6.64906 -0.599999
    endloop
  endfacet
  facet normal 0.675524 0.737338 0
    outer loop
      vertex -11.5607 -6.56065 -0.599999
      vertex -11.4642 -6.64906 -1.2
      vertex -11.5607 -6.56065 -1.2
    endloop
  endfacet
  facet normal 0.608865 0.793274 -0
    outer loop
      vertex -11.3604 -6.72873 -1.2
      vertex -11.4642 -6.64906 -0.599999
      vertex -11.3604 -6.72873 -0.599999
    endloop
  endfacet
  facet normal 0.608865 0.793274 0
    outer loop
      vertex -11.4642 -6.64906 -0.599999
      vertex -11.3604 -6.72873 -1.2
      vertex -11.4642 -6.64906 -1.2
    endloop
  endfacet
  facet normal 0.537177 0.84347 -0
    outer loop
      vertex -11.25 -6.79904 -1.2
      vertex -11.3604 -6.72873 -0.599999
      vertex -11.25 -6.79904 -0.599999
    endloop
  endfacet
  facet normal 0.537177 0.84347 0
    outer loop
      vertex -11.3604 -6.72873 -0.599999
      vertex -11.25 -6.79904 -1.2
      vertex -11.3604 -6.72873 -1.2
    endloop
  endfacet
  facet normal 0.461702 0.887035 -0
    outer loop
      vertex -11.1339 -6.85947 -1.2
      vertex -11.25 -6.79904 -0.599999
      vertex -11.1339 -6.85947 -0.599999
    endloop
  endfacet
  facet normal 0.461702 0.887035 0
    outer loop
      vertex -11.25 -6.79904 -0.599999
      vertex -11.1339 -6.85947 -1.2
      vertex -11.25 -6.79904 -1.2
    endloop
  endfacet
  facet normal 0.382694 0.923875 -0
    outer loop
      vertex -11.013 -6.90955 -1.2
      vertex -11.1339 -6.85947 -0.599999
      vertex -11.013 -6.90955 -0.599999
    endloop
  endfacet
  facet normal 0.382694 0.923875 0
    outer loop
      vertex -11.1339 -6.85947 -0.599999
      vertex -11.013 -6.90955 -1.2
      vertex -11.1339 -6.85947 -1.2
    endloop
  endfacet
  facet normal 0.300572 0.953759 -0
    outer loop
      vertex -10.8882 -6.94888 -1.2
      vertex -11.013 -6.90955 -0.599999
      vertex -10.8882 -6.94888 -0.599999
    endloop
  endfacet
  facet normal 0.300572 0.953759 0
    outer loop
      vertex -11.013 -6.90955 -0.599999
      vertex -10.8882 -6.94888 -1.2
      vertex -11.013 -6.90955 -1.2
    endloop
  endfacet
  facet normal 0.216655 0.976248 -0
    outer loop
      vertex -10.7605 -6.97722 -1.2
      vertex -10.8882 -6.94888 -0.599999
      vertex -10.7605 -6.97722 -0.599999
    endloop
  endfacet
  facet normal 0.216655 0.976248 0
    outer loop
      vertex -10.8882 -6.94888 -0.599999
      vertex -10.7605 -6.97722 -1.2
      vertex -10.8882 -6.94888 -1.2
    endloop
  endfacet
  facet normal 0.130387 0.991463 -0
    outer loop
      vertex -10.6307 -6.99429 -1.2
      vertex -10.7605 -6.97722 -0.599999
      vertex -10.6307 -6.99429 -0.599999
    endloop
  endfacet
  facet normal 0.130387 0.991463 0
    outer loop
      vertex -10.7605 -6.97722 -0.599999
      vertex -10.6307 -6.99429 -1.2
      vertex -10.7605 -6.97722 -1.2
    endloop
  endfacet
  facet normal 0.0436462 0.999047 -0
    outer loop
      vertex -10.5 -7 -1.2
      vertex -10.6307 -6.99429 -0.599999
      vertex -10.5 -7 -0.599999
    endloop
  endfacet
  facet normal 0.0436462 0.999047 0
    outer loop
      vertex -10.6307 -6.99429 -0.599999
      vertex -10.5 -7 -1.2
      vertex -10.6307 -6.99429 -1.2
    endloop
  endfacet
  facet normal 0 1 -0
    outer loop
      vertex -1.5 -7 -1.2
      vertex -10.5 -7 -0.599999
      vertex -1.5 -7 -0.599999
    endloop
  endfacet
  facet normal 0 1 0
    outer loop
      vertex -10.5 -7 -0.599999
      vertex -1.5 -7 -1.2
      vertex -10.5 -7 -1.2
    endloop
  endfacet
  facet normal -0.0436329 0.999048 0
    outer loop
      vertex -1.36926 -6.99429 -1.2
      vertex -1.5 -7 -0.599999
      vertex -1.36926 -6.99429 -0.599999
    endloop
  endfacet
  facet normal -0.0436329 0.999048 0
    outer loop
      vertex -1.5 -7 -0.599999
      vertex -1.36926 -6.99429 -1.2
      vertex -1.5 -7 -1.2
    endloop
  endfacet
  facet normal -1 0 0
    outer loop
      vertex -10.5 -5.5 -1.2
      vertex -10.5 1.5 -0.599999
      vertex -10.5 1.5 -1.2
    endloop
  endfacet
  facet normal -1 -0 0
    outer loop
      vertex -10.5 1.5 -0.599999
      vertex -10.5 -5.5 -1.2
      vertex -10.5 -5.5 -0.599999
    endloop
  endfacet
  facet normal 0 1 -0
    outer loop
      vertex -1.5 1.5 -1.2
      vertex -10.5 1.5 -0.599999
      vertex -1.5 1.5 -0.599999
    endloop
  endfacet
  facet normal 0 1 0
    outer loop
      vertex -10.5 1.5 -0.599999
      vertex -1.5 1.5 -1.2
      vertex -10.5 1.5 -1.2
    endloop
  endfacet
  facet normal 1 -0 0
    outer loop
      vertex -1.5 -5.5 -0.599999
      vertex -1.5 1.5 -1.2
      vertex -1.5 1.5 -0.599999
    endloop
  endfacet
  facet normal 1 0 0
    outer loop
      vertex -1.5 1.5 -1.2
      vertex -1.5 -5.5 -0.599999
      vertex -1.5 -5.5 -1.2
    endloop
  endfacet
  facet normal 0 -1 0
    outer loop
      vertex -10.5 -5.5 -1.2
      vertex -1.5 -5.5 -0.599999
      vertex -10.5 -5.5 -0.599999
    endloop
  endfacet
  facet normal 0 -1 -0
    outer loop
      vertex -1.5 -5.5 -0.599999
      vertex -10.5 -5.5 -1.2
      vertex -1.5 -5.5 -1.2
    endloop
  endfacet
  facet normal -1 0 0
    outer loop
      vertex -2 -5 -1.2
      vertex -2 1 0.5
      vertex -2 1 -1.2
    endloop
  endfacet
  facet normal -1 -0 0
    outer loop
      vertex -2 1 0.5
      vertex -2 -5 -1.2
      vertex -2 -5 0.5
    endloop
  endfacet
  facet normal 1 -0 0
    outer loop
      vertex -10 -5 0.5
      vertex -10 1 -1.2
      vertex -10 1 0.5
    endloop
  endfacet
  facet normal 1 0 0
    outer loop
      vertex -10 1 -1.2
      vertex -10 -5 0.5
      vertex -10 -5 -1.2
    endloop
  endfacet
  facet normal 0 1 -0
    outer loop
      vertex -2 -5 -1.2
      vertex -10 -5 0.5
      vertex -2 -5 0.5
    endloop
  endfacet
  facet normal 0 1 0
    outer loop
      vertex -10 -5 0.5
      vertex -2 -5 -1.2
      vertex -10 -5 -1.2
    endloop
  endfacet
  facet normal 0 -1 0
    outer loop
      vertex -10 1 -1.2
      vertex -2 1 0.5
      vertex -10 1 0.5
    endloop
  endfacet
  facet normal 0 -1 -0
    outer loop
      vertex -2 1 0.5
      vertex -10 1 -1.2
      vertex -2 1 -1.2
    endloop
  endfacet
  facet normal -1 0 0
    outer loop
      vertex 15 -6 -1.2
      vertex 15 2 -0.589999
      vertex 15 2 -1.2
    endloop
  endfacet
  facet normal -1 -0 0
    outer loop
      vertex 15 2 -0.589999
      vertex 15 -6 -1.2
      vertex 15 -6 -0.589999
    endloop
  endfacet
  facet normal 1 -0 0
    outer loop
      vertex 5 -6 -0.589999
      vertex 5 2 -1.2
      vertex 5 2 -0.589999
    endloop
  endfacet
  facet normal 1 0 0
    outer loop
      vertex 5 2 -1.2
      vertex 5 -6 -0.589999
      vertex 5 -6 -1.2
    endloop
  endfacet
  facet normal 0 1 -0
    outer loop
      vertex 15 -6 -1.2
      vertex 5 -6 -0.589999
      vertex 15 -6 -0.589999
    endloop
  endfacet
  facet normal 0 1 0
    outer loop
      vertex 5 -6 -0.589999
      vertex 15 -6 -1.2
      vertex 5 -6 -1.2
    endloop
  endfacet
  facet normal 0 -1 0
    outer loop
      vertex 5 2 -1.2
      vertex 15 2 -0.589999
      vertex 5 2 -0.589999
    endloop
  endfacet
  facet normal 0 -1 -0
    outer loop
      vertex 15 2 -0.589999
      vertex 5 2 -1.2
      vertex 15 2 -1.2
    endloop
  endfacet
  facet normal 0 0 -1
    outer loop
      vertex 5 -6 -0.589999
      vertex 15 2 -0.589999
      vertex 15 -6 -0.589999
    endloop
  endfacet
  facet normal -0 0 -1
    outer loop
      vertex 15 2 -0.589999
      vertex 5 -6 -0.589999
      vertex 5 2 -0.589999
    endloop
  endfacet
endsolid OpenSCAD_Model
