solid OpenSCAD_Model
  facet normal -1 0 0
    outer loop
      vertex 35.5 -6 0
      vertex 35.5 0 9
      vertex 35.5 0 0
    endloop
  endfacet
  facet normal -1 -0 0
    outer loop
      vertex 35.5 0 9
      vertex 35.5 -6 0
      vertex 35.5 -6 9
    endloop
  endfacet
  facet normal -0 0 1
    outer loop
      vertex 35.5 0 9
      vertex 69.5 -6 9
      vertex 69.5 0 9
    endloop
  endfacet
  facet normal 0 0 1
    outer loop
      vertex 69.5 -6 9
      vertex 35.5 0 9
      vertex 35.5 -6 9
    endloop
  endfacet
  facet normal 1 -0 0
    outer loop
      vertex 69.5 -6 9
      vertex 69.5 0 0
      vertex 69.5 0 9
    endloop
  endfacet
  facet normal 1 0 0
    outer loop
      vertex 69.5 0 0
      vertex 69.5 -6 9
      vertex 69.5 -6 0
    endloop
  endfacet
  facet normal 0 0 -1
    outer loop
      vertex 58.25 10.75 0
      vertex 57.75 11.25 0
      vertex 58.25 18.75 0
    endloop
  endfacet
  facet normal 0 0 -1
    outer loop
      vertex 58.25 10.75 0
      vertex 48.75 11.25 0
      vertex 57.75 11.25 0
    endloop
  endfacet
  facet normal -0 0 -1
    outer loop
      vertex 48.75 11.25 0
      vertex 48.25 10.75 0
      vertex 48.75 18.25 0
    endloop
  endfacet
  facet normal 0 0 -1
    outer loop
      vertex 48.25 10.75 0
      vertex 48.75 11.25 0
      vertex 58.25 10.75 0
    endloop
  endfacet
  facet normal 0 0 -1
    outer loop
      vertex 57.75 18.25 0
      vertex 58.25 18.75 0
      vertex 57.75 11.25 0
    endloop
  endfacet
  facet normal 0 0 -1
    outer loop
      vertex 48.75 18.25 0
      vertex 58.25 18.75 0
      vertex 57.75 18.25 0
    endloop
  endfacet
  facet normal 0 0 -1
    outer loop
      vertex 48.75 18.25 0
      vertex 48.25 18.75 0
      vertex 58.25 18.75 0
    endloop
  endfacet
  facet normal 0 0 -1
    outer loop
      vertex 48.25 18.75 0
      vertex 48.75 18.25 0
      vertex 48.25 10.75 0
    endloop
  endfacet
  facet normal -0 0 -1
    outer loop
      vertex 44.9022 21.0154 0
      vertex 0 3 0
      vertex 45.0179 21.25 0
    endloop
  endfacet
  facet normal 0 0 -1
    outer loop
      vertex 0 72 0
      vertex 45.0179 21.25 0
      vertex 0 3 0
    endloop
  endfacet
  facet normal 0 0 -1
    outer loop
      vertex 0 3 0
      vertex 3 0 0
      vertex 2.60843 0.0256653 0
    endloop
  endfacet
  facet normal 0 0 -1
    outer loop
      vertex 45.0179 21.25 0
      vertex 0 72 0
      vertex 35.5 75 0
    endloop
  endfacet
  facet normal 0 0 -1
    outer loop
      vertex 0 3 0
      vertex 2.60843 0.0256653 0
      vertex 2.22354 0.102219 0
    endloop
  endfacet
  facet normal -0 0 -1
    outer loop
      vertex 35.5 75 0
      vertex 0 72 0
      vertex 3 75 0
    endloop
  endfacet
  facet normal 0 0 -1
    outer loop
      vertex 0 3 0
      vertex 2.22354 0.102219 0
      vertex 1.85194 0.228363 0
    endloop
  endfacet
  facet normal 0 0 -1
    outer loop
      vertex 3 75 0
      vertex 0 72 0
      vertex 2.60843 74.9743 0
    endloop
  endfacet
  facet normal 0 0 -1
    outer loop
      vertex 0 3 0
      vertex 1.85194 0.228363 0
      vertex 1.5 0.401917 0
    endloop
  endfacet
  facet normal 0 0 -1
    outer loop
      vertex 2.60843 74.9743 0
      vertex 0 72 0
      vertex 2.22354 74.8978 0
    endloop
  endfacet
  facet normal 0 0 -1
    outer loop
      vertex 0 3 0
      vertex 1.5 0.401917 0
      vertex 1.17372 0.619934 0
    endloop
  endfacet
  facet normal 0 0 -1
    outer loop
      vertex 2.22354 74.8978 0
      vertex 0 72 0
      vertex 1.85194 74.7716 0
    endloop
  endfacet
  facet normal 0 0 -1
    outer loop
      vertex 0 3 0
      vertex 1.17372 0.619934 0
      vertex 0.878677 0.878677 0
    endloop
  endfacet
  facet normal 0 0 -1
    outer loop
      vertex 1.85194 74.7716 0
      vertex 0 72 0
      vertex 1.5 74.5981 0
    endloop
  endfacet
  facet normal 0 0 -1
    outer loop
      vertex 0 3 0
      vertex 0.878677 0.878677 0
      vertex 0.619934 1.17372 0
    endloop
  endfacet
  facet normal 0 0 -1
    outer loop
      vertex 1.5 74.5981 0
      vertex 0 72 0
      vertex 1.17372 74.3801 0
    endloop
  endfacet
  facet normal 0 0 -1
    outer loop
      vertex 0 3 0
      vertex 0.619934 1.17372 0
      vertex 0.401917 1.5 0
    endloop
  endfacet
  facet normal 0 0 -1
    outer loop
      vertex 1.17372 74.3801 0
      vertex 0 72 0
      vertex 0.878677 74.1213 0
    endloop
  endfacet
  facet normal 0 0 -1
    outer loop
      vertex 0 3 0
      vertex 0.401917 1.5 0
      vertex 0.228363 1.85194 0
    endloop
  endfacet
  facet normal 0 0 -1
    outer loop
      vertex 0.878677 74.1213 0
      vertex 0 72 0
      vertex 0.619934 73.8263 0
    endloop
  endfacet
  facet normal 0 0 -1
    outer loop
      vertex 0 3 0
      vertex 0.228363 1.85194 0
      vertex 0.102219 2.22354 0
    endloop
  endfacet
  facet normal 0 0 -1
    outer loop
      vertex 0.619934 73.8263 0
      vertex 0 72 0
      vertex 0.401917 73.5 0
    endloop
  endfacet
  facet normal 0 0 -1
    outer loop
      vertex 0 3 0
      vertex 0.102219 2.22354 0
      vertex 0.0256653 2.60843 0
    endloop
  endfacet
  facet normal 0 0 -1
    outer loop
      vertex 0.401917 73.5 0
      vertex 0 72 0
      vertex 0.228363 73.1481 0
    endloop
  endfacet
  facet normal 0 0 -1
    outer loop
      vertex 0.228363 73.1481 0
      vertex 0 72 0
      vertex 0.102219 72.7765 0
    endloop
  endfacet
  facet normal 0 0 -1
    outer loop
      vertex 0.102219 72.7765 0
      vertex 0 72 0
      vertex 0.0256653 72.3916 0
    endloop
  endfacet
  facet normal 0 0 -1
    outer loop
      vertex 59.75 7.25 0
      vertex 69.5 0 0
      vertex 69.5 -6 0
    endloop
  endfacet
  facet normal 0 0 -1
    outer loop
      vertex 61.6819 20.7676 0
      vertex 69.5 0 0
      vertex 61.7329 20.511 0
    endloop
  endfacet
  facet normal 0 0 -1
    outer loop
      vertex 69.5 0 0
      vertex 61.75 9.25 0
      vertex 61.75 20.25 0
    endloop
  endfacet
  facet normal 0 0 -1
    outer loop
      vertex 69.5 0 0
      vertex 61.7329 8.98895 0
      vertex 61.75 9.25 0
    endloop
  endfacet
  facet normal 0 0 -1
    outer loop
      vertex 69.5 0 0
      vertex 61.6819 8.73236 0
      vertex 61.7329 8.98895 0
    endloop
  endfacet
  facet normal 0 0 -1
    outer loop
      vertex 69.5 0 0
      vertex 61.5978 8.48463 0
      vertex 61.6819 8.73236 0
    endloop
  endfacet
  facet normal 0 0 -1
    outer loop
      vertex 69.5 0 0
      vertex 61.4821 8.25 0
      vertex 61.5978 8.48463 0
    endloop
  endfacet
  facet normal 0 0 -1
    outer loop
      vertex 69.5 0 0
      vertex 61.3367 8.03247 0
      vertex 61.4821 8.25 0
    endloop
  endfacet
  facet normal 0 0 -1
    outer loop
      vertex 69.5 0 0
      vertex 61.1642 7.83578 0
      vertex 61.3367 8.03247 0
    endloop
  endfacet
  facet normal 0 0 -1
    outer loop
      vertex 69.5 0 0
      vertex 60.9675 7.6633 0
      vertex 61.1642 7.83578 0
    endloop
  endfacet
  facet normal 0 0 -1
    outer loop
      vertex 69.5 0 0
      vertex 60.75 7.51794 0
      vertex 60.9675 7.6633 0
    endloop
  endfacet
  facet normal 0 0 -1
    outer loop
      vertex 69.5 0 0
      vertex 60.5154 7.40224 0
      vertex 60.75 7.51794 0
    endloop
  endfacet
  facet normal 0 0 -1
    outer loop
      vertex 69.5 0 0
      vertex 60.2676 7.31815 0
      vertex 60.5154 7.40224 0
    endloop
  endfacet
  facet normal 0 0 -1
    outer loop
      vertex 69.5 0 0
      vertex 60.011 7.26711 0
      vertex 60.2676 7.31815 0
    endloop
  endfacet
  facet normal 0 0 -1
    outer loop
      vertex 69.5 0 0
      vertex 59.75 7.25 0
      vertex 60.011 7.26711 0
    endloop
  endfacet
  facet normal 0 0 -1
    outer loop
      vertex 69.5 -6 0
      vertex 46.75 7.25 0
      vertex 59.75 7.25 0
    endloop
  endfacet
  facet normal 0 0 -1
    outer loop
      vertex 35.5 -6 0
      vertex 46.75 7.25 0
      vertex 69.5 -6 0
    endloop
  endfacet
  facet normal -0 0 -1
    outer loop
      vertex 46.75 7.25 0
      vertex 35.5 -6 0
      vertex 46.489 7.26711 0
    endloop
  endfacet
  facet normal 0 0 -1
    outer loop
      vertex 35.5 0 0
      vertex 46.489 7.26711 0
      vertex 35.5 -6 0
    endloop
  endfacet
  facet normal -0 0 -1
    outer loop
      vertex 46.489 7.26711 0
      vertex 35.5 0 0
      vertex 46.2324 7.31815 0
    endloop
  endfacet
  facet normal -0 0 -1
    outer loop
      vertex 44.7671 8.98895 0
      vertex 35.5 0 0
      vertex 44.75 9.25 0
    endloop
  endfacet
  facet normal -0 0 -1
    outer loop
      vertex 44.8181 8.73236 0
      vertex 35.5 0 0
      vertex 44.7671 8.98895 0
    endloop
  endfacet
  facet normal -0 0 -1
    outer loop
      vertex 44.9022 8.48463 0
      vertex 35.5 0 0
      vertex 44.8181 8.73236 0
    endloop
  endfacet
  facet normal -0 0 -1
    outer loop
      vertex 45.0179 8.25 0
      vertex 35.5 0 0
      vertex 44.9022 8.48463 0
    endloop
  endfacet
  facet normal -0 0 -1
    outer loop
      vertex 45.1633 8.03247 0
      vertex 35.5 0 0
      vertex 45.0179 8.25 0
    endloop
  endfacet
  facet normal -0 0 -1
    outer loop
      vertex 45.3358 7.83578 0
      vertex 35.5 0 0
      vertex 45.1633 8.03247 0
    endloop
  endfacet
  facet normal -0 0 -1
    outer loop
      vertex 45.5325 7.6633 0
      vertex 35.5 0 0
      vertex 45.3358 7.83578 0
    endloop
  endfacet
  facet normal -0 0 -1
    outer loop
      vertex 45.75 7.51794 0
      vertex 35.5 0 0
      vertex 45.5325 7.6633 0
    endloop
  endfacet
  facet normal -0 0 -1
    outer loop
      vertex 45.9846 7.40224 0
      vertex 35.5 0 0
      vertex 45.75 7.51794 0
    endloop
  endfacet
  facet normal -0 0 -1
    outer loop
      vertex 46.2324 7.31815 0
      vertex 35.5 0 0
      vertex 45.9846 7.40224 0
    endloop
  endfacet
  facet normal 0 0 -1
    outer loop
      vertex 69.5 0 0
      vertex 61.75 20.25 0
      vertex 61.7329 20.511 0
    endloop
  endfacet
  facet normal 0 0 -1
    outer loop
      vertex 69.5 0 0
      vertex 61.6819 20.7676 0
      vertex 69.5 75 0
    endloop
  endfacet
  facet normal 0 0 -1
    outer loop
      vertex 61.5978 21.0154 0
      vertex 69.5 75 0
      vertex 61.6819 20.7676 0
    endloop
  endfacet
  facet normal 0 0 -1
    outer loop
      vertex 61.4821 21.25 0
      vertex 69.5 75 0
      vertex 61.5978 21.0154 0
    endloop
  endfacet
  facet normal 0 0 -1
    outer loop
      vertex 61.3367 21.4675 0
      vertex 69.5 75 0
      vertex 61.4821 21.25 0
    endloop
  endfacet
  facet normal 0 0 -1
    outer loop
      vertex 61.1642 21.6642 0
      vertex 69.5 75 0
      vertex 61.3367 21.4675 0
    endloop
  endfacet
  facet normal 0 0 -1
    outer loop
      vertex 60.9675 21.8367 0
      vertex 69.5 75 0
      vertex 61.1642 21.6642 0
    endloop
  endfacet
  facet normal 0 0 -1
    outer loop
      vertex 60.75 21.9821 0
      vertex 69.5 75 0
      vertex 60.9675 21.8367 0
    endloop
  endfacet
  facet normal 0 0 -1
    outer loop
      vertex 60.5154 22.0978 0
      vertex 69.5 75 0
      vertex 60.75 21.9821 0
    endloop
  endfacet
  facet normal 0 0 -1
    outer loop
      vertex 60.2676 22.1819 0
      vertex 69.5 75 0
      vertex 60.5154 22.0978 0
    endloop
  endfacet
  facet normal 0 0 -1
    outer loop
      vertex 60.011 22.2329 0
      vertex 69.5 75 0
      vertex 60.2676 22.1819 0
    endloop
  endfacet
  facet normal 0 0 -1
    outer loop
      vertex 59.75 22.25 0
      vertex 69.5 75 0
      vertex 60.011 22.2329 0
    endloop
  endfacet
  facet normal 0 0 -1
    outer loop
      vertex 46.75 22.25 0
      vertex 69.5 75 0
      vertex 59.75 22.25 0
    endloop
  endfacet
  facet normal -0 0 -1
    outer loop
      vertex 69.5 75 0
      vertex 46.75 22.25 0
      vertex 35.5 75 0
    endloop
  endfacet
  facet normal 0 0 -1
    outer loop
      vertex 35.5 75 0
      vertex 46.75 22.25 0
      vertex 46.489 22.2329 0
    endloop
  endfacet
  facet normal 0 0 -1
    outer loop
      vertex 35.5 75 0
      vertex 46.489 22.2329 0
      vertex 46.2324 22.1819 0
    endloop
  endfacet
  facet normal 0 0 -1
    outer loop
      vertex 35.5 75 0
      vertex 46.2324 22.1819 0
      vertex 45.9846 22.0978 0
    endloop
  endfacet
  facet normal 0 0 -1
    outer loop
      vertex 35.5 75 0
      vertex 45.9846 22.0978 0
      vertex 45.75 21.9821 0
    endloop
  endfacet
  facet normal 0 0 -1
    outer loop
      vertex 35.5 75 0
      vertex 45.75 21.9821 0
      vertex 45.5325 21.8367 0
    endloop
  endfacet
  facet normal 0 0 -1
    outer loop
      vertex 35.5 75 0
      vertex 45.5325 21.8367 0
      vertex 45.3358 21.6642 0
    endloop
  endfacet
  facet normal 0 0 -1
    outer loop
      vertex 35.5 75 0
      vertex 45.3358 21.6642 0
      vertex 45.1633 21.4675 0
    endloop
  endfacet
  facet normal 0 0 -1
    outer loop
      vertex 35.5 75 0
      vertex 45.1633 21.4675 0
      vertex 45.0179 21.25 0
    endloop
  endfacet
  facet normal -0 0 -1
    outer loop
      vertex 44.8181 20.7676 0
      vertex 0 3 0
      vertex 44.9022 21.0154 0
    endloop
  endfacet
  facet normal -0 0 -1
    outer loop
      vertex 44.75 9.25 0
      vertex 35.5 0 0
      vertex 44.75 20.25 0
    endloop
  endfacet
  facet normal 0 0 -1
    outer loop
      vertex 0 3 0
      vertex 35.5 0 0
      vertex 3 0 0
    endloop
  endfacet
  facet normal 0 0 -1
    outer loop
      vertex 35.5 0 0
      vertex 0 3 0
      vertex 44.75 20.25 0
    endloop
  endfacet
  facet normal -0 0 -1
    outer loop
      vertex 44.75 20.25 0
      vertex 0 3 0
      vertex 44.7671 20.511 0
    endloop
  endfacet
  facet normal -0 0 -1
    outer loop
      vertex 44.7671 20.511 0
      vertex 0 3 0
      vertex 44.8181 20.7676 0
    endloop
  endfacet
  facet normal 0 0 -1
    outer loop
      vertex 69.5 75 0
      vertex 35.5 75 0
      vertex 69.5 81 0
    endloop
  endfacet
  facet normal -0 0 -1
    outer loop
      vertex 69.5 81 0
      vertex 35.5 75 0
      vertex 35.5 81 0
    endloop
  endfacet
  facet normal 0 0 -1
    outer loop
      vertex 102 0 0
      vertex 105 3 0
      vertex 104.974 2.60843 0
    endloop
  endfacet
  facet normal 0 0 -1
    outer loop
      vertex 105 3 0
      vertex 86.5 20.25 0
      vertex 105 72 0
    endloop
  endfacet
  facet normal 0 0 -1
    outer loop
      vertex 102 0 0
      vertex 104.974 2.60843 0
      vertex 104.898 2.22354 0
    endloop
  endfacet
  facet normal 0 0 -1
    outer loop
      vertex 69.5 75 0
      vertex 105 72 0
      vertex 86.5 20.25 0
    endloop
  endfacet
  facet normal 0 0 -1
    outer loop
      vertex 102 0 0
      vertex 104.898 2.22354 0
      vertex 104.772 1.85194 0
    endloop
  endfacet
  facet normal -0 -0 -1
    outer loop
      vertex 102 75 0
      vertex 105 72 0
      vertex 69.5 75 0
    endloop
  endfacet
  facet normal 0 0 -1
    outer loop
      vertex 102 0 0
      vertex 104.772 1.85194 0
      vertex 104.598 1.5 0
    endloop
  endfacet
  facet normal 0 0 -1
    outer loop
      vertex 105 72 0
      vertex 102 75 0
      vertex 104.974 72.3916 0
    endloop
  endfacet
  facet normal 0 0 -1
    outer loop
      vertex 102 0 0
      vertex 104.598 1.5 0
      vertex 104.38 1.17372 0
    endloop
  endfacet
  facet normal 0 0 -1
    outer loop
      vertex 104.898 72.7765 0
      vertex 102 75 0
      vertex 104.772 73.1481 0
    endloop
  endfacet
  facet normal 0 0 -1
    outer loop
      vertex 102 0 0
      vertex 104.38 1.17372 0
      vertex 104.121 0.878677 0
    endloop
  endfacet
  facet normal 0 0 -1
    outer loop
      vertex 104.772 73.1481 0
      vertex 102 75 0
      vertex 104.598 73.5 0
    endloop
  endfacet
  facet normal 0 0 -1
    outer loop
      vertex 102 0 0
      vertex 104.121 0.878677 0
      vertex 103.826 0.619934 0
    endloop
  endfacet
  facet normal 0 0 -1
    outer loop
      vertex 104.598 73.5 0
      vertex 102 75 0
      vertex 104.38 73.8263 0
    endloop
  endfacet
  facet normal 0 0 -1
    outer loop
      vertex 102 0 0
      vertex 103.826 0.619934 0
      vertex 103.5 0.401917 0
    endloop
  endfacet
  facet normal 0 0 -1
    outer loop
      vertex 104.38 73.8263 0
      vertex 102 75 0
      vertex 104.121 74.1213 0
    endloop
  endfacet
  facet normal 0 0 -1
    outer loop
      vertex 102 0 0
      vertex 103.5 0.401917 0
      vertex 103.148 0.228363 0
    endloop
  endfacet
  facet normal 0 0 -1
    outer loop
      vertex 104.121 74.1213 0
      vertex 102 75 0
      vertex 103.826 74.3801 0
    endloop
  endfacet
  facet normal 0 0 -1
    outer loop
      vertex 102 0 0
      vertex 103.148 0.228363 0
      vertex 102.776 0.102219 0
    endloop
  endfacet
  facet normal 0 0 -1
    outer loop
      vertex 103.826 74.3801 0
      vertex 102 75 0
      vertex 103.5 74.5981 0
    endloop
  endfacet
  facet normal 0 0 -1
    outer loop
      vertex 102 0 0
      vertex 102.776 0.102219 0
      vertex 102.392 0.0256653 0
    endloop
  endfacet
  facet normal 0 0 -1
    outer loop
      vertex 103.5 74.5981 0
      vertex 102 75 0
      vertex 103.148 74.7716 0
    endloop
  endfacet
  facet normal -0 0 -1
    outer loop
      vertex 105 3 0
      vertex 102 0 0
      vertex 86.5 10.25 0
    endloop
  endfacet
  facet normal 0 0 -1
    outer loop
      vertex 103.148 74.7716 0
      vertex 102 75 0
      vertex 102.776 74.8978 0
    endloop
  endfacet
  facet normal 0 0 -1
    outer loop
      vertex 105 3 0
      vertex 86.5 10.25 0
      vertex 86.5 20.25 0
    endloop
  endfacet
  facet normal 0 0 -1
    outer loop
      vertex 69.5 0 0
      vertex 86.5 10.25 0
      vertex 102 0 0
    endloop
  endfacet
  facet normal -0 0 -1
    outer loop
      vertex 72.5 10.25 0
      vertex 69.5 0 0
      vertex 72.5 20.25 0
    endloop
  endfacet
  facet normal -0 0 -1
    outer loop
      vertex 86.5 10.25 0
      vertex 69.5 0 0
      vertex 72.5 10.25 0
    endloop
  endfacet
  facet normal 0 0 -1
    outer loop
      vertex 102.776 74.8978 0
      vertex 102 75 0
      vertex 102.392 74.9743 0
    endloop
  endfacet
  facet normal 0 0 -1
    outer loop
      vertex 69.5 75 0
      vertex 86.5 20.25 0
      vertex 72.5 20.25 0
    endloop
  endfacet
  facet normal 0 0 -1
    outer loop
      vertex 104.974 72.3916 0
      vertex 102 75 0
      vertex 104.898 72.7765 0
    endloop
  endfacet
  facet normal 0 0 -1
    outer loop
      vertex 69.5 75 0
      vertex 72.5 20.25 0
      vertex 69.5 0 0
    endloop
  endfacet
  facet normal 0 -1 0
    outer loop
      vertex 35.5 -6 9
      vertex 39.5 -6 6.5
      vertex 69.5 -6 9
    endloop
  endfacet
  facet normal 0 -1 0
    outer loop
      vertex 35.5 -6 9
      vertex 39.5 -6 2.5
      vertex 39.5 -6 6.5
    endloop
  endfacet
  facet normal 0 -1 -0
    outer loop
      vertex 39.5 -6 2.5
      vertex 35.5 -6 0
      vertex 65.5 -6 2.5
    endloop
  endfacet
  facet normal 0 -1 0
    outer loop
      vertex 35.5 -6 0
      vertex 39.5 -6 2.5
      vertex 35.5 -6 9
    endloop
  endfacet
  facet normal 0 -1 0
    outer loop
      vertex 65.5 -6 6.5
      vertex 69.5 -6 9
      vertex 39.5 -6 6.5
    endloop
  endfacet
  facet normal 0 -1 0
    outer loop
      vertex 65.5 -6 2.5
      vertex 69.5 -6 9
      vertex 65.5 -6 6.5
    endloop
  endfacet
  facet normal 0 -1 0
    outer loop
      vertex 65.5 -6 2.5
      vertex 69.5 -6 0
      vertex 69.5 -6 9
    endloop
  endfacet
  facet normal 0 -1 0
    outer loop
      vertex 69.5 -6 0
      vertex 65.5 -6 2.5
      vertex 35.5 -6 0
    endloop
  endfacet
  facet normal 0 -1 0
    outer loop
      vertex 3 0 22
      vertex 35.5 0 9
      vertex 102 0 22
    endloop
  endfacet
  facet normal 0 -1 0
    outer loop
      vertex 3 0 0
      vertex 35.5 0 9
      vertex 3 0 22
    endloop
  endfacet
  facet normal 0 -1 -0
    outer loop
      vertex 35.5 0 9
      vertex 3 0 0
      vertex 35.5 0 0
    endloop
  endfacet
  facet normal 0 -1 0
    outer loop
      vertex 69.5 0 9
      vertex 102 0 22
      vertex 35.5 0 9
    endloop
  endfacet
  facet normal 0 -1 0
    outer loop
      vertex 102 0 0
      vertex 69.5 0 9
      vertex 69.5 0 0
    endloop
  endfacet
  facet normal 0 -1 0
    outer loop
      vertex 69.5 0 9
      vertex 102 0 0
      vertex 102 0 22
    endloop
  endfacet
  facet normal 1 -0 0
    outer loop
      vertex 39.5 -6 6.5
      vertex 39.5 -2.5 2.5
      vertex 39.5 -2.5 6.5
    endloop
  endfacet
  facet normal 1 0 0
    outer loop
      vertex 39.5 -2.5 2.5
      vertex 39.5 -6 6.5
      vertex 39.5 -6 2.5
    endloop
  endfacet
  facet normal 0 0 -1
    outer loop
      vertex 39.5 -6 6.5
      vertex 65.5 -2.5 6.5
      vertex 65.5 -6 6.5
    endloop
  endfacet
  facet normal -0 0 -1
    outer loop
      vertex 65.5 -2.5 6.5
      vertex 39.5 -6 6.5
      vertex 39.5 -2.5 6.5
    endloop
  endfacet
  facet normal -1 0 0
    outer loop
      vertex 65.5 -6 2.5
      vertex 65.5 -2.5 6.5
      vertex 65.5 -2.5 2.5
    endloop
  endfacet
  facet normal -1 -0 0
    outer loop
      vertex 65.5 -2.5 6.5
      vertex 65.5 -6 2.5
      vertex 65.5 -6 6.5
    endloop
  endfacet
  facet normal 0 -1 0
    outer loop
      vertex 39.5 -2.5 2.5
      vertex 65.5 -2.5 6.5
      vertex 39.5 -2.5 6.5
    endloop
  endfacet
  facet normal 0 -1 -0
    outer loop
      vertex 65.5 -2.5 6.5
      vertex 39.5 -2.5 2.5
      vertex 65.5 -2.5 2.5
    endloop
  endfacet
  facet normal -0 0 1
    outer loop
      vertex 39.5 -2.5 2.5
      vertex 65.5 -6 2.5
      vertex 65.5 -2.5 2.5
    endloop
  endfacet
  facet normal 0 0 1
    outer loop
      vertex 65.5 -6 2.5
      vertex 39.5 -2.5 2.5
      vertex 39.5 -6 2.5
    endloop
  endfacet
  facet normal -1 0 0
    outer loop
      vertex 35.5 75 0
      vertex 35.5 81 9
      vertex 35.5 81 0
    endloop
  endfacet
  facet normal -1 -0 0
    outer loop
      vertex 35.5 81 9
      vertex 35.5 75 0
      vertex 35.5 75 9
    endloop
  endfacet
  facet normal -0 0 1
    outer loop
      vertex 35.5 81 9
      vertex 69.5 75 9
      vertex 69.5 81 9
    endloop
  endfacet
  facet normal 0 0 1
    outer loop
      vertex 69.5 75 9
      vertex 35.5 81 9
      vertex 35.5 75 9
    endloop
  endfacet
  facet normal 1 -0 0
    outer loop
      vertex 69.5 75 9
      vertex 69.5 81 0
      vertex 69.5 81 9
    endloop
  endfacet
  facet normal 1 0 0
    outer loop
      vertex 69.5 81 0
      vertex 69.5 75 9
      vertex 69.5 75 0
    endloop
  endfacet
  facet normal 0 1 0
    outer loop
      vertex 102 75 22
      vertex 69.5 75 9
      vertex 3 75 22
    endloop
  endfacet
  facet normal 0 1 -0
    outer loop
      vertex 102 75 0
      vertex 69.5 75 9
      vertex 102 75 22
    endloop
  endfacet
  facet normal 0 1 0
    outer loop
      vertex 69.5 75 9
      vertex 102 75 0
      vertex 69.5 75 0
    endloop
  endfacet
  facet normal 0 1 -0
    outer loop
      vertex 35.5 75 9
      vertex 3 75 22
      vertex 69.5 75 9
    endloop
  endfacet
  facet normal 0 1 0
    outer loop
      vertex 3 75 0
      vertex 35.5 75 9
      vertex 35.5 75 0
    endloop
  endfacet
  facet normal 0 1 0
    outer loop
      vertex 35.5 75 9
      vertex 3 75 0
      vertex 3 75 22
    endloop
  endfacet
  facet normal 0 1 -0
    outer loop
      vertex 65.5 75 2.5
      vertex 39.5 75 6.5
      vertex 65.5 75 6.5
    endloop
  endfacet
  facet normal 0 1 0
    outer loop
      vertex 39.5 75 6.5
      vertex 65.5 75 2.5
      vertex 39.5 75 2.5
    endloop
  endfacet
  facet normal 0 1 -0
    outer loop
      vertex 69.5 81 0
      vertex 35.5 81 9
      vertex 69.5 81 9
    endloop
  endfacet
  facet normal 0 1 0
    outer loop
      vertex 35.5 81 9
      vertex 69.5 81 0
      vertex 35.5 81 0
    endloop
  endfacet
  facet normal 1 -0 0
    outer loop
      vertex 39.5 75 6.5
      vertex 39.5 78.5 2.5
      vertex 39.5 78.5 6.5
    endloop
  endfacet
  facet normal 1 0 0
    outer loop
      vertex 39.5 78.5 2.5
      vertex 39.5 75 6.5
      vertex 39.5 75 2.5
    endloop
  endfacet
  facet normal 0 0 -1
    outer loop
      vertex 39.5 75 6.5
      vertex 65.5 78.5 6.5
      vertex 65.5 75 6.5
    endloop
  endfacet
  facet normal -0 0 -1
    outer loop
      vertex 65.5 78.5 6.5
      vertex 39.5 75 6.5
      vertex 39.5 78.5 6.5
    endloop
  endfacet
  facet normal -1 0 0
    outer loop
      vertex 65.5 75 2.5
      vertex 65.5 78.5 6.5
      vertex 65.5 78.5 2.5
    endloop
  endfacet
  facet normal -1 -0 0
    outer loop
      vertex 65.5 78.5 6.5
      vertex 65.5 75 2.5
      vertex 65.5 75 6.5
    endloop
  endfacet
  facet normal 0 -1 0
    outer loop
      vertex 39.5 78.5 2.5
      vertex 65.5 78.5 6.5
      vertex 39.5 78.5 6.5
    endloop
  endfacet
  facet normal 0 -1 -0
    outer loop
      vertex 65.5 78.5 6.5
      vertex 39.5 78.5 2.5
      vertex 65.5 78.5 2.5
    endloop
  endfacet
  facet normal -0 0 1
    outer loop
      vertex 39.5 78.5 2.5
      vertex 65.5 75 2.5
      vertex 65.5 78.5 2.5
    endloop
  endfacet
  facet normal 0 0 1
    outer loop
      vertex 65.5 75 2.5
      vertex 39.5 78.5 2.5
      vertex 39.5 75 2.5
    endloop
  endfacet
  facet normal 0.321136 -0.947033 0
    outer loop
      vertex 102.776 0.102219 0
      vertex 103.148 0.228363 22
      vertex 102.776 0.102219 22
    endloop
  endfacet
  facet normal 0.321136 -0.947033 0
    outer loop
      vertex 103.148 0.228363 22
      vertex 102.776 0.102219 0
      vertex 103.148 0.228363 0
    endloop
  endfacet
  facet normal 0.195511 -0.980701 0
    outer loop
      vertex 102.392 0.0256653 0
      vertex 102.776 0.102219 22
      vertex 102.392 0.0256653 22
    endloop
  endfacet
  facet normal 0.195511 -0.980701 0
    outer loop
      vertex 102.776 0.102219 22
      vertex 102.392 0.0256653 0
      vertex 102.776 0.102219 0
    endloop
  endfacet
  facet normal -1 0 0
    outer loop
      vertex 0 27 9
      vertex 0 72 0
      vertex 0 27 3
    endloop
  endfacet
  facet normal -1 0 0
    outer loop
      vertex 0 3 0
      vertex 0 27 3
      vertex 0 72 0
    endloop
  endfacet
  facet normal -1 -0 0
    outer loop
      vertex 0 17 3
      vertex 0 3 0
      vertex 0 17 9
    endloop
  endfacet
  facet normal -1 -0 0
    outer loop
      vertex 0 27 3
      vertex 0 3 0
      vertex 0 17 3
    endloop
  endfacet
  facet normal -1 0 0
    outer loop
      vertex 0 72 0
      vertex 0 27 9
      vertex 0 72 22
    endloop
  endfacet
  facet normal -1 0 0
    outer loop
      vertex 0 3 22
      vertex 0 27 9
      vertex 0 17 9
    endloop
  endfacet
  facet normal -1 0 0
    outer loop
      vertex 0 27 9
      vertex 0 3 22
      vertex 0 72 22
    endloop
  endfacet
  facet normal -1 0 0
    outer loop
      vertex 0 3 22
      vertex 0 17 9
      vertex 0 3 0
    endloop
  endfacet
  facet normal 0.0653328 -0.997864 0
    outer loop
      vertex 102 0 0
      vertex 102.392 0.0256653 22
      vertex 102 0 22
    endloop
  endfacet
  facet normal 0.0653328 -0.997864 0
    outer loop
      vertex 102.392 0.0256653 22
      vertex 102 0 0
      vertex 102.392 0.0256653 0
    endloop
  endfacet
  facet normal 0.555877 0.831265 -0
    outer loop
      vertex 103.826 74.3801 0
      vertex 103.5 74.5981 22
      vertex 103.826 74.3801 22
    endloop
  endfacet
  facet normal 0.555877 0.831265 0
    outer loop
      vertex 103.5 74.5981 22
      vertex 103.826 74.3801 0
      vertex 103.5 74.5981 0
    endloop
  endfacet
  facet normal -0.0654923 0.997853 0
    outer loop
      vertex 3 75 0
      vertex 2.60843 74.9743 22
      vertex 3 75 22
    endloop
  endfacet
  facet normal -0.0654923 0.997853 0
    outer loop
      vertex 2.60843 74.9743 22
      vertex 3 75 0
      vertex 2.60843 74.9743 0
    endloop
  endfacet
  facet normal 1 0 0
    outer loop
      vertex 105 72 22
      vertex 105 43.75 9
      vertex 105 72 0
    endloop
  endfacet
  facet normal 1 0 0
    outer loop
      vertex 105 72 22
      vertex 105 31.75 9
      vertex 105 43.75 9
    endloop
  endfacet
  facet normal 1 0 0
    outer loop
      vertex 105 3 0
      vertex 105 31.75 9
      vertex 105 3 22
    endloop
  endfacet
  facet normal 1 -0 0
    outer loop
      vertex 105 3 22
      vertex 105 31.75 9
      vertex 105 72 22
    endloop
  endfacet
  facet normal 1 -0 0
    outer loop
      vertex 105 43.75 3
      vertex 105 72 0
      vertex 105 43.75 9
    endloop
  endfacet
  facet normal 1 -0 0
    outer loop
      vertex 105 31.75 3
      vertex 105 72 0
      vertex 105 43.75 3
    endloop
  endfacet
  facet normal 1 0 0
    outer loop
      vertex 105 31.75 3
      vertex 105 3 0
      vertex 105 72 0
    endloop
  endfacet
  facet normal 1 0 0
    outer loop
      vertex 105 31.75 9
      vertex 105 3 0
      vertex 105 31.75 3
    endloop
  endfacet
  facet normal 0.831485 -0.555547 0
    outer loop
      vertex 104.38 1.17372 22
      vertex 104.598 1.5 0
      vertex 104.598 1.5 22
    endloop
  endfacet
  facet normal 0.831485 -0.555547 0
    outer loop
      vertex 104.598 1.5 0
      vertex 104.38 1.17372 22
      vertex 104.38 1.17372 0
    endloop
  endfacet
  facet normal 0 0 1
    outer loop
      vertex 102.5 72.5 22
      vertex 105 72 22
      vertex 104.974 72.3916 22
    endloop
  endfacet
  facet normal 0 0 1
    outer loop
      vertex 105 72 22
      vertex 102.5 72.5 22
      vertex 105 3 22
    endloop
  endfacet
  facet normal -0 0 1
    outer loop
      vertex 102.5 72.5 22
      vertex 104.974 72.3916 22
      vertex 104.898 72.7765 22
    endloop
  endfacet
  facet normal 0 0 1
    outer loop
      vertex 102.5 2.5 22
      vertex 105 3 22
      vertex 102.5 72.5 22
    endloop
  endfacet
  facet normal 0 0 1
    outer loop
      vertex 102.5 72.5 22
      vertex 104.898 72.7765 22
      vertex 104.772 73.1481 22
    endloop
  endfacet
  facet normal 0 0 1
    outer loop
      vertex 105 3 22
      vertex 102.5 2.5 22
      vertex 104.974 2.60843 22
    endloop
  endfacet
  facet normal 0 0 1
    outer loop
      vertex 102.5 72.5 22
      vertex 104.772 73.1481 22
      vertex 104.598 73.5 22
    endloop
  endfacet
  facet normal 0 0 1
    outer loop
      vertex 104.974 2.60843 22
      vertex 102.5 2.5 22
      vertex 104.898 2.22354 22
    endloop
  endfacet
  facet normal 0 0 1
    outer loop
      vertex 102.5 72.5 22
      vertex 104.598 73.5 22
      vertex 104.38 73.8263 22
    endloop
  endfacet
  facet normal 0 0 1
    outer loop
      vertex 104.898 2.22354 22
      vertex 102.5 2.5 22
      vertex 104.772 1.85194 22
    endloop
  endfacet
  facet normal 0 0 1
    outer loop
      vertex 102.5 72.5 22
      vertex 104.38 73.8263 22
      vertex 104.121 74.1213 22
    endloop
  endfacet
  facet normal 0 0 1
    outer loop
      vertex 104.772 1.85194 22
      vertex 102.5 2.5 22
      vertex 104.598 1.5 22
    endloop
  endfacet
  facet normal 0 0 1
    outer loop
      vertex 102.5 72.5 22
      vertex 104.121 74.1213 22
      vertex 103.826 74.3801 22
    endloop
  endfacet
  facet normal 0 0 1
    outer loop
      vertex 104.598 1.5 22
      vertex 102.5 2.5 22
      vertex 104.38 1.17372 22
    endloop
  endfacet
  facet normal 0 0 1
    outer loop
      vertex 102.5 72.5 22
      vertex 103.826 74.3801 22
      vertex 103.5 74.5981 22
    endloop
  endfacet
  facet normal 0 0 1
    outer loop
      vertex 104.38 1.17372 22
      vertex 102.5 2.5 22
      vertex 104.121 0.878677 22
    endloop
  endfacet
  facet normal 0 0 1
    outer loop
      vertex 102.5 72.5 22
      vertex 103.5 74.5981 22
      vertex 103.148 74.7716 22
    endloop
  endfacet
  facet normal 0 0 1
    outer loop
      vertex 104.121 0.878677 22
      vertex 102.5 2.5 22
      vertex 103.826 0.619934 22
    endloop
  endfacet
  facet normal 0 0 1
    outer loop
      vertex 102.5 72.5 22
      vertex 103.148 74.7716 22
      vertex 102.776 74.8978 22
    endloop
  endfacet
  facet normal 0 0 1
    outer loop
      vertex 103.826 0.619934 22
      vertex 102.5 2.5 22
      vertex 103.5 0.401917 22
    endloop
  endfacet
  facet normal 0 0 1
    outer loop
      vertex 103.5 0.401917 22
      vertex 102.5 2.5 22
      vertex 103.148 0.228363 22
    endloop
  endfacet
  facet normal 0 0 1
    outer loop
      vertex 102.392 74.9743 22
      vertex 102.5 72.5 22
      vertex 102.776 74.8978 22
    endloop
  endfacet
  facet normal 0 0 1
    outer loop
      vertex 102 75 22
      vertex 102.5 72.5 22
      vertex 102.392 74.9743 22
    endloop
  endfacet
  facet normal -0 0 1
    outer loop
      vertex 3 75 22
      vertex 102.5 72.5 22
      vertex 102 75 22
    endloop
  endfacet
  facet normal 0 0 1
    outer loop
      vertex 2.5 72.5 22
      vertex 3 75 22
      vertex 2.60843 74.9743 22
    endloop
  endfacet
  facet normal 0 0 1
    outer loop
      vertex 3 75 22
      vertex 2.5 72.5 22
      vertex 102.5 72.5 22
    endloop
  endfacet
  facet normal -0 0 1
    outer loop
      vertex 1.85194 74.7716 22
      vertex 2.5 72.5 22
      vertex 2.22354 74.8978 22
    endloop
  endfacet
  facet normal -0 0 1
    outer loop
      vertex 2.22354 74.8978 22
      vertex 2.5 72.5 22
      vertex 2.60843 74.9743 22
    endloop
  endfacet
  facet normal 0 0 1
    outer loop
      vertex 103.148 0.228363 22
      vertex 102.5 2.5 22
      vertex 102.776 0.102219 22
    endloop
  endfacet
  facet normal 0 0 1
    outer loop
      vertex 102.5 2.5 22
      vertex 102.392 0.0256653 22
      vertex 102.776 0.102219 22
    endloop
  endfacet
  facet normal 0 0 1
    outer loop
      vertex 102.5 2.5 22
      vertex 102 0 22
      vertex 102.392 0.0256653 22
    endloop
  endfacet
  facet normal 0 0 1
    outer loop
      vertex 102.5 2.5 22
      vertex 3 0 22
      vertex 102 0 22
    endloop
  endfacet
  facet normal -0 0 1
    outer loop
      vertex 2.5 2.5 22
      vertex 3 0 22
      vertex 102.5 2.5 22
    endloop
  endfacet
  facet normal 0 0 1
    outer loop
      vertex 3 0 22
      vertex 2.5 2.5 22
      vertex 2.60843 0.0256653 22
    endloop
  endfacet
  facet normal 0 0 1
    outer loop
      vertex 2.5 2.5 22
      vertex 2.22354 0.102219 22
      vertex 2.60843 0.0256653 22
    endloop
  endfacet
  facet normal 0 0 1
    outer loop
      vertex 2.5 72.5 22
      vertex 0 72 22
      vertex 2.5 2.5 22
    endloop
  endfacet
  facet normal -0 0 1
    outer loop
      vertex 1.5 74.5981 22
      vertex 2.5 72.5 22
      vertex 1.85194 74.7716 22
    endloop
  endfacet
  facet normal -0 0 1
    outer loop
      vertex 0 3 22
      vertex 2.5 2.5 22
      vertex 0 72 22
    endloop
  endfacet
  facet normal -0 0 1
    outer loop
      vertex 1.17372 74.3801 22
      vertex 2.5 72.5 22
      vertex 1.5 74.5981 22
    endloop
  endfacet
  facet normal -0 -0 1
    outer loop
      vertex 0.0256653 2.60843 22
      vertex 2.5 2.5 22
      vertex 0 3 22
    endloop
  endfacet
  facet normal -0 0 1
    outer loop
      vertex 0.878677 74.1213 22
      vertex 2.5 72.5 22
      vertex 1.17372 74.3801 22
    endloop
  endfacet
  facet normal 0 0 1
    outer loop
      vertex 2.5 2.5 22
      vertex 1.85194 0.228363 22
      vertex 2.22354 0.102219 22
    endloop
  endfacet
  facet normal -0 0 1
    outer loop
      vertex 0.619934 73.8263 22
      vertex 2.5 72.5 22
      vertex 0.878677 74.1213 22
    endloop
  endfacet
  facet normal 0 0 1
    outer loop
      vertex 2.5 2.5 22
      vertex 1.5 0.401917 22
      vertex 1.85194 0.228363 22
    endloop
  endfacet
  facet normal -0 0 1
    outer loop
      vertex 0.401917 73.5 22
      vertex 2.5 72.5 22
      vertex 0.619934 73.8263 22
    endloop
  endfacet
  facet normal 0 0 1
    outer loop
      vertex 2.5 2.5 22
      vertex 1.17372 0.619934 22
      vertex 1.5 0.401917 22
    endloop
  endfacet
  facet normal -0 0 1
    outer loop
      vertex 0.228363 73.1481 22
      vertex 2.5 72.5 22
      vertex 0.401917 73.5 22
    endloop
  endfacet
  facet normal 0 0 1
    outer loop
      vertex 2.5 2.5 22
      vertex 0.878677 0.878677 22
      vertex 1.17372 0.619934 22
    endloop
  endfacet
  facet normal -0 0 1
    outer loop
      vertex 0.102219 72.7765 22
      vertex 2.5 72.5 22
      vertex 0.228363 73.1481 22
    endloop
  endfacet
  facet normal 0 0 1
    outer loop
      vertex 2.5 2.5 22
      vertex 0.619934 1.17372 22
      vertex 0.878677 0.878677 22
    endloop
  endfacet
  facet normal 0 0 1
    outer loop
      vertex 0.0256653 72.3916 22
      vertex 2.5 72.5 22
      vertex 0.102219 72.7765 22
    endloop
  endfacet
  facet normal 0 0 1
    outer loop
      vertex 2.5 2.5 22
      vertex 0.401917 1.5 22
      vertex 0.619934 1.17372 22
    endloop
  endfacet
  facet normal 0 0 1
    outer loop
      vertex 2.5 72.5 22
      vertex 0.0256653 72.3916 22
      vertex 0 72 22
    endloop
  endfacet
  facet normal 0 0 1
    outer loop
      vertex 2.5 2.5 22
      vertex 0.228363 1.85194 22
      vertex 0.401917 1.5 22
    endloop
  endfacet
  facet normal 0 0 1
    outer loop
      vertex 2.5 2.5 22
      vertex 0.102219 2.22354 22
      vertex 0.228363 1.85194 22
    endloop
  endfacet
  facet normal 0 0 1
    outer loop
      vertex 2.5 2.5 22
      vertex 0.0256653 2.60843 22
      vertex 0.102219 2.22354 22
    endloop
  endfacet
  facet normal -0.555577 -0.831465 0
    outer loop
      vertex 1.17372 0.619934 0
      vertex 1.5 0.401917 22
      vertex 1.17372 0.619934 22
    endloop
  endfacet
  facet normal -0.555577 -0.831465 -0
    outer loop
      vertex 1.5 0.401917 22
      vertex 1.17372 0.619934 0
      vertex 1.5 0.401917 0
    endloop
  endfacet
  facet normal -0.321446 -0.946928 0
    outer loop
      vertex 1.85194 0.228363 0
      vertex 2.22354 0.102219 22
      vertex 1.85194 0.228363 22
    endloop
  endfacet
  facet normal -0.321446 -0.946928 -0
    outer loop
      vertex 2.22354 0.102219 22
      vertex 1.85194 0.228363 0
      vertex 2.22354 0.102219 0
    endloop
  endfacet
  facet normal -0.195076 -0.980788 0
    outer loop
      vertex 2.22354 0.102219 0
      vertex 2.60843 0.0256653 22
      vertex 2.22354 0.102219 22
    endloop
  endfacet
  facet normal -0.195076 -0.980788 -0
    outer loop
      vertex 2.60843 0.0256653 22
      vertex 2.22354 0.102219 0
      vertex 2.60843 0.0256653 0
    endloop
  endfacet
  facet normal -0.194945 0.980814 0
    outer loop
      vertex 2.60843 74.9743 0
      vertex 2.22354 74.8978 22
      vertex 2.60843 74.9743 22
    endloop
  endfacet
  facet normal -0.194945 0.980814 0
    outer loop
      vertex 2.22354 74.8978 22
      vertex 2.60843 74.9743 0
      vertex 2.22354 74.8978 0
    endloop
  endfacet
  facet normal 0.321264 0.94699 -0
    outer loop
      vertex 103.148 74.7716 0
      vertex 102.776 74.8978 22
      vertex 103.148 74.7716 22
    endloop
  endfacet
  facet normal 0.321264 0.94699 0
    outer loop
      vertex 102.776 74.8978 22
      vertex 103.148 74.7716 0
      vertex 102.776 74.8978 0
    endloop
  endfacet
  facet normal 0.0654208 0.997858 -0
    outer loop
      vertex 102.392 74.9743 0
      vertex 102 75 22
      vertex 102.392 74.9743 22
    endloop
  endfacet
  facet normal 0.0654208 0.997858 0
    outer loop
      vertex 102 75 22
      vertex 102.392 74.9743 0
      vertex 102 75 0
    endloop
  endfacet
  facet normal 0.195379 0.980728 -0
    outer loop
      vertex 102.776 74.8978 0
      vertex 102.392 74.9743 22
      vertex 102.776 74.8978 22
    endloop
  endfacet
  facet normal 0.195379 0.980728 0
    outer loop
      vertex 102.392 74.9743 22
      vertex 102.776 74.8978 0
      vertex 102.392 74.9743 0
    endloop
  endfacet
  facet normal -0.321574 0.946885 0
    outer loop
      vertex 2.22354 74.8978 0
      vertex 1.85194 74.7716 22
      vertex 2.22354 74.8978 22
    endloop
  endfacet
  facet normal -0.321574 0.946885 0
    outer loop
      vertex 1.85194 74.7716 22
      vertex 2.22354 74.8978 0
      vertex 1.85194 74.7716 0
    endloop
  endfacet
  facet normal -0.997859 0.0653993 0
    outer loop
      vertex 0 72 0
      vertex 0.0256653 72.3916 22
      vertex 0.0256653 72.3916 0
    endloop
  endfacet
  facet normal -0.997859 0.0653993 0
    outer loop
      vertex 0.0256653 72.3916 22
      vertex 0 72 0
      vertex 0 72 22
    endloop
  endfacet
  facet normal -0.896876 -0.442281 0
    outer loop
      vertex 0.401917 1.5 0
      vertex 0.228363 1.85194 22
      vertex 0.228363 1.85194 0
    endloop
  endfacet
  facet normal -0.896876 -0.442281 0
    outer loop
      vertex 0.228363 1.85194 22
      vertex 0.401917 1.5 0
      vertex 0.401917 1.5 22
    endloop
  endfacet
  facet normal -0.442281 -0.896876 0
    outer loop
      vertex 1.5 0.401917 0
      vertex 1.85194 0.228363 22
      vertex 1.5 0.401917 22
    endloop
  endfacet
  facet normal -0.442281 -0.896876 -0
    outer loop
      vertex 1.85194 0.228363 22
      vertex 1.5 0.401917 0
      vertex 1.85194 0.228363 0
    endloop
  endfacet
  facet normal -0.0654043 -0.997859 0
    outer loop
      vertex 2.60843 0.0256653 0
      vertex 3 0 22
      vertex 2.60843 0.0256653 22
    endloop
  endfacet
  facet normal -0.0654043 -0.997859 -0
    outer loop
      vertex 3 0 22
      vertex 2.60843 0.0256653 0
      vertex 3 0 0
    endloop
  endfacet
  facet normal 0.44211 0.896961 -0
    outer loop
      vertex 103.5 74.5981 0
      vertex 103.148 74.7716 22
      vertex 103.5 74.5981 22
    endloop
  endfacet
  facet normal 0.44211 0.896961 0
    outer loop
      vertex 103.148 74.7716 22
      vertex 103.5 74.5981 0
      vertex 103.148 74.7716 0
    endloop
  endfacet
  facet normal 0.896425 -0.443195 0
    outer loop
      vertex 104.598 1.5 22
      vertex 104.772 1.85194 0
      vertex 104.772 1.85194 22
    endloop
  endfacet
  facet normal 0.896425 -0.443195 0
    outer loop
      vertex 104.772 1.85194 0
      vertex 104.598 1.5 22
      vertex 104.598 1.5 0
    endloop
  endfacet
  facet normal 0.981057 -0.193719 0
    outer loop
      vertex 104.898 2.22354 22
      vertex 104.974 2.60843 0
      vertex 104.974 2.60843 22
    endloop
  endfacet
  facet normal 0.981057 -0.193719 0
    outer loop
      vertex 104.974 2.60843 0
      vertex 104.898 2.22354 22
      vertex 104.898 2.22354 0
    endloop
  endfacet
  facet normal 0.751519 -0.659712 0
    outer loop
      vertex 104.121 0.878677 22
      vertex 104.38 1.17372 0
      vertex 104.38 1.17372 22
    endloop
  endfacet
  facet normal 0.751519 -0.659712 0
    outer loop
      vertex 104.38 1.17372 0
      vertex 104.121 0.878677 22
      vertex 104.121 0.878677 0
    endloop
  endfacet
  facet normal 0.442221 -0.896906 0
    outer loop
      vertex 103.148 0.228363 0
      vertex 103.5 0.401917 22
      vertex 103.148 0.228363 22
    endloop
  endfacet
  facet normal 0.442221 -0.896906 0
    outer loop
      vertex 103.5 0.401917 22
      vertex 103.148 0.228363 0
      vertex 103.5 0.401917 0
    endloop
  endfacet
  facet normal 0.896405 0.443235 0
    outer loop
      vertex 104.772 73.1481 22
      vertex 104.598 73.5 0
      vertex 104.598 73.5 22
    endloop
  endfacet
  facet normal 0.896405 0.443235 0
    outer loop
      vertex 104.598 73.5 0
      vertex 104.772 73.1481 22
      vertex 104.772 73.1481 0
    endloop
  endfacet
  facet normal 0.981058 0.193714 0
    outer loop
      vertex 104.974 72.3916 22
      vertex 104.898 72.7765 0
      vertex 104.898 72.7765 22
    endloop
  endfacet
  facet normal 0.981058 0.193714 0
    outer loop
      vertex 104.898 72.7765 0
      vertex 104.974 72.3916 22
      vertex 104.974 72.3916 0
    endloop
  endfacet
  facet normal 0.659478 0.751724 -0
    outer loop
      vertex 104.121 74.1213 0
      vertex 103.826 74.3801 22
      vertex 104.121 74.1213 22
    endloop
  endfacet
  facet normal 0.659478 0.751724 0
    outer loop
      vertex 103.826 74.3801 22
      vertex 104.121 74.1213 0
      vertex 103.826 74.3801 0
    endloop
  endfacet
  facet normal -0.751796 0.659396 0
    outer loop
      vertex 0.619934 73.8263 0
      vertex 0.878677 74.1213 22
      vertex 0.878677 74.1213 0
    endloop
  endfacet
  facet normal -0.751796 0.659396 0
    outer loop
      vertex 0.878677 74.1213 22
      vertex 0.619934 73.8263 0
      vertex 0.619934 73.8263 22
    endloop
  endfacet
  facet normal -0.831481 0.555553 0
    outer loop
      vertex 0.401917 73.5 0
      vertex 0.619934 73.8263 22
      vertex 0.619934 73.8263 0
    endloop
  endfacet
  facet normal -0.831481 0.555553 0
    outer loop
      vertex 0.619934 73.8263 22
      vertex 0.401917 73.5 0
      vertex 0.401917 73.5 22
    endloop
  endfacet
  facet normal -0.980789 0.195072 0
    outer loop
      vertex 0.0256653 72.3916 0
      vertex 0.102219 72.7765 22
      vertex 0.102219 72.7765 0
    endloop
  endfacet
  facet normal -0.980789 0.195072 0
    outer loop
      vertex 0.102219 72.7765 22
      vertex 0.0256653 72.3916 0
      vertex 0.0256653 72.3916 22
    endloop
  endfacet
  facet normal -0.997859 -0.0654043 0
    outer loop
      vertex 0.0256653 2.60843 0
      vertex 0 3 22
      vertex 0 3 0
    endloop
  endfacet
  facet normal -0.997859 -0.0654043 0
    outer loop
      vertex 0 3 22
      vertex 0.0256653 2.60843 0
      vertex 0.0256653 2.60843 22
    endloop
  endfacet
  facet normal -0.831465 -0.555577 0
    outer loop
      vertex 0.619934 1.17372 0
      vertex 0.401917 1.5 22
      vertex 0.401917 1.5 0
    endloop
  endfacet
  facet normal -0.831465 -0.555577 0
    outer loop
      vertex 0.401917 1.5 22
      vertex 0.619934 1.17372 0
      vertex 0.619934 1.17372 22
    endloop
  endfacet
  facet normal -0.659342 -0.751843 0
    outer loop
      vertex 0.878677 0.878677 0
      vertex 1.17372 0.619934 22
      vertex 0.878677 0.878677 22
    endloop
  endfacet
  facet normal -0.659342 -0.751843 -0
    outer loop
      vertex 1.17372 0.619934 22
      vertex 0.878677 0.878677 0
      vertex 1.17372 0.619934 0
    endloop
  endfacet
  facet normal -0.946928 -0.321446 0
    outer loop
      vertex 0.228363 1.85194 0
      vertex 0.102219 2.22354 22
      vertex 0.102219 2.22354 0
    endloop
  endfacet
  facet normal -0.946928 -0.321446 0
    outer loop
      vertex 0.102219 2.22354 22
      vertex 0.228363 1.85194 0
      vertex 0.228363 1.85194 22
    endloop
  endfacet
  facet normal 0.94704 -0.321117 0
    outer loop
      vertex 104.772 1.85194 22
      vertex 104.898 2.22354 0
      vertex 104.898 2.22354 22
    endloop
  endfacet
  facet normal 0.94704 -0.321117 0
    outer loop
      vertex 104.898 2.22354 0
      vertex 104.772 1.85194 22
      vertex 104.772 1.85194 0
    endloop
  endfacet
  facet normal 0.997803 -0.0662535 0
    outer loop
      vertex 104.974 2.60843 22
      vertex 105 3 0
      vertex 105 3 22
    endloop
  endfacet
  facet normal 0.997803 -0.0662535 0
    outer loop
      vertex 105 3 0
      vertex 104.974 2.60843 22
      vertex 104.974 2.60843 0
    endloop
  endfacet
  facet normal 0.555906 -0.831245 0
    outer loop
      vertex 103.5 0.401917 0
      vertex 103.826 0.619934 22
      vertex 103.5 0.401917 22
    endloop
  endfacet
  facet normal 0.555906 -0.831245 0
    outer loop
      vertex 103.826 0.619934 22
      vertex 103.5 0.401917 0
      vertex 103.826 0.619934 0
    endloop
  endfacet
  facet normal 0.94704 0.321117 0
    outer loop
      vertex 104.898 72.7765 22
      vertex 104.772 73.1481 0
      vertex 104.772 73.1481 22
    endloop
  endfacet
  facet normal 0.94704 0.321117 0
    outer loop
      vertex 104.772 73.1481 0
      vertex 104.898 72.7765 22
      vertex 104.898 72.7765 0
    endloop
  endfacet
  facet normal 0.997803 0.0662484 0
    outer loop
      vertex 105 72 22
      vertex 104.974 72.3916 0
      vertex 104.974 72.3916 22
    endloop
  endfacet
  facet normal 0.997803 0.0662484 0
    outer loop
      vertex 104.974 72.3916 0
      vertex 105 72 22
      vertex 105 72 0
    endloop
  endfacet
  facet normal 0.751471 0.659766 0
    outer loop
      vertex 104.38 73.8263 22
      vertex 104.121 74.1213 0
      vertex 104.121 74.1213 22
    endloop
  endfacet
  facet normal 0.751471 0.659766 0
    outer loop
      vertex 104.121 74.1213 0
      vertex 104.38 73.8263 22
      vertex 104.38 73.8263 0
    endloop
  endfacet
  facet normal 0.831501 0.555523 0
    outer loop
      vertex 104.598 73.5 22
      vertex 104.38 73.8263 0
      vertex 104.38 73.8263 22
    endloop
  endfacet
  facet normal 0.831501 0.555523 0
    outer loop
      vertex 104.38 73.8263 0
      vertex 104.598 73.5 22
      vertex 104.598 73.5 0
    endloop
  endfacet
  facet normal -0.442171 0.896931 0
    outer loop
      vertex 1.85194 74.7716 0
      vertex 1.5 74.5981 22
      vertex 1.85194 74.7716 22
    endloop
  endfacet
  facet normal -0.442171 0.896931 0
    outer loop
      vertex 1.5 74.5981 22
      vertex 1.85194 74.7716 0
      vertex 1.5 74.5981 0
    endloop
  endfacet
  facet normal -0.946928 0.321446 0
    outer loop
      vertex 0.102219 72.7765 0
      vertex 0.228363 73.1481 22
      vertex 0.228363 73.1481 0
    endloop
  endfacet
  facet normal -0.946928 0.321446 0
    outer loop
      vertex 0.228363 73.1481 22
      vertex 0.102219 72.7765 0
      vertex 0.102219 72.7765 22
    endloop
  endfacet
  facet normal -0.896856 0.442322 0
    outer loop
      vertex 0.228363 73.1481 0
      vertex 0.401917 73.5 22
      vertex 0.401917 73.5 0
    endloop
  endfacet
  facet normal -0.896856 0.442322 0
    outer loop
      vertex 0.401917 73.5 22
      vertex 0.228363 73.1481 0
      vertex 0.228363 73.1481 22
    endloop
  endfacet
  facet normal -0.751843 -0.659342 0
    outer loop
      vertex 0.878677 0.878677 0
      vertex 0.619934 1.17372 22
      vertex 0.619934 1.17372 0
    endloop
  endfacet
  facet normal -0.751843 -0.659342 0
    outer loop
      vertex 0.619934 1.17372 22
      vertex 0.878677 0.878677 0
      vertex 0.878677 0.878677 22
    endloop
  endfacet
  facet normal -0.980788 -0.195076 0
    outer loop
      vertex 0.102219 2.22354 0
      vertex 0.0256653 2.60843 22
      vertex 0.0256653 2.60843 0
    endloop
  endfacet
  facet normal -0.980788 -0.195076 0
    outer loop
      vertex 0.0256653 2.60843 22
      vertex 0.102219 2.22354 0
      vertex 0.102219 2.22354 22
    endloop
  endfacet
  facet normal 0.659396 -0.751796 0
    outer loop
      vertex 103.826 0.619934 0
      vertex 104.121 0.878677 22
      vertex 103.826 0.619934 22
    endloop
  endfacet
  facet normal 0.659396 -0.751796 0
    outer loop
      vertex 104.121 0.878677 22
      vertex 103.826 0.619934 0
      vertex 104.121 0.878677 0
    endloop
  endfacet
  facet normal -0.659424 0.751771 0
    outer loop
      vertex 1.17372 74.3801 0
      vertex 0.878677 74.1213 22
      vertex 1.17372 74.3801 22
    endloop
  endfacet
  facet normal -0.659424 0.751771 0
    outer loop
      vertex 0.878677 74.1213 22
      vertex 1.17372 74.3801 0
      vertex 0.878677 74.1213 0
    endloop
  endfacet
  facet normal -0.555547 0.831485 0
    outer loop
      vertex 1.5 74.5981 0
      vertex 1.17372 74.3801 22
      vertex 1.5 74.5981 22
    endloop
  endfacet
  facet normal -0.555547 0.831485 0
    outer loop
      vertex 1.17372 74.3801 22
      vertex 1.5 74.5981 0
      vertex 1.17372 74.3801 0
    endloop
  endfacet
  facet normal 0 0 -1
    outer loop
      vertex 58.25 10.75 -1.5
      vertex 61.75 9.25 -1.5
      vertex 61.7329 8.98895 -1.5
    endloop
  endfacet
  facet normal 0 0 -1
    outer loop
      vertex 61.75 9.25 -1.5
      vertex 58.25 10.75 -1.5
      vertex 61.75 20.25 -1.5
    endloop
  endfacet
  facet normal 0 0 -1
    outer loop
      vertex 58.25 10.75 -1.5
      vertex 61.7329 8.98895 -1.5
      vertex 61.6819 8.73236 -1.5
    endloop
  endfacet
  facet normal 0 0 -1
    outer loop
      vertex 58.25 18.75 -1.5
      vertex 61.75 20.25 -1.5
      vertex 58.25 10.75 -1.5
    endloop
  endfacet
  facet normal 0 0 -1
    outer loop
      vertex 58.25 10.75 -1.5
      vertex 61.6819 8.73236 -1.5
      vertex 61.5978 8.48463 -1.5
    endloop
  endfacet
  facet normal -0 0 -1
    outer loop
      vertex 61.75 20.25 -1.5
      vertex 58.25 18.75 -1.5
      vertex 61.7329 20.511 -1.5
    endloop
  endfacet
  facet normal 0 0 -1
    outer loop
      vertex 58.25 10.75 -1.5
      vertex 61.5978 8.48463 -1.5
      vertex 61.4821 8.25 -1.5
    endloop
  endfacet
  facet normal -0 0 -1
    outer loop
      vertex 61.7329 20.511 -1.5
      vertex 58.25 18.75 -1.5
      vertex 61.6819 20.7676 -1.5
    endloop
  endfacet
  facet normal 0 0 -1
    outer loop
      vertex 58.25 10.75 -1.5
      vertex 61.4821 8.25 -1.5
      vertex 61.3367 8.03247 -1.5
    endloop
  endfacet
  facet normal -0 0 -1
    outer loop
      vertex 61.6819 20.7676 -1.5
      vertex 58.25 18.75 -1.5
      vertex 61.5978 21.0154 -1.5
    endloop
  endfacet
  facet normal 0 0 -1
    outer loop
      vertex 58.25 10.75 -1.5
      vertex 61.3367 8.03247 -1.5
      vertex 61.1642 7.83578 -1.5
    endloop
  endfacet
  facet normal -0 0 -1
    outer loop
      vertex 61.5978 21.0154 -1.5
      vertex 58.25 18.75 -1.5
      vertex 61.4821 21.25 -1.5
    endloop
  endfacet
  facet normal 0 0 -1
    outer loop
      vertex 58.25 10.75 -1.5
      vertex 61.1642 7.83578 -1.5
      vertex 60.9675 7.6633 -1.5
    endloop
  endfacet
  facet normal -0 0 -1
    outer loop
      vertex 61.4821 21.25 -1.5
      vertex 58.25 18.75 -1.5
      vertex 61.3367 21.4675 -1.5
    endloop
  endfacet
  facet normal 0 0 -1
    outer loop
      vertex 58.25 10.75 -1.5
      vertex 60.9675 7.6633 -1.5
      vertex 60.75 7.51794 -1.5
    endloop
  endfacet
  facet normal -0 0 -1
    outer loop
      vertex 61.3367 21.4675 -1.5
      vertex 58.25 18.75 -1.5
      vertex 61.1642 21.6642 -1.5
    endloop
  endfacet
  facet normal 0 0 -1
    outer loop
      vertex 58.25 10.75 -1.5
      vertex 60.75 7.51794 -1.5
      vertex 60.5154 7.40224 -1.5
    endloop
  endfacet
  facet normal -0 0 -1
    outer loop
      vertex 61.1642 21.6642 -1.5
      vertex 58.25 18.75 -1.5
      vertex 60.9675 21.8367 -1.5
    endloop
  endfacet
  facet normal 0 0 -1
    outer loop
      vertex 58.25 10.75 -1.5
      vertex 60.5154 7.40224 -1.5
      vertex 60.2676 7.31815 -1.5
    endloop
  endfacet
  facet normal -0 0 -1
    outer loop
      vertex 60.9675 21.8367 -1.5
      vertex 58.25 18.75 -1.5
      vertex 60.75 21.9821 -1.5
    endloop
  endfacet
  facet normal 0 0 -1
    outer loop
      vertex 58.25 10.75 -1.5
      vertex 60.2676 7.31815 -1.5
      vertex 60.011 7.26711 -1.5
    endloop
  endfacet
  facet normal -0 0 -1
    outer loop
      vertex 60.75 21.9821 -1.5
      vertex 58.25 18.75 -1.5
      vertex 60.5154 22.0978 -1.5
    endloop
  endfacet
  facet normal 0 0 -1
    outer loop
      vertex 58.25 10.75 -1.5
      vertex 60.011 7.26711 -1.5
      vertex 59.75 7.25 -1.5
    endloop
  endfacet
  facet normal -0 0 -1
    outer loop
      vertex 60.5154 22.0978 -1.5
      vertex 58.25 18.75 -1.5
      vertex 60.2676 22.1819 -1.5
    endloop
  endfacet
  facet normal -0 0 -1
    outer loop
      vertex 60.2676 22.1819 -1.5
      vertex 58.25 18.75 -1.5
      vertex 60.011 22.2329 -1.5
    endloop
  endfacet
  facet normal 0 0 -1
    outer loop
      vertex 59.75 7.25 -1.5
      vertex 48.25 10.75 -1.5
      vertex 58.25 10.75 -1.5
    endloop
  endfacet
  facet normal 0 0 -1
    outer loop
      vertex 44.75 9.25 -1.5
      vertex 48.25 10.75 -1.5
      vertex 46.75 7.25 -1.5
    endloop
  endfacet
  facet normal 0 0 -1
    outer loop
      vertex 46.75 7.25 -1.5
      vertex 48.25 10.75 -1.5
      vertex 59.75 7.25 -1.5
    endloop
  endfacet
  facet normal -0 0 -1
    outer loop
      vertex 60.011 22.2329 -1.5
      vertex 58.25 18.75 -1.5
      vertex 59.75 22.25 -1.5
    endloop
  endfacet
  facet normal 0 0 -1
    outer loop
      vertex 48.25 18.75 -1.5
      vertex 59.75 22.25 -1.5
      vertex 58.25 18.75 -1.5
    endloop
  endfacet
  facet normal 0 0 -1
    outer loop
      vertex 48.25 18.75 -1.5
      vertex 46.75 22.25 -1.5
      vertex 59.75 22.25 -1.5
    endloop
  endfacet
  facet normal -0 0 -1
    outer loop
      vertex 48.25 10.75 -1.5
      vertex 44.75 9.25 -1.5
      vertex 48.25 18.75 -1.5
    endloop
  endfacet
  facet normal 0 0 -1
    outer loop
      vertex 44.75 9.25 -1.5
      vertex 46.75 7.25 -1.5
      vertex 46.489 7.26711 -1.5
    endloop
  endfacet
  facet normal 0 0 -1
    outer loop
      vertex 44.75 20.25 -1.5
      vertex 48.25 18.75 -1.5
      vertex 44.75 9.25 -1.5
    endloop
  endfacet
  facet normal 0 0 -1
    outer loop
      vertex 44.75 9.25 -1.5
      vertex 46.489 7.26711 -1.5
      vertex 46.2324 7.31815 -1.5
    endloop
  endfacet
  facet normal 0 0 -1
    outer loop
      vertex 48.25 18.75 -1.5
      vertex 44.75 20.25 -1.5
      vertex 46.75 22.25 -1.5
    endloop
  endfacet
  facet normal 0 0 -1
    outer loop
      vertex 44.75 9.25 -1.5
      vertex 46.2324 7.31815 -1.5
      vertex 45.9846 7.40224 -1.5
    endloop
  endfacet
  facet normal 0 0 -1
    outer loop
      vertex 46.75 22.25 -1.5
      vertex 44.75 20.25 -1.5
      vertex 46.489 22.2329 -1.5
    endloop
  endfacet
  facet normal 0 0 -1
    outer loop
      vertex 44.75 9.25 -1.5
      vertex 45.9846 7.40224 -1.5
      vertex 45.75 7.51794 -1.5
    endloop
  endfacet
  facet normal 0 0 -1
    outer loop
      vertex 46.489 22.2329 -1.5
      vertex 44.75 20.25 -1.5
      vertex 46.2324 22.1819 -1.5
    endloop
  endfacet
  facet normal 0 0 -1
    outer loop
      vertex 44.75 9.25 -1.5
      vertex 45.75 7.51794 -1.5
      vertex 45.5325 7.6633 -1.5
    endloop
  endfacet
  facet normal 0 0 -1
    outer loop
      vertex 46.2324 22.1819 -1.5
      vertex 44.75 20.25 -1.5
      vertex 45.9846 22.0978 -1.5
    endloop
  endfacet
  facet normal 0 0 -1
    outer loop
      vertex 44.75 9.25 -1.5
      vertex 45.5325 7.6633 -1.5
      vertex 45.3358 7.83578 -1.5
    endloop
  endfacet
  facet normal 0 0 -1
    outer loop
      vertex 45.9846 22.0978 -1.5
      vertex 44.75 20.25 -1.5
      vertex 45.75 21.9821 -1.5
    endloop
  endfacet
  facet normal 0 0 -1
    outer loop
      vertex 44.75 9.25 -1.5
      vertex 45.3358 7.83578 -1.5
      vertex 45.1633 8.03247 -1.5
    endloop
  endfacet
  facet normal 0 0 -1
    outer loop
      vertex 45.75 21.9821 -1.5
      vertex 44.75 20.25 -1.5
      vertex 45.5325 21.8367 -1.5
    endloop
  endfacet
  facet normal 0 0 -1
    outer loop
      vertex 44.75 9.25 -1.5
      vertex 45.1633 8.03247 -1.5
      vertex 45.0179 8.25 -1.5
    endloop
  endfacet
  facet normal 0 0 -1
    outer loop
      vertex 45.5325 21.8367 -1.5
      vertex 44.75 20.25 -1.5
      vertex 45.3358 21.6642 -1.5
    endloop
  endfacet
  facet normal 0 0 -1
    outer loop
      vertex 44.75 9.25 -1.5
      vertex 45.0179 8.25 -1.5
      vertex 44.9022 8.48463 -1.5
    endloop
  endfacet
  facet normal 0 0 -1
    outer loop
      vertex 45.3358 21.6642 -1.5
      vertex 44.75 20.25 -1.5
      vertex 45.1633 21.4675 -1.5
    endloop
  endfacet
  facet normal 0 0 -1
    outer loop
      vertex 44.75 9.25 -1.5
      vertex 44.9022 8.48463 -1.5
      vertex 44.8181 8.73236 -1.5
    endloop
  endfacet
  facet normal 0 0 -1
    outer loop
      vertex 45.1633 21.4675 -1.5
      vertex 44.75 20.25 -1.5
      vertex 45.0179 21.25 -1.5
    endloop
  endfacet
  facet normal 0 0 -1
    outer loop
      vertex 44.75 9.25 -1.5
      vertex 44.8181 8.73236 -1.5
      vertex 44.7671 8.98895 -1.5
    endloop
  endfacet
  facet normal 0 0 -1
    outer loop
      vertex 45.0179 21.25 -1.5
      vertex 44.75 20.25 -1.5
      vertex 44.9022 21.0154 -1.5
    endloop
  endfacet
  facet normal 0 0 -1
    outer loop
      vertex 44.9022 21.0154 -1.5
      vertex 44.75 20.25 -1.5
      vertex 44.8181 20.7676 -1.5
    endloop
  endfacet
  facet normal 0 0 -1
    outer loop
      vertex 44.8181 20.7676 -1.5
      vertex 44.75 20.25 -1.5
      vertex 44.7671 20.511 -1.5
    endloop
  endfacet
  facet normal 0.195087 -0.980786 0
    outer loop
      vertex 60.011 7.26711 -1.5
      vertex 60.2676 7.31815 0
      vertex 60.011 7.26711 0
    endloop
  endfacet
  facet normal 0.195087 -0.980786 0
    outer loop
      vertex 60.2676 7.31815 0
      vertex 60.011 7.26711 -1.5
      vertex 60.2676 7.31815 -1.5
    endloop
  endfacet
  facet normal 0.321348 -0.946961 0
    outer loop
      vertex 60.2676 7.31815 -1.5
      vertex 60.5154 7.40224 0
      vertex 60.2676 7.31815 0
    endloop
  endfacet
  facet normal 0.321348 -0.946961 0
    outer loop
      vertex 60.5154 7.40224 0
      vertex 60.2676 7.31815 -1.5
      vertex 60.5154 7.40224 -1.5
    endloop
  endfacet
  facet normal 0.442314 -0.89686 0
    outer loop
      vertex 60.5154 7.40224 -1.5
      vertex 60.75 7.51794 0
      vertex 60.5154 7.40224 0
    endloop
  endfacet
  facet normal 0.442314 -0.89686 0
    outer loop
      vertex 60.75 7.51794 0
      vertex 60.5154 7.40224 -1.5
      vertex 60.75 7.51794 -1.5
    endloop
  endfacet
  facet normal 0.555653 -0.831415 0
    outer loop
      vertex 60.75 7.51794 -1.5
      vertex 60.9675 7.6633 0
      vertex 60.75 7.51794 0
    endloop
  endfacet
  facet normal 0.555653 -0.831415 0
    outer loop
      vertex 60.9675 7.6633 0
      vertex 60.75 7.51794 -1.5
      vertex 60.9675 7.6633 -1.5
    endloop
  endfacet
  facet normal 0.6593 -0.75188 0
    outer loop
      vertex 60.9675 7.6633 -1.5
      vertex 61.1642 7.83578 0
      vertex 60.9675 7.6633 0
    endloop
  endfacet
  facet normal 0.6593 -0.75188 0
    outer loop
      vertex 61.1642 7.83578 0
      vertex 60.9675 7.6633 -1.5
      vertex 61.1642 7.83578 -1.5
    endloop
  endfacet
  facet normal 0.751826 -0.659362 0
    outer loop
      vertex 61.1642 7.83578 0
      vertex 61.3367 8.03247 -1.5
      vertex 61.3367 8.03247 0
    endloop
  endfacet
  facet normal 0.751826 -0.659362 0
    outer loop
      vertex 61.3367 8.03247 -1.5
      vertex 61.1642 7.83578 0
      vertex 61.1642 7.83578 -1.5
    endloop
  endfacet
  facet normal 0.831379 -0.555705 0
    outer loop
      vertex 61.3367 8.03247 0
      vertex 61.4821 8.25 -1.5
      vertex 61.4821 8.25 0
    endloop
  endfacet
  facet normal 0.831379 -0.555705 0
    outer loop
      vertex 61.4821 8.25 -1.5
      vertex 61.3367 8.03247 0
      vertex 61.3367 8.03247 -1.5
    endloop
  endfacet
  facet normal 0.896883 -0.442268 0
    outer loop
      vertex 61.4821 8.25 0
      vertex 61.5978 8.48463 -1.5
      vertex 61.5978 8.48463 0
    endloop
  endfacet
  facet normal 0.896883 -0.442268 0
    outer loop
      vertex 61.5978 8.48463 -1.5
      vertex 61.4821 8.25 0
      vertex 61.4821 8.25 -1.5
    endloop
  endfacet
  facet normal 0.946922 -0.321463 0
    outer loop
      vertex 61.5978 8.48463 0
      vertex 61.6819 8.73236 -1.5
      vertex 61.6819 8.73236 0
    endloop
  endfacet
  facet normal 0.946922 -0.321463 0
    outer loop
      vertex 61.6819 8.73236 -1.5
      vertex 61.5978 8.48463 0
      vertex 61.5978 8.48463 -1.5
    endloop
  endfacet
  facet normal 0.980814 -0.194947 0
    outer loop
      vertex 61.6819 8.73236 0
      vertex 61.7329 8.98895 -1.5
      vertex 61.7329 8.98895 0
    endloop
  endfacet
  facet normal 0.980814 -0.194947 0
    outer loop
      vertex 61.7329 8.98895 -1.5
      vertex 61.6819 8.73236 0
      vertex 61.6819 8.73236 -1.5
    endloop
  endfacet
  facet normal 0.997861 -0.0653646 0
    outer loop
      vertex 61.7329 8.98895 0
      vertex 61.75 9.25 -1.5
      vertex 61.75 9.25 0
    endloop
  endfacet
  facet normal 0.997861 -0.0653646 0
    outer loop
      vertex 61.75 9.25 -1.5
      vertex 61.7329 8.98895 0
      vertex 61.7329 8.98895 -1.5
    endloop
  endfacet
  facet normal 1 -0 0
    outer loop
      vertex 61.75 9.25 0
      vertex 61.75 20.25 -1.5
      vertex 61.75 20.25 0
    endloop
  endfacet
  facet normal 1 0 0
    outer loop
      vertex 61.75 20.25 -1.5
      vertex 61.75 9.25 0
      vertex 61.75 9.25 -1.5
    endloop
  endfacet
  facet normal 0.997861 0.0653771 0
    outer loop
      vertex 61.75 20.25 0
      vertex 61.7329 20.511 -1.5
      vertex 61.7329 20.511 0
    endloop
  endfacet
  facet normal 0.997861 0.0653771 0
    outer loop
      vertex 61.7329 20.511 -1.5
      vertex 61.75 20.25 0
      vertex 61.75 20.25 -1.5
    endloop
  endfacet
  facet normal 0.980815 0.19494 0
    outer loop
      vertex 61.7329 20.511 0
      vertex 61.6819 20.7676 -1.5
      vertex 61.6819 20.7676 0
    endloop
  endfacet
  facet normal 0.980815 0.19494 0
    outer loop
      vertex 61.6819 20.7676 -1.5
      vertex 61.7329 20.511 0
      vertex 61.7329 20.511 -1.5
    endloop
  endfacet
  facet normal 0.94695 0.321382 0
    outer loop
      vertex 61.6819 20.7676 0
      vertex 61.5978 21.0154 -1.5
      vertex 61.5978 21.0154 0
    endloop
  endfacet
  facet normal 0.94695 0.321382 0
    outer loop
      vertex 61.5978 21.0154 -1.5
      vertex 61.6819 20.7676 0
      vertex 61.6819 20.7676 -1.5
    endloop
  endfacet
  facet normal 0.89686 0.442314 0
    outer loop
      vertex 61.5978 21.0154 0
      vertex 61.4821 21.25 -1.5
      vertex 61.4821 21.25 0
    endloop
  endfacet
  facet normal 0.89686 0.442314 0
    outer loop
      vertex 61.4821 21.25 -1.5
      vertex 61.5978 21.0154 0
      vertex 61.5978 21.0154 -1.5
    endloop
  endfacet
  facet normal 0.831344 0.555758 0
    outer loop
      vertex 61.4821 21.25 0
      vertex 61.3367 21.4675 -1.5
      vertex 61.3367 21.4675 0
    endloop
  endfacet
  facet normal 0.831344 0.555758 0
    outer loop
      vertex 61.3367 21.4675 -1.5
      vertex 61.4821 21.25 0
      vertex 61.4821 21.25 -1.5
    endloop
  endfacet
  facet normal 0.751842 0.659343 0
    outer loop
      vertex 61.3367 21.4675 0
      vertex 61.1642 21.6642 -1.5
      vertex 61.1642 21.6642 0
    endloop
  endfacet
  facet normal 0.751842 0.659343 0
    outer loop
      vertex 61.1642 21.6642 -1.5
      vertex 61.3367 21.4675 0
      vertex 61.3367 21.4675 -1.5
    endloop
  endfacet
  facet normal 0.659343 0.751842 -0
    outer loop
      vertex 61.1642 21.6642 -1.5
      vertex 60.9675 21.8367 0
      vertex 61.1642 21.6642 0
    endloop
  endfacet
  facet normal 0.659343 0.751842 0
    outer loop
      vertex 60.9675 21.8367 0
      vertex 61.1642 21.6642 -1.5
      vertex 60.9675 21.8367 -1.5
    endloop
  endfacet
  facet normal 0.555758 0.831344 -0
    outer loop
      vertex 60.9675 21.8367 -1.5
      vertex 60.75 21.9821 0
      vertex 60.9675 21.8367 0
    endloop
  endfacet
  facet normal 0.555758 0.831344 0
    outer loop
      vertex 60.75 21.9821 0
      vertex 60.9675 21.8367 -1.5
      vertex 60.75 21.9821 -1.5
    endloop
  endfacet
  facet normal 0.442314 0.89686 -0
    outer loop
      vertex 60.75 21.9821 -1.5
      vertex 60.5154 22.0978 0
      vertex 60.75 21.9821 0
    endloop
  endfacet
  facet normal 0.442314 0.89686 0
    outer loop
      vertex 60.5154 22.0978 0
      vertex 60.75 21.9821 -1.5
      vertex 60.5154 22.0978 -1.5
    endloop
  endfacet
  facet normal 0.321382 0.94695 -0
    outer loop
      vertex 60.5154 22.0978 -1.5
      vertex 60.2676 22.1819 0
      vertex 60.5154 22.0978 0
    endloop
  endfacet
  facet normal 0.321382 0.94695 0
    outer loop
      vertex 60.2676 22.1819 0
      vertex 60.5154 22.0978 -1.5
      vertex 60.2676 22.1819 -1.5
    endloop
  endfacet
  facet normal 0.19494 0.980815 -0
    outer loop
      vertex 60.2676 22.1819 -1.5
      vertex 60.011 22.2329 0
      vertex 60.2676 22.1819 0
    endloop
  endfacet
  facet normal 0.19494 0.980815 0
    outer loop
      vertex 60.011 22.2329 0
      vertex 60.2676 22.1819 -1.5
      vertex 60.011 22.2329 -1.5
    endloop
  endfacet
  facet normal 0.0653771 0.997861 -0
    outer loop
      vertex 60.011 22.2329 -1.5
      vertex 59.75 22.25 0
      vertex 60.011 22.2329 0
    endloop
  endfacet
  facet normal 0.0653771 0.997861 0
    outer loop
      vertex 59.75 22.25 0
      vertex 60.011 22.2329 -1.5
      vertex 59.75 22.25 -1.5
    endloop
  endfacet
  facet normal 0 1 -0
    outer loop
      vertex 59.75 22.25 -1.5
      vertex 46.75 22.25 0
      vertex 59.75 22.25 0
    endloop
  endfacet
  facet normal 0 1 0
    outer loop
      vertex 46.75 22.25 0
      vertex 59.75 22.25 -1.5
      vertex 46.75 22.25 -1.5
    endloop
  endfacet
  facet normal -0.0653771 0.997861 0
    outer loop
      vertex 46.75 22.25 -1.5
      vertex 46.489 22.2329 0
      vertex 46.75 22.25 0
    endloop
  endfacet
  facet normal -0.0653771 0.997861 0
    outer loop
      vertex 46.489 22.2329 0
      vertex 46.75 22.25 -1.5
      vertex 46.489 22.2329 -1.5
    endloop
  endfacet
  facet normal -0.19494 0.980815 0
    outer loop
      vertex 46.489 22.2329 -1.5
      vertex 46.2324 22.1819 0
      vertex 46.489 22.2329 0
    endloop
  endfacet
  facet normal -0.19494 0.980815 0
    outer loop
      vertex 46.2324 22.1819 0
      vertex 46.489 22.2329 -1.5
      vertex 46.2324 22.1819 -1.5
    endloop
  endfacet
  facet normal -0.321382 0.94695 0
    outer loop
      vertex 46.2324 22.1819 -1.5
      vertex 45.9846 22.0978 0
      vertex 46.2324 22.1819 0
    endloop
  endfacet
  facet normal -0.321382 0.94695 0
    outer loop
      vertex 45.9846 22.0978 0
      vertex 46.2324 22.1819 -1.5
      vertex 45.9846 22.0978 -1.5
    endloop
  endfacet
  facet normal -0.442314 0.89686 0
    outer loop
      vertex 45.9846 22.0978 -1.5
      vertex 45.75 21.9821 0
      vertex 45.9846 22.0978 0
    endloop
  endfacet
  facet normal -0.442314 0.89686 0
    outer loop
      vertex 45.75 21.9821 0
      vertex 45.9846 22.0978 -1.5
      vertex 45.75 21.9821 -1.5
    endloop
  endfacet
  facet normal -0.555758 0.831344 0
    outer loop
      vertex 45.75 21.9821 -1.5
      vertex 45.5325 21.8367 0
      vertex 45.75 21.9821 0
    endloop
  endfacet
  facet normal -0.555758 0.831344 0
    outer loop
      vertex 45.5325 21.8367 0
      vertex 45.75 21.9821 -1.5
      vertex 45.5325 21.8367 -1.5
    endloop
  endfacet
  facet normal -0.659343 0.751842 0
    outer loop
      vertex 45.5325 21.8367 -1.5
      vertex 45.3358 21.6642 0
      vertex 45.5325 21.8367 0
    endloop
  endfacet
  facet normal -0.659343 0.751842 0
    outer loop
      vertex 45.3358 21.6642 0
      vertex 45.5325 21.8367 -1.5
      vertex 45.3358 21.6642 -1.5
    endloop
  endfacet
  facet normal -0.751842 0.659343 0
    outer loop
      vertex 45.1633 21.4675 -1.5
      vertex 45.3358 21.6642 0
      vertex 45.3358 21.6642 -1.5
    endloop
  endfacet
  facet normal -0.751842 0.659343 0
    outer loop
      vertex 45.3358 21.6642 0
      vertex 45.1633 21.4675 -1.5
      vertex 45.1633 21.4675 0
    endloop
  endfacet
  facet normal -0.831344 0.555758 0
    outer loop
      vertex 45.0179 21.25 -1.5
      vertex 45.1633 21.4675 0
      vertex 45.1633 21.4675 -1.5
    endloop
  endfacet
  facet normal -0.831344 0.555758 0
    outer loop
      vertex 45.1633 21.4675 0
      vertex 45.0179 21.25 -1.5
      vertex 45.0179 21.25 0
    endloop
  endfacet
  facet normal -0.89686 0.442314 0
    outer loop
      vertex 44.9022 21.0154 -1.5
      vertex 45.0179 21.25 0
      vertex 45.0179 21.25 -1.5
    endloop
  endfacet
  facet normal -0.89686 0.442314 0
    outer loop
      vertex 45.0179 21.25 0
      vertex 44.9022 21.0154 -1.5
      vertex 44.9022 21.0154 0
    endloop
  endfacet
  facet normal -0.94695 0.321382 0
    outer loop
      vertex 44.8181 20.7676 -1.5
      vertex 44.9022 21.0154 0
      vertex 44.9022 21.0154 -1.5
    endloop
  endfacet
  facet normal -0.94695 0.321382 0
    outer loop
      vertex 44.9022 21.0154 0
      vertex 44.8181 20.7676 -1.5
      vertex 44.8181 20.7676 0
    endloop
  endfacet
  facet normal -0.980815 0.19494 0
    outer loop
      vertex 44.7671 20.511 -1.5
      vertex 44.8181 20.7676 0
      vertex 44.8181 20.7676 -1.5
    endloop
  endfacet
  facet normal -0.980815 0.19494 0
    outer loop
      vertex 44.8181 20.7676 0
      vertex 44.7671 20.511 -1.5
      vertex 44.7671 20.511 0
    endloop
  endfacet
  facet normal -0.997861 0.0653771 0
    outer loop
      vertex 44.75 20.25 -1.5
      vertex 44.7671 20.511 0
      vertex 44.7671 20.511 -1.5
    endloop
  endfacet
  facet normal -0.997861 0.0653771 0
    outer loop
      vertex 44.7671 20.511 0
      vertex 44.75 20.25 -1.5
      vertex 44.75 20.25 0
    endloop
  endfacet
  facet normal -1 0 0
    outer loop
      vertex 44.75 9.25 -1.5
      vertex 44.75 20.25 0
      vertex 44.75 20.25 -1.5
    endloop
  endfacet
  facet normal -1 -0 0
    outer loop
      vertex 44.75 20.25 0
      vertex 44.75 9.25 -1.5
      vertex 44.75 9.25 0
    endloop
  endfacet
  facet normal -0.997861 -0.0653646 0
    outer loop
      vertex 44.7671 8.98895 -1.5
      vertex 44.75 9.25 0
      vertex 44.75 9.25 -1.5
    endloop
  endfacet
  facet normal -0.997861 -0.0653646 0
    outer loop
      vertex 44.75 9.25 0
      vertex 44.7671 8.98895 -1.5
      vertex 44.7671 8.98895 0
    endloop
  endfacet
  facet normal -0.980814 -0.194947 0
    outer loop
      vertex 44.8181 8.73236 -1.5
      vertex 44.7671 8.98895 0
      vertex 44.7671 8.98895 -1.5
    endloop
  endfacet
  facet normal -0.980814 -0.194947 0
    outer loop
      vertex 44.7671 8.98895 0
      vertex 44.8181 8.73236 -1.5
      vertex 44.8181 8.73236 0
    endloop
  endfacet
  facet normal -0.946922 -0.321463 0
    outer loop
      vertex 44.9022 8.48463 -1.5
      vertex 44.8181 8.73236 0
      vertex 44.8181 8.73236 -1.5
    endloop
  endfacet
  facet normal -0.946922 -0.321463 0
    outer loop
      vertex 44.8181 8.73236 0
      vertex 44.9022 8.48463 -1.5
      vertex 44.9022 8.48463 0
    endloop
  endfacet
  facet normal -0.896883 -0.442268 0
    outer loop
      vertex 45.0179 8.25 -1.5
      vertex 44.9022 8.48463 0
      vertex 44.9022 8.48463 -1.5
    endloop
  endfacet
  facet normal -0.896883 -0.442268 0
    outer loop
      vertex 44.9022 8.48463 0
      vertex 45.0179 8.25 -1.5
      vertex 45.0179 8.25 0
    endloop
  endfacet
  facet normal -0.831379 -0.555705 0
    outer loop
      vertex 45.1633 8.03247 -1.5
      vertex 45.0179 8.25 0
      vertex 45.0179 8.25 -1.5
    endloop
  endfacet
  facet normal -0.831379 -0.555705 0
    outer loop
      vertex 45.0179 8.25 0
      vertex 45.1633 8.03247 -1.5
      vertex 45.1633 8.03247 0
    endloop
  endfacet
  facet normal -0.751826 -0.659362 0
    outer loop
      vertex 45.3358 7.83578 -1.5
      vertex 45.1633 8.03247 0
      vertex 45.1633 8.03247 -1.5
    endloop
  endfacet
  facet normal -0.751826 -0.659362 0
    outer loop
      vertex 45.1633 8.03247 0
      vertex 45.3358 7.83578 -1.5
      vertex 45.3358 7.83578 0
    endloop
  endfacet
  facet normal -0.6593 -0.75188 0
    outer loop
      vertex 45.3358 7.83578 -1.5
      vertex 45.5325 7.6633 0
      vertex 45.3358 7.83578 0
    endloop
  endfacet
  facet normal -0.6593 -0.75188 -0
    outer loop
      vertex 45.5325 7.6633 0
      vertex 45.3358 7.83578 -1.5
      vertex 45.5325 7.6633 -1.5
    endloop
  endfacet
  facet normal -0.555653 -0.831415 0
    outer loop
      vertex 45.5325 7.6633 -1.5
      vertex 45.75 7.51794 0
      vertex 45.5325 7.6633 0
    endloop
  endfacet
  facet normal -0.555653 -0.831415 -0
    outer loop
      vertex 45.75 7.51794 0
      vertex 45.5325 7.6633 -1.5
      vertex 45.75 7.51794 -1.5
    endloop
  endfacet
  facet normal -0.442314 -0.89686 0
    outer loop
      vertex 45.75 7.51794 -1.5
      vertex 45.9846 7.40224 0
      vertex 45.75 7.51794 0
    endloop
  endfacet
  facet normal -0.442314 -0.89686 -0
    outer loop
      vertex 45.9846 7.40224 0
      vertex 45.75 7.51794 -1.5
      vertex 45.9846 7.40224 -1.5
    endloop
  endfacet
  facet normal -0.321348 -0.946961 0
    outer loop
      vertex 45.9846 7.40224 -1.5
      vertex 46.2324 7.31815 0
      vertex 45.9846 7.40224 0
    endloop
  endfacet
  facet normal -0.321348 -0.946961 -0
    outer loop
      vertex 46.2324 7.31815 0
      vertex 45.9846 7.40224 -1.5
      vertex 46.2324 7.31815 -1.5
    endloop
  endfacet
  facet normal -0.195087 -0.980786 0
    outer loop
      vertex 46.2324 7.31815 -1.5
      vertex 46.489 7.26711 0
      vertex 46.2324 7.31815 0
    endloop
  endfacet
  facet normal -0.195087 -0.980786 -0
    outer loop
      vertex 46.489 7.26711 0
      vertex 46.2324 7.31815 -1.5
      vertex 46.489 7.26711 -1.5
    endloop
  endfacet
  facet normal -0.0654151 -0.997858 0
    outer loop
      vertex 46.489 7.26711 -1.5
      vertex 46.75 7.25 0
      vertex 46.489 7.26711 0
    endloop
  endfacet
  facet normal -0.0654151 -0.997858 -0
    outer loop
      vertex 46.75 7.25 0
      vertex 46.489 7.26711 -1.5
      vertex 46.75 7.25 -1.5
    endloop
  endfacet
  facet normal 0 -1 0
    outer loop
      vertex 46.75 7.25 -1.5
      vertex 59.75 7.25 0
      vertex 46.75 7.25 0
    endloop
  endfacet
  facet normal 0 -1 -0
    outer loop
      vertex 59.75 7.25 0
      vertex 46.75 7.25 -1.5
      vertex 59.75 7.25 -1.5
    endloop
  endfacet
  facet normal 0.0654151 -0.997858 0
    outer loop
      vertex 59.75 7.25 -1.5
      vertex 60.011 7.26711 0
      vertex 59.75 7.25 0
    endloop
  endfacet
  facet normal 0.0654151 -0.997858 0
    outer loop
      vertex 60.011 7.26711 0
      vertex 59.75 7.25 -1.5
      vertex 60.011 7.26711 -1.5
    endloop
  endfacet
  facet normal 1 -0 0
    outer loop
      vertex 48.25 10.75 0
      vertex 48.25 18.75 -1.5
      vertex 48.25 18.75 0
    endloop
  endfacet
  facet normal 1 0 0
    outer loop
      vertex 48.25 18.75 -1.5
      vertex 48.25 10.75 0
      vertex 48.25 10.75 -1.5
    endloop
  endfacet
  facet normal 0 -1 0
    outer loop
      vertex 48.25 18.75 -1.5
      vertex 58.25 18.75 0
      vertex 48.25 18.75 0
    endloop
  endfacet
  facet normal 0 -1 -0
    outer loop
      vertex 58.25 18.75 0
      vertex 48.25 18.75 -1.5
      vertex 58.25 18.75 -1.5
    endloop
  endfacet
  facet normal -1 0 0
    outer loop
      vertex 58.25 10.75 -1.5
      vertex 58.25 18.75 0
      vertex 58.25 18.75 -1.5
    endloop
  endfacet
  facet normal -1 -0 0
    outer loop
      vertex 58.25 18.75 0
      vertex 58.25 10.75 -1.5
      vertex 58.25 10.75 0
    endloop
  endfacet
  facet normal 0 1 -0
    outer loop
      vertex 58.25 10.75 -1.5
      vertex 48.25 10.75 0
      vertex 58.25 10.75 0
    endloop
  endfacet
  facet normal 0 1 0
    outer loop
      vertex 48.25 10.75 0
      vertex 58.25 10.75 -1.5
      vertex 48.25 10.75 -1.5
    endloop
  endfacet
  facet normal 1 0 0
    outer loop
      vertex 2.5 72.5 22
      vertex 2.5 27 9
      vertex 2.5 72.5 2
    endloop
  endfacet
  facet normal 1 -0 0
    outer loop
      vertex 2.5 2.5 22
      vertex 2.5 27 9
      vertex 2.5 72.5 22
    endloop
  endfacet
  facet normal 1 0 0
    outer loop
      vertex 2.5 2.5 2
      vertex 2.5 17 9
      vertex 2.5 2.5 22
    endloop
  endfacet
  facet normal 1 0 0
    outer loop
      vertex 2.5 27 9
      vertex 2.5 2.5 22
      vertex 2.5 17 9
    endloop
  endfacet
  facet normal 1 -0 0
    outer loop
      vertex 2.5 27 3
      vertex 2.5 72.5 2
      vertex 2.5 27 9
    endloop
  endfacet
  facet normal 1 0 0
    outer loop
      vertex 2.5 2.5 2
      vertex 2.5 27 3
      vertex 2.5 17 3
    endloop
  endfacet
  facet normal 1 0 0
    outer loop
      vertex 2.5 27 3
      vertex 2.5 2.5 2
      vertex 2.5 72.5 2
    endloop
  endfacet
  facet normal 1 0 0
    outer loop
      vertex 2.5 17 9
      vertex 2.5 2.5 2
      vertex 2.5 17 3
    endloop
  endfacet
  facet normal -1 0 0
    outer loop
      vertex 102.5 27.3 2
      vertex 102.5 2.5 2
      vertex 102.5 27.3 5
    endloop
  endfacet
  facet normal -1 0 0
    outer loop
      vertex 102.5 31.75 5
      vertex 102.5 28.5 5
      vertex 102.5 31.75 9
    endloop
  endfacet
  facet normal -1 0 0
    outer loop
      vertex 102.5 48.2 5
      vertex 102.5 72.5 2
      vertex 102.5 48.2 2
    endloop
  endfacet
  facet normal -1 0 0
    outer loop
      vertex 102.5 72.5 2
      vertex 102.5 48.2 5
      vertex 102.5 72.5 22
    endloop
  endfacet
  facet normal -1 0 0
    outer loop
      vertex 102.5 43.75 9
      vertex 102.5 48.2 5
      vertex 102.5 47 5
    endloop
  endfacet
  facet normal -1 0 0
    outer loop
      vertex 102.5 43.75 9
      vertex 102.5 47 5
      vertex 102.5 43.75 5
    endloop
  endfacet
  facet normal -1 0 0
    outer loop
      vertex 102.5 48.2 5
      vertex 102.5 43.75 9
      vertex 102.5 72.5 22
    endloop
  endfacet
  facet normal -1 0 0
    outer loop
      vertex 102.5 31.75 9
      vertex 102.5 72.5 22
      vertex 102.5 43.75 9
    endloop
  endfacet
  facet normal -1 0 0
    outer loop
      vertex 102.5 27.3 5
      vertex 102.5 31.75 9
      vertex 102.5 28.5 5
    endloop
  endfacet
  facet normal -1 0 0
    outer loop
      vertex 102.5 2.5 22
      vertex 102.5 27.3 5
      vertex 102.5 2.5 2
    endloop
  endfacet
  facet normal -1 0 0
    outer loop
      vertex 102.5 27.3 5
      vertex 102.5 2.5 22
      vertex 102.5 31.75 9
    endloop
  endfacet
  facet normal -1 0 0
    outer loop
      vertex 102.5 31.75 9
      vertex 102.5 2.5 22
      vertex 102.5 72.5 22
    endloop
  endfacet
  facet normal -1 0 0
    outer loop
      vertex 102.5 47 2
      vertex 102.5 43.75 5
      vertex 102.5 47 5
    endloop
  endfacet
  facet normal -1 0 0
    outer loop
      vertex 102.5 40.75 2
      vertex 102.5 43.75 5
      vertex 102.5 47 2
    endloop
  endfacet
  facet normal -1 0 0
    outer loop
      vertex 102.5 40.75 3
      vertex 102.5 43.75 5
      vertex 102.5 40.75 2
    endloop
  endfacet
  facet normal -1 -0 0
    outer loop
      vertex 102.5 43.75 5
      vertex 102.5 40.75 3
      vertex 102.5 40.75 5
    endloop
  endfacet
  facet normal -1 0 0
    outer loop
      vertex 102.5 31.75 5
      vertex 102.5 34.75 3
      vertex 102.5 34.75 2
    endloop
  endfacet
  facet normal -1 0 0
    outer loop
      vertex 102.5 34.75 3
      vertex 102.5 31.75 5
      vertex 102.5 34.75 5
    endloop
  endfacet
  facet normal -1 0 0
    outer loop
      vertex 102.5 28.5 2
      vertex 102.5 31.75 5
      vertex 102.5 34.75 2
    endloop
  endfacet
  facet normal -1 -0 0
    outer loop
      vertex 102.5 31.75 5
      vertex 102.5 28.5 2
      vertex 102.5 28.5 5
    endloop
  endfacet
  facet normal -1 0 0
    outer loop
      vertex 102.5 34.75 2
      vertex 102.5 40.75 3
      vertex 102.5 40.75 2
    endloop
  endfacet
  facet normal -1 -0 0
    outer loop
      vertex 102.5 40.75 3
      vertex 102.5 34.75 2
      vertex 102.5 34.75 3
    endloop
  endfacet
  facet normal -0 0 1
    outer loop
      vertex 3.3 25 2
      vertex 4.5 19 2
      vertex 4.5 25 2
    endloop
  endfacet
  facet normal 0 0 1
    outer loop
      vertex 4.5 19 2
      vertex 3.3 25 2
      vertex 3.3 19 2
    endloop
  endfacet
  facet normal -0 0 1
    outer loop
      vertex 5.3 51.5 2
      vertex 6.5 45.5 2
      vertex 6.5 51.5 2
    endloop
  endfacet
  facet normal 0 0 1
    outer loop
      vertex 6.5 45.5 2
      vertex 5.3 51.5 2
      vertex 5.3 45.5 2
    endloop
  endfacet
  facet normal 0 0 1
    outer loop
      vertex 13.5 11.3 2
      vertex 10.4701 7.45684 2
      vertex 10.5 7 2
    endloop
  endfacet
  facet normal 0 0 1
    outer loop
      vertex 13.5 11.3 2
      vertex 10.3807 7.90587 2
      vertex 10.4701 7.45684 2
    endloop
  endfacet
  facet normal 0 0 1
    outer loop
      vertex 13.5 11.3 2
      vertex 10.2336 8.33939 2
      vertex 10.3807 7.90587 2
    endloop
  endfacet
  facet normal 0 0 1
    outer loop
      vertex 13.5 11.3 2
      vertex 10.0311 8.75 2
      vertex 10.2336 8.33939 2
    endloop
  endfacet
  facet normal 0 0 1
    outer loop
      vertex 13.5 11.3 2
      vertex 9.77674 9.13066 2
      vertex 10.0311 8.75 2
    endloop
  endfacet
  facet normal 0 0 1
    outer loop
      vertex 13.5 11.3 2
      vertex 9.47487 9.47487 2
      vertex 9.77674 9.13066 2
    endloop
  endfacet
  facet normal 0 0 1
    outer loop
      vertex 13.5 11.3 2
      vertex 9.13066 9.77674 2
      vertex 9.47487 9.47487 2
    endloop
  endfacet
  facet normal 0 0 1
    outer loop
      vertex 13.5 11.3 2
      vertex 8.75 10.0311 2
      vertex 9.13066 9.77674 2
    endloop
  endfacet
  facet normal 0 0 1
    outer loop
      vertex 13.5 11.3 2
      vertex 8.33939 10.2336 2
      vertex 8.75 10.0311 2
    endloop
  endfacet
  facet normal 0 0 1
    outer loop
      vertex 13.5 11.3 2
      vertex 7.90587 10.3807 2
      vertex 8.33939 10.2336 2
    endloop
  endfacet
  facet normal 0 0 1
    outer loop
      vertex 13.5 11.3 2
      vertex 7.45684 10.4701 2
      vertex 7.90587 10.3807 2
    endloop
  endfacet
  facet normal -0 0 1
    outer loop
      vertex 3.3 11.3 2
      vertex 7.45684 10.4701 2
      vertex 13.5 11.3 2
    endloop
  endfacet
  facet normal 0 0 1
    outer loop
      vertex 7.45684 10.4701 2
      vertex 3.3 11.3 2
      vertex 7 10.5 2
    endloop
  endfacet
  facet normal 0 0 1
    outer loop
      vertex 3.52994 7.45684 2
      vertex 3.3 11.3 2
      vertex 3.5 7 2
    endloop
  endfacet
  facet normal 0 0 1
    outer loop
      vertex 3.61926 7.90587 2
      vertex 3.3 11.3 2
      vertex 3.52994 7.45684 2
    endloop
  endfacet
  facet normal 0 0 1
    outer loop
      vertex 3.76642 8.33939 2
      vertex 3.3 11.3 2
      vertex 3.61926 7.90587 2
    endloop
  endfacet
  facet normal 0 0 1
    outer loop
      vertex 3.96891 8.75 2
      vertex 3.3 11.3 2
      vertex 3.76642 8.33939 2
    endloop
  endfacet
  facet normal 0 0 1
    outer loop
      vertex 4.22326 9.13066 2
      vertex 3.3 11.3 2
      vertex 3.96891 8.75 2
    endloop
  endfacet
  facet normal 0 0 1
    outer loop
      vertex 4.52513 9.47487 2
      vertex 3.3 11.3 2
      vertex 4.22326 9.13066 2
    endloop
  endfacet
  facet normal 0 0 1
    outer loop
      vertex 4.86934 9.77674 2
      vertex 3.3 11.3 2
      vertex 4.52513 9.47487 2
    endloop
  endfacet
  facet normal 0 0 1
    outer loop
      vertex 5.25 10.0311 2
      vertex 3.3 11.3 2
      vertex 4.86934 9.77674 2
    endloop
  endfacet
  facet normal 0 0 1
    outer loop
      vertex 5.66061 10.2336 2
      vertex 3.3 11.3 2
      vertex 5.25 10.0311 2
    endloop
  endfacet
  facet normal 0 0 1
    outer loop
      vertex 6.09413 10.3807 2
      vertex 3.3 11.3 2
      vertex 5.66061 10.2336 2
    endloop
  endfacet
  facet normal 0 0 1
    outer loop
      vertex 6.54316 10.4701 2
      vertex 3.3 11.3 2
      vertex 6.09413 10.3807 2
    endloop
  endfacet
  facet normal 0 0 1
    outer loop
      vertex 7 10.5 2
      vertex 3.3 11.3 2
      vertex 6.54316 10.4701 2
    endloop
  endfacet
  facet normal 0 0 1
    outer loop
      vertex 4.5 25 2
      vertex 13.5 31.5 2
      vertex 4.5 31.5 2
    endloop
  endfacet
  facet normal 0 0 1
    outer loop
      vertex 13.5 31.5 2
      vertex 4.5 25 2
      vertex 13.5 12.5 2
    endloop
  endfacet
  facet normal -0 0 1
    outer loop
      vertex 4.5 19 2
      vertex 13.5 12.5 2
      vertex 4.5 25 2
    endloop
  endfacet
  facet normal 0 0 1
    outer loop
      vertex 13.5 12.5 2
      vertex 4.5 19 2
      vertex 4.5 12.5 2
    endloop
  endfacet
  facet normal -0 0 1
    outer loop
      vertex 5.3 33.3 2
      vertex 13.5 32.7 2
      vertex 16.5 33.3 2
    endloop
  endfacet
  facet normal 0 0 1
    outer loop
      vertex 3.96891 66.25 2
      vertex 5.3 63.7 2
      vertex 4.22326 65.8693 2
    endloop
  endfacet
  facet normal 0 0 1
    outer loop
      vertex 5.3 63.7 2
      vertex 3.96891 66.25 2
      vertex 5.3 51.5 2
    endloop
  endfacet
  facet normal 0 0 1
    outer loop
      vertex 3.76642 66.6606 2
      vertex 5.3 51.5 2
      vertex 3.96891 66.25 2
    endloop
  endfacet
  facet normal 0 0 1
    outer loop
      vertex 3.61926 67.0941 2
      vertex 5.3 51.5 2
      vertex 3.76642 66.6606 2
    endloop
  endfacet
  facet normal 0 0 1
    outer loop
      vertex 3.3 32.7 2
      vertex 5.3 51.5 2
      vertex 3.61926 67.0941 2
    endloop
  endfacet
  facet normal 0 0 1
    outer loop
      vertex 5.3 51.5 2
      vertex 3.3 32.7 2
      vertex 5.3 45.5 2
    endloop
  endfacet
  facet normal 0 0 1
    outer loop
      vertex 3.3 32.7 2
      vertex 3.61926 67.0941 2
      vertex 3.52994 67.5432 2
    endloop
  endfacet
  facet normal 0 0 1
    outer loop
      vertex 2.5 72.5 2
      vertex 3.52994 67.5432 2
      vertex 3.5 68 2
    endloop
  endfacet
  facet normal 0 0 1
    outer loop
      vertex 5.3 33.3 2
      vertex 3.3 32.7 2
      vertex 13.5 32.7 2
    endloop
  endfacet
  facet normal 0 0 1
    outer loop
      vertex 5.3 45.5 2
      vertex 3.3 32.7 2
      vertex 5.3 33.3 2
    endloop
  endfacet
  facet normal 0 0 1
    outer loop
      vertex 6.5 51.5 2
      vertex 16.5 62.5 2
      vertex 6.5 62.5 2
    endloop
  endfacet
  facet normal 0 0 1
    outer loop
      vertex 16.5 62.5 2
      vertex 6.5 51.5 2
      vertex 16.5 34.5 2
    endloop
  endfacet
  facet normal -0 0 1
    outer loop
      vertex 6.5 45.5 2
      vertex 16.5 34.5 2
      vertex 6.5 51.5 2
    endloop
  endfacet
  facet normal 0 0 1
    outer loop
      vertex 16.5 34.5 2
      vertex 6.5 45.5 2
      vertex 6.5 34.5 2
    endloop
  endfacet
  facet normal -0 0 1
    outer loop
      vertex 19.5 31.5 2
      vertex 28.5 25 2
      vertex 28.5 31.5 2
    endloop
  endfacet
  facet normal 0 0 1
    outer loop
      vertex 28.5 25 2
      vertex 19.5 31.5 2
      vertex 28.5 19 2
    endloop
  endfacet
  facet normal 0 0 1
    outer loop
      vertex 19.5 12.5 2
      vertex 28.5 19 2
      vertex 19.5 31.5 2
    endloop
  endfacet
  facet normal 0 0 1
    outer loop
      vertex 28.5 19 2
      vertex 19.5 12.5 2
      vertex 28.5 12.5 2
    endloop
  endfacet
  facet normal -0 0 1
    outer loop
      vertex 28.5 25 2
      vertex 29.7 19 2
      vertex 29.7 25 2
    endloop
  endfacet
  facet normal 0 0 1
    outer loop
      vertex 29.7 19 2
      vertex 28.5 25 2
      vertex 28.5 19 2
    endloop
  endfacet
  facet normal -0 0 1
    outer loop
      vertex 22.5 33.3 2
      vertex 29.7 32.7 2
      vertex 33.7 33.3 2
    endloop
  endfacet
  facet normal 0 0 1
    outer loop
      vertex 29.7 32.7 2
      vertex 22.5 33.3 2
      vertex 19.5 32.7 2
    endloop
  endfacet
  facet normal -0 0 1
    outer loop
      vertex 22.5 62.5 2
      vertex 32.5 51.5 2
      vertex 32.5 62.5 2
    endloop
  endfacet
  facet normal -0 0 1
    outer loop
      vertex 16.5 62.5 2
      vertex 32.5 51.5 2
      vertex 22.5 62.5 2
    endloop
  endfacet
  facet normal 0 0 1
    outer loop
      vertex 32.5 51.5 2
      vertex 16.5 62.5 2
      vertex 32.5 45.5 2
    endloop
  endfacet
  facet normal 0 0 1
    outer loop
      vertex 32.5 45.5 2
      vertex 22.5 34.5 2
      vertex 32.5 34.5 2
    endloop
  endfacet
  facet normal -0 0 1
    outer loop
      vertex 32.5 51.5 2
      vertex 33.7 45.5 2
      vertex 33.7 51.5 2
    endloop
  endfacet
  facet normal 0 0 1
    outer loop
      vertex 33.7 45.5 2
      vertex 32.5 51.5 2
      vertex 32.5 45.5 2
    endloop
  endfacet
  facet normal -0 0 1
    outer loop
      vertex 10.4701 67.5432 2
      vertex 16.5 63.7 2
      vertex 10.5 68 2
    endloop
  endfacet
  facet normal -0 0 1
    outer loop
      vertex 10.3807 67.0941 2
      vertex 16.5 63.7 2
      vertex 10.4701 67.5432 2
    endloop
  endfacet
  facet normal -0 0 1
    outer loop
      vertex 10.2336 66.6606 2
      vertex 16.5 63.7 2
      vertex 10.3807 67.0941 2
    endloop
  endfacet
  facet normal -0 0 1
    outer loop
      vertex 10.0311 66.25 2
      vertex 16.5 63.7 2
      vertex 10.2336 66.6606 2
    endloop
  endfacet
  facet normal -0 0 1
    outer loop
      vertex 9.77674 65.8693 2
      vertex 16.5 63.7 2
      vertex 10.0311 66.25 2
    endloop
  endfacet
  facet normal -0 0 1
    outer loop
      vertex 9.47487 65.5251 2
      vertex 16.5 63.7 2
      vertex 9.77674 65.8693 2
    endloop
  endfacet
  facet normal -0 0 1
    outer loop
      vertex 9.13066 65.2233 2
      vertex 16.5 63.7 2
      vertex 9.47487 65.5251 2
    endloop
  endfacet
  facet normal -0 0 1
    outer loop
      vertex 8.75 64.9689 2
      vertex 16.5 63.7 2
      vertex 9.13066 65.2233 2
    endloop
  endfacet
  facet normal -0 0 1
    outer loop
      vertex 8.33939 64.7664 2
      vertex 16.5 63.7 2
      vertex 8.75 64.9689 2
    endloop
  endfacet
  facet normal -0 0 1
    outer loop
      vertex 7.90587 64.6193 2
      vertex 16.5 63.7 2
      vertex 8.33939 64.7664 2
    endloop
  endfacet
  facet normal 0 0 1
    outer loop
      vertex 5.3 63.7 2
      vertex 7.90587 64.6193 2
      vertex 7.45684 64.5299 2
    endloop
  endfacet
  facet normal 0 0 1
    outer loop
      vertex 5.3 63.7 2
      vertex 7.45684 64.5299 2
      vertex 7 64.5 2
    endloop
  endfacet
  facet normal 0 0 1
    outer loop
      vertex 5.3 63.7 2
      vertex 7 64.5 2
      vertex 6.54316 64.5299 2
    endloop
  endfacet
  facet normal 0 0 1
    outer loop
      vertex 7.90587 64.6193 2
      vertex 5.3 63.7 2
      vertex 16.5 63.7 2
    endloop
  endfacet
  facet normal 0 0 1
    outer loop
      vertex 6.09413 64.6193 2
      vertex 5.3 63.7 2
      vertex 6.54316 64.5299 2
    endloop
  endfacet
  facet normal 0 0 1
    outer loop
      vertex 5.66061 64.7664 2
      vertex 5.3 63.7 2
      vertex 6.09413 64.6193 2
    endloop
  endfacet
  facet normal 0 0 1
    outer loop
      vertex 4.86934 65.2233 2
      vertex 5.3 63.7 2
      vertex 5.25 64.9689 2
    endloop
  endfacet
  facet normal 0 0 1
    outer loop
      vertex 4.52513 65.5251 2
      vertex 5.3 63.7 2
      vertex 4.86934 65.2233 2
    endloop
  endfacet
  facet normal 0 0 1
    outer loop
      vertex 4.22326 65.8693 2
      vertex 5.3 63.7 2
      vertex 4.52513 65.5251 2
    endloop
  endfacet
  facet normal 0 0 1
    outer loop
      vertex 5.25 64.9689 2
      vertex 5.3 63.7 2
      vertex 5.66061 64.7664 2
    endloop
  endfacet
  facet normal -0 0 1
    outer loop
      vertex 41.3 17.75 2
      vertex 42.5 11.75 2
      vertex 42.5 17.75 2
    endloop
  endfacet
  facet normal 0 0 1
    outer loop
      vertex 42.5 11.75 2
      vertex 41.3 17.75 2
      vertex 41.3 11.75 2
    endloop
  endfacet
  facet normal -0 0 1
    outer loop
      vertex 57.75 18.25 2
      vertex 64 17.75 2
      vertex 64 23 2
    endloop
  endfacet
  facet normal 0 0 1
    outer loop
      vertex 64 17.75 2
      vertex 57.75 18.25 2
      vertex 64 11.75 2
    endloop
  endfacet
  facet normal 0 0 1
    outer loop
      vertex 57.75 11.25 2
      vertex 64 11.75 2
      vertex 57.75 18.25 2
    endloop
  endfacet
  facet normal -0 0 1
    outer loop
      vertex 56.25 23 2
      vertex 57.75 18.25 2
      vertex 64 23 2
    endloop
  endfacet
  facet normal 0 0 1
    outer loop
      vertex 50.25 23 2
      vertex 56.25 23 2
      vertex 50.25 24.2 2
    endloop
  endfacet
  facet normal 0 0 1
    outer loop
      vertex 56.25 23 2
      vertex 50.25 23 2
      vertex 57.75 18.25 2
    endloop
  endfacet
  facet normal 0 0 1
    outer loop
      vertex 50.25 23 2
      vertex 48.75 18.25 2
      vertex 57.75 18.25 2
    endloop
  endfacet
  facet normal 0 0 1
    outer loop
      vertex 42.5 17.75 2
      vertex 48.75 18.25 2
      vertex 42.5 23 2
    endloop
  endfacet
  facet normal -0 0 1
    outer loop
      vertex 42.5 23 2
      vertex 48.75 18.25 2
      vertex 50.25 23 2
    endloop
  endfacet
  facet normal -0 0 1
    outer loop
      vertex 63.3 62.5 2
      vertex 64.5 56.5 2
      vertex 64.5 62.5 2
    endloop
  endfacet
  facet normal 0 0 1
    outer loop
      vertex 64.5 56.5 2
      vertex 63.3 62.5 2
      vertex 63.3 56.5 2
    endloop
  endfacet
  facet normal 0 0 1
    outer loop
      vertex 64 11.75 2
      vertex 65.3 12.25 2
      vertex 64 17.75 2
    endloop
  endfacet
  facet normal 0 0 1
    outer loop
      vertex 65.3 12.25 2
      vertex 64 11.75 2
      vertex 65.2 11.75 2
    endloop
  endfacet
  facet normal 0 0 1
    outer loop
      vertex 65.2 17.75 2
      vertex 66.5 18.25 2
      vertex 65.3 18.25 2
    endloop
  endfacet
  facet normal 0 0 1
    outer loop
      vertex 66.5 18.25 2
      vertex 65.2 17.75 2
      vertex 66.5 12.25 2
    endloop
  endfacet
  facet normal 0 0 1
    outer loop
      vertex 64.5 62.5 2
      vertex 73 70.5 2
      vertex 64.5 70.5 2
    endloop
  endfacet
  facet normal 0 0 1
    outer loop
      vertex 73 70.5 2
      vertex 64.5 62.5 2
      vertex 73 48.5 2
    endloop
  endfacet
  facet normal -0 0 1
    outer loop
      vertex 64.5 56.5 2
      vertex 73 48.5 2
      vertex 64.5 62.5 2
    endloop
  endfacet
  facet normal 0 0 1
    outer loop
      vertex 73 48.5 2
      vertex 64.5 56.5 2
      vertex 64.5 48.5 2
    endloop
  endfacet
  facet normal 0 0 1
    outer loop
      vertex 66.5 18.25 2
      vertex 76.5 25 2
      vertex 66.5 25 2
    endloop
  endfacet
  facet normal 0 0 1
    outer loop
      vertex 76.5 25 2
      vertex 66.5 18.25 2
      vertex 76.5 5.5 2
    endloop
  endfacet
  facet normal -0 0 1
    outer loop
      vertex 66.5 12.25 2
      vertex 76.5 5.5 2
      vertex 66.5 18.25 2
    endloop
  endfacet
  facet normal 0 0 1
    outer loop
      vertex 76.5 5.5 2
      vertex 66.5 12.25 2
      vertex 66.5 5.5 2
    endloop
  endfacet
  facet normal 0 0 1
    outer loop
      vertex 76.5 40.75 2
      vertex 86.5 47 2
      vertex 76.5 47 2
    endloop
  endfacet
  facet normal 0 0 1
    outer loop
      vertex 86.5 47 2
      vertex 76.5 40.75 2
      vertex 86.5 28.5 2
    endloop
  endfacet
  facet normal -0 0 1
    outer loop
      vertex 76.5 34.75 2
      vertex 86.5 28.5 2
      vertex 76.5 40.75 2
    endloop
  endfacet
  facet normal 0 0 1
    outer loop
      vertex 86.5 28.5 2
      vertex 76.5 34.75 2
      vertex 76.5 28.5 2
    endloop
  endfacet
  facet normal -0 0 1
    outer loop
      vertex 79 70.5 2
      vertex 87.5 62.5 2
      vertex 87.5 70.5 2
    endloop
  endfacet
  facet normal 0 0 1
    outer loop
      vertex 87.5 62.5 2
      vertex 79 70.5 2
      vertex 87.5 56.5 2
    endloop
  endfacet
  facet normal 0 0 1
    outer loop
      vertex 79 48.5 2
      vertex 87.5 56.5 2
      vertex 79 70.5 2
    endloop
  endfacet
  facet normal 0 0 1
    outer loop
      vertex 87.5 56.5 2
      vertex 79 48.5 2
      vertex 87.5 48.5 2
    endloop
  endfacet
  facet normal -0 0 1
    outer loop
      vertex 87.5 62.5 2
      vertex 88.7 56.5 2
      vertex 88.7 62.5 2
    endloop
  endfacet
  facet normal 0 0 1
    outer loop
      vertex 88.7 56.5 2
      vertex 87.5 62.5 2
      vertex 87.5 56.5 2
    endloop
  endfacet
  facet normal -0 0 1
    outer loop
      vertex 82.5 25 2
      vertex 92.5 18.25 2
      vertex 92.5 25 2
    endloop
  endfacet
  facet normal 0 0 1
    outer loop
      vertex 92.5 18.25 2
      vertex 82.5 25 2
      vertex 92.5 12.25 2
    endloop
  endfacet
  facet normal 0 0 1
    outer loop
      vertex 82.5 5.5 2
      vertex 92.5 12.25 2
      vertex 82.5 25 2
    endloop
  endfacet
  facet normal 0 0 1
    outer loop
      vertex 92.5 12.25 2
      vertex 82.5 5.5 2
      vertex 92.5 5.5 2
    endloop
  endfacet
  facet normal 0 0 1
    outer loop
      vertex 101.47 67.5432 2
      vertex 102.5 72.5 2
      vertex 101.5 68 2
    endloop
  endfacet
  facet normal 0 0 1
    outer loop
      vertex 102.5 72.5 2
      vertex 101.47 68.4568 2
      vertex 101.5 68 2
    endloop
  endfacet
  facet normal 0 0 1
    outer loop
      vertex 102.5 72.5 2
      vertex 101.381 68.9059 2
      vertex 101.47 68.4568 2
    endloop
  endfacet
  facet normal 0 0 1
    outer loop
      vertex 102.5 72.5 2
      vertex 101.234 69.3394 2
      vertex 101.381 68.9059 2
    endloop
  endfacet
  facet normal 0 0 1
    outer loop
      vertex 102.5 72.5 2
      vertex 101.031 69.75 2
      vertex 101.234 69.3394 2
    endloop
  endfacet
  facet normal 0 0 1
    outer loop
      vertex 102.5 72.5 2
      vertex 100.777 70.1307 2
      vertex 101.031 69.75 2
    endloop
  endfacet
  facet normal 0 0 1
    outer loop
      vertex 102.5 72.5 2
      vertex 100.475 70.4749 2
      vertex 100.777 70.1307 2
    endloop
  endfacet
  facet normal 0 0 1
    outer loop
      vertex 102.5 72.5 2
      vertex 100.131 70.7767 2
      vertex 100.475 70.4749 2
    endloop
  endfacet
  facet normal 0 0 1
    outer loop
      vertex 102.5 72.5 2
      vertex 99.75 71.0311 2
      vertex 100.131 70.7767 2
    endloop
  endfacet
  facet normal 0 0 1
    outer loop
      vertex 102.5 72.5 2
      vertex 99.3394 71.2336 2
      vertex 99.75 71.0311 2
    endloop
  endfacet
  facet normal 0 0 1
    outer loop
      vertex 102.5 72.5 2
      vertex 98.9059 71.3807 2
      vertex 99.3394 71.2336 2
    endloop
  endfacet
  facet normal 0 0 1
    outer loop
      vertex 102.5 72.5 2
      vertex 98.4568 71.4701 2
      vertex 98.9059 71.3807 2
    endloop
  endfacet
  facet normal 0 0 1
    outer loop
      vertex 102.5 72.5 2
      vertex 98 71.5 2
      vertex 98.4568 71.4701 2
    endloop
  endfacet
  facet normal 0 0 1
    outer loop
      vertex 102.5 72.5 2
      vertex 97.5432 71.4701 2
      vertex 98 71.5 2
    endloop
  endfacet
  facet normal -0 0 1
    outer loop
      vertex 88.7 71.7 2
      vertex 97.5432 71.4701 2
      vertex 102.5 72.5 2
    endloop
  endfacet
  facet normal 0 0 1
    outer loop
      vertex 88.7 71.7 2
      vertex 94.5 68 2
      vertex 94.5299 68.4568 2
    endloop
  endfacet
  facet normal -0 0 1
    outer loop
      vertex 88.7 47.3 2
      vertex 92.5 47 2
      vertex 92.5 48.2 2
    endloop
  endfacet
  facet normal 0 0 1
    outer loop
      vertex 92.5 47 2
      vertex 88.7 47.3 2
      vertex 92.5 28.5 2
    endloop
  endfacet
  facet normal 0 0 1
    outer loop
      vertex 94.5 68 2
      vertex 88.7 62.5 2
      vertex 88.7 56.5 2
    endloop
  endfacet
  facet normal 0 0 1
    outer loop
      vertex 94.5 68 2
      vertex 88.7 71.7 2
      vertex 88.7 62.5 2
    endloop
  endfacet
  facet normal 0 0 1
    outer loop
      vertex 94.6193 68.9059 2
      vertex 88.7 71.7 2
      vertex 94.5299 68.4568 2
    endloop
  endfacet
  facet normal 0 0 1
    outer loop
      vertex 94.7664 69.3394 2
      vertex 88.7 71.7 2
      vertex 94.6193 68.9059 2
    endloop
  endfacet
  facet normal 0 0 1
    outer loop
      vertex 94.9689 69.75 2
      vertex 88.7 71.7 2
      vertex 94.7664 69.3394 2
    endloop
  endfacet
  facet normal 0 0 1
    outer loop
      vertex 95.2233 70.1307 2
      vertex 88.7 71.7 2
      vertex 94.9689 69.75 2
    endloop
  endfacet
  facet normal 0 0 1
    outer loop
      vertex 95.5251 70.4749 2
      vertex 88.7 71.7 2
      vertex 95.2233 70.1307 2
    endloop
  endfacet
  facet normal 0 0 1
    outer loop
      vertex 95.8693 70.7767 2
      vertex 88.7 71.7 2
      vertex 95.5251 70.4749 2
    endloop
  endfacet
  facet normal 0 0 1
    outer loop
      vertex 96.25 71.0311 2
      vertex 88.7 71.7 2
      vertex 95.8693 70.7767 2
    endloop
  endfacet
  facet normal 0 0 1
    outer loop
      vertex 96.6606 71.2336 2
      vertex 88.7 71.7 2
      vertex 96.25 71.0311 2
    endloop
  endfacet
  facet normal 0 0 1
    outer loop
      vertex 97.0941 71.3807 2
      vertex 88.7 71.7 2
      vertex 96.6606 71.2336 2
    endloop
  endfacet
  facet normal 0 0 1
    outer loop
      vertex 97.5432 71.4701 2
      vertex 88.7 71.7 2
      vertex 97.0941 71.3807 2
    endloop
  endfacet
  facet normal 0 0 1
    outer loop
      vertex 102.5 72.5 2
      vertex 79 71.7 2
      vertex 88.7 71.7 2
    endloop
  endfacet
  facet normal 0 0 1
    outer loop
      vertex 73 70.5 2
      vertex 79 70.5 2
      vertex 79 71.7 2
    endloop
  endfacet
  facet normal 0 -0 1
    outer loop
      vertex 75.3 48.2 2
      vertex 79 70.5 2
      vertex 73 70.5 2
    endloop
  endfacet
  facet normal 0 0 1
    outer loop
      vertex 79 70.5 2
      vertex 75.3 48.2 2
      vertex 79 48.5 2
    endloop
  endfacet
  facet normal -0 0 1
    outer loop
      vertex 73 47.3 2
      vertex 75.3 40.75 2
      vertex 75.3 48.2 2
    endloop
  endfacet
  facet normal -0 0 1
    outer loop
      vertex 63.3 47.3 2
      vertex 75.3 40.75 2
      vertex 73 47.3 2
    endloop
  endfacet
  facet normal 0 0 1
    outer loop
      vertex 79 48.5 2
      vertex 75.3 48.2 2
      vertex 79 48.2 2
    endloop
  endfacet
  facet normal 0 0 1
    outer loop
      vertex 73 70.5 2
      vertex 79 71.7 2
      vertex 73 71.7 2
    endloop
  endfacet
  facet normal 0 0 1
    outer loop
      vertex 102.5 72.5 2
      vertex 73 71.7 2
      vertex 79 71.7 2
    endloop
  endfacet
  facet normal -0 0 1
    outer loop
      vertex 61 72 2
      vertex 73 71.7 2
      vertex 102.5 72.5 2
    endloop
  endfacet
  facet normal 0 0 1
    outer loop
      vertex 61 72 2
      vertex 63.3 62.5 2
      vertex 63.3 71.7 2
    endloop
  endfacet
  facet normal 0 0 1
    outer loop
      vertex 63.3 62.5 2
      vertex 61 72 2
      vertex 63.3 56.5 2
    endloop
  endfacet
  facet normal 0 0 1
    outer loop
      vertex 61 33 2
      vertex 63.3 56.5 2
      vertex 61 72 2
    endloop
  endfacet
  facet normal 0 0 1
    outer loop
      vertex 73 71.7 2
      vertex 61 72 2
      vertex 63.3 71.7 2
    endloop
  endfacet
  facet normal 0 0 1
    outer loop
      vertex 102.5 72.5 2
      vertex 37 72 2
      vertex 61 72 2
    endloop
  endfacet
  facet normal 0 0 1
    outer loop
      vertex 33.7 51.5 2
      vertex 37 72 2
      vertex 33.7 63.7 2
    endloop
  endfacet
  facet normal 0 0 1
    outer loop
      vertex 37 72 2
      vertex 22.5 63.7 2
      vertex 33.7 63.7 2
    endloop
  endfacet
  facet normal 0 0 1
    outer loop
      vertex 16.5 62.5 2
      vertex 22.5 62.5 2
      vertex 22.5 63.7 2
    endloop
  endfacet
  facet normal 0 0 1
    outer loop
      vertex 16.5 34.5 2
      vertex 32.5 45.5 2
      vertex 16.5 62.5 2
    endloop
  endfacet
  facet normal 0 -0 1
    outer loop
      vertex 19.5 32.7 2
      vertex 22.5 34.5 2
      vertex 16.5 34.5 2
    endloop
  endfacet
  facet normal 0 0 1
    outer loop
      vertex 16.5 33.3 2
      vertex 19.5 31.5 2
      vertex 19.5 32.7 2
    endloop
  endfacet
  facet normal 0 0 1
    outer loop
      vertex 19.5 31.5 2
      vertex 13.5 31.5 2
      vertex 19.5 12.5 2
    endloop
  endfacet
  facet normal 0 0 1
    outer loop
      vertex 32.5 45.5 2
      vertex 16.5 34.5 2
      vertex 22.5 34.5 2
    endloop
  endfacet
  facet normal 0 0 1
    outer loop
      vertex 16.5 62.5 2
      vertex 22.5 63.7 2
      vertex 16.5 63.7 2
    endloop
  endfacet
  facet normal -0 0 1
    outer loop
      vertex 9.77674 70.1307 2
      vertex 22.5 63.7 2
      vertex 37 72 2
    endloop
  endfacet
  facet normal -0 -0 1
    outer loop
      vertex 10.2336 69.3394 2
      vertex 22.5 63.7 2
      vertex 10.0311 69.75 2
    endloop
  endfacet
  facet normal 0 0 1
    outer loop
      vertex 16.5 63.7 2
      vertex 10.4701 68.4568 2
      vertex 10.5 68 2
    endloop
  endfacet
  facet normal 0 0 1
    outer loop
      vertex 16.5 63.7 2
      vertex 10.3807 68.9059 2
      vertex 10.4701 68.4568 2
    endloop
  endfacet
  facet normal 0 0 1
    outer loop
      vertex 16.5 63.7 2
      vertex 10.2336 69.3394 2
      vertex 10.3807 68.9059 2
    endloop
  endfacet
  facet normal 0 0 1
    outer loop
      vertex 22.5 63.7 2
      vertex 10.2336 69.3394 2
      vertex 16.5 63.7 2
    endloop
  endfacet
  facet normal 0 0 1
    outer loop
      vertex 22.5 63.7 2
      vertex 9.77674 70.1307 2
      vertex 10.0311 69.75 2
    endloop
  endfacet
  facet normal 0 0 1
    outer loop
      vertex 37 72 2
      vertex 9.47487 70.4749 2
      vertex 9.77674 70.1307 2
    endloop
  endfacet
  facet normal 0 0 1
    outer loop
      vertex 37 72 2
      vertex 9.13066 70.7767 2
      vertex 9.47487 70.4749 2
    endloop
  endfacet
  facet normal 0 0 1
    outer loop
      vertex 37 72 2
      vertex 8.75 71.0311 2
      vertex 9.13066 70.7767 2
    endloop
  endfacet
  facet normal 0 0 1
    outer loop
      vertex 37 72 2
      vertex 8.33939 71.2336 2
      vertex 8.75 71.0311 2
    endloop
  endfacet
  facet normal 0 0 1
    outer loop
      vertex 37 72 2
      vertex 7.90587 71.3807 2
      vertex 8.33939 71.2336 2
    endloop
  endfacet
  facet normal 0 0 1
    outer loop
      vertex 37 72 2
      vertex 7.45684 71.4701 2
      vertex 7.90587 71.3807 2
    endloop
  endfacet
  facet normal 0 0 1
    outer loop
      vertex 2.5 72.5 2
      vertex 7.45684 71.4701 2
      vertex 37 72 2
    endloop
  endfacet
  facet normal 0 0 1
    outer loop
      vertex 2.5 2.5 2
      vertex 3.3 25 2
      vertex 3.3 32.7 2
    endloop
  endfacet
  facet normal 0 0 1
    outer loop
      vertex 3.3 25 2
      vertex 2.5 2.5 2
      vertex 3.3 19 2
    endloop
  endfacet
  facet normal 0 0 1
    outer loop
      vertex 2.5 2.5 2
      vertex 3.3 32.7 2
      vertex 2.5 72.5 2
    endloop
  endfacet
  facet normal 0 0 1
    outer loop
      vertex 3.52994 67.5432 2
      vertex 2.5 72.5 2
      vertex 3.3 32.7 2
    endloop
  endfacet
  facet normal 0 0 1
    outer loop
      vertex 3.52994 68.4568 2
      vertex 2.5 72.5 2
      vertex 3.5 68 2
    endloop
  endfacet
  facet normal 0 0 1
    outer loop
      vertex 3.61926 68.9059 2
      vertex 2.5 72.5 2
      vertex 3.52994 68.4568 2
    endloop
  endfacet
  facet normal 0 0 1
    outer loop
      vertex 3.76642 69.3394 2
      vertex 2.5 72.5 2
      vertex 3.61926 68.9059 2
    endloop
  endfacet
  facet normal 0 0 1
    outer loop
      vertex 3.96891 69.75 2
      vertex 2.5 72.5 2
      vertex 3.76642 69.3394 2
    endloop
  endfacet
  facet normal 0 0 1
    outer loop
      vertex 4.22326 70.1307 2
      vertex 2.5 72.5 2
      vertex 3.96891 69.75 2
    endloop
  endfacet
  facet normal 0 0 1
    outer loop
      vertex 4.52513 70.4749 2
      vertex 2.5 72.5 2
      vertex 4.22326 70.1307 2
    endloop
  endfacet
  facet normal 0 0 1
    outer loop
      vertex 4.86934 70.7767 2
      vertex 2.5 72.5 2
      vertex 4.52513 70.4749 2
    endloop
  endfacet
  facet normal 0 0 1
    outer loop
      vertex 5.25 71.0311 2
      vertex 2.5 72.5 2
      vertex 4.86934 70.7767 2
    endloop
  endfacet
  facet normal 0 0 1
    outer loop
      vertex 5.66061 71.2336 2
      vertex 2.5 72.5 2
      vertex 5.25 71.0311 2
    endloop
  endfacet
  facet normal 0 0 1
    outer loop
      vertex 6.09413 71.3807 2
      vertex 2.5 72.5 2
      vertex 5.66061 71.2336 2
    endloop
  endfacet
  facet normal 0 0 1
    outer loop
      vertex 6.54316 71.4701 2
      vertex 2.5 72.5 2
      vertex 6.09413 71.3807 2
    endloop
  endfacet
  facet normal 0 0 1
    outer loop
      vertex 7 71.5 2
      vertex 2.5 72.5 2
      vertex 6.54316 71.4701 2
    endloop
  endfacet
  facet normal 0 0 1
    outer loop
      vertex 7.45684 71.4701 2
      vertex 2.5 72.5 2
      vertex 7 71.5 2
    endloop
  endfacet
  facet normal -0 0 1
    outer loop
      vertex 2.5 72.5 2
      vertex 37 72 2
      vertex 102.5 72.5 2
    endloop
  endfacet
  facet normal 0 0 1
    outer loop
      vertex 102.5 72.5 2
      vertex 101.47 67.5432 2
      vertex 102.5 48.2 2
    endloop
  endfacet
  facet normal -0 0 1
    outer loop
      vertex 101.381 67.0941 2
      vertex 102.5 48.2 2
      vertex 101.47 67.5432 2
    endloop
  endfacet
  facet normal -0 0 1
    outer loop
      vertex 101.234 66.6606 2
      vertex 102.5 48.2 2
      vertex 101.381 67.0941 2
    endloop
  endfacet
  facet normal -0 0 1
    outer loop
      vertex 101.031 66.25 2
      vertex 102.5 48.2 2
      vertex 101.234 66.6606 2
    endloop
  endfacet
  facet normal -0 0 1
    outer loop
      vertex 100.777 65.8693 2
      vertex 102.5 48.2 2
      vertex 101.031 66.25 2
    endloop
  endfacet
  facet normal -0 0 1
    outer loop
      vertex 100.475 65.5251 2
      vertex 102.5 48.2 2
      vertex 100.777 65.8693 2
    endloop
  endfacet
  facet normal -0 0 1
    outer loop
      vertex 100.131 65.2233 2
      vertex 102.5 48.2 2
      vertex 100.475 65.5251 2
    endloop
  endfacet
  facet normal -0 0 1
    outer loop
      vertex 99.75 64.9689 2
      vertex 102.5 48.2 2
      vertex 100.131 65.2233 2
    endloop
  endfacet
  facet normal -0 0 1
    outer loop
      vertex 99.3394 64.7664 2
      vertex 102.5 48.2 2
      vertex 99.75 64.9689 2
    endloop
  endfacet
  facet normal -0 0 1
    outer loop
      vertex 98.9059 64.6193 2
      vertex 102.5 48.2 2
      vertex 99.3394 64.7664 2
    endloop
  endfacet
  facet normal -0 0 1
    outer loop
      vertex 98.4568 64.5299 2
      vertex 102.5 48.2 2
      vertex 98.9059 64.6193 2
    endloop
  endfacet
  facet normal -0 0 1
    outer loop
      vertex 98 64.5 2
      vertex 102.5 48.2 2
      vertex 98.4568 64.5299 2
    endloop
  endfacet
  facet normal 0 0 1
    outer loop
      vertex 92.5 48.2 2
      vertex 98 64.5 2
      vertex 97.5432 64.5299 2
    endloop
  endfacet
  facet normal 0 0 1
    outer loop
      vertex 92.5 48.2 2
      vertex 97.5432 64.5299 2
      vertex 97.0941 64.6193 2
    endloop
  endfacet
  facet normal 0 0 1
    outer loop
      vertex 92.5 48.2 2
      vertex 97.0941 64.6193 2
      vertex 96.6606 64.7664 2
    endloop
  endfacet
  facet normal 0 0 1
    outer loop
      vertex 92.5 48.2 2
      vertex 96.6606 64.7664 2
      vertex 96.25 64.9689 2
    endloop
  endfacet
  facet normal 0 0 1
    outer loop
      vertex 92.5 48.2 2
      vertex 96.25 64.9689 2
      vertex 95.8693 65.2233 2
    endloop
  endfacet
  facet normal 0 0 1
    outer loop
      vertex 92.5 48.2 2
      vertex 95.8693 65.2233 2
      vertex 95.5251 65.5251 2
    endloop
  endfacet
  facet normal 0 0 1
    outer loop
      vertex 92.5 48.2 2
      vertex 95.5251 65.5251 2
      vertex 95.2233 65.8693 2
    endloop
  endfacet
  facet normal 0 0 1
    outer loop
      vertex 92.5 48.2 2
      vertex 95.2233 65.8693 2
      vertex 94.9689 66.25 2
    endloop
  endfacet
  facet normal 0 0 1
    outer loop
      vertex 92.5 48.2 2
      vertex 94.9689 66.25 2
      vertex 94.7664 66.6606 2
    endloop
  endfacet
  facet normal 0 0 1
    outer loop
      vertex 98 64.5 2
      vertex 92.5 48.2 2
      vertex 102.5 48.2 2
    endloop
  endfacet
  facet normal 0 0 1
    outer loop
      vertex 94.6193 67.0941 2
      vertex 92.5 48.2 2
      vertex 94.7664 66.6606 2
    endloop
  endfacet
  facet normal 0 0 1
    outer loop
      vertex 94.5299 67.5432 2
      vertex 92.5 48.2 2
      vertex 94.6193 67.0941 2
    endloop
  endfacet
  facet normal 0 0 1
    outer loop
      vertex 92.5 48.2 2
      vertex 94.5299 67.5432 2
      vertex 94.5 68 2
    endloop
  endfacet
  facet normal -0 0 1
    outer loop
      vertex 92.5 47 2
      vertex 102.5 40.75 2
      vertex 102.5 47 2
    endloop
  endfacet
  facet normal 0 0 1
    outer loop
      vertex 102.5 40.75 2
      vertex 92.5 47 2
      vertex 102.5 34.75 2
    endloop
  endfacet
  facet normal 0 0 1
    outer loop
      vertex 92.5 28.5 2
      vertex 102.5 34.75 2
      vertex 92.5 47 2
    endloop
  endfacet
  facet normal 0 0 1
    outer loop
      vertex 102.5 34.75 2
      vertex 92.5 28.5 2
      vertex 102.5 28.5 2
    endloop
  endfacet
  facet normal -0 0 1
    outer loop
      vertex 92.5 18.25 2
      vertex 93.7 12.25 2
      vertex 93.7 18.25 2
    endloop
  endfacet
  facet normal 0 0 1
    outer loop
      vertex 93.7 12.25 2
      vertex 92.5 18.25 2
      vertex 92.5 12.25 2
    endloop
  endfacet
  facet normal -0 0 1
    outer loop
      vertex 101.47 7.45684 2
      vertex 102.5 2.5 2
      vertex 102.5 27.3 2
    endloop
  endfacet
  facet normal 0 0 1
    outer loop
      vertex 102.5 2.5 2
      vertex 101.47 7.45684 2
      vertex 101.5 7 2
    endloop
  endfacet
  facet normal 0 0 1
    outer loop
      vertex 102.5 27.3 2
      vertex 101.381 7.90587 2
      vertex 101.47 7.45684 2
    endloop
  endfacet
  facet normal 0 0 1
    outer loop
      vertex 102.5 27.3 2
      vertex 101.234 8.33939 2
      vertex 101.381 7.90587 2
    endloop
  endfacet
  facet normal 0 0 1
    outer loop
      vertex 102.5 27.3 2
      vertex 101.031 8.75 2
      vertex 101.234 8.33939 2
    endloop
  endfacet
  facet normal 0 0 1
    outer loop
      vertex 102.5 27.3 2
      vertex 100.777 9.13066 2
      vertex 101.031 8.75 2
    endloop
  endfacet
  facet normal 0 0 1
    outer loop
      vertex 102.5 27.3 2
      vertex 100.475 9.47487 2
      vertex 100.777 9.13066 2
    endloop
  endfacet
  facet normal 0 0 1
    outer loop
      vertex 102.5 27.3 2
      vertex 100.131 9.77674 2
      vertex 100.475 9.47487 2
    endloop
  endfacet
  facet normal 0 0 1
    outer loop
      vertex 102.5 27.3 2
      vertex 99.75 10.0311 2
      vertex 100.131 9.77674 2
    endloop
  endfacet
  facet normal 0 0 1
    outer loop
      vertex 102.5 27.3 2
      vertex 99.3394 10.2336 2
      vertex 99.75 10.0311 2
    endloop
  endfacet
  facet normal -0 0 1
    outer loop
      vertex 93.7 18.25 2
      vertex 99.3394 10.2336 2
      vertex 102.5 27.3 2
    endloop
  endfacet
  facet normal 0 0 1
    outer loop
      vertex 99.3394 10.2336 2
      vertex 93.7 18.25 2
      vertex 98.9059 10.3807 2
    endloop
  endfacet
  facet normal 0 0 1
    outer loop
      vertex 98.9059 10.3807 2
      vertex 93.7 18.25 2
      vertex 98.4568 10.4701 2
    endloop
  endfacet
  facet normal 0 0 1
    outer loop
      vertex 98.4568 10.4701 2
      vertex 93.7 18.25 2
      vertex 98 10.5 2
    endloop
  endfacet
  facet normal 0 0 1
    outer loop
      vertex 98 10.5 2
      vertex 93.7 18.25 2
      vertex 97.5432 10.4701 2
    endloop
  endfacet
  facet normal -0 0 1
    outer loop
      vertex 93.7 12.25 2
      vertex 97.5432 10.4701 2
      vertex 93.7 18.25 2
    endloop
  endfacet
  facet normal 0 0 1
    outer loop
      vertex 97.5432 10.4701 2
      vertex 93.7 12.25 2
      vertex 97.0941 10.3807 2
    endloop
  endfacet
  facet normal 0 0 1
    outer loop
      vertex 97.0941 10.3807 2
      vertex 93.7 12.25 2
      vertex 96.6606 10.2336 2
    endloop
  endfacet
  facet normal 0 0 1
    outer loop
      vertex 96.6606 10.2336 2
      vertex 93.7 12.25 2
      vertex 96.25 10.0311 2
    endloop
  endfacet
  facet normal 0 0 1
    outer loop
      vertex 96.25 10.0311 2
      vertex 93.7 12.25 2
      vertex 95.8693 9.77674 2
    endloop
  endfacet
  facet normal 0 0 1
    outer loop
      vertex 95.8693 9.77674 2
      vertex 93.7 12.25 2
      vertex 95.5251 9.47487 2
    endloop
  endfacet
  facet normal 0 0 1
    outer loop
      vertex 95.2233 9.13066 2
      vertex 93.7 12.25 2
      vertex 94.9689 8.75 2
    endloop
  endfacet
  facet normal 0 0 1
    outer loop
      vertex 94.7664 8.33939 2
      vertex 93.7 12.25 2
      vertex 94.6193 7.90587 2
    endloop
  endfacet
  facet normal 0 0 1
    outer loop
      vertex 94.9689 8.75 2
      vertex 93.7 12.25 2
      vertex 94.7664 8.33939 2
    endloop
  endfacet
  facet normal 0 0 1
    outer loop
      vertex 95.5251 9.47487 2
      vertex 93.7 12.25 2
      vertex 95.2233 9.13066 2
    endloop
  endfacet
  facet normal 0 0 1
    outer loop
      vertex 93.7 18.25 2
      vertex 102.5 27.3 2
      vertex 93.7 26.2 2
    endloop
  endfacet
  facet normal -0 0 1
    outer loop
      vertex 92.5 27.3 2
      vertex 93.7 26.2 2
      vertex 102.5 27.3 2
    endloop
  endfacet
  facet normal 0 0 1
    outer loop
      vertex 94.5 68 2
      vertex 88.7 56.5 2
      vertex 92.5 48.2 2
    endloop
  endfacet
  facet normal 0 0 1
    outer loop
      vertex 88.7 47.3 2
      vertex 92.5 48.2 2
      vertex 88.7 56.5 2
    endloop
  endfacet
  facet normal 0 0 1
    outer loop
      vertex 86.5 28.5 2
      vertex 92.5 28.5 2
      vertex 88.7 47.3 2
    endloop
  endfacet
  facet normal 0 0 1
    outer loop
      vertex 86.5 47 2
      vertex 88.7 47.3 2
      vertex 86.5 47.3 2
    endloop
  endfacet
  facet normal 0 0 1
    outer loop
      vertex 86.5 28.5 2
      vertex 88.7 47.3 2
      vertex 86.5 47 2
    endloop
  endfacet
  facet normal 0 0 1
    outer loop
      vertex 92.5 28.5 2
      vertex 86.5 28.5 2
      vertex 92.5 27.3 2
    endloop
  endfacet
  facet normal 0 0 1
    outer loop
      vertex 86.5 27.3 2
      vertex 92.5 27.3 2
      vertex 86.5 28.5 2
    endloop
  endfacet
  facet normal 0 0 1
    outer loop
      vertex 92.5 27.3 2
      vertex 86.5 27.3 2
      vertex 93.7 26.2 2
    endloop
  endfacet
  facet normal 0 0 1
    outer loop
      vertex 86.5 27.3 2
      vertex 82.5 26.2 2
      vertex 93.7 26.2 2
    endloop
  endfacet
  facet normal 0 0 1
    outer loop
      vertex 76.5 25 2
      vertex 82.5 25 2
      vertex 82.5 26.2 2
    endloop
  endfacet
  facet normal 0 0 1
    outer loop
      vertex 82.5 25 2
      vertex 76.5 25 2
      vertex 82.5 5.5 2
    endloop
  endfacet
  facet normal 0 0 1
    outer loop
      vertex 76.5 25 2
      vertex 82.5 26.2 2
      vertex 76.5 26.2 2
    endloop
  endfacet
  facet normal -0 0 1
    outer loop
      vertex 75.3 27.3 2
      vertex 82.5 26.2 2
      vertex 86.5 27.3 2
    endloop
  endfacet
  facet normal 0 0 1
    outer loop
      vertex 82.5 26.2 2
      vertex 75.3 27.3 2
      vertex 76.5 26.2 2
    endloop
  endfacet
  facet normal -0 0 1
    outer loop
      vertex 73 48.5 2
      vertex 75.3 48.2 2
      vertex 73 70.5 2
    endloop
  endfacet
  facet normal 0 0 1
    outer loop
      vertex 73 47.3 2
      vertex 75.3 48.2 2
      vertex 73 48.5 2
    endloop
  endfacet
  facet normal 0 0 1
    outer loop
      vertex 61 33 2
      vertex 75.3 40.75 2
      vertex 63.3 47.3 2
    endloop
  endfacet
  facet normal 0 0 1
    outer loop
      vertex 75.3 27.3 2
      vertex 65.3 26.2 2
      vertex 76.5 26.2 2
    endloop
  endfacet
  facet normal 0 -0 1
    outer loop
      vertex 65.3 26.2 2
      vertex 75.3 34.75 2
      vertex 61 33 2
    endloop
  endfacet
  facet normal -0 0 1
    outer loop
      vertex 65.2 24.2 2
      vertex 65.3 18.25 2
      vertex 65.3 26.2 2
    endloop
  endfacet
  facet normal 0 0 1
    outer loop
      vertex 66.5 12.25 2
      vertex 65.2 17.75 2
      vertex 65.3 12.25 2
    endloop
  endfacet
  facet normal 0 0 1
    outer loop
      vertex 65.3 18.25 2
      vertex 65.2 24.2 2
      vertex 65.2 17.75 2
    endloop
  endfacet
  facet normal 0 0 1
    outer loop
      vertex 75.3 40.75 2
      vertex 61 33 2
      vertex 75.3 34.75 2
    endloop
  endfacet
  facet normal 0 0 1
    outer loop
      vertex 75.3 34.75 2
      vertex 65.3 26.2 2
      vertex 75.3 27.3 2
    endloop
  endfacet
  facet normal 0 0 1
    outer loop
      vertex 63.3 56.5 2
      vertex 61 33 2
      vertex 63.3 47.3 2
    endloop
  endfacet
  facet normal 0 0 1
    outer loop
      vertex 56.25 24.2 2
      vertex 65.3 26.2 2
      vertex 61 33 2
    endloop
  endfacet
  facet normal 0 0 1
    outer loop
      vertex 65.3 26.2 2
      vertex 56.25 24.2 2
      vertex 65.2 24.2 2
    endloop
  endfacet
  facet normal 0 0 1
    outer loop
      vertex 56.25 24.2 2
      vertex 50.25 24.2 2
      vertex 56.25 23 2
    endloop
  endfacet
  facet normal 0 0 1
    outer loop
      vertex 61 33 2
      vertex 50.25 24.2 2
      vertex 56.25 24.2 2
    endloop
  endfacet
  facet normal -0 0 1
    outer loop
      vertex 37 33 2
      vertex 50.25 24.2 2
      vertex 61 33 2
    endloop
  endfacet
  facet normal -0 0 1
    outer loop
      vertex 29.7 19 2
      vertex 41.3 17.75 2
      vertex 41.3 24.2 2
    endloop
  endfacet
  facet normal 0 0 1
    outer loop
      vertex 29.7 11.3 2
      vertex 41.3 17.75 2
      vertex 29.7 19 2
    endloop
  endfacet
  facet normal -0 0 1
    outer loop
      vertex 29.7 25 2
      vertex 41.3 24.2 2
      vertex 37 33 2
    endloop
  endfacet
  facet normal 0 0 1
    outer loop
      vertex 50.25 24.2 2
      vertex 37 33 2
      vertex 41.3 24.2 2
    endloop
  endfacet
  facet normal -0 0 1
    outer loop
      vertex 101.47 6.54316 2
      vertex 102.5 2.5 2
      vertex 101.5 7 2
    endloop
  endfacet
  facet normal -0 0 1
    outer loop
      vertex 101.381 6.09413 2
      vertex 102.5 2.5 2
      vertex 101.47 6.54316 2
    endloop
  endfacet
  facet normal -0 0 1
    outer loop
      vertex 101.234 5.66061 2
      vertex 102.5 2.5 2
      vertex 101.381 6.09413 2
    endloop
  endfacet
  facet normal -0 0 1
    outer loop
      vertex 101.031 5.25 2
      vertex 102.5 2.5 2
      vertex 101.234 5.66061 2
    endloop
  endfacet
  facet normal -0 0 1
    outer loop
      vertex 100.777 4.86934 2
      vertex 102.5 2.5 2
      vertex 101.031 5.25 2
    endloop
  endfacet
  facet normal -0 0 1
    outer loop
      vertex 100.475 4.52513 2
      vertex 102.5 2.5 2
      vertex 100.777 4.86934 2
    endloop
  endfacet
  facet normal -0 0 1
    outer loop
      vertex 100.131 4.22326 2
      vertex 102.5 2.5 2
      vertex 100.475 4.52513 2
    endloop
  endfacet
  facet normal -0 0 1
    outer loop
      vertex 99.75 3.96891 2
      vertex 102.5 2.5 2
      vertex 100.131 4.22326 2
    endloop
  endfacet
  facet normal -0 0 1
    outer loop
      vertex 99.3394 3.76642 2
      vertex 102.5 2.5 2
      vertex 99.75 3.96891 2
    endloop
  endfacet
  facet normal -0 0 1
    outer loop
      vertex 98.9059 3.61926 2
      vertex 102.5 2.5 2
      vertex 99.3394 3.76642 2
    endloop
  endfacet
  facet normal -0 0 1
    outer loop
      vertex 98.4568 3.52994 2
      vertex 102.5 2.5 2
      vertex 98.9059 3.61926 2
    endloop
  endfacet
  facet normal -0 0 1
    outer loop
      vertex 98 3.5 2
      vertex 102.5 2.5 2
      vertex 98.4568 3.52994 2
    endloop
  endfacet
  facet normal 0 0 1
    outer loop
      vertex 97.5432 3.52994 2
      vertex 102.5 2.5 2
      vertex 98 3.5 2
    endloop
  endfacet
  facet normal 0 0 1
    outer loop
      vertex 82.5 4.3 2
      vertex 97.5432 3.52994 2
      vertex 97.0941 3.61926 2
    endloop
  endfacet
  facet normal 0 0 1
    outer loop
      vertex 94.6193 7.90587 2
      vertex 93.7 12.25 2
      vertex 94.5299 7.45684 2
    endloop
  endfacet
  facet normal 0 0 1
    outer loop
      vertex 93.7 4.3 2
      vertex 94.5299 7.45684 2
      vertex 93.7 12.25 2
    endloop
  endfacet
  facet normal 0 0 1
    outer loop
      vertex 94.5299 7.45684 2
      vertex 93.7 4.3 2
      vertex 94.5 7 2
    endloop
  endfacet
  facet normal 0 0 1
    outer loop
      vertex 94.5 7 2
      vertex 93.7 4.3 2
      vertex 94.5299 6.54316 2
    endloop
  endfacet
  facet normal 0 0 1
    outer loop
      vertex 93.7 4.3 2
      vertex 94.6193 6.09413 2
      vertex 94.5299 6.54316 2
    endloop
  endfacet
  facet normal 0 0 1
    outer loop
      vertex 93.7 4.3 2
      vertex 94.7664 5.66061 2
      vertex 94.6193 6.09413 2
    endloop
  endfacet
  facet normal 0 0 1
    outer loop
      vertex 93.7 4.3 2
      vertex 94.9689 5.25 2
      vertex 94.7664 5.66061 2
    endloop
  endfacet
  facet normal 0 0 1
    outer loop
      vertex 93.7 4.3 2
      vertex 95.2233 4.86934 2
      vertex 94.9689 5.25 2
    endloop
  endfacet
  facet normal 0 0 1
    outer loop
      vertex 93.7 4.3 2
      vertex 95.5251 4.52513 2
      vertex 95.2233 4.86934 2
    endloop
  endfacet
  facet normal -0 0 1
    outer loop
      vertex 93.7 4.3 2
      vertex 95.8693 4.22326 2
      vertex 95.5251 4.52513 2
    endloop
  endfacet
  facet normal 0 0 1
    outer loop
      vertex 93.7 4.3 2
      vertex 96.25 3.96891 2
      vertex 95.8693 4.22326 2
    endloop
  endfacet
  facet normal 0 0 1
    outer loop
      vertex 93.7 4.3 2
      vertex 96.6606 3.76642 2
      vertex 96.25 3.96891 2
    endloop
  endfacet
  facet normal 0 0 1
    outer loop
      vertex 93.7 4.3 2
      vertex 97.0941 3.61926 2
      vertex 96.6606 3.76642 2
    endloop
  endfacet
  facet normal -0 0 1
    outer loop
      vertex 82.5 4.3 2
      vertex 97.0941 3.61926 2
      vertex 93.7 4.3 2
    endloop
  endfacet
  facet normal 0 0 1
    outer loop
      vertex 97.5432 3.52994 2
      vertex 82.5 4.3 2
      vertex 102.5 2.5 2
    endloop
  endfacet
  facet normal 0 0 1
    outer loop
      vertex 76.5 5.5 2
      vertex 82.5 5.5 2
      vertex 76.5 25 2
    endloop
  endfacet
  facet normal 0 0 1
    outer loop
      vertex 82.5 5.5 2
      vertex 76.5 5.5 2
      vertex 82.5 4.3 2
    endloop
  endfacet
  facet normal 0 0 1
    outer loop
      vertex 76.5 4.3 2
      vertex 82.5 4.3 2
      vertex 76.5 5.5 2
    endloop
  endfacet
  facet normal -0 0 1
    outer loop
      vertex 76.5 4.3 2
      vertex 102.5 2.5 2
      vertex 82.5 4.3 2
    endloop
  endfacet
  facet normal -0 0 1
    outer loop
      vertex 65.3 4.3 2
      vertex 102.5 2.5 2
      vertex 76.5 4.3 2
    endloop
  endfacet
  facet normal -0 0 1
    outer loop
      vertex 64 17.75 2
      vertex 65.3 12.25 2
      vertex 65.2 17.75 2
    endloop
  endfacet
  facet normal 0 0 1
    outer loop
      vertex 65.2 5.3 2
      vertex 65.3 12.25 2
      vertex 65.2 11.75 2
    endloop
  endfacet
  facet normal 0 0 1
    outer loop
      vertex 65.3 12.25 2
      vertex 65.2 5.3 2
      vertex 65.3 4.3 2
    endloop
  endfacet
  facet normal -0 0 1
    outer loop
      vertex 56.25 5.3 2
      vertex 65.3 4.3 2
      vertex 65.2 5.3 2
    endloop
  endfacet
  facet normal 0 0 1
    outer loop
      vertex 50.25 5.3 2
      vertex 56.25 5.3 2
      vertex 50.25 6.5 2
    endloop
  endfacet
  facet normal -0 0 1
    outer loop
      vertex 50.25 5.3 2
      vertex 65.3 4.3 2
      vertex 56.25 5.3 2
    endloop
  endfacet
  facet normal -0 0 1
    outer loop
      vertex 41.3 5.3 2
      vertex 65.3 4.3 2
      vertex 50.25 5.3 2
    endloop
  endfacet
  facet normal 0 0 1
    outer loop
      vertex 2.5 2.5 2
      vertex 65.3 4.3 2
      vertex 41.3 5.3 2
    endloop
  endfacet
  facet normal 0 0 1
    outer loop
      vertex 37 72 2
      vertex 33.7 51.5 2
      vertex 37 33 2
    endloop
  endfacet
  facet normal -0 0 1
    outer loop
      vertex 33.7 45.5 2
      vertex 37 33 2
      vertex 33.7 51.5 2
    endloop
  endfacet
  facet normal -0 0 1
    outer loop
      vertex 33.7 33.3 2
      vertex 37 33 2
      vertex 33.7 45.5 2
    endloop
  endfacet
  facet normal 0 0 1
    outer loop
      vertex 29.7 25 2
      vertex 37 33 2
      vertex 33.7 33.3 2
    endloop
  endfacet
  facet normal 0 0 1
    outer loop
      vertex 29.7 25 2
      vertex 33.7 33.3 2
      vertex 29.7 32.7 2
    endloop
  endfacet
  facet normal 0 0 1
    outer loop
      vertex 41.3 24.2 2
      vertex 29.7 25 2
      vertex 29.7 19 2
    endloop
  endfacet
  facet normal 0 0 1
    outer loop
      vertex 41.3 17.75 2
      vertex 29.7 11.3 2
      vertex 41.3 11.75 2
    endloop
  endfacet
  facet normal 0 0 1
    outer loop
      vertex 41.3 11.75 2
      vertex 29.7 11.3 2
      vertex 41.3 5.3 2
    endloop
  endfacet
  facet normal 0 0 1
    outer loop
      vertex 9.77674 4.86934 2
      vertex 29.7 11.3 2
      vertex 19.5 11.3 2
    endloop
  endfacet
  facet normal 0 0 1
    outer loop
      vertex 22.5 34.5 2
      vertex 19.5 32.7 2
      vertex 22.5 33.3 2
    endloop
  endfacet
  facet normal -0 0 1
    outer loop
      vertex 16.5 33.3 2
      vertex 19.5 32.7 2
      vertex 16.5 34.5 2
    endloop
  endfacet
  facet normal 0 0 1
    outer loop
      vertex 19.5 31.5 2
      vertex 16.5 33.3 2
      vertex 13.5 31.5 2
    endloop
  endfacet
  facet normal 0 0 1
    outer loop
      vertex 13.5 31.5 2
      vertex 16.5 33.3 2
      vertex 13.5 32.7 2
    endloop
  endfacet
  facet normal 0 0 1
    outer loop
      vertex 13.5 12.5 2
      vertex 19.5 12.5 2
      vertex 13.5 31.5 2
    endloop
  endfacet
  facet normal 0 0 1
    outer loop
      vertex 19.5 12.5 2
      vertex 13.5 12.5 2
      vertex 19.5 11.3 2
    endloop
  endfacet
  facet normal 0 0 1
    outer loop
      vertex 13.5 11.3 2
      vertex 19.5 11.3 2
      vertex 13.5 12.5 2
    endloop
  endfacet
  facet normal 0 0 1
    outer loop
      vertex 10.4701 6.54316 2
      vertex 19.5 11.3 2
      vertex 13.5 11.3 2
    endloop
  endfacet
  facet normal 0 0 1
    outer loop
      vertex 10.4701 6.54316 2
      vertex 13.5 11.3 2
      vertex 10.5 7 2
    endloop
  endfacet
  facet normal 0 0 1
    outer loop
      vertex 19.5 11.3 2
      vertex 10.4701 6.54316 2
      vertex 10.3807 6.09413 2
    endloop
  endfacet
  facet normal 0 0 1
    outer loop
      vertex 19.5 11.3 2
      vertex 10.3807 6.09413 2
      vertex 10.2336 5.66061 2
    endloop
  endfacet
  facet normal 0 0 1
    outer loop
      vertex 10.0311 5.25 2
      vertex 19.5 11.3 2
      vertex 10.2336 5.66061 2
    endloop
  endfacet
  facet normal 0 0 1
    outer loop
      vertex 9.77674 4.86934 2
      vertex 19.5 11.3 2
      vertex 10.0311 5.25 2
    endloop
  endfacet
  facet normal 0 0 1
    outer loop
      vertex 9.47487 4.52513 2
      vertex 29.7 11.3 2
      vertex 9.77674 4.86934 2
    endloop
  endfacet
  facet normal 0 0 1
    outer loop
      vertex 29.7 11.3 2
      vertex 9.47487 4.52513 2
      vertex 41.3 5.3 2
    endloop
  endfacet
  facet normal 0 0 1
    outer loop
      vertex 9.13066 4.22326 2
      vertex 41.3 5.3 2
      vertex 9.47487 4.52513 2
    endloop
  endfacet
  facet normal 0 0 1
    outer loop
      vertex 8.75 3.96891 2
      vertex 41.3 5.3 2
      vertex 9.13066 4.22326 2
    endloop
  endfacet
  facet normal 0 0 1
    outer loop
      vertex 8.33939 3.76642 2
      vertex 41.3 5.3 2
      vertex 8.75 3.96891 2
    endloop
  endfacet
  facet normal 0 0 1
    outer loop
      vertex 7.90587 3.61926 2
      vertex 41.3 5.3 2
      vertex 8.33939 3.76642 2
    endloop
  endfacet
  facet normal 0 0 1
    outer loop
      vertex 7.45684 3.52994 2
      vertex 41.3 5.3 2
      vertex 7.90587 3.61926 2
    endloop
  endfacet
  facet normal 0 0 1
    outer loop
      vertex 2.5 2.5 2
      vertex 41.3 5.3 2
      vertex 7.45684 3.52994 2
    endloop
  endfacet
  facet normal 0 0 1
    outer loop
      vertex 2.5 2.5 2
      vertex 7.45684 3.52994 2
      vertex 7 3.5 2
    endloop
  endfacet
  facet normal 0 0 1
    outer loop
      vertex 65.3 4.3 2
      vertex 2.5 2.5 2
      vertex 102.5 2.5 2
    endloop
  endfacet
  facet normal 0 0 1
    outer loop
      vertex 6.54316 3.52994 2
      vertex 2.5 2.5 2
      vertex 7 3.5 2
    endloop
  endfacet
  facet normal 0 0 1
    outer loop
      vertex 6.09413 3.61926 2
      vertex 2.5 2.5 2
      vertex 6.54316 3.52994 2
    endloop
  endfacet
  facet normal 0 0 1
    outer loop
      vertex 5.66061 3.76642 2
      vertex 2.5 2.5 2
      vertex 6.09413 3.61926 2
    endloop
  endfacet
  facet normal 0 0 1
    outer loop
      vertex 5.25 3.96891 2
      vertex 2.5 2.5 2
      vertex 5.66061 3.76642 2
    endloop
  endfacet
  facet normal 0 0 1
    outer loop
      vertex 4.86934 4.22326 2
      vertex 2.5 2.5 2
      vertex 5.25 3.96891 2
    endloop
  endfacet
  facet normal 0 0 1
    outer loop
      vertex 4.52513 4.52513 2
      vertex 2.5 2.5 2
      vertex 4.86934 4.22326 2
    endloop
  endfacet
  facet normal 0 0 1
    outer loop
      vertex 4.22326 4.86934 2
      vertex 2.5 2.5 2
      vertex 4.52513 4.52513 2
    endloop
  endfacet
  facet normal 0 0 1
    outer loop
      vertex 3.96891 5.25 2
      vertex 2.5 2.5 2
      vertex 4.22326 4.86934 2
    endloop
  endfacet
  facet normal 0 0 1
    outer loop
      vertex 3.76642 5.66061 2
      vertex 2.5 2.5 2
      vertex 3.96891 5.25 2
    endloop
  endfacet
  facet normal 0 0 1
    outer loop
      vertex 3.61926 6.09413 2
      vertex 2.5 2.5 2
      vertex 3.76642 5.66061 2
    endloop
  endfacet
  facet normal 0 0 1
    outer loop
      vertex 3.52994 6.54316 2
      vertex 2.5 2.5 2
      vertex 3.61926 6.09413 2
    endloop
  endfacet
  facet normal 0 0 1
    outer loop
      vertex 3.5 7 2
      vertex 2.5 2.5 2
      vertex 3.52994 6.54316 2
    endloop
  endfacet
  facet normal 0 0 1
    outer loop
      vertex 3.3 11.3 2
      vertex 2.5 2.5 2
      vertex 3.5 7 2
    endloop
  endfacet
  facet normal 0 0 1
    outer loop
      vertex 3.3 19 2
      vertex 2.5 2.5 2
      vertex 3.3 11.3 2
    endloop
  endfacet
  facet normal -0 0 1
    outer loop
      vertex 75.3 40.75 2
      vertex 76.5 34.75 2
      vertex 76.5 40.75 2
    endloop
  endfacet
  facet normal 0 0 1
    outer loop
      vertex 76.5 34.75 2
      vertex 75.3 40.75 2
      vertex 75.3 34.75 2
    endloop
  endfacet
  facet normal 0 0 1
    outer loop
      vertex 64 11.75 2
      vertex 57.75 11.25 2
      vertex 64 6.5 2
    endloop
  endfacet
  facet normal 0 0 1
    outer loop
      vertex 57.75 11.25 2
      vertex 56.25 6.5 2
      vertex 64 6.5 2
    endloop
  endfacet
  facet normal 0 0 1
    outer loop
      vertex 56.25 6.5 2
      vertex 50.25 6.5 2
      vertex 56.25 5.3 2
    endloop
  endfacet
  facet normal 0 0 1
    outer loop
      vertex 57.75 11.25 2
      vertex 50.25 6.5 2
      vertex 56.25 6.5 2
    endloop
  endfacet
  facet normal -0 0 1
    outer loop
      vertex 48.75 11.25 2
      vertex 50.25 6.5 2
      vertex 57.75 11.25 2
    endloop
  endfacet
  facet normal 0 0 1
    outer loop
      vertex 48.75 18.25 2
      vertex 42.5 17.75 2
      vertex 48.75 11.25 2
    endloop
  endfacet
  facet normal -0 0 1
    outer loop
      vertex 42.5 11.75 2
      vertex 48.75 11.25 2
      vertex 42.5 17.75 2
    endloop
  endfacet
  facet normal 0 0 1
    outer loop
      vertex 42.5 6.5 2
      vertex 48.75 11.25 2
      vertex 42.5 11.75 2
    endloop
  endfacet
  facet normal 0 0 1
    outer loop
      vertex 48.75 11.25 2
      vertex 42.5 6.5 2
      vertex 50.25 6.5 2
    endloop
  endfacet
  facet normal -0 0 1
    outer loop
      vertex 38.5 70.5 2
      vertex 59.5 34.5 2
      vertex 59.5 70.5 2
    endloop
  endfacet
  facet normal 0 0 1
    outer loop
      vertex 59.5 34.5 2
      vertex 38.5 70.5 2
      vertex 38.5 34.5 2
    endloop
  endfacet
  facet normal 0 1 -0
    outer loop
      vertex 102.5 2.5 2
      vertex 2.5 2.5 22
      vertex 102.5 2.5 22
    endloop
  endfacet
  facet normal 0 1 0
    outer loop
      vertex 2.5 2.5 22
      vertex 102.5 2.5 2
      vertex 2.5 2.5 2
    endloop
  endfacet
  facet normal 0 -1 0
    outer loop
      vertex 2.5 72.5 2
      vertex 102.5 72.5 22
      vertex 2.5 72.5 22
    endloop
  endfacet
  facet normal 0 -1 -0
    outer loop
      vertex 102.5 72.5 22
      vertex 2.5 72.5 2
      vertex 102.5 72.5 2
    endloop
  endfacet
  facet normal -1 0 0
    outer loop
      vertex 57.75 11.25 0
      vertex 57.75 18.25 2
      vertex 57.75 18.25 0
    endloop
  endfacet
  facet normal -1 -0 0
    outer loop
      vertex 57.75 18.25 2
      vertex 57.75 11.25 0
      vertex 57.75 11.25 2
    endloop
  endfacet
  facet normal 1 -0 0
    outer loop
      vertex 48.75 11.25 2
      vertex 48.75 18.25 0
      vertex 48.75 18.25 2
    endloop
  endfacet
  facet normal 1 0 0
    outer loop
      vertex 48.75 18.25 0
      vertex 48.75 11.25 2
      vertex 48.75 11.25 0
    endloop
  endfacet
  facet normal 0 1 -0
    outer loop
      vertex 57.75 11.25 0
      vertex 48.75 11.25 2
      vertex 57.75 11.25 2
    endloop
  endfacet
  facet normal 0 1 0
    outer loop
      vertex 48.75 11.25 2
      vertex 57.75 11.25 0
      vertex 48.75 11.25 0
    endloop
  endfacet
  facet normal 0 -1 0
    outer loop
      vertex 48.75 18.25 0
      vertex 57.75 18.25 2
      vertex 48.75 18.25 2
    endloop
  endfacet
  facet normal 0 -1 -0
    outer loop
      vertex 57.75 18.25 2
      vertex 48.75 18.25 0
      vertex 57.75 18.25 0
    endloop
  endfacet
  facet normal -1 0 0
    outer loop
      vertex 86.5 10.25 0
      vertex 86.5 20.25 1.2
      vertex 86.5 20.25 0
    endloop
  endfacet
  facet normal -1 -0 0
    outer loop
      vertex 86.5 20.25 1.2
      vertex 86.5 10.25 0
      vertex 86.5 10.25 1.2
    endloop
  endfacet
  facet normal 1 -0 0
    outer loop
      vertex 72.5 10.25 1.2
      vertex 72.5 20.25 0
      vertex 72.5 20.25 1.2
    endloop
  endfacet
  facet normal 1 0 0
    outer loop
      vertex 72.5 20.25 0
      vertex 72.5 10.25 1.2
      vertex 72.5 10.25 0
    endloop
  endfacet
  facet normal 0 1 -0
    outer loop
      vertex 86.5 10.25 0
      vertex 72.5 10.25 1.2
      vertex 86.5 10.25 1.2
    endloop
  endfacet
  facet normal 0 1 0
    outer loop
      vertex 72.5 10.25 1.2
      vertex 86.5 10.25 0
      vertex 72.5 10.25 0
    endloop
  endfacet
  facet normal 0 -1 0
    outer loop
      vertex 72.5 20.25 0
      vertex 86.5 20.25 1.2
      vertex 72.5 20.25 1.2
    endloop
  endfacet
  facet normal 0 -1 -0
    outer loop
      vertex 86.5 20.25 1.2
      vertex 72.5 20.25 0
      vertex 86.5 20.25 0
    endloop
  endfacet
  facet normal 0 0 -1
    outer loop
      vertex 72.5 10.25 1.2
      vertex 86.5 20.25 1.2
      vertex 86.5 10.25 1.2
    endloop
  endfacet
  facet normal -0 0 -1
    outer loop
      vertex 86.5 20.25 1.2
      vertex 72.5 10.25 1.2
      vertex 72.5 20.25 1.2
    endloop
  endfacet
  facet normal 0 0 -1
    outer loop
      vertex 0 17 9
      vertex 2.5 27 9
      vertex 2.5 17 9
    endloop
  endfacet
  facet normal -0 0 -1
    outer loop
      vertex 2.5 27 9
      vertex 0 17 9
      vertex 0 27 9
    endloop
  endfacet
  facet normal 0 -1 0
    outer loop
      vertex 0 27 3
      vertex 2.5 27 9
      vertex 0 27 9
    endloop
  endfacet
  facet normal 0 -1 -0
    outer loop
      vertex 2.5 27 9
      vertex 0 27 3
      vertex 2.5 27 3
    endloop
  endfacet
  facet normal -0 0 1
    outer loop
      vertex 0 27 3
      vertex 2.5 17 3
      vertex 2.5 27 3
    endloop
  endfacet
  facet normal 0 0 1
    outer loop
      vertex 2.5 17 3
      vertex 0 27 3
      vertex 0 17 3
    endloop
  endfacet
  facet normal 0 1 -0
    outer loop
      vertex 2.5 17 3
      vertex 0 17 9
      vertex 2.5 17 9
    endloop
  endfacet
  facet normal 0 1 0
    outer loop
      vertex 0 17 9
      vertex 2.5 17 3
      vertex 0 17 3
    endloop
  endfacet
  facet normal 0 0 -1
    outer loop
      vertex 102.5 31.75 9
      vertex 105 43.75 9
      vertex 105 31.75 9
    endloop
  endfacet
  facet normal -0 0 -1
    outer loop
      vertex 105 43.75 9
      vertex 102.5 31.75 9
      vertex 102.5 43.75 9
    endloop
  endfacet
  facet normal -0 0 1
    outer loop
      vertex 102.5 40.75 3
      vertex 103.7 34.75 3
      vertex 103.7 40.75 3
    endloop
  endfacet
  facet normal 0 0 1
    outer loop
      vertex 103.7 34.75 3
      vertex 102.5 40.75 3
      vertex 102.5 34.75 3
    endloop
  endfacet
  facet normal 0 0 1
    outer loop
      vertex 103.7 40.75 3
      vertex 105 43.75 3
      vertex 103.7 43.75 3
    endloop
  endfacet
  facet normal 0 0 1
    outer loop
      vertex 105 43.75 3
      vertex 103.7 40.75 3
      vertex 105 31.75 3
    endloop
  endfacet
  facet normal -0 0 1
    outer loop
      vertex 103.7 34.75 3
      vertex 105 31.75 3
      vertex 103.7 40.75 3
    endloop
  endfacet
  facet normal 0 0 1
    outer loop
      vertex 105 31.75 3
      vertex 103.7 34.75 3
      vertex 103.7 31.75 3
    endloop
  endfacet
  facet normal 0 1 0
    outer loop
      vertex 105 31.75 9
      vertex 103.7 31.75 5
      vertex 102.5 31.75 9
    endloop
  endfacet
  facet normal 0 1 -0
    outer loop
      vertex 105 31.75 3
      vertex 103.7 31.75 5
      vertex 105 31.75 9
    endloop
  endfacet
  facet normal 0 1 0
    outer loop
      vertex 103.7 31.75 5
      vertex 105 31.75 3
      vertex 103.7 31.75 3
    endloop
  endfacet
  facet normal 0 1 0
    outer loop
      vertex 102.5 31.75 9
      vertex 103.7 31.75 5
      vertex 102.5 31.75 5
    endloop
  endfacet
  facet normal 0 -1 0
    outer loop
      vertex 103.7 43.75 5
      vertex 102.5 43.75 9
      vertex 102.5 43.75 5
    endloop
  endfacet
  facet normal 0 -1 0
    outer loop
      vertex 102.5 43.75 9
      vertex 103.7 43.75 5
      vertex 105 43.75 9
    endloop
  endfacet
  facet normal 0 -1 0
    outer loop
      vertex 105 43.75 3
      vertex 103.7 43.75 5
      vertex 103.7 43.75 3
    endloop
  endfacet
  facet normal 0 -1 0
    outer loop
      vertex 103.7 43.75 5
      vertex 105 43.75 3
      vertex 105 43.75 9
    endloop
  endfacet
  facet normal 0.997865 0.0653099 0
    outer loop
      vertex 10.5 7 22
      vertex 10.4701 7.45684 2
      vertex 10.4701 7.45684 22
    endloop
  endfacet
  facet normal 0.997865 0.0653099 0
    outer loop
      vertex 10.4701 7.45684 2
      vertex 10.5 7 22
      vertex 10.5 7 2
    endloop
  endfacet
  facet normal -0.997859 0.0653969 0
    outer loop
      vertex 3.5 7 2
      vertex 3.52994 7.45684 22
      vertex 3.52994 7.45684 2
    endloop
  endfacet
  facet normal -0.997859 0.0653969 0
    outer loop
      vertex 3.52994 7.45684 22
      vertex 3.5 7 2
      vertex 3.5 7 22
    endloop
  endfacet
  facet normal 0.0653099 0.997865 -0
    outer loop
      vertex 7.45684 10.4701 2
      vertex 7 10.5 22
      vertex 7.45684 10.4701 22
    endloop
  endfacet
  facet normal 0.0653099 0.997865 0
    outer loop
      vertex 7 10.5 22
      vertex 7.45684 10.4701 2
      vertex 7 10.5 2
    endloop
  endfacet
  facet normal -0.0653969 -0.997859 0
    outer loop
      vertex 6.54316 3.52994 2
      vertex 7 3.5 22
      vertex 6.54316 3.52994 22
    endloop
  endfacet
  facet normal -0.0653969 -0.997859 -0
    outer loop
      vertex 7 3.5 22
      vertex 6.54316 3.52994 2
      vertex 7 3.5 2
    endloop
  endfacet
  facet normal -0.751833 -0.659353 0
    outer loop
      vertex 4.52513 4.52513 2
      vertex 4.22326 4.86934 22
      vertex 4.22326 4.86934 2
    endloop
  endfacet
  facet normal -0.751833 -0.659353 0
    outer loop
      vertex 4.22326 4.86934 22
      vertex 4.52513 4.52513 2
      vertex 4.52513 4.52513 22
    endloop
  endfacet
  facet normal 0.751833 0.659353 0
    outer loop
      vertex 9.77674 9.13066 22
      vertex 9.47487 9.47487 2
      vertex 9.47487 9.47487 22
    endloop
  endfacet
  facet normal 0.751833 0.659353 0
    outer loop
      vertex 9.47487 9.47487 2
      vertex 9.77674 9.13066 22
      vertex 9.77674 9.13066 2
    endloop
  endfacet
  facet normal -0.659353 0.751833 0
    outer loop
      vertex 4.86934 9.77674 2
      vertex 4.52513 9.47487 22
      vertex 4.86934 9.77674 22
    endloop
  endfacet
  facet normal -0.659353 0.751833 0
    outer loop
      vertex 4.52513 9.47487 22
      vertex 4.86934 9.77674 2
      vertex 4.52513 9.47487 2
    endloop
  endfacet
  facet normal -0.321322 0.94697 0
    outer loop
      vertex 6.09413 10.3807 2
      vertex 5.66061 10.2336 22
      vertex 6.09413 10.3807 22
    endloop
  endfacet
  facet normal -0.321322 0.94697 0
    outer loop
      vertex 5.66061 10.2336 22
      vertex 6.09413 10.3807 2
      vertex 5.66061 10.2336 2
    endloop
  endfacet
  facet normal 0.896864 0.442305 0
    outer loop
      vertex 10.2336 8.33939 22
      vertex 10.0311 8.75 2
      vertex 10.0311 8.75 22
    endloop
  endfacet
  facet normal 0.896864 0.442305 0
    outer loop
      vertex 10.0311 8.75 2
      vertex 10.2336 8.33939 22
      vertex 10.2336 8.33939 2
    endloop
  endfacet
  facet normal 0.980751 0.195263 0
    outer loop
      vertex 10.4701 7.45684 22
      vertex 10.3807 7.90587 2
      vertex 10.3807 7.90587 22
    endloop
  endfacet
  facet normal 0.980751 0.195263 0
    outer loop
      vertex 10.3807 7.90587 2
      vertex 10.4701 7.45684 22
      vertex 10.4701 7.45684 2
    endloop
  endfacet
  facet normal 0.831458 0.555587 0
    outer loop
      vertex 10.0311 8.75 22
      vertex 9.77674 9.13066 2
      vertex 9.77674 9.13066 22
    endloop
  endfacet
  facet normal 0.831458 0.555587 0
    outer loop
      vertex 9.77674 9.13066 2
      vertex 10.0311 8.75 22
      vertex 10.0311 8.75 2
    endloop
  endfacet
  facet normal 0.442305 0.896864 -0
    outer loop
      vertex 8.75 10.0311 2
      vertex 8.33939 10.2336 22
      vertex 8.75 10.0311 22
    endloop
  endfacet
  facet normal 0.442305 0.896864 0
    outer loop
      vertex 8.33939 10.2336 22
      vertex 8.75 10.0311 2
      vertex 8.33939 10.2336 2
    endloop
  endfacet
  facet normal 0.321322 0.94697 -0
    outer loop
      vertex 8.33939 10.2336 2
      vertex 7.90587 10.3807 22
      vertex 8.33939 10.2336 22
    endloop
  endfacet
  facet normal 0.321322 0.94697 0
    outer loop
      vertex 7.90587 10.3807 22
      vertex 8.33939 10.2336 2
      vertex 7.90587 10.3807 2
    endloop
  endfacet
  facet normal 0.555587 0.831458 -0
    outer loop
      vertex 9.13066 9.77674 2
      vertex 8.75 10.0311 22
      vertex 9.13066 9.77674 22
    endloop
  endfacet
  facet normal 0.555587 0.831458 0
    outer loop
      vertex 8.75 10.0311 22
      vertex 9.13066 9.77674 2
      vertex 8.75 10.0311 2
    endloop
  endfacet
  facet normal -0.896873 0.442288 0
    outer loop
      vertex 3.76642 8.33939 2
      vertex 3.96891 8.75 22
      vertex 3.96891 8.75 2
    endloop
  endfacet
  facet normal -0.896873 0.442288 0
    outer loop
      vertex 3.96891 8.75 22
      vertex 3.76642 8.33939 2
      vertex 3.76642 8.33939 22
    endloop
  endfacet
  facet normal -0.94693 0.321439 0
    outer loop
      vertex 3.61926 7.90587 2
      vertex 3.76642 8.33939 22
      vertex 3.76642 8.33939 2
    endloop
  endfacet
  facet normal -0.94693 0.321439 0
    outer loop
      vertex 3.76642 8.33939 22
      vertex 3.61926 7.90587 2
      vertex 3.61926 7.90587 22
    endloop
  endfacet
  facet normal -0.442305 0.896864 0
    outer loop
      vertex 5.66061 10.2336 2
      vertex 5.25 10.0311 22
      vertex 5.66061 10.2336 22
    endloop
  endfacet
  facet normal -0.442305 0.896864 0
    outer loop
      vertex 5.25 10.0311 22
      vertex 5.66061 10.2336 2
      vertex 5.25 10.0311 2
    endloop
  endfacet
  facet normal -0.195263 0.980751 0
    outer loop
      vertex 6.54316 10.4701 2
      vertex 6.09413 10.3807 22
      vertex 6.54316 10.4701 22
    endloop
  endfacet
  facet normal -0.195263 0.980751 0
    outer loop
      vertex 6.09413 10.3807 22
      vertex 6.54316 10.4701 2
      vertex 6.09413 10.3807 2
    endloop
  endfacet
  facet normal 0.442288 -0.896873 0
    outer loop
      vertex 8.33939 3.76642 2
      vertex 8.75 3.96891 22
      vertex 8.33939 3.76642 22
    endloop
  endfacet
  facet normal 0.442288 -0.896873 0
    outer loop
      vertex 8.75 3.96891 22
      vertex 8.33939 3.76642 2
      vertex 8.75 3.96891 2
    endloop
  endfacet
  facet normal -0.321439 -0.94693 0
    outer loop
      vertex 5.66061 3.76642 2
      vertex 6.09413 3.61926 22
      vertex 5.66061 3.76642 22
    endloop
  endfacet
  facet normal -0.321439 -0.94693 -0
    outer loop
      vertex 6.09413 3.61926 22
      vertex 5.66061 3.76642 2
      vertex 6.09413 3.61926 2
    endloop
  endfacet
  facet normal -0.896873 -0.442288 0
    outer loop
      vertex 3.96891 5.25 2
      vertex 3.76642 5.66061 22
      vertex 3.76642 5.66061 2
    endloop
  endfacet
  facet normal -0.896873 -0.442288 0
    outer loop
      vertex 3.76642 5.66061 22
      vertex 3.96891 5.25 2
      vertex 3.96891 5.25 22
    endloop
  endfacet
  facet normal 0.94697 0.321322 0
    outer loop
      vertex 10.3807 7.90587 22
      vertex 10.2336 8.33939 2
      vertex 10.2336 8.33939 22
    endloop
  endfacet
  facet normal 0.94697 0.321322 0
    outer loop
      vertex 10.2336 8.33939 2
      vertex 10.3807 7.90587 22
      vertex 10.3807 7.90587 2
    endloop
  endfacet
  facet normal 0.195263 0.980751 -0
    outer loop
      vertex 7.90587 10.3807 2
      vertex 7.45684 10.4701 22
      vertex 7.90587 10.3807 22
    endloop
  endfacet
  facet normal 0.195263 0.980751 0
    outer loop
      vertex 7.45684 10.4701 22
      vertex 7.90587 10.3807 2
      vertex 7.45684 10.4701 2
    endloop
  endfacet
  facet normal 0.659353 0.751833 -0
    outer loop
      vertex 9.47487 9.47487 2
      vertex 9.13066 9.77674 22
      vertex 9.47487 9.47487 22
    endloop
  endfacet
  facet normal 0.659353 0.751833 0
    outer loop
      vertex 9.13066 9.77674 22
      vertex 9.47487 9.47487 2
      vertex 9.13066 9.77674 2
    endloop
  endfacet
  facet normal -0.831468 0.555572 0
    outer loop
      vertex 3.96891 8.75 2
      vertex 4.22326 9.13066 22
      vertex 4.22326 9.13066 2
    endloop
  endfacet
  facet normal -0.831468 0.555572 0
    outer loop
      vertex 4.22326 9.13066 22
      vertex 3.96891 8.75 2
      vertex 3.96891 8.75 22
    endloop
  endfacet
  facet normal -0.751833 0.659353 0
    outer loop
      vertex 4.22326 9.13066 2
      vertex 4.52513 9.47487 22
      vertex 4.52513 9.47487 2
    endloop
  endfacet
  facet normal -0.751833 0.659353 0
    outer loop
      vertex 4.52513 9.47487 22
      vertex 4.22326 9.13066 2
      vertex 4.22326 9.13066 22
    endloop
  endfacet
  facet normal -0.980784 0.195095 0
    outer loop
      vertex 3.52994 7.45684 2
      vertex 3.61926 7.90587 22
      vertex 3.61926 7.90587 2
    endloop
  endfacet
  facet normal -0.980784 0.195095 0
    outer loop
      vertex 3.61926 7.90587 22
      vertex 3.52994 7.45684 2
      vertex 3.52994 7.45684 22
    endloop
  endfacet
  facet normal 0 0 1
    outer loop
      vertex 7.9 7 22
      vertex 10.5 7 22
      vertex 10.4701 7.45684 22
    endloop
  endfacet
  facet normal 0 0 1
    outer loop
      vertex 7.8923 7.11747 22
      vertex 10.4701 7.45684 22
      vertex 10.3807 7.90587 22
    endloop
  endfacet
  facet normal 0 0 1
    outer loop
      vertex 10.5 7 22
      vertex 7.9 7 22
      vertex 10.4701 6.54316 22
    endloop
  endfacet
  facet normal 0 0 1
    outer loop
      vertex 7.86933 7.23294 22
      vertex 10.3807 7.90587 22
      vertex 10.2336 8.33939 22
    endloop
  endfacet
  facet normal -0 0 1
    outer loop
      vertex 7.8923 6.88253 22
      vertex 10.4701 6.54316 22
      vertex 7.9 7 22
    endloop
  endfacet
  facet normal 0 0 1
    outer loop
      vertex 7.83149 7.34441 22
      vertex 10.2336 8.33939 22
      vertex 10.0311 8.75 22
    endloop
  endfacet
  facet normal 0 0 1
    outer loop
      vertex 10.4701 6.54316 22
      vertex 7.8923 6.88253 22
      vertex 10.3807 6.09413 22
    endloop
  endfacet
  facet normal 0 0 1
    outer loop
      vertex 7.77942 7.45 22
      vertex 10.0311 8.75 22
      vertex 9.77674 9.13066 22
    endloop
  endfacet
  facet normal -0 0 1
    outer loop
      vertex 7.86933 6.76706 22
      vertex 10.3807 6.09413 22
      vertex 7.8923 6.88253 22
    endloop
  endfacet
  facet normal 0 0 1
    outer loop
      vertex 7.71402 7.54788 22
      vertex 9.77674 9.13066 22
      vertex 9.47487 9.47487 22
    endloop
  endfacet
  facet normal 0 0 1
    outer loop
      vertex 10.3807 6.09413 22
      vertex 7.86933 6.76706 22
      vertex 10.2336 5.66061 22
    endloop
  endfacet
  facet normal 0 0 1
    outer loop
      vertex 7.6364 7.6364 22
      vertex 9.47487 9.47487 22
      vertex 9.13066 9.77674 22
    endloop
  endfacet
  facet normal -0 0 1
    outer loop
      vertex 7.83149 6.65559 22
      vertex 10.2336 5.66061 22
      vertex 7.86933 6.76706 22
    endloop
  endfacet
  facet normal 0 0 1
    outer loop
      vertex 7.54788 7.71402 22
      vertex 9.13066 9.77674 22
      vertex 8.75 10.0311 22
    endloop
  endfacet
  facet normal 0 0 1
    outer loop
      vertex 10.2336 5.66061 22
      vertex 7.83149 6.65559 22
      vertex 10.0311 5.25 22
    endloop
  endfacet
  facet normal 0 0 1
    outer loop
      vertex 7.45 7.77942 22
      vertex 8.75 10.0311 22
      vertex 8.33939 10.2336 22
    endloop
  endfacet
  facet normal -0 0 1
    outer loop
      vertex 7.77942 6.55 22
      vertex 10.0311 5.25 22
      vertex 7.83149 6.65559 22
    endloop
  endfacet
  facet normal 0 0 1
    outer loop
      vertex 7.34441 7.83149 22
      vertex 8.33939 10.2336 22
      vertex 7.90587 10.3807 22
    endloop
  endfacet
  facet normal 0 0 1
    outer loop
      vertex 10.0311 5.25 22
      vertex 7.77942 6.55 22
      vertex 9.77674 4.86934 22
    endloop
  endfacet
  facet normal -0 0 1
    outer loop
      vertex 7.71402 6.45212 22
      vertex 9.77674 4.86934 22
      vertex 7.77942 6.55 22
    endloop
  endfacet
  facet normal 0 0 1
    outer loop
      vertex 10.4701 7.45684 22
      vertex 7.8923 7.11747 22
      vertex 7.9 7 22
    endloop
  endfacet
  facet normal 0 0 1
    outer loop
      vertex 10.3807 7.90587 22
      vertex 7.86933 7.23294 22
      vertex 7.8923 7.11747 22
    endloop
  endfacet
  facet normal 0 0 1
    outer loop
      vertex 10.2336 8.33939 22
      vertex 7.83149 7.34441 22
      vertex 7.86933 7.23294 22
    endloop
  endfacet
  facet normal 0 0 1
    outer loop
      vertex 10.0311 8.75 22
      vertex 7.77942 7.45 22
      vertex 7.83149 7.34441 22
    endloop
  endfacet
  facet normal 0 0 1
    outer loop
      vertex 9.77674 9.13066 22
      vertex 7.71402 7.54788 22
      vertex 7.77942 7.45 22
    endloop
  endfacet
  facet normal 0 0 1
    outer loop
      vertex 9.47487 9.47487 22
      vertex 7.6364 7.6364 22
      vertex 7.71402 7.54788 22
    endloop
  endfacet
  facet normal 0 0 1
    outer loop
      vertex 9.13066 9.77674 22
      vertex 7.54788 7.71402 22
      vertex 7.6364 7.6364 22
    endloop
  endfacet
  facet normal 0 0 1
    outer loop
      vertex 7.23294 7.86933 22
      vertex 7.90587 10.3807 22
      vertex 7.45684 10.4701 22
    endloop
  endfacet
  facet normal 0 0 1
    outer loop
      vertex 8.75 10.0311 22
      vertex 7.45 7.77942 22
      vertex 7.54788 7.71402 22
    endloop
  endfacet
  facet normal 0 0 1
    outer loop
      vertex 8.33939 10.2336 22
      vertex 7.34441 7.83149 22
      vertex 7.45 7.77942 22
    endloop
  endfacet
  facet normal 0 0 1
    outer loop
      vertex 7.90587 10.3807 22
      vertex 7.23294 7.86933 22
      vertex 7.34441 7.83149 22
    endloop
  endfacet
  facet normal 0 0 1
    outer loop
      vertex 7.45684 10.4701 22
      vertex 7.11747 7.8923 22
      vertex 7.23294 7.86933 22
    endloop
  endfacet
  facet normal 0 0 1
    outer loop
      vertex 7 10.5 22
      vertex 7.11747 7.8923 22
      vertex 7.45684 10.4701 22
    endloop
  endfacet
  facet normal 0 0 1
    outer loop
      vertex 7 10.5 22
      vertex 7 7.9 22
      vertex 7.11747 7.8923 22
    endloop
  endfacet
  facet normal 0 0 1
    outer loop
      vertex 7 10.5 22
      vertex 6.88253 7.8923 22
      vertex 7 7.9 22
    endloop
  endfacet
  facet normal -0 0 1
    outer loop
      vertex 6.54316 10.4701 22
      vertex 6.88253 7.8923 22
      vertex 7 10.5 22
    endloop
  endfacet
  facet normal 0 0 1
    outer loop
      vertex 6.88253 7.8923 22
      vertex 6.54316 10.4701 22
      vertex 6.76706 7.86933 22
    endloop
  endfacet
  facet normal -0 0 1
    outer loop
      vertex 6.09413 10.3807 22
      vertex 6.76706 7.86933 22
      vertex 6.54316 10.4701 22
    endloop
  endfacet
  facet normal 0 0 1
    outer loop
      vertex 6.76706 7.86933 22
      vertex 6.09413 10.3807 22
      vertex 6.65559 7.83149 22
    endloop
  endfacet
  facet normal -0 0 1
    outer loop
      vertex 5.66061 10.2336 22
      vertex 6.65559 7.83149 22
      vertex 6.09413 10.3807 22
    endloop
  endfacet
  facet normal 0 0 1
    outer loop
      vertex 6.65559 7.83149 22
      vertex 5.66061 10.2336 22
      vertex 6.55 7.77942 22
    endloop
  endfacet
  facet normal -0 0 1
    outer loop
      vertex 5.25 10.0311 22
      vertex 6.55 7.77942 22
      vertex 5.66061 10.2336 22
    endloop
  endfacet
  facet normal 0 0 1
    outer loop
      vertex 6.55 7.77942 22
      vertex 5.25 10.0311 22
      vertex 6.45212 7.71402 22
    endloop
  endfacet
  facet normal -0 0 1
    outer loop
      vertex 4.86934 9.77674 22
      vertex 6.45212 7.71402 22
      vertex 5.25 10.0311 22
    endloop
  endfacet
  facet normal 0 0 1
    outer loop
      vertex 6.45212 7.71402 22
      vertex 4.86934 9.77674 22
      vertex 6.3636 7.6364 22
    endloop
  endfacet
  facet normal -0 0 1
    outer loop
      vertex 4.52513 9.47487 22
      vertex 6.3636 7.6364 22
      vertex 4.86934 9.77674 22
    endloop
  endfacet
  facet normal -0 0 1
    outer loop
      vertex 4.22326 9.13066 22
      vertex 6.28598 7.54788 22
      vertex 4.52513 9.47487 22
    endloop
  endfacet
  facet normal 0 0 1
    outer loop
      vertex 6.3636 7.6364 22
      vertex 4.52513 9.47487 22
      vertex 6.28598 7.54788 22
    endloop
  endfacet
  facet normal 0 0 1
    outer loop
      vertex 9.77674 4.86934 22
      vertex 7.71402 6.45212 22
      vertex 9.47487 4.52513 22
    endloop
  endfacet
  facet normal -0 0 1
    outer loop
      vertex 7.6364 6.3636 22
      vertex 9.47487 4.52513 22
      vertex 7.71402 6.45212 22
    endloop
  endfacet
  facet normal 0 0 1
    outer loop
      vertex 9.47487 4.52513 22
      vertex 7.6364 6.3636 22
      vertex 9.13066 4.22326 22
    endloop
  endfacet
  facet normal -0 0 1
    outer loop
      vertex 7.54788 6.28598 22
      vertex 9.13066 4.22326 22
      vertex 7.6364 6.3636 22
    endloop
  endfacet
  facet normal 0 0 1
    outer loop
      vertex 9.13066 4.22326 22
      vertex 7.54788 6.28598 22
      vertex 8.75 3.96891 22
    endloop
  endfacet
  facet normal -0 0 1
    outer loop
      vertex 7.45 6.22058 22
      vertex 8.75 3.96891 22
      vertex 7.54788 6.28598 22
    endloop
  endfacet
  facet normal 0 0 1
    outer loop
      vertex 8.75 3.96891 22
      vertex 7.45 6.22058 22
      vertex 8.33939 3.76642 22
    endloop
  endfacet
  facet normal -0 0 1
    outer loop
      vertex 7.34441 6.16851 22
      vertex 8.33939 3.76642 22
      vertex 7.45 6.22058 22
    endloop
  endfacet
  facet normal 0 0 1
    outer loop
      vertex 8.33939 3.76642 22
      vertex 7.34441 6.16851 22
      vertex 7.90587 3.61926 22
    endloop
  endfacet
  facet normal -0 0 1
    outer loop
      vertex 7.23294 6.13067 22
      vertex 7.90587 3.61926 22
      vertex 7.34441 6.16851 22
    endloop
  endfacet
  facet normal 0 0 1
    outer loop
      vertex 7.90587 3.61926 22
      vertex 7.23294 6.13067 22
      vertex 7.45684 3.52994 22
    endloop
  endfacet
  facet normal -0 0 1
    outer loop
      vertex 7.11747 6.1077 22
      vertex 7.45684 3.52994 22
      vertex 7.23294 6.13067 22
    endloop
  endfacet
  facet normal -0 0 1
    outer loop
      vertex 7 6.1 22
      vertex 7.45684 3.52994 22
      vertex 7.11747 6.1077 22
    endloop
  endfacet
  facet normal 0 0 1
    outer loop
      vertex 7 6.1 22
      vertex 7 3.5 22
      vertex 7.45684 3.52994 22
    endloop
  endfacet
  facet normal 0 0 1
    outer loop
      vertex 6.88253 6.1077 22
      vertex 7 3.5 22
      vertex 7 6.1 22
    endloop
  endfacet
  facet normal 0 0 1
    outer loop
      vertex 6.54316 3.52994 22
      vertex 6.88253 6.1077 22
      vertex 6.76706 6.13067 22
    endloop
  endfacet
  facet normal 0 0 1
    outer loop
      vertex 6.09413 3.61926 22
      vertex 6.76706 6.13067 22
      vertex 6.65559 6.16851 22
    endloop
  endfacet
  facet normal 0 0 1
    outer loop
      vertex 5.66061 3.76642 22
      vertex 6.65559 6.16851 22
      vertex 6.55 6.22058 22
    endloop
  endfacet
  facet normal 0 0 1
    outer loop
      vertex 6.88253 6.1077 22
      vertex 6.54316 3.52994 22
      vertex 7 3.5 22
    endloop
  endfacet
  facet normal 0 0 1
    outer loop
      vertex 5.25 3.96891 22
      vertex 6.55 6.22058 22
      vertex 6.45212 6.28598 22
    endloop
  endfacet
  facet normal 0 0 1
    outer loop
      vertex 4.86934 4.22326 22
      vertex 6.45212 6.28598 22
      vertex 6.3636 6.3636 22
    endloop
  endfacet
  facet normal 0 0 1
    outer loop
      vertex 4.52513 4.52513 22
      vertex 6.3636 6.3636 22
      vertex 6.28598 6.45212 22
    endloop
  endfacet
  facet normal 0 0 1
    outer loop
      vertex 4.22326 4.86934 22
      vertex 6.28598 6.45212 22
      vertex 6.22058 6.55 22
    endloop
  endfacet
  facet normal 0 0 1
    outer loop
      vertex 3.96891 5.25 22
      vertex 6.22058 6.55 22
      vertex 6.16851 6.65559 22
    endloop
  endfacet
  facet normal 0 0 1
    outer loop
      vertex 3.76642 5.66061 22
      vertex 6.16851 6.65559 22
      vertex 6.13067 6.76706 22
    endloop
  endfacet
  facet normal 0 0 1
    outer loop
      vertex 3.61926 6.09413 22
      vertex 6.13067 6.76706 22
      vertex 6.1077 6.88253 22
    endloop
  endfacet
  facet normal 0 0 1
    outer loop
      vertex 6.76706 6.13067 22
      vertex 6.09413 3.61926 22
      vertex 6.54316 3.52994 22
    endloop
  endfacet
  facet normal 0 0 1
    outer loop
      vertex 3.52994 6.54316 22
      vertex 6.1077 6.88253 22
      vertex 6.1 7 22
    endloop
  endfacet
  facet normal 0 0 1
    outer loop
      vertex 6.28598 7.54788 22
      vertex 4.22326 9.13066 22
      vertex 6.22058 7.45 22
    endloop
  endfacet
  facet normal -0 0 1
    outer loop
      vertex 3.96891 8.75 22
      vertex 6.22058 7.45 22
      vertex 4.22326 9.13066 22
    endloop
  endfacet
  facet normal 0 0 1
    outer loop
      vertex 6.65559 6.16851 22
      vertex 5.66061 3.76642 22
      vertex 6.09413 3.61926 22
    endloop
  endfacet
  facet normal 0 0 1
    outer loop
      vertex 6.22058 7.45 22
      vertex 3.96891 8.75 22
      vertex 6.16851 7.34441 22
    endloop
  endfacet
  facet normal 0 0 1
    outer loop
      vertex 6.55 6.22058 22
      vertex 5.25 3.96891 22
      vertex 5.66061 3.76642 22
    endloop
  endfacet
  facet normal -0 0 1
    outer loop
      vertex 3.76642 8.33939 22
      vertex 6.16851 7.34441 22
      vertex 3.96891 8.75 22
    endloop
  endfacet
  facet normal 0 0 1
    outer loop
      vertex 6.45212 6.28598 22
      vertex 4.86934 4.22326 22
      vertex 5.25 3.96891 22
    endloop
  endfacet
  facet normal 0 0 1
    outer loop
      vertex 6.16851 7.34441 22
      vertex 3.76642 8.33939 22
      vertex 6.13067 7.23294 22
    endloop
  endfacet
  facet normal 0 0 1
    outer loop
      vertex 6.3636 6.3636 22
      vertex 4.52513 4.52513 22
      vertex 4.86934 4.22326 22
    endloop
  endfacet
  facet normal -0 0 1
    outer loop
      vertex 3.61926 7.90587 22
      vertex 6.13067 7.23294 22
      vertex 3.76642 8.33939 22
    endloop
  endfacet
  facet normal 0 0 1
    outer loop
      vertex 6.28598 6.45212 22
      vertex 4.22326 4.86934 22
      vertex 4.52513 4.52513 22
    endloop
  endfacet
  facet normal 0 0 1
    outer loop
      vertex 6.13067 7.23294 22
      vertex 3.61926 7.90587 22
      vertex 6.1077 7.11747 22
    endloop
  endfacet
  facet normal 0 0 1
    outer loop
      vertex 6.22058 6.55 22
      vertex 3.96891 5.25 22
      vertex 4.22326 4.86934 22
    endloop
  endfacet
  facet normal -0 0 1
    outer loop
      vertex 3.52994 7.45684 22
      vertex 6.1077 7.11747 22
      vertex 3.61926 7.90587 22
    endloop
  endfacet
  facet normal 0 0 1
    outer loop
      vertex 6.16851 6.65559 22
      vertex 3.76642 5.66061 22
      vertex 3.96891 5.25 22
    endloop
  endfacet
  facet normal 0 0 1
    outer loop
      vertex 6.1077 7.11747 22
      vertex 3.52994 7.45684 22
      vertex 6.1 7 22
    endloop
  endfacet
  facet normal 0 0 1
    outer loop
      vertex 6.13067 6.76706 22
      vertex 3.61926 6.09413 22
      vertex 3.76642 5.66061 22
    endloop
  endfacet
  facet normal 0 0 1
    outer loop
      vertex 3.5 7 22
      vertex 6.1 7 22
      vertex 3.52994 7.45684 22
    endloop
  endfacet
  facet normal 0 0 1
    outer loop
      vertex 6.1077 6.88253 22
      vertex 3.52994 6.54316 22
      vertex 3.61926 6.09413 22
    endloop
  endfacet
  facet normal 0 0 1
    outer loop
      vertex 6.1 7 22
      vertex 3.5 7 22
      vertex 3.52994 6.54316 22
    endloop
  endfacet
  facet normal -0.555587 0.831458 0
    outer loop
      vertex 5.25 10.0311 2
      vertex 4.86934 9.77674 22
      vertex 5.25 10.0311 22
    endloop
  endfacet
  facet normal -0.555587 0.831458 0
    outer loop
      vertex 4.86934 9.77674 22
      vertex 5.25 10.0311 2
      vertex 4.86934 9.77674 2
    endloop
  endfacet
  facet normal -0.0653099 0.997865 0
    outer loop
      vertex 7 10.5 2
      vertex 6.54316 10.4701 22
      vertex 7 10.5 22
    endloop
  endfacet
  facet normal -0.0653099 0.997865 0
    outer loop
      vertex 6.54316 10.4701 22
      vertex 7 10.5 2
      vertex 6.54316 10.4701 2
    endloop
  endfacet
  facet normal 0.0653969 -0.997859 0
    outer loop
      vertex 7 3.5 2
      vertex 7.45684 3.52994 22
      vertex 7 3.5 22
    endloop
  endfacet
  facet normal 0.0653969 -0.997859 0
    outer loop
      vertex 7.45684 3.52994 22
      vertex 7 3.5 2
      vertex 7.45684 3.52994 2
    endloop
  endfacet
  facet normal 0.321439 -0.94693 0
    outer loop
      vertex 7.90587 3.61926 2
      vertex 8.33939 3.76642 22
      vertex 7.90587 3.61926 22
    endloop
  endfacet
  facet normal 0.321439 -0.94693 0
    outer loop
      vertex 8.33939 3.76642 22
      vertex 7.90587 3.61926 2
      vertex 8.33939 3.76642 2
    endloop
  endfacet
  facet normal 0.555572 -0.831468 0
    outer loop
      vertex 8.75 3.96891 2
      vertex 9.13066 4.22326 22
      vertex 8.75 3.96891 22
    endloop
  endfacet
  facet normal 0.555572 -0.831468 0
    outer loop
      vertex 9.13066 4.22326 22
      vertex 8.75 3.96891 2
      vertex 9.13066 4.22326 2
    endloop
  endfacet
  facet normal 0.94697 -0.321322 0
    outer loop
      vertex 10.2336 5.66061 22
      vertex 10.3807 6.09413 2
      vertex 10.3807 6.09413 22
    endloop
  endfacet
  facet normal 0.94697 -0.321322 0
    outer loop
      vertex 10.3807 6.09413 2
      vertex 10.2336 5.66061 22
      vertex 10.2336 5.66061 2
    endloop
  endfacet
  facet normal 0.751833 -0.659353 0
    outer loop
      vertex 9.47487 4.52513 22
      vertex 9.77674 4.86934 2
      vertex 9.77674 4.86934 22
    endloop
  endfacet
  facet normal 0.751833 -0.659353 0
    outer loop
      vertex 9.77674 4.86934 2
      vertex 9.47487 4.52513 22
      vertex 9.47487 4.52513 2
    endloop
  endfacet
  facet normal -0.659353 -0.751833 0
    outer loop
      vertex 4.52513 4.52513 2
      vertex 4.86934 4.22326 22
      vertex 4.52513 4.52513 22
    endloop
  endfacet
  facet normal -0.659353 -0.751833 -0
    outer loop
      vertex 4.86934 4.22326 22
      vertex 4.52513 4.52513 2
      vertex 4.86934 4.22326 2
    endloop
  endfacet
  facet normal -0.442288 -0.896873 0
    outer loop
      vertex 5.25 3.96891 2
      vertex 5.66061 3.76642 22
      vertex 5.25 3.96891 22
    endloop
  endfacet
  facet normal -0.442288 -0.896873 -0
    outer loop
      vertex 5.66061 3.76642 22
      vertex 5.25 3.96891 2
      vertex 5.66061 3.76642 2
    endloop
  endfacet
  facet normal -0.195095 -0.980784 0
    outer loop
      vertex 6.09413 3.61926 2
      vertex 6.54316 3.52994 22
      vertex 6.09413 3.61926 22
    endloop
  endfacet
  facet normal -0.195095 -0.980784 -0
    outer loop
      vertex 6.54316 3.52994 22
      vertex 6.09413 3.61926 2
      vertex 6.54316 3.52994 2
    endloop
  endfacet
  facet normal -0.831468 -0.555572 0
    outer loop
      vertex 4.22326 4.86934 2
      vertex 3.96891 5.25 22
      vertex 3.96891 5.25 2
    endloop
  endfacet
  facet normal -0.831468 -0.555572 0
    outer loop
      vertex 3.96891 5.25 22
      vertex 4.22326 4.86934 2
      vertex 4.22326 4.86934 22
    endloop
  endfacet
  facet normal -0.94693 -0.321439 0
    outer loop
      vertex 3.76642 5.66061 2
      vertex 3.61926 6.09413 22
      vertex 3.61926 6.09413 2
    endloop
  endfacet
  facet normal -0.94693 -0.321439 0
    outer loop
      vertex 3.61926 6.09413 22
      vertex 3.76642 5.66061 2
      vertex 3.76642 5.66061 22
    endloop
  endfacet
  facet normal -0.997859 -0.0653969 0
    outer loop
      vertex 3.52994 6.54316 2
      vertex 3.5 7 22
      vertex 3.5 7 2
    endloop
  endfacet
  facet normal -0.997859 -0.0653969 0
    outer loop
      vertex 3.5 7 22
      vertex 3.52994 6.54316 2
      vertex 3.52994 6.54316 22
    endloop
  endfacet
  facet normal 0.195095 -0.980784 0
    outer loop
      vertex 7.45684 3.52994 2
      vertex 7.90587 3.61926 22
      vertex 7.45684 3.52994 22
    endloop
  endfacet
  facet normal 0.195095 -0.980784 0
    outer loop
      vertex 7.90587 3.61926 22
      vertex 7.45684 3.52994 2
      vertex 7.90587 3.61926 2
    endloop
  endfacet
  facet normal 0.659353 -0.751833 0
    outer loop
      vertex 9.13066 4.22326 2
      vertex 9.47487 4.52513 22
      vertex 9.13066 4.22326 22
    endloop
  endfacet
  facet normal 0.659353 -0.751833 0
    outer loop
      vertex 9.47487 4.52513 22
      vertex 9.13066 4.22326 2
      vertex 9.47487 4.52513 2
    endloop
  endfacet
  facet normal 0.896864 -0.442305 0
    outer loop
      vertex 10.0311 5.25 22
      vertex 10.2336 5.66061 2
      vertex 10.2336 5.66061 22
    endloop
  endfacet
  facet normal 0.896864 -0.442305 0
    outer loop
      vertex 10.2336 5.66061 2
      vertex 10.0311 5.25 22
      vertex 10.0311 5.25 2
    endloop
  endfacet
  facet normal 0.980751 -0.195263 0
    outer loop
      vertex 10.3807 6.09413 22
      vertex 10.4701 6.54316 2
      vertex 10.4701 6.54316 22
    endloop
  endfacet
  facet normal 0.980751 -0.195263 0
    outer loop
      vertex 10.4701 6.54316 2
      vertex 10.3807 6.09413 22
      vertex 10.3807 6.09413 2
    endloop
  endfacet
  facet normal -0.555572 -0.831468 0
    outer loop
      vertex 4.86934 4.22326 2
      vertex 5.25 3.96891 22
      vertex 4.86934 4.22326 22
    endloop
  endfacet
  facet normal -0.555572 -0.831468 -0
    outer loop
      vertex 5.25 3.96891 22
      vertex 4.86934 4.22326 2
      vertex 5.25 3.96891 2
    endloop
  endfacet
  facet normal -0.980784 -0.195095 0
    outer loop
      vertex 3.61926 6.09413 2
      vertex 3.52994 6.54316 22
      vertex 3.52994 6.54316 2
    endloop
  endfacet
  facet normal -0.980784 -0.195095 0
    outer loop
      vertex 3.52994 6.54316 22
      vertex 3.61926 6.09413 2
      vertex 3.61926 6.09413 22
    endloop
  endfacet
  facet normal 0.831458 -0.555587 0
    outer loop
      vertex 9.77674 4.86934 22
      vertex 10.0311 5.25 2
      vertex 10.0311 5.25 22
    endloop
  endfacet
  facet normal 0.831458 -0.555587 0
    outer loop
      vertex 10.0311 5.25 2
      vertex 9.77674 4.86934 22
      vertex 9.77674 4.86934 2
    endloop
  endfacet
  facet normal 0.997865 -0.0653099 0
    outer loop
      vertex 10.4701 6.54316 22
      vertex 10.5 7 2
      vertex 10.5 7 22
    endloop
  endfacet
  facet normal 0.997865 -0.0653099 0
    outer loop
      vertex 10.5 7 2
      vertex 10.4701 6.54316 22
      vertex 10.4701 6.54316 2
    endloop
  endfacet
  facet normal -0.997859 -0.0654083 0
    outer loop
      vertex 7.9 7 4
      vertex 7.8923 7.11747 22
      vertex 7.8923 7.11747 4
    endloop
  endfacet
  facet normal -0.997859 -0.0654083 0
    outer loop
      vertex 7.8923 7.11747 22
      vertex 7.9 7 4
      vertex 7.9 7 22
    endloop
  endfacet
  facet normal 0.997859 -0.0654083 0
    outer loop
      vertex 6.1 7 22
      vertex 6.1077 7.11747 4
      vertex 6.1077 7.11747 22
    endloop
  endfacet
  facet normal 0.997859 -0.0654083 0
    outer loop
      vertex 6.1077 7.11747 4
      vertex 6.1 7 22
      vertex 6.1 7 4
    endloop
  endfacet
  facet normal -0.0654083 -0.997859 0
    outer loop
      vertex 7 7.9 4
      vertex 7.11747 7.8923 22
      vertex 7 7.9 22
    endloop
  endfacet
  facet normal -0.0654083 -0.997859 -0
    outer loop
      vertex 7.11747 7.8923 22
      vertex 7 7.9 4
      vertex 7.11747 7.8923 4
    endloop
  endfacet
  facet normal 0.751882 0.659298 0
    outer loop
      vertex 6.3636 6.3636 22
      vertex 6.28598 6.45212 4
      vertex 6.28598 6.45212 22
    endloop
  endfacet
  facet normal 0.751882 0.659298 0
    outer loop
      vertex 6.28598 6.45212 4
      vertex 6.3636 6.3636 22
      vertex 6.3636 6.3636 4
    endloop
  endfacet
  facet normal -0.659298 -0.751882 0
    outer loop
      vertex 7.54788 7.71402 4
      vertex 7.6364 7.6364 22
      vertex 7.54788 7.71402 22
    endloop
  endfacet
  facet normal -0.659298 -0.751882 -0
    outer loop
      vertex 7.6364 7.6364 22
      vertex 7.54788 7.71402 4
      vertex 7.6364 7.6364 4
    endloop
  endfacet
  facet normal 0.659298 -0.751882 0
    outer loop
      vertex 6.3636 7.6364 4
      vertex 6.45212 7.71402 22
      vertex 6.3636 7.6364 22
    endloop
  endfacet
  facet normal 0.659298 -0.751882 0
    outer loop
      vertex 6.45212 7.71402 22
      vertex 6.3636 7.6364 4
      vertex 6.45212 7.71402 4
    endloop
  endfacet
  facet normal 0.321447 -0.946927 0
    outer loop
      vertex 6.65559 7.83149 4
      vertex 6.76706 7.86933 22
      vertex 6.65559 7.83149 22
    endloop
  endfacet
  facet normal 0.321447 -0.946927 0
    outer loop
      vertex 6.76706 7.86933 22
      vertex 6.65559 7.83149 4
      vertex 6.76706 7.86933 4
    endloop
  endfacet
  facet normal 0.946927 0.321447 0
    outer loop
      vertex 6.16851 6.65559 22
      vertex 6.13067 6.76706 4
      vertex 6.13067 6.76706 22
    endloop
  endfacet
  facet normal 0.946927 0.321447 0
    outer loop
      vertex 6.13067 6.76706 4
      vertex 6.16851 6.65559 22
      vertex 6.16851 6.65559 4
    endloop
  endfacet
  facet normal 0 0 1
    outer loop
      vertex 7.8923 7.11747 4
      vertex 7.8923 6.88253 4
      vertex 7.9 7 4
    endloop
  endfacet
  facet normal 0 0 1
    outer loop
      vertex 7.86933 7.23294 4
      vertex 7.8923 6.88253 4
      vertex 7.8923 7.11747 4
    endloop
  endfacet
  facet normal 0 0 1
    outer loop
      vertex 7.86933 7.23294 4
      vertex 7.86933 6.76706 4
      vertex 7.8923 6.88253 4
    endloop
  endfacet
  facet normal 0 0 1
    outer loop
      vertex 7.83149 7.34441 4
      vertex 7.86933 6.76706 4
      vertex 7.86933 7.23294 4
    endloop
  endfacet
  facet normal 0 0 1
    outer loop
      vertex 7.83149 7.34441 4
      vertex 7.83149 6.65559 4
      vertex 7.86933 6.76706 4
    endloop
  endfacet
  facet normal 0 0 1
    outer loop
      vertex 7.77942 7.45 4
      vertex 7.83149 6.65559 4
      vertex 7.83149 7.34441 4
    endloop
  endfacet
  facet normal 0 0 1
    outer loop
      vertex 7.77942 7.45 4
      vertex 7.77942 6.55 4
      vertex 7.83149 6.65559 4
    endloop
  endfacet
  facet normal 0 0 1
    outer loop
      vertex 7.71402 7.54788 4
      vertex 7.77942 6.55 4
      vertex 7.77942 7.45 4
    endloop
  endfacet
  facet normal 0 0 1
    outer loop
      vertex 7.71402 7.54788 4
      vertex 7.71402 6.45212 4
      vertex 7.77942 6.55 4
    endloop
  endfacet
  facet normal 0 0 1
    outer loop
      vertex 7.6364 7.6364 4
      vertex 7.71402 6.45212 4
      vertex 7.71402 7.54788 4
    endloop
  endfacet
  facet normal 0 0 1
    outer loop
      vertex 7.6364 7.6364 4
      vertex 7.6364 6.3636 4
      vertex 7.71402 6.45212 4
    endloop
  endfacet
  facet normal 0 0 1
    outer loop
      vertex 7.54788 7.71402 4
      vertex 7.6364 6.3636 4
      vertex 7.6364 7.6364 4
    endloop
  endfacet
  facet normal 0 0 1
    outer loop
      vertex 7.54788 7.71402 4
      vertex 7.54788 6.28598 4
      vertex 7.6364 6.3636 4
    endloop
  endfacet
  facet normal 0 0 1
    outer loop
      vertex 7.45 7.77942 4
      vertex 7.54788 6.28598 4
      vertex 7.54788 7.71402 4
    endloop
  endfacet
  facet normal 0 0 1
    outer loop
      vertex 7.45 7.77942 4
      vertex 7.45 6.22058 4
      vertex 7.54788 6.28598 4
    endloop
  endfacet
  facet normal 0 0 1
    outer loop
      vertex 7.34441 7.83149 4
      vertex 7.45 6.22058 4
      vertex 7.45 7.77942 4
    endloop
  endfacet
  facet normal 0 0 1
    outer loop
      vertex 7.34441 7.83149 4
      vertex 7.34441 6.16851 4
      vertex 7.45 6.22058 4
    endloop
  endfacet
  facet normal 0 0 1
    outer loop
      vertex 7.23294 7.86933 4
      vertex 7.34441 6.16851 4
      vertex 7.34441 7.83149 4
    endloop
  endfacet
  facet normal 0 0 1
    outer loop
      vertex 7.23294 7.86933 4
      vertex 7.23294 6.13067 4
      vertex 7.34441 6.16851 4
    endloop
  endfacet
  facet normal 0 0 1
    outer loop
      vertex 7.11747 7.8923 4
      vertex 7.23294 6.13067 4
      vertex 7.23294 7.86933 4
    endloop
  endfacet
  facet normal 0 0 1
    outer loop
      vertex 7.11747 7.8923 4
      vertex 7.11747 6.1077 4
      vertex 7.23294 6.13067 4
    endloop
  endfacet
  facet normal 0 0 1
    outer loop
      vertex 7 7.9 4
      vertex 7.11747 6.1077 4
      vertex 7.11747 7.8923 4
    endloop
  endfacet
  facet normal 0 0 1
    outer loop
      vertex 7 7.9 4
      vertex 7 6.1 4
      vertex 7.11747 6.1077 4
    endloop
  endfacet
  facet normal -0 0 1
    outer loop
      vertex 6.88253 7.8923 4
      vertex 7 6.1 4
      vertex 7 7.9 4
    endloop
  endfacet
  facet normal 0 0 1
    outer loop
      vertex 6.88253 7.8923 4
      vertex 6.88253 6.1077 4
      vertex 7 6.1 4
    endloop
  endfacet
  facet normal -0 0 1
    outer loop
      vertex 6.76706 7.86933 4
      vertex 6.88253 6.1077 4
      vertex 6.88253 7.8923 4
    endloop
  endfacet
  facet normal 0 0 1
    outer loop
      vertex 6.76706 7.86933 4
      vertex 6.76706 6.13067 4
      vertex 6.88253 6.1077 4
    endloop
  endfacet
  facet normal -0 0 1
    outer loop
      vertex 6.65559 7.83149 4
      vertex 6.76706 6.13067 4
      vertex 6.76706 7.86933 4
    endloop
  endfacet
  facet normal 0 0 1
    outer loop
      vertex 6.65559 7.83149 4
      vertex 6.65559 6.16851 4
      vertex 6.76706 6.13067 4
    endloop
  endfacet
  facet normal -0 0 1
    outer loop
      vertex 6.55 7.77942 4
      vertex 6.65559 6.16851 4
      vertex 6.65559 7.83149 4
    endloop
  endfacet
  facet normal 0 0 1
    outer loop
      vertex 6.55 7.77942 4
      vertex 6.55 6.22058 4
      vertex 6.65559 6.16851 4
    endloop
  endfacet
  facet normal -0 0 1
    outer loop
      vertex 6.45212 7.71402 4
      vertex 6.55 6.22058 4
      vertex 6.55 7.77942 4
    endloop
  endfacet
  facet normal 0 0 1
    outer loop
      vertex 6.45212 7.71402 4
      vertex 6.45212 6.28598 4
      vertex 6.55 6.22058 4
    endloop
  endfacet
  facet normal -0 0 1
    outer loop
      vertex 6.3636 7.6364 4
      vertex 6.45212 6.28598 4
      vertex 6.45212 7.71402 4
    endloop
  endfacet
  facet normal 0 0 1
    outer loop
      vertex 6.3636 7.6364 4
      vertex 6.3636 6.3636 4
      vertex 6.45212 6.28598 4
    endloop
  endfacet
  facet normal -0 0 1
    outer loop
      vertex 6.28598 7.54788 4
      vertex 6.3636 6.3636 4
      vertex 6.3636 7.6364 4
    endloop
  endfacet
  facet normal 0 0 1
    outer loop
      vertex 6.28598 7.54788 4
      vertex 6.28598 6.45212 4
      vertex 6.3636 6.3636 4
    endloop
  endfacet
  facet normal -0 0 1
    outer loop
      vertex 6.22058 7.45 4
      vertex 6.28598 6.45212 4
      vertex 6.28598 7.54788 4
    endloop
  endfacet
  facet normal 0 0 1
    outer loop
      vertex 6.22058 7.45 4
      vertex 6.22058 6.55 4
      vertex 6.28598 6.45212 4
    endloop
  endfacet
  facet normal -0 0 1
    outer loop
      vertex 6.16851 7.34441 4
      vertex 6.22058 6.55 4
      vertex 6.22058 7.45 4
    endloop
  endfacet
  facet normal 0 0 1
    outer loop
      vertex 6.16851 7.34441 4
      vertex 6.16851 6.65559 4
      vertex 6.22058 6.55 4
    endloop
  endfacet
  facet normal -0 0 1
    outer loop
      vertex 6.13067 7.23294 4
      vertex 6.16851 6.65559 4
      vertex 6.16851 7.34441 4
    endloop
  endfacet
  facet normal 0 0 1
    outer loop
      vertex 6.13067 7.23294 4
      vertex 6.13067 6.76706 4
      vertex 6.16851 6.65559 4
    endloop
  endfacet
  facet normal -0 0 1
    outer loop
      vertex 6.1077 7.11747 4
      vertex 6.13067 6.76706 4
      vertex 6.13067 7.23294 4
    endloop
  endfacet
  facet normal 0 0 1
    outer loop
      vertex 6.1077 7.11747 4
      vertex 6.1077 6.88253 4
      vertex 6.13067 6.76706 4
    endloop
  endfacet
  facet normal 0 -0 1
    outer loop
      vertex 6.1077 6.88253 4
      vertex 6.1077 7.11747 4
      vertex 6.1 7 4
    endloop
  endfacet
  facet normal -0.896877 -0.44228 0
    outer loop
      vertex 7.83149 7.34441 4
      vertex 7.77942 7.45 22
      vertex 7.77942 7.45 4
    endloop
  endfacet
  facet normal -0.896877 -0.44228 0
    outer loop
      vertex 7.77942 7.45 22
      vertex 7.83149 7.34441 4
      vertex 7.83149 7.34441 22
    endloop
  endfacet
  facet normal -0.831475 -0.555562 0
    outer loop
      vertex 7.77942 7.45 4
      vertex 7.71402 7.54788 22
      vertex 7.71402 7.54788 4
    endloop
  endfacet
  facet normal -0.831475 -0.555562 0
    outer loop
      vertex 7.71402 7.54788 22
      vertex 7.77942 7.45 4
      vertex 7.77942 7.45 22
    endloop
  endfacet
  facet normal -0.44228 -0.896877 0
    outer loop
      vertex 7.34441 7.83149 4
      vertex 7.45 7.77942 22
      vertex 7.34441 7.83149 22
    endloop
  endfacet
  facet normal -0.44228 -0.896877 -0
    outer loop
      vertex 7.45 7.77942 22
      vertex 7.34441 7.83149 4
      vertex 7.45 7.77942 4
    endloop
  endfacet
  facet normal -0.555562 -0.831475 0
    outer loop
      vertex 7.45 7.77942 4
      vertex 7.54788 7.71402 22
      vertex 7.45 7.77942 22
    endloop
  endfacet
  facet normal -0.555562 -0.831475 -0
    outer loop
      vertex 7.54788 7.71402 22
      vertex 7.45 7.77942 4
      vertex 7.54788 7.71402 4
    endloop
  endfacet
  facet normal 0.896877 -0.44228 0
    outer loop
      vertex 6.16851 7.34441 22
      vertex 6.22058 7.45 4
      vertex 6.22058 7.45 22
    endloop
  endfacet
  facet normal 0.896877 -0.44228 0
    outer loop
      vertex 6.22058 7.45 4
      vertex 6.16851 7.34441 22
      vertex 6.16851 7.34441 4
    endloop
  endfacet
  facet normal 0.751882 -0.659298 0
    outer loop
      vertex 6.28598 7.54788 22
      vertex 6.3636 7.6364 4
      vertex 6.3636 7.6364 22
    endloop
  endfacet
  facet normal 0.751882 -0.659298 0
    outer loop
      vertex 6.3636 7.6364 4
      vertex 6.28598 7.54788 22
      vertex 6.28598 7.54788 4
    endloop
  endfacet
  facet normal 0.0654083 -0.997859 0
    outer loop
      vertex 6.88253 7.8923 4
      vertex 7 7.9 22
      vertex 6.88253 7.8923 22
    endloop
  endfacet
  facet normal 0.0654083 -0.997859 0
    outer loop
      vertex 7 7.9 22
      vertex 6.88253 7.8923 4
      vertex 7 7.9 4
    endloop
  endfacet
  facet normal -0.946927 0.321447 0
    outer loop
      vertex 7.83149 6.65559 4
      vertex 7.86933 6.76706 22
      vertex 7.86933 6.76706 4
    endloop
  endfacet
  facet normal -0.946927 0.321447 0
    outer loop
      vertex 7.86933 6.76706 22
      vertex 7.83149 6.65559 4
      vertex 7.83149 6.65559 22
    endloop
  endfacet
  facet normal -0.555562 0.831475 0
    outer loop
      vertex 7.54788 6.28598 4
      vertex 7.45 6.22058 22
      vertex 7.54788 6.28598 22
    endloop
  endfacet
  facet normal -0.555562 0.831475 0
    outer loop
      vertex 7.45 6.22058 22
      vertex 7.54788 6.28598 4
      vertex 7.45 6.22058 4
    endloop
  endfacet
  facet normal 0.659298 0.751882 -0
    outer loop
      vertex 6.45212 6.28598 4
      vertex 6.3636 6.3636 22
      vertex 6.45212 6.28598 22
    endloop
  endfacet
  facet normal 0.659298 0.751882 0
    outer loop
      vertex 6.3636 6.3636 22
      vertex 6.45212 6.28598 4
      vertex 6.3636 6.3636 4
    endloop
  endfacet
  facet normal 0.997859 0.0654083 0
    outer loop
      vertex 6.1077 6.88253 22
      vertex 6.1 7 4
      vertex 6.1 7 22
    endloop
  endfacet
  facet normal 0.997859 0.0654083 0
    outer loop
      vertex 6.1 7 4
      vertex 6.1077 6.88253 22
      vertex 6.1077 6.88253 4
    endloop
  endfacet
  facet normal -0.946927 -0.321447 0
    outer loop
      vertex 7.86933 7.23294 4
      vertex 7.83149 7.34441 22
      vertex 7.83149 7.34441 4
    endloop
  endfacet
  facet normal -0.946927 -0.321447 0
    outer loop
      vertex 7.83149 7.34441 22
      vertex 7.86933 7.23294 4
      vertex 7.86933 7.23294 22
    endloop
  endfacet
  facet normal -0.980783 -0.195103 0
    outer loop
      vertex 7.8923 7.11747 4
      vertex 7.86933 7.23294 22
      vertex 7.86933 7.23294 4
    endloop
  endfacet
  facet normal -0.980783 -0.195103 0
    outer loop
      vertex 7.86933 7.23294 22
      vertex 7.8923 7.11747 4
      vertex 7.8923 7.11747 22
    endloop
  endfacet
  facet normal -0.751882 -0.659298 0
    outer loop
      vertex 7.71402 7.54788 4
      vertex 7.6364 7.6364 22
      vertex 7.6364 7.6364 4
    endloop
  endfacet
  facet normal -0.751882 -0.659298 0
    outer loop
      vertex 7.6364 7.6364 22
      vertex 7.71402 7.54788 4
      vertex 7.71402 7.54788 22
    endloop
  endfacet
  facet normal -0.321447 -0.946927 0
    outer loop
      vertex 7.23294 7.86933 4
      vertex 7.34441 7.83149 22
      vertex 7.23294 7.86933 22
    endloop
  endfacet
  facet normal -0.321447 -0.946927 -0
    outer loop
      vertex 7.34441 7.83149 22
      vertex 7.23294 7.86933 4
      vertex 7.34441 7.83149 4
    endloop
  endfacet
  facet normal -0.195103 -0.980783 0
    outer loop
      vertex 7.11747 7.8923 4
      vertex 7.23294 7.86933 22
      vertex 7.11747 7.8923 22
    endloop
  endfacet
  facet normal -0.195103 -0.980783 -0
    outer loop
      vertex 7.23294 7.86933 22
      vertex 7.11747 7.8923 4
      vertex 7.23294 7.86933 4
    endloop
  endfacet
  facet normal 0.831475 -0.555562 0
    outer loop
      vertex 6.22058 7.45 22
      vertex 6.28598 7.54788 4
      vertex 6.28598 7.54788 22
    endloop
  endfacet
  facet normal 0.831475 -0.555562 0
    outer loop
      vertex 6.28598 7.54788 4
      vertex 6.22058 7.45 22
      vertex 6.22058 7.45 4
    endloop
  endfacet
  facet normal 0.946927 -0.321447 0
    outer loop
      vertex 6.13067 7.23294 22
      vertex 6.16851 7.34441 4
      vertex 6.16851 7.34441 22
    endloop
  endfacet
  facet normal 0.946927 -0.321447 0
    outer loop
      vertex 6.16851 7.34441 4
      vertex 6.13067 7.23294 22
      vertex 6.13067 7.23294 4
    endloop
  endfacet
  facet normal 0.980783 -0.195103 0
    outer loop
      vertex 6.1077 7.11747 22
      vertex 6.13067 7.23294 4
      vertex 6.13067 7.23294 22
    endloop
  endfacet
  facet normal 0.980783 -0.195103 0
    outer loop
      vertex 6.13067 7.23294 4
      vertex 6.1077 7.11747 22
      vertex 6.1077 7.11747 4
    endloop
  endfacet
  facet normal 0.44228 -0.896877 0
    outer loop
      vertex 6.55 7.77942 4
      vertex 6.65559 7.83149 22
      vertex 6.55 7.77942 22
    endloop
  endfacet
  facet normal 0.44228 -0.896877 0
    outer loop
      vertex 6.65559 7.83149 22
      vertex 6.55 7.77942 4
      vertex 6.65559 7.83149 4
    endloop
  endfacet
  facet normal 0.555562 -0.831475 0
    outer loop
      vertex 6.45212 7.71402 4
      vertex 6.55 7.77942 22
      vertex 6.45212 7.71402 22
    endloop
  endfacet
  facet normal 0.555562 -0.831475 0
    outer loop
      vertex 6.55 7.77942 22
      vertex 6.45212 7.71402 4
      vertex 6.55 7.77942 4
    endloop
  endfacet
  facet normal 0.195103 -0.980783 0
    outer loop
      vertex 6.76706 7.86933 4
      vertex 6.88253 7.8923 22
      vertex 6.76706 7.86933 22
    endloop
  endfacet
  facet normal 0.195103 -0.980783 0
    outer loop
      vertex 6.88253 7.8923 22
      vertex 6.76706 7.86933 4
      vertex 6.88253 7.8923 4
    endloop
  endfacet
  facet normal -0.0654083 0.997859 0
    outer loop
      vertex 7.11747 6.1077 4
      vertex 7 6.1 22
      vertex 7.11747 6.1077 22
    endloop
  endfacet
  facet normal -0.0654083 0.997859 0
    outer loop
      vertex 7 6.1 22
      vertex 7.11747 6.1077 4
      vertex 7 6.1 4
    endloop
  endfacet
  facet normal -0.321447 0.946927 0
    outer loop
      vertex 7.34441 6.16851 4
      vertex 7.23294 6.13067 22
      vertex 7.34441 6.16851 22
    endloop
  endfacet
  facet normal -0.321447 0.946927 0
    outer loop
      vertex 7.23294 6.13067 22
      vertex 7.34441 6.16851 4
      vertex 7.23294 6.13067 4
    endloop
  endfacet
  facet normal -0.659298 0.751882 0
    outer loop
      vertex 7.6364 6.3636 4
      vertex 7.54788 6.28598 22
      vertex 7.6364 6.3636 22
    endloop
  endfacet
  facet normal -0.659298 0.751882 0
    outer loop
      vertex 7.54788 6.28598 22
      vertex 7.6364 6.3636 4
      vertex 7.54788 6.28598 4
    endloop
  endfacet
  facet normal -0.831475 0.555562 0
    outer loop
      vertex 7.71402 6.45212 4
      vertex 7.77942 6.55 22
      vertex 7.77942 6.55 4
    endloop
  endfacet
  facet normal -0.831475 0.555562 0
    outer loop
      vertex 7.77942 6.55 22
      vertex 7.71402 6.45212 4
      vertex 7.71402 6.45212 22
    endloop
  endfacet
  facet normal 0.555562 0.831475 -0
    outer loop
      vertex 6.55 6.22058 4
      vertex 6.45212 6.28598 22
      vertex 6.55 6.22058 22
    endloop
  endfacet
  facet normal 0.555562 0.831475 0
    outer loop
      vertex 6.45212 6.28598 22
      vertex 6.55 6.22058 4
      vertex 6.45212 6.28598 4
    endloop
  endfacet
  facet normal 0.321447 0.946927 -0
    outer loop
      vertex 6.76706 6.13067 4
      vertex 6.65559 6.16851 22
      vertex 6.76706 6.13067 22
    endloop
  endfacet
  facet normal 0.321447 0.946927 0
    outer loop
      vertex 6.65559 6.16851 22
      vertex 6.76706 6.13067 4
      vertex 6.65559 6.16851 4
    endloop
  endfacet
  facet normal 0.0654083 0.997859 -0
    outer loop
      vertex 7 6.1 4
      vertex 6.88253 6.1077 22
      vertex 7 6.1 22
    endloop
  endfacet
  facet normal 0.0654083 0.997859 0
    outer loop
      vertex 6.88253 6.1077 22
      vertex 7 6.1 4
      vertex 6.88253 6.1077 4
    endloop
  endfacet
  facet normal 0.896877 0.44228 0
    outer loop
      vertex 6.22058 6.55 22
      vertex 6.16851 6.65559 4
      vertex 6.16851 6.65559 22
    endloop
  endfacet
  facet normal 0.896877 0.44228 0
    outer loop
      vertex 6.16851 6.65559 4
      vertex 6.22058 6.55 22
      vertex 6.22058 6.55 4
    endloop
  endfacet
  facet normal 0.980783 0.195103 0
    outer loop
      vertex 6.13067 6.76706 22
      vertex 6.1077 6.88253 4
      vertex 6.1077 6.88253 22
    endloop
  endfacet
  facet normal 0.980783 0.195103 0
    outer loop
      vertex 6.1077 6.88253 4
      vertex 6.13067 6.76706 22
      vertex 6.13067 6.76706 4
    endloop
  endfacet
  facet normal -0.195103 0.980783 0
    outer loop
      vertex 7.23294 6.13067 4
      vertex 7.11747 6.1077 22
      vertex 7.23294 6.13067 22
    endloop
  endfacet
  facet normal -0.195103 0.980783 0
    outer loop
      vertex 7.11747 6.1077 22
      vertex 7.23294 6.13067 4
      vertex 7.11747 6.1077 4
    endloop
  endfacet
  facet normal -0.44228 0.896877 0
    outer loop
      vertex 7.45 6.22058 4
      vertex 7.34441 6.16851 22
      vertex 7.45 6.22058 22
    endloop
  endfacet
  facet normal -0.44228 0.896877 0
    outer loop
      vertex 7.34441 6.16851 22
      vertex 7.45 6.22058 4
      vertex 7.34441 6.16851 4
    endloop
  endfacet
  facet normal -0.751882 0.659298 0
    outer loop
      vertex 7.6364 6.3636 4
      vertex 7.71402 6.45212 22
      vertex 7.71402 6.45212 4
    endloop
  endfacet
  facet normal -0.751882 0.659298 0
    outer loop
      vertex 7.71402 6.45212 22
      vertex 7.6364 6.3636 4
      vertex 7.6364 6.3636 22
    endloop
  endfacet
  facet normal -0.980783 0.195103 0
    outer loop
      vertex 7.86933 6.76706 4
      vertex 7.8923 6.88253 22
      vertex 7.8923 6.88253 4
    endloop
  endfacet
  facet normal -0.980783 0.195103 0
    outer loop
      vertex 7.8923 6.88253 22
      vertex 7.86933 6.76706 4
      vertex 7.86933 6.76706 22
    endloop
  endfacet
  facet normal -0.896877 0.44228 0
    outer loop
      vertex 7.77942 6.55 4
      vertex 7.83149 6.65559 22
      vertex 7.83149 6.65559 4
    endloop
  endfacet
  facet normal -0.896877 0.44228 0
    outer loop
      vertex 7.83149 6.65559 22
      vertex 7.77942 6.55 4
      vertex 7.77942 6.55 22
    endloop
  endfacet
  facet normal 0.44228 0.896877 -0
    outer loop
      vertex 6.65559 6.16851 4
      vertex 6.55 6.22058 22
      vertex 6.65559 6.16851 22
    endloop
  endfacet
  facet normal 0.44228 0.896877 0
    outer loop
      vertex 6.55 6.22058 22
      vertex 6.65559 6.16851 4
      vertex 6.55 6.22058 4
    endloop
  endfacet
  facet normal 0.195103 0.980783 -0
    outer loop
      vertex 6.88253 6.1077 4
      vertex 6.76706 6.13067 22
      vertex 6.88253 6.1077 22
    endloop
  endfacet
  facet normal 0.195103 0.980783 0
    outer loop
      vertex 6.76706 6.13067 22
      vertex 6.88253 6.1077 4
      vertex 6.76706 6.13067 4
    endloop
  endfacet
  facet normal 0.831475 0.555562 0
    outer loop
      vertex 6.28598 6.45212 22
      vertex 6.22058 6.55 4
      vertex 6.22058 6.55 22
    endloop
  endfacet
  facet normal 0.831475 0.555562 0
    outer loop
      vertex 6.22058 6.55 4
      vertex 6.28598 6.45212 22
      vertex 6.28598 6.45212 4
    endloop
  endfacet
  facet normal -0.997859 0.0654083 0
    outer loop
      vertex 7.8923 6.88253 4
      vertex 7.9 7 22
      vertex 7.9 7 4
    endloop
  endfacet
  facet normal -0.997859 0.0654083 0
    outer loop
      vertex 7.9 7 22
      vertex 7.8923 6.88253 4
      vertex 7.8923 6.88253 22
    endloop
  endfacet
  facet normal 0.997851 0.0655274 0
    outer loop
      vertex 101.5 7 22
      vertex 101.47 7.45684 2
      vertex 101.47 7.45684 22
    endloop
  endfacet
  facet normal 0.997851 0.0655274 0
    outer loop
      vertex 101.47 7.45684 2
      vertex 101.5 7 22
      vertex 101.5 7 2
    endloop
  endfacet
  facet normal -0.997865 0.0653099 0
    outer loop
      vertex 94.5 7 2
      vertex 94.5299 7.45684 22
      vertex 94.5299 7.45684 2
    endloop
  endfacet
  facet normal -0.997865 0.0653099 0
    outer loop
      vertex 94.5299 7.45684 22
      vertex 94.5 7 2
      vertex 94.5 7 22
    endloop
  endfacet
  facet normal 0.0653156 0.997865 -0
    outer loop
      vertex 98.4568 10.4701 2
      vertex 98 10.5 22
      vertex 98.4568 10.4701 22
    endloop
  endfacet
  facet normal 0.0653156 0.997865 0
    outer loop
      vertex 98 10.5 22
      vertex 98.4568 10.4701 2
      vertex 98 10.5 2
    endloop
  endfacet
  facet normal -0.0654026 -0.997859 0
    outer loop
      vertex 97.5432 3.52994 2
      vertex 98 3.5 22
      vertex 97.5432 3.52994 22
    endloop
  endfacet
  facet normal -0.0654026 -0.997859 -0
    outer loop
      vertex 98 3.5 22
      vertex 97.5432 3.52994 2
      vertex 98 3.5 2
    endloop
  endfacet
  facet normal -0.751909 -0.659267 0
    outer loop
      vertex 95.5251 4.52513 2
      vertex 95.2233 4.86934 22
      vertex 95.2233 4.86934 2
    endloop
  endfacet
  facet normal -0.751909 -0.659267 0
    outer loop
      vertex 95.2233 4.86934 22
      vertex 95.5251 4.52513 2
      vertex 95.5251 4.52513 22
    endloop
  endfacet
  facet normal 0.751693 0.659514 0
    outer loop
      vertex 100.777 9.13066 22
      vertex 100.475 9.47487 2
      vertex 100.475 9.47487 22
    endloop
  endfacet
  facet normal 0.751693 0.659514 0
    outer loop
      vertex 100.475 9.47487 2
      vertex 100.777 9.13066 22
      vertex 100.777 9.13066 2
    endloop
  endfacet
  facet normal -0.659364 0.751824 0
    outer loop
      vertex 95.8693 9.77674 2
      vertex 95.5251 9.47487 22
      vertex 95.8693 9.77674 22
    endloop
  endfacet
  facet normal -0.659364 0.751824 0
    outer loop
      vertex 95.5251 9.47487 22
      vertex 95.8693 9.77674 2
      vertex 95.5251 9.47487 2
    endloop
  endfacet
  facet normal -0.321335 0.946966 0
    outer loop
      vertex 97.0941 10.3807 2
      vertex 96.6606 10.2336 22
      vertex 97.0941 10.3807 22
    endloop
  endfacet
  facet normal -0.321335 0.946966 0
    outer loop
      vertex 96.6606 10.2336 22
      vertex 97.0941 10.3807 2
      vertex 96.6606 10.2336 2
    endloop
  endfacet
  facet normal 0.896431 0.443183 0
    outer loop
      vertex 101.234 8.33939 22
      vertex 101.031 8.75 2
      vertex 101.031 8.75 22
    endloop
  endfacet
  facet normal 0.896431 0.443183 0
    outer loop
      vertex 101.031 8.75 2
      vertex 101.234 8.33939 22
      vertex 101.234 8.33939 2
    endloop
  endfacet
  facet normal 0.980918 0.194423 0
    outer loop
      vertex 101.47 7.45684 22
      vertex 101.381 7.90587 2
      vertex 101.381 7.90587 22
    endloop
  endfacet
  facet normal 0.980918 0.194423 0
    outer loop
      vertex 101.381 7.90587 2
      vertex 101.47 7.45684 22
      vertex 101.47 7.45684 2
    endloop
  endfacet
  facet normal 0.831822 0.555043 0
    outer loop
      vertex 101.031 8.75 22
      vertex 100.777 9.13066 2
      vertex 100.777 9.13066 22
    endloop
  endfacet
  facet normal 0.831822 0.555043 0
    outer loop
      vertex 100.777 9.13066 2
      vertex 101.031 8.75 22
      vertex 101.031 8.75 2
    endloop
  endfacet
  facet normal 0.442314 0.89686 -0
    outer loop
      vertex 99.75 10.0311 2
      vertex 99.3394 10.2336 22
      vertex 99.75 10.0311 22
    endloop
  endfacet
  facet normal 0.442314 0.89686 0
    outer loop
      vertex 99.3394 10.2336 22
      vertex 99.75 10.0311 2
      vertex 99.3394 10.2336 2
    endloop
  endfacet
  facet normal 0.321335 0.946966 -0
    outer loop
      vertex 99.3394 10.2336 2
      vertex 98.9059 10.3807 22
      vertex 99.3394 10.2336 22
    endloop
  endfacet
  facet normal 0.321335 0.946966 0
    outer loop
      vertex 98.9059 10.3807 22
      vertex 99.3394 10.2336 2
      vertex 98.9059 10.3807 2
    endloop
  endfacet
  facet normal 0.555244 0.831687 -0
    outer loop
      vertex 100.131 9.77674 2
      vertex 99.75 10.0311 22
      vertex 100.131 9.77674 22
    endloop
  endfacet
  facet normal 0.555244 0.831687 0
    outer loop
      vertex 99.75 10.0311 22
      vertex 100.131 9.77674 2
      vertex 99.75 10.0311 2
    endloop
  endfacet
  facet normal -0.896864 0.442305 0
    outer loop
      vertex 94.7664 8.33939 2
      vertex 94.9689 8.75 22
      vertex 94.9689 8.75 2
    endloop
  endfacet
  facet normal -0.896864 0.442305 0
    outer loop
      vertex 94.9689 8.75 22
      vertex 94.7664 8.33939 2
      vertex 94.7664 8.33939 22
    endloop
  endfacet
  facet normal -0.94697 0.321322 0
    outer loop
      vertex 94.6193 7.90587 2
      vertex 94.7664 8.33939 22
      vertex 94.7664 8.33939 2
    endloop
  endfacet
  facet normal -0.94697 0.321322 0
    outer loop
      vertex 94.7664 8.33939 22
      vertex 94.6193 7.90587 2
      vertex 94.6193 7.90587 22
    endloop
  endfacet
  facet normal -0.442314 0.89686 0
    outer loop
      vertex 96.6606 10.2336 2
      vertex 96.25 10.0311 22
      vertex 96.6606 10.2336 22
    endloop
  endfacet
  facet normal -0.442314 0.89686 0
    outer loop
      vertex 96.25 10.0311 22
      vertex 96.6606 10.2336 2
      vertex 96.25 10.0311 2
    endloop
  endfacet
  facet normal -0.195234 0.980757 0
    outer loop
      vertex 97.5432 10.4701 2
      vertex 97.0941 10.3807 22
      vertex 97.5432 10.4701 22
    endloop
  endfacet
  facet normal -0.195234 0.980757 0
    outer loop
      vertex 97.0941 10.3807 22
      vertex 97.5432 10.4701 2
      vertex 97.0941 10.3807 2
    endloop
  endfacet
  facet normal 0.442297 -0.896869 0
    outer loop
      vertex 99.3394 3.76642 2
      vertex 99.75 3.96891 22
      vertex 99.3394 3.76642 22
    endloop
  endfacet
  facet normal 0.442297 -0.896869 0
    outer loop
      vertex 99.75 3.96891 22
      vertex 99.3394 3.76642 2
      vertex 99.75 3.96891 2
    endloop
  endfacet
  facet normal -0.321452 -0.946926 0
    outer loop
      vertex 96.6606 3.76642 2
      vertex 97.0941 3.61926 22
      vertex 96.6606 3.76642 22
    endloop
  endfacet
  facet normal -0.321452 -0.946926 -0
    outer loop
      vertex 97.0941 3.61926 22
      vertex 96.6606 3.76642 2
      vertex 97.0941 3.61926 2
    endloop
  endfacet
  facet normal -0.896864 -0.442305 0
    outer loop
      vertex 94.9689 5.25 2
      vertex 94.7664 5.66061 22
      vertex 94.7664 5.66061 2
    endloop
  endfacet
  facet normal -0.896864 -0.442305 0
    outer loop
      vertex 94.7664 5.66061 22
      vertex 94.9689 5.25 2
      vertex 94.9689 5.25 22
    endloop
  endfacet
  facet normal 0.947037 0.321126 0
    outer loop
      vertex 101.381 7.90587 22
      vertex 101.234 8.33939 2
      vertex 101.234 8.33939 22
    endloop
  endfacet
  facet normal 0.947037 0.321126 0
    outer loop
      vertex 101.234 8.33939 2
      vertex 101.381 7.90587 22
      vertex 101.381 7.90587 2
    endloop
  endfacet
  facet normal 0.195234 0.980757 -0
    outer loop
      vertex 98.9059 10.3807 2
      vertex 98.4568 10.4701 22
      vertex 98.9059 10.3807 22
    endloop
  endfacet
  facet normal 0.195234 0.980757 0
    outer loop
      vertex 98.4568 10.4701 22
      vertex 98.9059 10.3807 2
      vertex 98.4568 10.4701 2
    endloop
  endfacet
  facet normal 0.659581 0.751634 -0
    outer loop
      vertex 100.475 9.47487 2
      vertex 100.131 9.77674 22
      vertex 100.475 9.47487 22
    endloop
  endfacet
  facet normal 0.659581 0.751634 0
    outer loop
      vertex 100.131 9.77674 22
      vertex 100.475 9.47487 2
      vertex 100.131 9.77674 2
    endloop
  endfacet
  facet normal -0.831418 0.555647 0
    outer loop
      vertex 94.9689 8.75 2
      vertex 95.2233 9.13066 22
      vertex 95.2233 9.13066 2
    endloop
  endfacet
  facet normal -0.831418 0.555647 0
    outer loop
      vertex 95.2233 9.13066 22
      vertex 94.9689 8.75 2
      vertex 94.9689 8.75 22
    endloop
  endfacet
  facet normal -0.751909 0.659267 0
    outer loop
      vertex 95.2233 9.13066 2
      vertex 95.5251 9.47487 22
      vertex 95.5251 9.47487 2
    endloop
  endfacet
  facet normal -0.751909 0.659267 0
    outer loop
      vertex 95.5251 9.47487 22
      vertex 95.2233 9.13066 2
      vertex 95.2233 9.13066 22
    endloop
  endfacet
  facet normal -0.980751 0.195263 0
    outer loop
      vertex 94.5299 7.45684 2
      vertex 94.6193 7.90587 22
      vertex 94.6193 7.90587 2
    endloop
  endfacet
  facet normal -0.980751 0.195263 0
    outer loop
      vertex 94.6193 7.90587 22
      vertex 94.5299 7.45684 2
      vertex 94.5299 7.45684 22
    endloop
  endfacet
  facet normal 0 0 1
    outer loop
      vertex 98.9 7 22
      vertex 101.5 7 22
      vertex 101.47 7.45684 22
    endloop
  endfacet
  facet normal 0 0 1
    outer loop
      vertex 98.8923 7.11747 22
      vertex 101.47 7.45684 22
      vertex 101.381 7.90587 22
    endloop
  endfacet
  facet normal 0 0 1
    outer loop
      vertex 101.5 7 22
      vertex 98.9 7 22
      vertex 101.47 6.54316 22
    endloop
  endfacet
  facet normal 0 0 1
    outer loop
      vertex 98.8693 7.23294 22
      vertex 101.381 7.90587 22
      vertex 101.234 8.33939 22
    endloop
  endfacet
  facet normal -0 0 1
    outer loop
      vertex 98.8923 6.88253 22
      vertex 101.47 6.54316 22
      vertex 98.9 7 22
    endloop
  endfacet
  facet normal 0 0 1
    outer loop
      vertex 98.8315 7.34441 22
      vertex 101.234 8.33939 22
      vertex 101.031 8.75 22
    endloop
  endfacet
  facet normal 0 0 1
    outer loop
      vertex 101.47 6.54316 22
      vertex 98.8923 6.88253 22
      vertex 101.381 6.09413 22
    endloop
  endfacet
  facet normal 0 0 1
    outer loop
      vertex 98.7794 7.45 22
      vertex 101.031 8.75 22
      vertex 100.777 9.13066 22
    endloop
  endfacet
  facet normal -0 0 1
    outer loop
      vertex 98.8693 6.76706 22
      vertex 101.381 6.09413 22
      vertex 98.8923 6.88253 22
    endloop
  endfacet
  facet normal 0 0 1
    outer loop
      vertex 98.714 7.54788 22
      vertex 100.777 9.13066 22
      vertex 100.475 9.47487 22
    endloop
  endfacet
  facet normal 0 0 1
    outer loop
      vertex 101.381 6.09413 22
      vertex 98.8693 6.76706 22
      vertex 101.234 5.66061 22
    endloop
  endfacet
  facet normal 0 0 1
    outer loop
      vertex 98.6364 7.6364 22
      vertex 100.475 9.47487 22
      vertex 100.131 9.77674 22
    endloop
  endfacet
  facet normal -0 0 1
    outer loop
      vertex 98.8315 6.65559 22
      vertex 101.234 5.66061 22
      vertex 98.8693 6.76706 22
    endloop
  endfacet
  facet normal 0 0 1
    outer loop
      vertex 98.5479 7.71402 22
      vertex 100.131 9.77674 22
      vertex 99.75 10.0311 22
    endloop
  endfacet
  facet normal 0 0 1
    outer loop
      vertex 101.234 5.66061 22
      vertex 98.8315 6.65559 22
      vertex 101.031 5.25 22
    endloop
  endfacet
  facet normal 0 0 1
    outer loop
      vertex 98.45 7.77942 22
      vertex 99.75 10.0311 22
      vertex 99.3394 10.2336 22
    endloop
  endfacet
  facet normal -0 0 1
    outer loop
      vertex 98.7794 6.55 22
      vertex 101.031 5.25 22
      vertex 98.8315 6.65559 22
    endloop
  endfacet
  facet normal 0 0 1
    outer loop
      vertex 98.3444 7.83149 22
      vertex 99.3394 10.2336 22
      vertex 98.9059 10.3807 22
    endloop
  endfacet
  facet normal 0 0 1
    outer loop
      vertex 101.031 5.25 22
      vertex 98.7794 6.55 22
      vertex 100.777 4.86934 22
    endloop
  endfacet
  facet normal -0 0 1
    outer loop
      vertex 98.714 6.45212 22
      vertex 100.777 4.86934 22
      vertex 98.7794 6.55 22
    endloop
  endfacet
  facet normal 0 0 1
    outer loop
      vertex 101.47 7.45684 22
      vertex 98.8923 7.11747 22
      vertex 98.9 7 22
    endloop
  endfacet
  facet normal 0 0 1
    outer loop
      vertex 101.381 7.90587 22
      vertex 98.8693 7.23294 22
      vertex 98.8923 7.11747 22
    endloop
  endfacet
  facet normal 0 0 1
    outer loop
      vertex 101.234 8.33939 22
      vertex 98.8315 7.34441 22
      vertex 98.8693 7.23294 22
    endloop
  endfacet
  facet normal 0 0 1
    outer loop
      vertex 101.031 8.75 22
      vertex 98.7794 7.45 22
      vertex 98.8315 7.34441 22
    endloop
  endfacet
  facet normal 0 0 1
    outer loop
      vertex 100.777 9.13066 22
      vertex 98.714 7.54788 22
      vertex 98.7794 7.45 22
    endloop
  endfacet
  facet normal 0 0 1
    outer loop
      vertex 100.475 9.47487 22
      vertex 98.6364 7.6364 22
      vertex 98.714 7.54788 22
    endloop
  endfacet
  facet normal 0 0 1
    outer loop
      vertex 100.131 9.77674 22
      vertex 98.5479 7.71402 22
      vertex 98.6364 7.6364 22
    endloop
  endfacet
  facet normal 0 0 1
    outer loop
      vertex 98.2329 7.86933 22
      vertex 98.9059 10.3807 22
      vertex 98.4568 10.4701 22
    endloop
  endfacet
  facet normal 0 0 1
    outer loop
      vertex 99.75 10.0311 22
      vertex 98.45 7.77942 22
      vertex 98.5479 7.71402 22
    endloop
  endfacet
  facet normal 0 0 1
    outer loop
      vertex 99.3394 10.2336 22
      vertex 98.3444 7.83149 22
      vertex 98.45 7.77942 22
    endloop
  endfacet
  facet normal 0 0 1
    outer loop
      vertex 98.9059 10.3807 22
      vertex 98.2329 7.86933 22
      vertex 98.3444 7.83149 22
    endloop
  endfacet
  facet normal 0 0 1
    outer loop
      vertex 98.4568 10.4701 22
      vertex 98.1175 7.8923 22
      vertex 98.2329 7.86933 22
    endloop
  endfacet
  facet normal 0 0 1
    outer loop
      vertex 98 10.5 22
      vertex 98.1175 7.8923 22
      vertex 98.4568 10.4701 22
    endloop
  endfacet
  facet normal 0 0 1
    outer loop
      vertex 98 10.5 22
      vertex 98 7.9 22
      vertex 98.1175 7.8923 22
    endloop
  endfacet
  facet normal 0 0 1
    outer loop
      vertex 98 10.5 22
      vertex 97.8825 7.8923 22
      vertex 98 7.9 22
    endloop
  endfacet
  facet normal -0 0 1
    outer loop
      vertex 97.5432 10.4701 22
      vertex 97.8825 7.8923 22
      vertex 98 10.5 22
    endloop
  endfacet
  facet normal 0 0 1
    outer loop
      vertex 97.8825 7.8923 22
      vertex 97.5432 10.4701 22
      vertex 97.7671 7.86933 22
    endloop
  endfacet
  facet normal -0 0 1
    outer loop
      vertex 97.0941 10.3807 22
      vertex 97.7671 7.86933 22
      vertex 97.5432 10.4701 22
    endloop
  endfacet
  facet normal 0 0 1
    outer loop
      vertex 97.7671 7.86933 22
      vertex 97.0941 10.3807 22
      vertex 97.6556 7.83149 22
    endloop
  endfacet
  facet normal -0 0 1
    outer loop
      vertex 96.6606 10.2336 22
      vertex 97.6556 7.83149 22
      vertex 97.0941 10.3807 22
    endloop
  endfacet
  facet normal 0 0 1
    outer loop
      vertex 97.6556 7.83149 22
      vertex 96.6606 10.2336 22
      vertex 97.55 7.77942 22
    endloop
  endfacet
  facet normal -0 0 1
    outer loop
      vertex 96.25 10.0311 22
      vertex 97.55 7.77942 22
      vertex 96.6606 10.2336 22
    endloop
  endfacet
  facet normal 0 0 1
    outer loop
      vertex 97.55 7.77942 22
      vertex 96.25 10.0311 22
      vertex 97.4521 7.71402 22
    endloop
  endfacet
  facet normal -0 0 1
    outer loop
      vertex 95.8693 9.77674 22
      vertex 97.4521 7.71402 22
      vertex 96.25 10.0311 22
    endloop
  endfacet
  facet normal 0 0 1
    outer loop
      vertex 97.4521 7.71402 22
      vertex 95.8693 9.77674 22
      vertex 97.3636 7.6364 22
    endloop
  endfacet
  facet normal -0 0 1
    outer loop
      vertex 95.5251 9.47487 22
      vertex 97.3636 7.6364 22
      vertex 95.8693 9.77674 22
    endloop
  endfacet
  facet normal -0 0 1
    outer loop
      vertex 95.2233 9.13066 22
      vertex 97.286 7.54788 22
      vertex 95.5251 9.47487 22
    endloop
  endfacet
  facet normal 0 0 1
    outer loop
      vertex 97.3636 7.6364 22
      vertex 95.5251 9.47487 22
      vertex 97.286 7.54788 22
    endloop
  endfacet
  facet normal 0 0 1
    outer loop
      vertex 100.777 4.86934 22
      vertex 98.714 6.45212 22
      vertex 100.475 4.52513 22
    endloop
  endfacet
  facet normal -0 0 1
    outer loop
      vertex 98.6364 6.3636 22
      vertex 100.475 4.52513 22
      vertex 98.714 6.45212 22
    endloop
  endfacet
  facet normal 0 0 1
    outer loop
      vertex 100.475 4.52513 22
      vertex 98.6364 6.3636 22
      vertex 100.131 4.22326 22
    endloop
  endfacet
  facet normal -0 0 1
    outer loop
      vertex 98.5479 6.28598 22
      vertex 100.131 4.22326 22
      vertex 98.6364 6.3636 22
    endloop
  endfacet
  facet normal 0 0 1
    outer loop
      vertex 100.131 4.22326 22
      vertex 98.5479 6.28598 22
      vertex 99.75 3.96891 22
    endloop
  endfacet
  facet normal -0 0 1
    outer loop
      vertex 98.45 6.22058 22
      vertex 99.75 3.96891 22
      vertex 98.5479 6.28598 22
    endloop
  endfacet
  facet normal 0 0 1
    outer loop
      vertex 99.75 3.96891 22
      vertex 98.45 6.22058 22
      vertex 99.3394 3.76642 22
    endloop
  endfacet
  facet normal -0 0 1
    outer loop
      vertex 98.3444 6.16851 22
      vertex 99.3394 3.76642 22
      vertex 98.45 6.22058 22
    endloop
  endfacet
  facet normal 0 0 1
    outer loop
      vertex 99.3394 3.76642 22
      vertex 98.3444 6.16851 22
      vertex 98.9059 3.61926 22
    endloop
  endfacet
  facet normal -0 0 1
    outer loop
      vertex 98.2329 6.13067 22
      vertex 98.9059 3.61926 22
      vertex 98.3444 6.16851 22
    endloop
  endfacet
  facet normal 0 0 1
    outer loop
      vertex 98.9059 3.61926 22
      vertex 98.2329 6.13067 22
      vertex 98.4568 3.52994 22
    endloop
  endfacet
  facet normal -0 0 1
    outer loop
      vertex 98.1175 6.1077 22
      vertex 98.4568 3.52994 22
      vertex 98.2329 6.13067 22
    endloop
  endfacet
  facet normal -0 0 1
    outer loop
      vertex 98 6.1 22
      vertex 98.4568 3.52994 22
      vertex 98.1175 6.1077 22
    endloop
  endfacet
  facet normal 0 0 1
    outer loop
      vertex 98 6.1 22
      vertex 98 3.5 22
      vertex 98.4568 3.52994 22
    endloop
  endfacet
  facet normal 0 0 1
    outer loop
      vertex 97.8825 6.1077 22
      vertex 98 3.5 22
      vertex 98 6.1 22
    endloop
  endfacet
  facet normal 0 0 1
    outer loop
      vertex 97.5432 3.52994 22
      vertex 97.8825 6.1077 22
      vertex 97.7671 6.13067 22
    endloop
  endfacet
  facet normal 0 0 1
    outer loop
      vertex 97.0941 3.61926 22
      vertex 97.7671 6.13067 22
      vertex 97.6556 6.16851 22
    endloop
  endfacet
  facet normal 0 0 1
    outer loop
      vertex 96.6606 3.76642 22
      vertex 97.6556 6.16851 22
      vertex 97.55 6.22058 22
    endloop
  endfacet
  facet normal 0 0 1
    outer loop
      vertex 97.8825 6.1077 22
      vertex 97.5432 3.52994 22
      vertex 98 3.5 22
    endloop
  endfacet
  facet normal 0 0 1
    outer loop
      vertex 96.25 3.96891 22
      vertex 97.55 6.22058 22
      vertex 97.4521 6.28598 22
    endloop
  endfacet
  facet normal 0 0 1
    outer loop
      vertex 95.8693 4.22326 22
      vertex 97.4521 6.28598 22
      vertex 97.3636 6.3636 22
    endloop
  endfacet
  facet normal 0 0 1
    outer loop
      vertex 95.5251 4.52513 22
      vertex 97.3636 6.3636 22
      vertex 97.286 6.45212 22
    endloop
  endfacet
  facet normal 0 0 1
    outer loop
      vertex 95.2233 4.86934 22
      vertex 97.286 6.45212 22
      vertex 97.2206 6.55 22
    endloop
  endfacet
  facet normal 0 0 1
    outer loop
      vertex 94.9689 5.25 22
      vertex 97.2206 6.55 22
      vertex 97.1685 6.65559 22
    endloop
  endfacet
  facet normal 0 0 1
    outer loop
      vertex 94.7664 5.66061 22
      vertex 97.1685 6.65559 22
      vertex 97.1307 6.76706 22
    endloop
  endfacet
  facet normal 0 0 1
    outer loop
      vertex 94.6193 6.09413 22
      vertex 97.1307 6.76706 22
      vertex 97.1077 6.88253 22
    endloop
  endfacet
  facet normal 0 0 1
    outer loop
      vertex 97.7671 6.13067 22
      vertex 97.0941 3.61926 22
      vertex 97.5432 3.52994 22
    endloop
  endfacet
  facet normal 0 0 1
    outer loop
      vertex 94.5299 6.54316 22
      vertex 97.1077 6.88253 22
      vertex 97.1 7 22
    endloop
  endfacet
  facet normal 0 0 1
    outer loop
      vertex 97.286 7.54788 22
      vertex 95.2233 9.13066 22
      vertex 97.2206 7.45 22
    endloop
  endfacet
  facet normal -0 0 1
    outer loop
      vertex 94.9689 8.75 22
      vertex 97.2206 7.45 22
      vertex 95.2233 9.13066 22
    endloop
  endfacet
  facet normal 0 0 1
    outer loop
      vertex 97.6556 6.16851 22
      vertex 96.6606 3.76642 22
      vertex 97.0941 3.61926 22
    endloop
  endfacet
  facet normal 0 0 1
    outer loop
      vertex 97.2206 7.45 22
      vertex 94.9689 8.75 22
      vertex 97.1685 7.34441 22
    endloop
  endfacet
  facet normal 0 0 1
    outer loop
      vertex 97.55 6.22058 22
      vertex 96.25 3.96891 22
      vertex 96.6606 3.76642 22
    endloop
  endfacet
  facet normal -0 0 1
    outer loop
      vertex 94.7664 8.33939 22
      vertex 97.1685 7.34441 22
      vertex 94.9689 8.75 22
    endloop
  endfacet
  facet normal 0 0 1
    outer loop
      vertex 97.4521 6.28598 22
      vertex 95.8693 4.22326 22
      vertex 96.25 3.96891 22
    endloop
  endfacet
  facet normal 0 0 1
    outer loop
      vertex 97.1685 7.34441 22
      vertex 94.7664 8.33939 22
      vertex 97.1307 7.23294 22
    endloop
  endfacet
  facet normal 0 0 1
    outer loop
      vertex 97.3636 6.3636 22
      vertex 95.5251 4.52513 22
      vertex 95.8693 4.22326 22
    endloop
  endfacet
  facet normal -0 0 1
    outer loop
      vertex 94.6193 7.90587 22
      vertex 97.1307 7.23294 22
      vertex 94.7664 8.33939 22
    endloop
  endfacet
  facet normal 0 0 1
    outer loop
      vertex 97.286 6.45212 22
      vertex 95.2233 4.86934 22
      vertex 95.5251 4.52513 22
    endloop
  endfacet
  facet normal 0 0 1
    outer loop
      vertex 97.1307 7.23294 22
      vertex 94.6193 7.90587 22
      vertex 97.1077 7.11747 22
    endloop
  endfacet
  facet normal 0 0 1
    outer loop
      vertex 97.2206 6.55 22
      vertex 94.9689 5.25 22
      vertex 95.2233 4.86934 22
    endloop
  endfacet
  facet normal -0 0 1
    outer loop
      vertex 94.5299 7.45684 22
      vertex 97.1077 7.11747 22
      vertex 94.6193 7.90587 22
    endloop
  endfacet
  facet normal 0 0 1
    outer loop
      vertex 97.1685 6.65559 22
      vertex 94.7664 5.66061 22
      vertex 94.9689 5.25 22
    endloop
  endfacet
  facet normal 0 0 1
    outer loop
      vertex 97.1077 7.11747 22
      vertex 94.5299 7.45684 22
      vertex 97.1 7 22
    endloop
  endfacet
  facet normal 0 0 1
    outer loop
      vertex 97.1307 6.76706 22
      vertex 94.6193 6.09413 22
      vertex 94.7664 5.66061 22
    endloop
  endfacet
  facet normal 0 0 1
    outer loop
      vertex 94.5 7 22
      vertex 97.1 7 22
      vertex 94.5299 7.45684 22
    endloop
  endfacet
  facet normal 0 0 1
    outer loop
      vertex 97.1077 6.88253 22
      vertex 94.5299 6.54316 22
      vertex 94.6193 6.09413 22
    endloop
  endfacet
  facet normal 0 0 1
    outer loop
      vertex 97.1 7 22
      vertex 94.5 7 22
      vertex 94.5299 6.54316 22
    endloop
  endfacet
  facet normal -0.555547 0.831485 0
    outer loop
      vertex 96.25 10.0311 2
      vertex 95.8693 9.77674 22
      vertex 96.25 10.0311 22
    endloop
  endfacet
  facet normal -0.555547 0.831485 0
    outer loop
      vertex 95.8693 9.77674 22
      vertex 96.25 10.0311 2
      vertex 95.8693 9.77674 2
    endloop
  endfacet
  facet normal -0.0653156 0.997865 0
    outer loop
      vertex 98 10.5 2
      vertex 97.5432 10.4701 22
      vertex 98 10.5 22
    endloop
  endfacet
  facet normal -0.0653156 0.997865 0
    outer loop
      vertex 97.5432 10.4701 22
      vertex 98 10.5 2
      vertex 97.5432 10.4701 2
    endloop
  endfacet
  facet normal 0.0654026 -0.997859 0
    outer loop
      vertex 98 3.5 2
      vertex 98.4568 3.52994 22
      vertex 98 3.5 22
    endloop
  endfacet
  facet normal 0.0654026 -0.997859 0
    outer loop
      vertex 98.4568 3.52994 22
      vertex 98 3.5 2
      vertex 98.4568 3.52994 2
    endloop
  endfacet
  facet normal 0.321452 -0.946926 0
    outer loop
      vertex 98.9059 3.61926 2
      vertex 99.3394 3.76642 22
      vertex 98.9059 3.61926 22
    endloop
  endfacet
  facet normal 0.321452 -0.946926 0
    outer loop
      vertex 99.3394 3.76642 22
      vertex 98.9059 3.61926 2
      vertex 99.3394 3.76642 2
    endloop
  endfacet
  facet normal 0.555229 -0.831697 0
    outer loop
      vertex 99.75 3.96891 2
      vertex 100.131 4.22326 22
      vertex 99.75 3.96891 22
    endloop
  endfacet
  facet normal 0.555229 -0.831697 0
    outer loop
      vertex 100.131 4.22326 22
      vertex 99.75 3.96891 2
      vertex 100.131 4.22326 2
    endloop
  endfacet
  facet normal 0.947037 -0.321126 0
    outer loop
      vertex 101.234 5.66061 22
      vertex 101.381 6.09413 2
      vertex 101.381 6.09413 22
    endloop
  endfacet
  facet normal 0.947037 -0.321126 0
    outer loop
      vertex 101.381 6.09413 2
      vertex 101.234 5.66061 22
      vertex 101.234 5.66061 2
    endloop
  endfacet
  facet normal 0.751693 -0.659514 0
    outer loop
      vertex 100.475 4.52513 22
      vertex 100.777 4.86934 2
      vertex 100.777 4.86934 22
    endloop
  endfacet
  facet normal 0.751693 -0.659514 0
    outer loop
      vertex 100.777 4.86934 2
      vertex 100.475 4.52513 22
      vertex 100.475 4.52513 2
    endloop
  endfacet
  facet normal -0.659364 -0.751824 0
    outer loop
      vertex 95.5251 4.52513 2
      vertex 95.8693 4.22326 22
      vertex 95.5251 4.52513 22
    endloop
  endfacet
  facet normal -0.659364 -0.751824 -0
    outer loop
      vertex 95.8693 4.22326 22
      vertex 95.5251 4.52513 2
      vertex 95.8693 4.22326 2
    endloop
  endfacet
  facet normal -0.442297 -0.896869 0
    outer loop
      vertex 96.25 3.96891 2
      vertex 96.6606 3.76642 22
      vertex 96.25 3.96891 22
    endloop
  endfacet
  facet normal -0.442297 -0.896869 -0
    outer loop
      vertex 96.6606 3.76642 22
      vertex 96.25 3.96891 2
      vertex 96.6606 3.76642 2
    endloop
  endfacet
  facet normal -0.195066 -0.98079 0
    outer loop
      vertex 97.0941 3.61926 2
      vertex 97.5432 3.52994 22
      vertex 97.0941 3.61926 22
    endloop
  endfacet
  facet normal -0.195066 -0.98079 -0
    outer loop
      vertex 97.5432 3.52994 22
      vertex 97.0941 3.61926 2
      vertex 97.5432 3.52994 2
    endloop
  endfacet
  facet normal -0.831418 -0.555647 0
    outer loop
      vertex 95.2233 4.86934 2
      vertex 94.9689 5.25 22
      vertex 94.9689 5.25 2
    endloop
  endfacet
  facet normal -0.831418 -0.555647 0
    outer loop
      vertex 94.9689 5.25 22
      vertex 95.2233 4.86934 2
      vertex 95.2233 4.86934 22
    endloop
  endfacet
  facet normal -0.94697 -0.321322 0
    outer loop
      vertex 94.7664 5.66061 2
      vertex 94.6193 6.09413 22
      vertex 94.6193 6.09413 2
    endloop
  endfacet
  facet normal -0.94697 -0.321322 0
    outer loop
      vertex 94.6193 6.09413 22
      vertex 94.7664 5.66061 2
      vertex 94.7664 5.66061 22
    endloop
  endfacet
  facet normal -0.997865 -0.0653099 0
    outer loop
      vertex 94.5299 6.54316 2
      vertex 94.5 7 22
      vertex 94.5 7 2
    endloop
  endfacet
  facet normal -0.997865 -0.0653099 0
    outer loop
      vertex 94.5 7 22
      vertex 94.5299 6.54316 2
      vertex 94.5299 6.54316 22
    endloop
  endfacet
  facet normal 0.195066 -0.98079 0
    outer loop
      vertex 98.4568 3.52994 2
      vertex 98.9059 3.61926 22
      vertex 98.4568 3.52994 22
    endloop
  endfacet
  facet normal 0.195066 -0.98079 0
    outer loop
      vertex 98.9059 3.61926 22
      vertex 98.4568 3.52994 2
      vertex 98.9059 3.61926 2
    endloop
  endfacet
  facet normal 0.659581 -0.751634 0
    outer loop
      vertex 100.131 4.22326 2
      vertex 100.475 4.52513 22
      vertex 100.131 4.22326 22
    endloop
  endfacet
  facet normal 0.659581 -0.751634 0
    outer loop
      vertex 100.475 4.52513 22
      vertex 100.131 4.22326 2
      vertex 100.475 4.52513 2
    endloop
  endfacet
  facet normal 0.896431 -0.443183 0
    outer loop
      vertex 101.031 5.25 22
      vertex 101.234 5.66061 2
      vertex 101.234 5.66061 22
    endloop
  endfacet
  facet normal 0.896431 -0.443183 0
    outer loop
      vertex 101.234 5.66061 2
      vertex 101.031 5.25 22
      vertex 101.031 5.25 2
    endloop
  endfacet
  facet normal 0.980918 -0.194423 0
    outer loop
      vertex 101.381 6.09413 22
      vertex 101.47 6.54316 2
      vertex 101.47 6.54316 22
    endloop
  endfacet
  facet normal 0.980918 -0.194423 0
    outer loop
      vertex 101.47 6.54316 2
      vertex 101.381 6.09413 22
      vertex 101.381 6.09413 2
    endloop
  endfacet
  facet normal -0.555532 -0.831495 0
    outer loop
      vertex 95.8693 4.22326 2
      vertex 96.25 3.96891 22
      vertex 95.8693 4.22326 22
    endloop
  endfacet
  facet normal -0.555532 -0.831495 -0
    outer loop
      vertex 96.25 3.96891 22
      vertex 95.8693 4.22326 2
      vertex 96.25 3.96891 2
    endloop
  endfacet
  facet normal -0.980751 -0.195263 0
    outer loop
      vertex 94.6193 6.09413 2
      vertex 94.5299 6.54316 22
      vertex 94.5299 6.54316 2
    endloop
  endfacet
  facet normal -0.980751 -0.195263 0
    outer loop
      vertex 94.5299 6.54316 22
      vertex 94.6193 6.09413 2
      vertex 94.6193 6.09413 22
    endloop
  endfacet
  facet normal 0.831822 -0.555043 0
    outer loop
      vertex 100.777 4.86934 22
      vertex 101.031 5.25 2
      vertex 101.031 5.25 22
    endloop
  endfacet
  facet normal 0.831822 -0.555043 0
    outer loop
      vertex 101.031 5.25 2
      vertex 100.777 4.86934 22
      vertex 100.777 4.86934 2
    endloop
  endfacet
  facet normal 0.997851 -0.0655274 0
    outer loop
      vertex 101.47 6.54316 22
      vertex 101.5 7 2
      vertex 101.5 7 22
    endloop
  endfacet
  facet normal 0.997851 -0.0655274 0
    outer loop
      vertex 101.5 7 2
      vertex 101.47 6.54316 22
      vertex 101.47 6.54316 2
    endloop
  endfacet
  facet normal -0.997859 -0.0654083 0
    outer loop
      vertex 98.9 7 4
      vertex 98.8923 7.11747 22
      vertex 98.8923 7.11747 4
    endloop
  endfacet
  facet normal -0.997859 -0.0654083 0
    outer loop
      vertex 98.8923 7.11747 22
      vertex 98.9 7 4
      vertex 98.9 7 22
    endloop
  endfacet
  facet normal 0.997859 -0.0654083 0
    outer loop
      vertex 97.1 7 22
      vertex 97.1077 7.11747 4
      vertex 97.1077 7.11747 22
    endloop
  endfacet
  facet normal 0.997859 -0.0654083 0
    outer loop
      vertex 97.1077 7.11747 4
      vertex 97.1 7 22
      vertex 97.1 7 4
    endloop
  endfacet
  facet normal -0.0653917 -0.99786 0
    outer loop
      vertex 98 7.9 4
      vertex 98.1175 7.8923 22
      vertex 98 7.9 22
    endloop
  endfacet
  facet normal -0.0653917 -0.99786 -0
    outer loop
      vertex 98.1175 7.8923 22
      vertex 98 7.9 4
      vertex 98.1175 7.8923 4
    endloop
  endfacet
  facet normal 0.751966 0.659202 0
    outer loop
      vertex 97.3636 6.3636 22
      vertex 97.286 6.45212 4
      vertex 97.286 6.45212 22
    endloop
  endfacet
  facet normal 0.751966 0.659202 0
    outer loop
      vertex 97.286 6.45212 4
      vertex 97.3636 6.3636 22
      vertex 97.3636 6.3636 4
    endloop
  endfacet
  facet normal -0.659382 -0.751808 0
    outer loop
      vertex 98.5479 7.71402 4
      vertex 98.6364 7.6364 22
      vertex 98.5479 7.71402 22
    endloop
  endfacet
  facet normal -0.659382 -0.751808 -0
    outer loop
      vertex 98.6364 7.6364 22
      vertex 98.5479 7.71402 4
      vertex 98.6364 7.6364 4
    endloop
  endfacet
  facet normal 0.659382 -0.751808 0
    outer loop
      vertex 97.3636 7.6364 4
      vertex 97.4521 7.71402 22
      vertex 97.3636 7.6364 22
    endloop
  endfacet
  facet normal 0.659382 -0.751808 0
    outer loop
      vertex 97.4521 7.71402 22
      vertex 97.3636 7.6364 4
      vertex 97.4521 7.71402 4
    endloop
  endfacet
  facet normal 0.32137 -0.946954 0
    outer loop
      vertex 97.6556 7.83149 4
      vertex 97.7671 7.86933 22
      vertex 97.6556 7.83149 22
    endloop
  endfacet
  facet normal 0.32137 -0.946954 0
    outer loop
      vertex 97.7671 7.86933 22
      vertex 97.6556 7.83149 4
      vertex 97.7671 7.86933 4
    endloop
  endfacet
  facet normal 0.947031 0.321143 0
    outer loop
      vertex 97.1685 6.65559 22
      vertex 97.1307 6.76706 4
      vertex 97.1307 6.76706 22
    endloop
  endfacet
  facet normal 0.947031 0.321143 0
    outer loop
      vertex 97.1307 6.76706 4
      vertex 97.1685 6.65559 22
      vertex 97.1685 6.65559 4
    endloop
  endfacet
  facet normal 0 0 1
    outer loop
      vertex 98.8923 7.11747 4
      vertex 98.8923 6.88253 4
      vertex 98.9 7 4
    endloop
  endfacet
  facet normal 0 0 1
    outer loop
      vertex 98.8693 7.23294 4
      vertex 98.8923 6.88253 4
      vertex 98.8923 7.11747 4
    endloop
  endfacet
  facet normal 0 0 1
    outer loop
      vertex 98.8693 7.23294 4
      vertex 98.8693 6.76706 4
      vertex 98.8923 6.88253 4
    endloop
  endfacet
  facet normal 0 0 1
    outer loop
      vertex 98.8315 7.34441 4
      vertex 98.8693 6.76706 4
      vertex 98.8693 7.23294 4
    endloop
  endfacet
  facet normal 0 0 1
    outer loop
      vertex 98.8315 7.34441 4
      vertex 98.8315 6.65559 4
      vertex 98.8693 6.76706 4
    endloop
  endfacet
  facet normal 0 0 1
    outer loop
      vertex 98.7794 7.45 4
      vertex 98.8315 6.65559 4
      vertex 98.8315 7.34441 4
    endloop
  endfacet
  facet normal 0 0 1
    outer loop
      vertex 98.7794 7.45 4
      vertex 98.7794 6.55 4
      vertex 98.8315 6.65559 4
    endloop
  endfacet
  facet normal 0 0 1
    outer loop
      vertex 98.714 7.54788 4
      vertex 98.7794 6.55 4
      vertex 98.7794 7.45 4
    endloop
  endfacet
  facet normal 0 0 1
    outer loop
      vertex 98.714 7.54788 4
      vertex 98.714 6.45212 4
      vertex 98.7794 6.55 4
    endloop
  endfacet
  facet normal 0 0 1
    outer loop
      vertex 98.6364 7.6364 4
      vertex 98.714 6.45212 4
      vertex 98.714 7.54788 4
    endloop
  endfacet
  facet normal 0 0 1
    outer loop
      vertex 98.6364 7.6364 4
      vertex 98.6364 6.3636 4
      vertex 98.714 6.45212 4
    endloop
  endfacet
  facet normal 0 0 1
    outer loop
      vertex 98.5479 7.71402 4
      vertex 98.6364 6.3636 4
      vertex 98.6364 7.6364 4
    endloop
  endfacet
  facet normal 0 0 1
    outer loop
      vertex 98.5479 7.71402 4
      vertex 98.5479 6.28598 4
      vertex 98.6364 6.3636 4
    endloop
  endfacet
  facet normal 0 0 1
    outer loop
      vertex 98.45 7.77942 4
      vertex 98.5479 6.28598 4
      vertex 98.5479 7.71402 4
    endloop
  endfacet
  facet normal 0 0 1
    outer loop
      vertex 98.45 7.77942 4
      vertex 98.45 6.22058 4
      vertex 98.5479 6.28598 4
    endloop
  endfacet
  facet normal 0 0 1
    outer loop
      vertex 98.3444 7.83149 4
      vertex 98.45 6.22058 4
      vertex 98.45 7.77942 4
    endloop
  endfacet
  facet normal 0 0 1
    outer loop
      vertex 98.3444 7.83149 4
      vertex 98.3444 6.16851 4
      vertex 98.45 6.22058 4
    endloop
  endfacet
  facet normal 0 0 1
    outer loop
      vertex 98.2329 7.86933 4
      vertex 98.3444 6.16851 4
      vertex 98.3444 7.83149 4
    endloop
  endfacet
  facet normal 0 0 1
    outer loop
      vertex 98.2329 7.86933 4
      vertex 98.2329 6.13067 4
      vertex 98.3444 6.16851 4
    endloop
  endfacet
  facet normal 0 0 1
    outer loop
      vertex 98.1175 7.8923 4
      vertex 98.2329 6.13067 4
      vertex 98.2329 7.86933 4
    endloop
  endfacet
  facet normal 0 0 1
    outer loop
      vertex 98.1175 7.8923 4
      vertex 98.1175 6.1077 4
      vertex 98.2329 6.13067 4
    endloop
  endfacet
  facet normal 0 0 1
    outer loop
      vertex 98 7.9 4
      vertex 98.1175 6.1077 4
      vertex 98.1175 7.8923 4
    endloop
  endfacet
  facet normal 0 0 1
    outer loop
      vertex 98 7.9 4
      vertex 98 6.1 4
      vertex 98.1175 6.1077 4
    endloop
  endfacet
  facet normal -0 0 1
    outer loop
      vertex 97.8825 7.8923 4
      vertex 98 6.1 4
      vertex 98 7.9 4
    endloop
  endfacet
  facet normal 0 0 1
    outer loop
      vertex 97.8825 7.8923 4
      vertex 97.8825 6.1077 4
      vertex 98 6.1 4
    endloop
  endfacet
  facet normal -0 0 1
    outer loop
      vertex 97.7671 7.86933 4
      vertex 97.8825 6.1077 4
      vertex 97.8825 7.8923 4
    endloop
  endfacet
  facet normal 0 0 1
    outer loop
      vertex 97.7671 7.86933 4
      vertex 97.7671 6.13067 4
      vertex 97.8825 6.1077 4
    endloop
  endfacet
  facet normal -0 0 1
    outer loop
      vertex 97.6556 7.83149 4
      vertex 97.7671 6.13067 4
      vertex 97.7671 7.86933 4
    endloop
  endfacet
  facet normal 0 0 1
    outer loop
      vertex 97.6556 7.83149 4
      vertex 97.6556 6.16851 4
      vertex 97.7671 6.13067 4
    endloop
  endfacet
  facet normal -0 0 1
    outer loop
      vertex 97.55 7.77942 4
      vertex 97.6556 6.16851 4
      vertex 97.6556 7.83149 4
    endloop
  endfacet
  facet normal 0 0 1
    outer loop
      vertex 97.55 7.77942 4
      vertex 97.55 6.22058 4
      vertex 97.6556 6.16851 4
    endloop
  endfacet
  facet normal -0 0 1
    outer loop
      vertex 97.4521 7.71402 4
      vertex 97.55 6.22058 4
      vertex 97.55 7.77942 4
    endloop
  endfacet
  facet normal 0 0 1
    outer loop
      vertex 97.4521 7.71402 4
      vertex 97.4521 6.28598 4
      vertex 97.55 6.22058 4
    endloop
  endfacet
  facet normal -0 0 1
    outer loop
      vertex 97.3636 7.6364 4
      vertex 97.4521 6.28598 4
      vertex 97.4521 7.71402 4
    endloop
  endfacet
  facet normal 0 0 1
    outer loop
      vertex 97.3636 7.6364 4
      vertex 97.3636 6.3636 4
      vertex 97.4521 6.28598 4
    endloop
  endfacet
  facet normal -0 0 1
    outer loop
      vertex 97.286 7.54788 4
      vertex 97.3636 6.3636 4
      vertex 97.3636 7.6364 4
    endloop
  endfacet
  facet normal 0 0 1
    outer loop
      vertex 97.286 7.54788 4
      vertex 97.286 6.45212 4
      vertex 97.3636 6.3636 4
    endloop
  endfacet
  facet normal -0 0 1
    outer loop
      vertex 97.2206 7.45 4
      vertex 97.286 6.45212 4
      vertex 97.286 7.54788 4
    endloop
  endfacet
  facet normal 0 0 1
    outer loop
      vertex 97.2206 7.45 4
      vertex 97.2206 6.55 4
      vertex 97.286 6.45212 4
    endloop
  endfacet
  facet normal -0 0 1
    outer loop
      vertex 97.1685 7.34441 4
      vertex 97.2206 6.55 4
      vertex 97.2206 7.45 4
    endloop
  endfacet
  facet normal 0 0 1
    outer loop
      vertex 97.1685 7.34441 4
      vertex 97.1685 6.65559 4
      vertex 97.2206 6.55 4
    endloop
  endfacet
  facet normal -0 0 1
    outer loop
      vertex 97.1307 7.23294 4
      vertex 97.1685 6.65559 4
      vertex 97.1685 7.34441 4
    endloop
  endfacet
  facet normal 0 0 1
    outer loop
      vertex 97.1307 7.23294 4
      vertex 97.1307 6.76706 4
      vertex 97.1685 6.65559 4
    endloop
  endfacet
  facet normal -0 0 1
    outer loop
      vertex 97.1077 7.11747 4
      vertex 97.1307 6.76706 4
      vertex 97.1307 7.23294 4
    endloop
  endfacet
  facet normal 0 0 1
    outer loop
      vertex 97.1077 7.11747 4
      vertex 97.1077 6.88253 4
      vertex 97.1307 6.76706 4
    endloop
  endfacet
  facet normal 0 -0 1
    outer loop
      vertex 97.1077 6.88253 4
      vertex 97.1077 7.11747 4
      vertex 97.1 7 4
    endloop
  endfacet
  facet normal -0.896776 -0.442485 0
    outer loop
      vertex 98.8315 7.34441 4
      vertex 98.7794 7.45 22
      vertex 98.7794 7.45 4
    endloop
  endfacet
  facet normal -0.896776 -0.442485 0
    outer loop
      vertex 98.7794 7.45 22
      vertex 98.8315 7.34441 4
      vertex 98.8315 7.34441 22
    endloop
  endfacet
  facet normal -0.831475 -0.555562 0
    outer loop
      vertex 98.7794 7.45 4
      vertex 98.714 7.54788 22
      vertex 98.714 7.54788 4
    endloop
  endfacet
  facet normal -0.831475 -0.555562 0
    outer loop
      vertex 98.714 7.54788 22
      vertex 98.7794 7.45 4
      vertex 98.7794 7.45 22
    endloop
  endfacet
  facet normal -0.442247 -0.896893 0
    outer loop
      vertex 98.3444 7.83149 4
      vertex 98.45 7.77942 22
      vertex 98.3444 7.83149 22
    endloop
  endfacet
  facet normal -0.442247 -0.896893 -0
    outer loop
      vertex 98.45 7.77942 22
      vertex 98.3444 7.83149 4
      vertex 98.45 7.77942 4
    endloop
  endfacet
  facet normal -0.555484 -0.831527 0
    outer loop
      vertex 98.45 7.77942 4
      vertex 98.5479 7.71402 22
      vertex 98.45 7.77942 22
    endloop
  endfacet
  facet normal -0.555484 -0.831527 -0
    outer loop
      vertex 98.5479 7.71402 22
      vertex 98.45 7.77942 4
      vertex 98.5479 7.71402 4
    endloop
  endfacet
  facet normal 0.896776 -0.442485 0
    outer loop
      vertex 97.1685 7.34441 22
      vertex 97.2206 7.45 4
      vertex 97.2206 7.45 22
    endloop
  endfacet
  facet normal 0.896776 -0.442485 0
    outer loop
      vertex 97.2206 7.45 4
      vertex 97.1685 7.34441 22
      vertex 97.1685 7.34441 4
    endloop
  endfacet
  facet normal 0.751966 -0.659202 0
    outer loop
      vertex 97.286 7.54788 22
      vertex 97.3636 7.6364 4
      vertex 97.3636 7.6364 22
    endloop
  endfacet
  facet normal 0.751966 -0.659202 0
    outer loop
      vertex 97.3636 7.6364 4
      vertex 97.286 7.54788 22
      vertex 97.286 7.54788 4
    endloop
  endfacet
  facet normal 0.0653917 -0.99786 0
    outer loop
      vertex 97.8825 7.8923 4
      vertex 98 7.9 22
      vertex 97.8825 7.8923 22
    endloop
  endfacet
  facet normal 0.0653917 -0.99786 0
    outer loop
      vertex 98 7.9 22
      vertex 97.8825 7.8923 4
      vertex 98 7.9 4
    endloop
  endfacet
  facet normal -0.947031 0.321143 0
    outer loop
      vertex 98.8315 6.65559 4
      vertex 98.8693 6.76706 22
      vertex 98.8693 6.76706 4
    endloop
  endfacet
  facet normal -0.947031 0.321143 0
    outer loop
      vertex 98.8693 6.76706 22
      vertex 98.8315 6.65559 4
      vertex 98.8315 6.65559 22
    endloop
  endfacet
  facet normal -0.555484 0.831527 0
    outer loop
      vertex 98.5479 6.28598 4
      vertex 98.45 6.22058 22
      vertex 98.5479 6.28598 22
    endloop
  endfacet
  facet normal -0.555484 0.831527 0
    outer loop
      vertex 98.45 6.22058 22
      vertex 98.5479 6.28598 4
      vertex 98.45 6.22058 4
    endloop
  endfacet
  facet normal 0.659382 0.751808 -0
    outer loop
      vertex 97.4521 6.28598 4
      vertex 97.3636 6.3636 22
      vertex 97.4521 6.28598 22
    endloop
  endfacet
  facet normal 0.659382 0.751808 0
    outer loop
      vertex 97.3636 6.3636 22
      vertex 97.4521 6.28598 4
      vertex 97.3636 6.3636 4
    endloop
  endfacet
  facet normal 0.997859 0.0654083 0
    outer loop
      vertex 97.1077 6.88253 22
      vertex 97.1 7 4
      vertex 97.1 7 22
    endloop
  endfacet
  facet normal 0.997859 0.0654083 0
    outer loop
      vertex 97.1 7 4
      vertex 97.1077 6.88253 22
      vertex 97.1077 6.88253 4
    endloop
  endfacet
  facet normal -0.947031 -0.321143 0
    outer loop
      vertex 98.8693 7.23294 4
      vertex 98.8315 7.34441 22
      vertex 98.8315 7.34441 4
    endloop
  endfacet
  facet normal -0.947031 -0.321143 0
    outer loop
      vertex 98.8315 7.34441 22
      vertex 98.8693 7.23294 4
      vertex 98.8693 7.23294 22
    endloop
  endfacet
  facet normal -0.980734 -0.195348 0
    outer loop
      vertex 98.8923 7.11747 4
      vertex 98.8693 7.23294 22
      vertex 98.8693 7.23294 4
    endloop
  endfacet
  facet normal -0.980734 -0.195348 0
    outer loop
      vertex 98.8693 7.23294 22
      vertex 98.8923 7.11747 4
      vertex 98.8923 7.11747 22
    endloop
  endfacet
  facet normal -0.751966 -0.659202 0
    outer loop
      vertex 98.714 7.54788 4
      vertex 98.6364 7.6364 22
      vertex 98.6364 7.6364 4
    endloop
  endfacet
  facet normal -0.751966 -0.659202 0
    outer loop
      vertex 98.6364 7.6364 22
      vertex 98.714 7.54788 4
      vertex 98.714 7.54788 22
    endloop
  endfacet
  facet normal -0.32137 -0.946954 0
    outer loop
      vertex 98.2329 7.86933 4
      vertex 98.3444 7.83149 22
      vertex 98.2329 7.86933 22
    endloop
  endfacet
  facet normal -0.32137 -0.946954 -0
    outer loop
      vertex 98.3444 7.83149 22
      vertex 98.2329 7.86933 4
      vertex 98.3444 7.83149 4
    endloop
  endfacet
  facet normal -0.195217 -0.98076 0
    outer loop
      vertex 98.1175 7.8923 4
      vertex 98.2329 7.86933 22
      vertex 98.1175 7.8923 22
    endloop
  endfacet
  facet normal -0.195217 -0.98076 -0
    outer loop
      vertex 98.2329 7.86933 22
      vertex 98.1175 7.8923 4
      vertex 98.2329 7.86933 4
    endloop
  endfacet
  facet normal 0.831475 -0.555562 0
    outer loop
      vertex 97.2206 7.45 22
      vertex 97.286 7.54788 4
      vertex 97.286 7.54788 22
    endloop
  endfacet
  facet normal 0.831475 -0.555562 0
    outer loop
      vertex 97.286 7.54788 4
      vertex 97.2206 7.45 22
      vertex 97.2206 7.45 4
    endloop
  endfacet
  facet normal 0.947031 -0.321143 0
    outer loop
      vertex 97.1307 7.23294 22
      vertex 97.1685 7.34441 4
      vertex 97.1685 7.34441 22
    endloop
  endfacet
  facet normal 0.947031 -0.321143 0
    outer loop
      vertex 97.1685 7.34441 4
      vertex 97.1307 7.23294 22
      vertex 97.1307 7.23294 4
    endloop
  endfacet
  facet normal 0.980734 -0.195348 0
    outer loop
      vertex 97.1077 7.11747 22
      vertex 97.1307 7.23294 4
      vertex 97.1307 7.23294 22
    endloop
  endfacet
  facet normal 0.980734 -0.195348 0
    outer loop
      vertex 97.1307 7.23294 4
      vertex 97.1077 7.11747 22
      vertex 97.1077 7.11747 4
    endloop
  endfacet
  facet normal 0.442247 -0.896893 0
    outer loop
      vertex 97.55 7.77942 4
      vertex 97.6556 7.83149 22
      vertex 97.55 7.77942 22
    endloop
  endfacet
  facet normal 0.442247 -0.896893 0
    outer loop
      vertex 97.6556 7.83149 22
      vertex 97.55 7.77942 4
      vertex 97.6556 7.83149 4
    endloop
  endfacet
  facet normal 0.555484 -0.831527 0
    outer loop
      vertex 97.4521 7.71402 4
      vertex 97.55 7.77942 22
      vertex 97.4521 7.71402 22
    endloop
  endfacet
  facet normal 0.555484 -0.831527 0
    outer loop
      vertex 97.55 7.77942 22
      vertex 97.4521 7.71402 4
      vertex 97.55 7.77942 4
    endloop
  endfacet
  facet normal 0.195217 -0.98076 0
    outer loop
      vertex 97.7671 7.86933 4
      vertex 97.8825 7.8923 22
      vertex 97.7671 7.86933 22
    endloop
  endfacet
  facet normal 0.195217 -0.98076 0
    outer loop
      vertex 97.8825 7.8923 22
      vertex 97.7671 7.86933 4
      vertex 97.8825 7.8923 4
    endloop
  endfacet
  facet normal -0.0653917 0.99786 0
    outer loop
      vertex 98.1175 6.1077 4
      vertex 98 6.1 22
      vertex 98.1175 6.1077 22
    endloop
  endfacet
  facet normal -0.0653917 0.99786 0
    outer loop
      vertex 98 6.1 22
      vertex 98.1175 6.1077 4
      vertex 98 6.1 4
    endloop
  endfacet
  facet normal -0.32137 0.946954 0
    outer loop
      vertex 98.3444 6.16851 4
      vertex 98.2329 6.13067 22
      vertex 98.3444 6.16851 22
    endloop
  endfacet
  facet normal -0.32137 0.946954 0
    outer loop
      vertex 98.2329 6.13067 22
      vertex 98.3444 6.16851 4
      vertex 98.2329 6.13067 4
    endloop
  endfacet
  facet normal -0.659382 0.751808 0
    outer loop
      vertex 98.6364 6.3636 4
      vertex 98.5479 6.28598 22
      vertex 98.6364 6.3636 22
    endloop
  endfacet
  facet normal -0.659382 0.751808 0
    outer loop
      vertex 98.5479 6.28598 22
      vertex 98.6364 6.3636 4
      vertex 98.5479 6.28598 4
    endloop
  endfacet
  facet normal -0.831475 0.555562 0
    outer loop
      vertex 98.714 6.45212 4
      vertex 98.7794 6.55 22
      vertex 98.7794 6.55 4
    endloop
  endfacet
  facet normal -0.831475 0.555562 0
    outer loop
      vertex 98.7794 6.55 22
      vertex 98.714 6.45212 4
      vertex 98.714 6.45212 22
    endloop
  endfacet
  facet normal 0.555484 0.831527 -0
    outer loop
      vertex 97.55 6.22058 4
      vertex 97.4521 6.28598 22
      vertex 97.55 6.22058 22
    endloop
  endfacet
  facet normal 0.555484 0.831527 0
    outer loop
      vertex 97.4521 6.28598 22
      vertex 97.55 6.22058 4
      vertex 97.4521 6.28598 4
    endloop
  endfacet
  facet normal 0.32137 0.946954 -0
    outer loop
      vertex 97.7671 6.13067 4
      vertex 97.6556 6.16851 22
      vertex 97.7671 6.13067 22
    endloop
  endfacet
  facet normal 0.32137 0.946954 0
    outer loop
      vertex 97.6556 6.16851 22
      vertex 97.7671 6.13067 4
      vertex 97.6556 6.16851 4
    endloop
  endfacet
  facet normal 0.0653917 0.99786 -0
    outer loop
      vertex 98 6.1 4
      vertex 97.8825 6.1077 22
      vertex 98 6.1 22
    endloop
  endfacet
  facet normal 0.0653917 0.99786 0
    outer loop
      vertex 97.8825 6.1077 22
      vertex 98 6.1 4
      vertex 97.8825 6.1077 4
    endloop
  endfacet
  facet normal 0.896776 0.442485 0
    outer loop
      vertex 97.2206 6.55 22
      vertex 97.1685 6.65559 4
      vertex 97.1685 6.65559 22
    endloop
  endfacet
  facet normal 0.896776 0.442485 0
    outer loop
      vertex 97.1685 6.65559 4
      vertex 97.2206 6.55 22
      vertex 97.2206 6.55 4
    endloop
  endfacet
  facet normal 0.980734 0.195348 0
    outer loop
      vertex 97.1307 6.76706 22
      vertex 97.1077 6.88253 4
      vertex 97.1077 6.88253 22
    endloop
  endfacet
  facet normal 0.980734 0.195348 0
    outer loop
      vertex 97.1077 6.88253 4
      vertex 97.1307 6.76706 22
      vertex 97.1307 6.76706 4
    endloop
  endfacet
  facet normal -0.195217 0.98076 0
    outer loop
      vertex 98.2329 6.13067 4
      vertex 98.1175 6.1077 22
      vertex 98.2329 6.13067 22
    endloop
  endfacet
  facet normal -0.195217 0.98076 0
    outer loop
      vertex 98.1175 6.1077 22
      vertex 98.2329 6.13067 4
      vertex 98.1175 6.1077 4
    endloop
  endfacet
  facet normal -0.442247 0.896893 0
    outer loop
      vertex 98.45 6.22058 4
      vertex 98.3444 6.16851 22
      vertex 98.45 6.22058 22
    endloop
  endfacet
  facet normal -0.442247 0.896893 0
    outer loop
      vertex 98.3444 6.16851 22
      vertex 98.45 6.22058 4
      vertex 98.3444 6.16851 4
    endloop
  endfacet
  facet normal -0.751966 0.659202 0
    outer loop
      vertex 98.6364 6.3636 4
      vertex 98.714 6.45212 22
      vertex 98.714 6.45212 4
    endloop
  endfacet
  facet normal -0.751966 0.659202 0
    outer loop
      vertex 98.714 6.45212 22
      vertex 98.6364 6.3636 4
      vertex 98.6364 6.3636 22
    endloop
  endfacet
  facet normal -0.980734 0.195348 0
    outer loop
      vertex 98.8693 6.76706 4
      vertex 98.8923 6.88253 22
      vertex 98.8923 6.88253 4
    endloop
  endfacet
  facet normal -0.980734 0.195348 0
    outer loop
      vertex 98.8923 6.88253 22
      vertex 98.8693 6.76706 4
      vertex 98.8693 6.76706 22
    endloop
  endfacet
  facet normal -0.896776 0.442485 0
    outer loop
      vertex 98.7794 6.55 4
      vertex 98.8315 6.65559 22
      vertex 98.8315 6.65559 4
    endloop
  endfacet
  facet normal -0.896776 0.442485 0
    outer loop
      vertex 98.8315 6.65559 22
      vertex 98.7794 6.55 4
      vertex 98.7794 6.55 22
    endloop
  endfacet
  facet normal 0.442247 0.896893 -0
    outer loop
      vertex 97.6556 6.16851 4
      vertex 97.55 6.22058 22
      vertex 97.6556 6.16851 22
    endloop
  endfacet
  facet normal 0.442247 0.896893 0
    outer loop
      vertex 97.55 6.22058 22
      vertex 97.6556 6.16851 4
      vertex 97.55 6.22058 4
    endloop
  endfacet
  facet normal 0.195217 0.98076 -0
    outer loop
      vertex 97.8825 6.1077 4
      vertex 97.7671 6.13067 22
      vertex 97.8825 6.1077 22
    endloop
  endfacet
  facet normal 0.195217 0.98076 0
    outer loop
      vertex 97.7671 6.13067 22
      vertex 97.8825 6.1077 4
      vertex 97.7671 6.13067 4
    endloop
  endfacet
  facet normal 0.831475 0.555562 0
    outer loop
      vertex 97.286 6.45212 22
      vertex 97.2206 6.55 4
      vertex 97.2206 6.55 22
    endloop
  endfacet
  facet normal 0.831475 0.555562 0
    outer loop
      vertex 97.2206 6.55 4
      vertex 97.286 6.45212 22
      vertex 97.286 6.45212 4
    endloop
  endfacet
  facet normal -0.997859 0.0654083 0
    outer loop
      vertex 98.8923 6.88253 4
      vertex 98.9 7 22
      vertex 98.9 7 4
    endloop
  endfacet
  facet normal -0.997859 0.0654083 0
    outer loop
      vertex 98.9 7 22
      vertex 98.8923 6.88253 4
      vertex 98.8923 6.88253 22
    endloop
  endfacet
  facet normal 0.997865 0.0653156 0
    outer loop
      vertex 10.5 68 22
      vertex 10.4701 68.4568 2
      vertex 10.4701 68.4568 22
    endloop
  endfacet
  facet normal 0.997865 0.0653156 0
    outer loop
      vertex 10.4701 68.4568 2
      vertex 10.5 68 22
      vertex 10.5 68 2
    endloop
  endfacet
  facet normal -0.997859 0.0654026 0
    outer loop
      vertex 3.5 68 2
      vertex 3.52994 68.4568 22
      vertex 3.52994 68.4568 2
    endloop
  endfacet
  facet normal -0.997859 0.0654026 0
    outer loop
      vertex 3.52994 68.4568 22
      vertex 3.5 68 2
      vertex 3.5 68 22
    endloop
  endfacet
  facet normal 0.0653099 0.997865 -0
    outer loop
      vertex 7.45684 71.4701 2
      vertex 7 71.5 22
      vertex 7.45684 71.4701 22
    endloop
  endfacet
  facet normal 0.0653099 0.997865 0
    outer loop
      vertex 7 71.5 22
      vertex 7.45684 71.4701 2
      vertex 7 71.5 2
    endloop
  endfacet
  facet normal -0.0653099 -0.997865 0
    outer loop
      vertex 6.54316 64.5299 2
      vertex 7 64.5 22
      vertex 6.54316 64.5299 22
    endloop
  endfacet
  facet normal -0.0653099 -0.997865 -0
    outer loop
      vertex 7 64.5 22
      vertex 6.54316 64.5299 2
      vertex 7 64.5 2
    endloop
  endfacet
  facet normal -0.751824 -0.659364 0
    outer loop
      vertex 4.52513 65.5251 2
      vertex 4.22326 65.8693 22
      vertex 4.22326 65.8693 2
    endloop
  endfacet
  facet normal -0.751824 -0.659364 0
    outer loop
      vertex 4.22326 65.8693 22
      vertex 4.52513 65.5251 2
      vertex 4.52513 65.5251 22
    endloop
  endfacet
  facet normal 0.751824 0.659364 0
    outer loop
      vertex 9.77674 70.1307 22
      vertex 9.47487 70.4749 2
      vertex 9.47487 70.4749 22
    endloop
  endfacet
  facet normal 0.751824 0.659364 0
    outer loop
      vertex 9.47487 70.4749 2
      vertex 9.77674 70.1307 22
      vertex 9.77674 70.1307 2
    endloop
  endfacet
  facet normal -0.659267 0.751909 0
    outer loop
      vertex 4.86934 70.7767 2
      vertex 4.52513 70.4749 22
      vertex 4.86934 70.7767 22
    endloop
  endfacet
  facet normal -0.659267 0.751909 0
    outer loop
      vertex 4.52513 70.4749 22
      vertex 4.86934 70.7767 2
      vertex 4.52513 70.4749 2
    endloop
  endfacet
  facet normal -0.321322 0.94697 0
    outer loop
      vertex 6.09413 71.3807 2
      vertex 5.66061 71.2336 22
      vertex 6.09413 71.3807 22
    endloop
  endfacet
  facet normal -0.321322 0.94697 0
    outer loop
      vertex 5.66061 71.2336 22
      vertex 6.09413 71.3807 2
      vertex 5.66061 71.2336 2
    endloop
  endfacet
  facet normal 0.89686 0.442314 0
    outer loop
      vertex 10.2336 69.3394 22
      vertex 10.0311 69.75 2
      vertex 10.0311 69.75 22
    endloop
  endfacet
  facet normal 0.89686 0.442314 0
    outer loop
      vertex 10.0311 69.75 2
      vertex 10.2336 69.3394 22
      vertex 10.2336 69.3394 2
    endloop
  endfacet
  facet normal 0.980757 0.195234 0
    outer loop
      vertex 10.4701 68.4568 22
      vertex 10.3807 68.9059 2
      vertex 10.3807 68.9059 22
    endloop
  endfacet
  facet normal 0.980757 0.195234 0
    outer loop
      vertex 10.3807 68.9059 2
      vertex 10.4701 68.4568 22
      vertex 10.4701 68.4568 2
    endloop
  endfacet
  facet normal 0.831485 0.555547 0
    outer loop
      vertex 10.0311 69.75 22
      vertex 9.77674 70.1307 2
      vertex 9.77674 70.1307 22
    endloop
  endfacet
  facet normal 0.831485 0.555547 0
    outer loop
      vertex 9.77674 70.1307 2
      vertex 10.0311 69.75 22
      vertex 10.0311 69.75 2
    endloop
  endfacet
  facet normal 0.442305 0.896864 -0
    outer loop
      vertex 8.75 71.0311 2
      vertex 8.33939 71.2336 22
      vertex 8.75 71.0311 22
    endloop
  endfacet
  facet normal 0.442305 0.896864 0
    outer loop
      vertex 8.33939 71.2336 22
      vertex 8.75 71.0311 2
      vertex 8.33939 71.2336 2
    endloop
  endfacet
  facet normal 0.321322 0.94697 -0
    outer loop
      vertex 8.33939 71.2336 2
      vertex 7.90587 71.3807 22
      vertex 8.33939 71.2336 22
    endloop
  endfacet
  facet normal 0.321322 0.94697 0
    outer loop
      vertex 7.90587 71.3807 22
      vertex 8.33939 71.2336 2
      vertex 7.90587 71.3807 2
    endloop
  endfacet
  facet normal 0.555647 0.831418 -0
    outer loop
      vertex 9.13066 70.7767 2
      vertex 8.75 71.0311 22
      vertex 9.13066 70.7767 22
    endloop
  endfacet
  facet normal 0.555647 0.831418 0
    outer loop
      vertex 8.75 71.0311 22
      vertex 9.13066 70.7767 2
      vertex 8.75 71.0311 2
    endloop
  endfacet
  facet normal -0.896869 0.442297 0
    outer loop
      vertex 3.76642 69.3394 2
      vertex 3.96891 69.75 22
      vertex 3.96891 69.75 2
    endloop
  endfacet
  facet normal -0.896869 0.442297 0
    outer loop
      vertex 3.96891 69.75 22
      vertex 3.76642 69.3394 2
      vertex 3.76642 69.3394 22
    endloop
  endfacet
  facet normal -0.946926 0.321452 0
    outer loop
      vertex 3.61926 68.9059 2
      vertex 3.76642 69.3394 22
      vertex 3.76642 69.3394 2
    endloop
  endfacet
  facet normal -0.946926 0.321452 0
    outer loop
      vertex 3.76642 69.3394 22
      vertex 3.61926 68.9059 2
      vertex 3.61926 68.9059 22
    endloop
  endfacet
  facet normal -0.442305 0.896864 0
    outer loop
      vertex 5.66061 71.2336 2
      vertex 5.25 71.0311 22
      vertex 5.66061 71.2336 22
    endloop
  endfacet
  facet normal -0.442305 0.896864 0
    outer loop
      vertex 5.25 71.0311 22
      vertex 5.66061 71.2336 2
      vertex 5.25 71.0311 2
    endloop
  endfacet
  facet normal -0.195263 0.980751 0
    outer loop
      vertex 6.54316 71.4701 2
      vertex 6.09413 71.3807 22
      vertex 6.54316 71.4701 22
    endloop
  endfacet
  facet normal -0.195263 0.980751 0
    outer loop
      vertex 6.09413 71.3807 22
      vertex 6.54316 71.4701 2
      vertex 6.09413 71.3807 2
    endloop
  endfacet
  facet normal 0.442305 -0.896864 0
    outer loop
      vertex 8.33939 64.7664 2
      vertex 8.75 64.9689 22
      vertex 8.33939 64.7664 22
    endloop
  endfacet
  facet normal 0.442305 -0.896864 0
    outer loop
      vertex 8.75 64.9689 22
      vertex 8.33939 64.7664 2
      vertex 8.75 64.9689 2
    endloop
  endfacet
  facet normal -0.321322 -0.94697 0
    outer loop
      vertex 5.66061 64.7664 2
      vertex 6.09413 64.6193 22
      vertex 5.66061 64.7664 22
    endloop
  endfacet
  facet normal -0.321322 -0.94697 -0
    outer loop
      vertex 6.09413 64.6193 22
      vertex 5.66061 64.7664 2
      vertex 6.09413 64.6193 2
    endloop
  endfacet
  facet normal -0.896869 -0.442297 0
    outer loop
      vertex 3.96891 66.25 2
      vertex 3.76642 66.6606 22
      vertex 3.76642 66.6606 2
    endloop
  endfacet
  facet normal -0.896869 -0.442297 0
    outer loop
      vertex 3.76642 66.6606 22
      vertex 3.96891 66.25 2
      vertex 3.96891 66.25 22
    endloop
  endfacet
  facet normal 0.946966 0.321335 0
    outer loop
      vertex 10.3807 68.9059 22
      vertex 10.2336 69.3394 2
      vertex 10.2336 69.3394 22
    endloop
  endfacet
  facet normal 0.946966 0.321335 0
    outer loop
      vertex 10.2336 69.3394 2
      vertex 10.3807 68.9059 22
      vertex 10.3807 68.9059 2
    endloop
  endfacet
  facet normal 0.195263 0.980751 -0
    outer loop
      vertex 7.90587 71.3807 2
      vertex 7.45684 71.4701 22
      vertex 7.90587 71.3807 22
    endloop
  endfacet
  facet normal 0.195263 0.980751 0
    outer loop
      vertex 7.45684 71.4701 22
      vertex 7.90587 71.3807 2
      vertex 7.45684 71.4701 2
    endloop
  endfacet
  facet normal 0.659267 0.751909 -0
    outer loop
      vertex 9.47487 70.4749 2
      vertex 9.13066 70.7767 22
      vertex 9.47487 70.4749 22
    endloop
  endfacet
  facet normal 0.659267 0.751909 0
    outer loop
      vertex 9.13066 70.7767 22
      vertex 9.47487 70.4749 2
      vertex 9.13066 70.7767 2
    endloop
  endfacet
  facet normal -0.831495 0.555532 0
    outer loop
      vertex 3.96891 69.75 2
      vertex 4.22326 70.1307 22
      vertex 4.22326 70.1307 2
    endloop
  endfacet
  facet normal -0.831495 0.555532 0
    outer loop
      vertex 4.22326 70.1307 22
      vertex 3.96891 69.75 2
      vertex 3.96891 69.75 22
    endloop
  endfacet
  facet normal -0.751824 0.659364 0
    outer loop
      vertex 4.22326 70.1307 2
      vertex 4.52513 70.4749 22
      vertex 4.52513 70.4749 2
    endloop
  endfacet
  facet normal -0.751824 0.659364 0
    outer loop
      vertex 4.52513 70.4749 22
      vertex 4.22326 70.1307 2
      vertex 4.22326 70.1307 22
    endloop
  endfacet
  facet normal -0.98079 0.195066 0
    outer loop
      vertex 3.52994 68.4568 2
      vertex 3.61926 68.9059 22
      vertex 3.61926 68.9059 2
    endloop
  endfacet
  facet normal -0.98079 0.195066 0
    outer loop
      vertex 3.61926 68.9059 22
      vertex 3.52994 68.4568 2
      vertex 3.52994 68.4568 22
    endloop
  endfacet
  facet normal 0 0 1
    outer loop
      vertex 7.9 68 22
      vertex 10.5 68 22
      vertex 10.4701 68.4568 22
    endloop
  endfacet
  facet normal 0 0 1
    outer loop
      vertex 7.8923 68.1175 22
      vertex 10.4701 68.4568 22
      vertex 10.3807 68.9059 22
    endloop
  endfacet
  facet normal 0 0 1
    outer loop
      vertex 10.5 68 22
      vertex 7.9 68 22
      vertex 10.4701 67.5432 22
    endloop
  endfacet
  facet normal 0 0 1
    outer loop
      vertex 7.86933 68.2329 22
      vertex 10.3807 68.9059 22
      vertex 10.2336 69.3394 22
    endloop
  endfacet
  facet normal -0 0 1
    outer loop
      vertex 7.8923 67.8825 22
      vertex 10.4701 67.5432 22
      vertex 7.9 68 22
    endloop
  endfacet
  facet normal 0 0 1
    outer loop
      vertex 7.83149 68.3444 22
      vertex 10.2336 69.3394 22
      vertex 10.0311 69.75 22
    endloop
  endfacet
  facet normal 0 0 1
    outer loop
      vertex 10.4701 67.5432 22
      vertex 7.8923 67.8825 22
      vertex 10.3807 67.0941 22
    endloop
  endfacet
  facet normal 0 0 1
    outer loop
      vertex 7.77942 68.45 22
      vertex 10.0311 69.75 22
      vertex 9.77674 70.1307 22
    endloop
  endfacet
  facet normal -0 0 1
    outer loop
      vertex 7.86933 67.7671 22
      vertex 10.3807 67.0941 22
      vertex 7.8923 67.8825 22
    endloop
  endfacet
  facet normal 0 0 1
    outer loop
      vertex 7.71402 68.5479 22
      vertex 9.77674 70.1307 22
      vertex 9.47487 70.4749 22
    endloop
  endfacet
  facet normal 0 0 1
    outer loop
      vertex 10.3807 67.0941 22
      vertex 7.86933 67.7671 22
      vertex 10.2336 66.6606 22
    endloop
  endfacet
  facet normal 0 0 1
    outer loop
      vertex 7.6364 68.6364 22
      vertex 9.47487 70.4749 22
      vertex 9.13066 70.7767 22
    endloop
  endfacet
  facet normal -0 0 1
    outer loop
      vertex 7.83149 67.6556 22
      vertex 10.2336 66.6606 22
      vertex 7.86933 67.7671 22
    endloop
  endfacet
  facet normal 0 0 1
    outer loop
      vertex 7.54788 68.714 22
      vertex 9.13066 70.7767 22
      vertex 8.75 71.0311 22
    endloop
  endfacet
  facet normal 0 0 1
    outer loop
      vertex 10.2336 66.6606 22
      vertex 7.83149 67.6556 22
      vertex 10.0311 66.25 22
    endloop
  endfacet
  facet normal 0 0 1
    outer loop
      vertex 7.45 68.7794 22
      vertex 8.75 71.0311 22
      vertex 8.33939 71.2336 22
    endloop
  endfacet
  facet normal -0 0 1
    outer loop
      vertex 7.77942 67.55 22
      vertex 10.0311 66.25 22
      vertex 7.83149 67.6556 22
    endloop
  endfacet
  facet normal 0 0 1
    outer loop
      vertex 7.34441 68.8315 22
      vertex 8.33939 71.2336 22
      vertex 7.90587 71.3807 22
    endloop
  endfacet
  facet normal 0 0 1
    outer loop
      vertex 10.0311 66.25 22
      vertex 7.77942 67.55 22
      vertex 9.77674 65.8693 22
    endloop
  endfacet
  facet normal -0 0 1
    outer loop
      vertex 7.71402 67.4521 22
      vertex 9.77674 65.8693 22
      vertex 7.77942 67.55 22
    endloop
  endfacet
  facet normal 0 0 1
    outer loop
      vertex 10.4701 68.4568 22
      vertex 7.8923 68.1175 22
      vertex 7.9 68 22
    endloop
  endfacet
  facet normal 0 0 1
    outer loop
      vertex 10.3807 68.9059 22
      vertex 7.86933 68.2329 22
      vertex 7.8923 68.1175 22
    endloop
  endfacet
  facet normal 0 0 1
    outer loop
      vertex 10.2336 69.3394 22
      vertex 7.83149 68.3444 22
      vertex 7.86933 68.2329 22
    endloop
  endfacet
  facet normal 0 0 1
    outer loop
      vertex 10.0311 69.75 22
      vertex 7.77942 68.45 22
      vertex 7.83149 68.3444 22
    endloop
  endfacet
  facet normal 0 0 1
    outer loop
      vertex 9.77674 70.1307 22
      vertex 7.71402 68.5479 22
      vertex 7.77942 68.45 22
    endloop
  endfacet
  facet normal 0 0 1
    outer loop
      vertex 9.47487 70.4749 22
      vertex 7.6364 68.6364 22
      vertex 7.71402 68.5479 22
    endloop
  endfacet
  facet normal 0 0 1
    outer loop
      vertex 9.13066 70.7767 22
      vertex 7.54788 68.714 22
      vertex 7.6364 68.6364 22
    endloop
  endfacet
  facet normal 0 0 1
    outer loop
      vertex 7.23294 68.8693 22
      vertex 7.90587 71.3807 22
      vertex 7.45684 71.4701 22
    endloop
  endfacet
  facet normal 0 0 1
    outer loop
      vertex 8.75 71.0311 22
      vertex 7.45 68.7794 22
      vertex 7.54788 68.714 22
    endloop
  endfacet
  facet normal 0 0 1
    outer loop
      vertex 8.33939 71.2336 22
      vertex 7.34441 68.8315 22
      vertex 7.45 68.7794 22
    endloop
  endfacet
  facet normal 0 0 1
    outer loop
      vertex 7.90587 71.3807 22
      vertex 7.23294 68.8693 22
      vertex 7.34441 68.8315 22
    endloop
  endfacet
  facet normal 0 0 1
    outer loop
      vertex 7.45684 71.4701 22
      vertex 7.11747 68.8923 22
      vertex 7.23294 68.8693 22
    endloop
  endfacet
  facet normal 0 0 1
    outer loop
      vertex 7 71.5 22
      vertex 7.11747 68.8923 22
      vertex 7.45684 71.4701 22
    endloop
  endfacet
  facet normal 0 0 1
    outer loop
      vertex 7 71.5 22
      vertex 7 68.9 22
      vertex 7.11747 68.8923 22
    endloop
  endfacet
  facet normal 0 0 1
    outer loop
      vertex 7 71.5 22
      vertex 6.88253 68.8923 22
      vertex 7 68.9 22
    endloop
  endfacet
  facet normal -0 0 1
    outer loop
      vertex 6.54316 71.4701 22
      vertex 6.88253 68.8923 22
      vertex 7 71.5 22
    endloop
  endfacet
  facet normal 0 0 1
    outer loop
      vertex 6.88253 68.8923 22
      vertex 6.54316 71.4701 22
      vertex 6.76706 68.8693 22
    endloop
  endfacet
  facet normal -0 0 1
    outer loop
      vertex 6.09413 71.3807 22
      vertex 6.76706 68.8693 22
      vertex 6.54316 71.4701 22
    endloop
  endfacet
  facet normal 0 0 1
    outer loop
      vertex 6.76706 68.8693 22
      vertex 6.09413 71.3807 22
      vertex 6.65559 68.8315 22
    endloop
  endfacet
  facet normal -0 0 1
    outer loop
      vertex 5.66061 71.2336 22
      vertex 6.65559 68.8315 22
      vertex 6.09413 71.3807 22
    endloop
  endfacet
  facet normal 0 0 1
    outer loop
      vertex 6.65559 68.8315 22
      vertex 5.66061 71.2336 22
      vertex 6.55 68.7794 22
    endloop
  endfacet
  facet normal -0 0 1
    outer loop
      vertex 5.25 71.0311 22
      vertex 6.55 68.7794 22
      vertex 5.66061 71.2336 22
    endloop
  endfacet
  facet normal 0 0 1
    outer loop
      vertex 6.55 68.7794 22
      vertex 5.25 71.0311 22
      vertex 6.45212 68.714 22
    endloop
  endfacet
  facet normal -0 0 1
    outer loop
      vertex 4.86934 70.7767 22
      vertex 6.45212 68.714 22
      vertex 5.25 71.0311 22
    endloop
  endfacet
  facet normal 0 0 1
    outer loop
      vertex 6.45212 68.714 22
      vertex 4.86934 70.7767 22
      vertex 6.3636 68.6364 22
    endloop
  endfacet
  facet normal -0 0 1
    outer loop
      vertex 4.52513 70.4749 22
      vertex 6.3636 68.6364 22
      vertex 4.86934 70.7767 22
    endloop
  endfacet
  facet normal -0 0 1
    outer loop
      vertex 4.22326 70.1307 22
      vertex 6.28598 68.5479 22
      vertex 4.52513 70.4749 22
    endloop
  endfacet
  facet normal 0 0 1
    outer loop
      vertex 6.3636 68.6364 22
      vertex 4.52513 70.4749 22
      vertex 6.28598 68.5479 22
    endloop
  endfacet
  facet normal 0 0 1
    outer loop
      vertex 9.77674 65.8693 22
      vertex 7.71402 67.4521 22
      vertex 9.47487 65.5251 22
    endloop
  endfacet
  facet normal -0 0 1
    outer loop
      vertex 7.6364 67.3636 22
      vertex 9.47487 65.5251 22
      vertex 7.71402 67.4521 22
    endloop
  endfacet
  facet normal 0 0 1
    outer loop
      vertex 9.47487 65.5251 22
      vertex 7.6364 67.3636 22
      vertex 9.13066 65.2233 22
    endloop
  endfacet
  facet normal -0 0 1
    outer loop
      vertex 7.54788 67.286 22
      vertex 9.13066 65.2233 22
      vertex 7.6364 67.3636 22
    endloop
  endfacet
  facet normal 0 0 1
    outer loop
      vertex 9.13066 65.2233 22
      vertex 7.54788 67.286 22
      vertex 8.75 64.9689 22
    endloop
  endfacet
  facet normal -0 0 1
    outer loop
      vertex 7.45 67.2206 22
      vertex 8.75 64.9689 22
      vertex 7.54788 67.286 22
    endloop
  endfacet
  facet normal 0 0 1
    outer loop
      vertex 8.75 64.9689 22
      vertex 7.45 67.2206 22
      vertex 8.33939 64.7664 22
    endloop
  endfacet
  facet normal -0 0 1
    outer loop
      vertex 7.34441 67.1685 22
      vertex 8.33939 64.7664 22
      vertex 7.45 67.2206 22
    endloop
  endfacet
  facet normal 0 0 1
    outer loop
      vertex 8.33939 64.7664 22
      vertex 7.34441 67.1685 22
      vertex 7.90587 64.6193 22
    endloop
  endfacet
  facet normal -0 0 1
    outer loop
      vertex 7.23294 67.1307 22
      vertex 7.90587 64.6193 22
      vertex 7.34441 67.1685 22
    endloop
  endfacet
  facet normal 0 0 1
    outer loop
      vertex 7.90587 64.6193 22
      vertex 7.23294 67.1307 22
      vertex 7.45684 64.5299 22
    endloop
  endfacet
  facet normal -0 0 1
    outer loop
      vertex 7.11747 67.1077 22
      vertex 7.45684 64.5299 22
      vertex 7.23294 67.1307 22
    endloop
  endfacet
  facet normal -0 0 1
    outer loop
      vertex 7 67.1 22
      vertex 7.45684 64.5299 22
      vertex 7.11747 67.1077 22
    endloop
  endfacet
  facet normal 0 0 1
    outer loop
      vertex 7 67.1 22
      vertex 7 64.5 22
      vertex 7.45684 64.5299 22
    endloop
  endfacet
  facet normal 0 0 1
    outer loop
      vertex 6.88253 67.1077 22
      vertex 7 64.5 22
      vertex 7 67.1 22
    endloop
  endfacet
  facet normal 0 0 1
    outer loop
      vertex 6.54316 64.5299 22
      vertex 6.88253 67.1077 22
      vertex 6.76706 67.1307 22
    endloop
  endfacet
  facet normal 0 0 1
    outer loop
      vertex 6.09413 64.6193 22
      vertex 6.76706 67.1307 22
      vertex 6.65559 67.1685 22
    endloop
  endfacet
  facet normal 0 0 1
    outer loop
      vertex 5.66061 64.7664 22
      vertex 6.65559 67.1685 22
      vertex 6.55 67.2206 22
    endloop
  endfacet
  facet normal 0 0 1
    outer loop
      vertex 6.88253 67.1077 22
      vertex 6.54316 64.5299 22
      vertex 7 64.5 22
    endloop
  endfacet
  facet normal 0 0 1
    outer loop
      vertex 5.25 64.9689 22
      vertex 6.55 67.2206 22
      vertex 6.45212 67.286 22
    endloop
  endfacet
  facet normal 0 0 1
    outer loop
      vertex 4.86934 65.2233 22
      vertex 6.45212 67.286 22
      vertex 6.3636 67.3636 22
    endloop
  endfacet
  facet normal 0 0 1
    outer loop
      vertex 4.52513 65.5251 22
      vertex 6.3636 67.3636 22
      vertex 6.28598 67.4521 22
    endloop
  endfacet
  facet normal 0 0 1
    outer loop
      vertex 4.22326 65.8693 22
      vertex 6.28598 67.4521 22
      vertex 6.22058 67.55 22
    endloop
  endfacet
  facet normal 0 0 1
    outer loop
      vertex 3.96891 66.25 22
      vertex 6.22058 67.55 22
      vertex 6.16851 67.6556 22
    endloop
  endfacet
  facet normal 0 0 1
    outer loop
      vertex 3.76642 66.6606 22
      vertex 6.16851 67.6556 22
      vertex 6.13067 67.7671 22
    endloop
  endfacet
  facet normal 0 0 1
    outer loop
      vertex 3.61926 67.0941 22
      vertex 6.13067 67.7671 22
      vertex 6.1077 67.8825 22
    endloop
  endfacet
  facet normal 0 0 1
    outer loop
      vertex 6.76706 67.1307 22
      vertex 6.09413 64.6193 22
      vertex 6.54316 64.5299 22
    endloop
  endfacet
  facet normal 0 0 1
    outer loop
      vertex 3.52994 67.5432 22
      vertex 6.1077 67.8825 22
      vertex 6.1 68 22
    endloop
  endfacet
  facet normal 0 0 1
    outer loop
      vertex 6.28598 68.5479 22
      vertex 4.22326 70.1307 22
      vertex 6.22058 68.45 22
    endloop
  endfacet
  facet normal -0 0 1
    outer loop
      vertex 3.96891 69.75 22
      vertex 6.22058 68.45 22
      vertex 4.22326 70.1307 22
    endloop
  endfacet
  facet normal 0 0 1
    outer loop
      vertex 6.65559 67.1685 22
      vertex 5.66061 64.7664 22
      vertex 6.09413 64.6193 22
    endloop
  endfacet
  facet normal 0 0 1
    outer loop
      vertex 6.22058 68.45 22
      vertex 3.96891 69.75 22
      vertex 6.16851 68.3444 22
    endloop
  endfacet
  facet normal 0 0 1
    outer loop
      vertex 6.55 67.2206 22
      vertex 5.25 64.9689 22
      vertex 5.66061 64.7664 22
    endloop
  endfacet
  facet normal -0 0 1
    outer loop
      vertex 3.76642 69.3394 22
      vertex 6.16851 68.3444 22
      vertex 3.96891 69.75 22
    endloop
  endfacet
  facet normal 0 0 1
    outer loop
      vertex 6.45212 67.286 22
      vertex 4.86934 65.2233 22
      vertex 5.25 64.9689 22
    endloop
  endfacet
  facet normal 0 0 1
    outer loop
      vertex 6.16851 68.3444 22
      vertex 3.76642 69.3394 22
      vertex 6.13067 68.2329 22
    endloop
  endfacet
  facet normal 0 0 1
    outer loop
      vertex 6.3636 67.3636 22
      vertex 4.52513 65.5251 22
      vertex 4.86934 65.2233 22
    endloop
  endfacet
  facet normal -0 0 1
    outer loop
      vertex 3.61926 68.9059 22
      vertex 6.13067 68.2329 22
      vertex 3.76642 69.3394 22
    endloop
  endfacet
  facet normal 0 0 1
    outer loop
      vertex 6.28598 67.4521 22
      vertex 4.22326 65.8693 22
      vertex 4.52513 65.5251 22
    endloop
  endfacet
  facet normal 0 0 1
    outer loop
      vertex 6.13067 68.2329 22
      vertex 3.61926 68.9059 22
      vertex 6.1077 68.1175 22
    endloop
  endfacet
  facet normal 0 0 1
    outer loop
      vertex 6.22058 67.55 22
      vertex 3.96891 66.25 22
      vertex 4.22326 65.8693 22
    endloop
  endfacet
  facet normal -0 0 1
    outer loop
      vertex 3.52994 68.4568 22
      vertex 6.1077 68.1175 22
      vertex 3.61926 68.9059 22
    endloop
  endfacet
  facet normal 0 0 1
    outer loop
      vertex 6.16851 67.6556 22
      vertex 3.76642 66.6606 22
      vertex 3.96891 66.25 22
    endloop
  endfacet
  facet normal 0 0 1
    outer loop
      vertex 6.1077 68.1175 22
      vertex 3.52994 68.4568 22
      vertex 6.1 68 22
    endloop
  endfacet
  facet normal 0 0 1
    outer loop
      vertex 6.13067 67.7671 22
      vertex 3.61926 67.0941 22
      vertex 3.76642 66.6606 22
    endloop
  endfacet
  facet normal 0 0 1
    outer loop
      vertex 3.5 68 22
      vertex 6.1 68 22
      vertex 3.52994 68.4568 22
    endloop
  endfacet
  facet normal 0 0 1
    outer loop
      vertex 6.1077 67.8825 22
      vertex 3.52994 67.5432 22
      vertex 3.61926 67.0941 22
    endloop
  endfacet
  facet normal 0 0 1
    outer loop
      vertex 6.1 68 22
      vertex 3.5 68 22
      vertex 3.52994 67.5432 22
    endloop
  endfacet
  facet normal -0.555647 0.831418 0
    outer loop
      vertex 5.25 71.0311 2
      vertex 4.86934 70.7767 22
      vertex 5.25 71.0311 22
    endloop
  endfacet
  facet normal -0.555647 0.831418 0
    outer loop
      vertex 4.86934 70.7767 22
      vertex 5.25 71.0311 2
      vertex 4.86934 70.7767 2
    endloop
  endfacet
  facet normal -0.0653099 0.997865 0
    outer loop
      vertex 7 71.5 2
      vertex 6.54316 71.4701 22
      vertex 7 71.5 22
    endloop
  endfacet
  facet normal -0.0653099 0.997865 0
    outer loop
      vertex 6.54316 71.4701 22
      vertex 7 71.5 2
      vertex 6.54316 71.4701 2
    endloop
  endfacet
  facet normal 0.0653099 -0.997865 0
    outer loop
      vertex 7 64.5 2
      vertex 7.45684 64.5299 22
      vertex 7 64.5 22
    endloop
  endfacet
  facet normal 0.0653099 -0.997865 0
    outer loop
      vertex 7.45684 64.5299 22
      vertex 7 64.5 2
      vertex 7.45684 64.5299 2
    endloop
  endfacet
  facet normal 0.321322 -0.94697 0
    outer loop
      vertex 7.90587 64.6193 2
      vertex 8.33939 64.7664 22
      vertex 7.90587 64.6193 22
    endloop
  endfacet
  facet normal 0.321322 -0.94697 0
    outer loop
      vertex 8.33939 64.7664 22
      vertex 7.90587 64.6193 2
      vertex 8.33939 64.7664 2
    endloop
  endfacet
  facet normal 0.555647 -0.831418 0
    outer loop
      vertex 8.75 64.9689 2
      vertex 9.13066 65.2233 22
      vertex 8.75 64.9689 22
    endloop
  endfacet
  facet normal 0.555647 -0.831418 0
    outer loop
      vertex 9.13066 65.2233 22
      vertex 8.75 64.9689 2
      vertex 9.13066 65.2233 2
    endloop
  endfacet
  facet normal 0.946966 -0.321335 0
    outer loop
      vertex 10.2336 66.6606 22
      vertex 10.3807 67.0941 2
      vertex 10.3807 67.0941 22
    endloop
  endfacet
  facet normal 0.946966 -0.321335 0
    outer loop
      vertex 10.3807 67.0941 2
      vertex 10.2336 66.6606 22
      vertex 10.2336 66.6606 2
    endloop
  endfacet
  facet normal 0.751824 -0.659364 0
    outer loop
      vertex 9.47487 65.5251 22
      vertex 9.77674 65.8693 2
      vertex 9.77674 65.8693 22
    endloop
  endfacet
  facet normal 0.751824 -0.659364 0
    outer loop
      vertex 9.77674 65.8693 2
      vertex 9.47487 65.5251 22
      vertex 9.47487 65.5251 2
    endloop
  endfacet
  facet normal -0.659267 -0.751909 0
    outer loop
      vertex 4.52513 65.5251 2
      vertex 4.86934 65.2233 22
      vertex 4.52513 65.5251 22
    endloop
  endfacet
  facet normal -0.659267 -0.751909 -0
    outer loop
      vertex 4.86934 65.2233 22
      vertex 4.52513 65.5251 2
      vertex 4.86934 65.2233 2
    endloop
  endfacet
  facet normal -0.442305 -0.896864 0
    outer loop
      vertex 5.25 64.9689 2
      vertex 5.66061 64.7664 22
      vertex 5.25 64.9689 22
    endloop
  endfacet
  facet normal -0.442305 -0.896864 -0
    outer loop
      vertex 5.66061 64.7664 22
      vertex 5.25 64.9689 2
      vertex 5.66061 64.7664 2
    endloop
  endfacet
  facet normal -0.195263 -0.980751 0
    outer loop
      vertex 6.09413 64.6193 2
      vertex 6.54316 64.5299 22
      vertex 6.09413 64.6193 22
    endloop
  endfacet
  facet normal -0.195263 -0.980751 -0
    outer loop
      vertex 6.54316 64.5299 22
      vertex 6.09413 64.6193 2
      vertex 6.54316 64.5299 2
    endloop
  endfacet
  facet normal -0.831495 -0.555532 0
    outer loop
      vertex 4.22326 65.8693 2
      vertex 3.96891 66.25 22
      vertex 3.96891 66.25 2
    endloop
  endfacet
  facet normal -0.831495 -0.555532 0
    outer loop
      vertex 3.96891 66.25 22
      vertex 4.22326 65.8693 2
      vertex 4.22326 65.8693 22
    endloop
  endfacet
  facet normal -0.946926 -0.321452 0
    outer loop
      vertex 3.76642 66.6606 2
      vertex 3.61926 67.0941 22
      vertex 3.61926 67.0941 2
    endloop
  endfacet
  facet normal -0.946926 -0.321452 0
    outer loop
      vertex 3.61926 67.0941 22
      vertex 3.76642 66.6606 2
      vertex 3.76642 66.6606 22
    endloop
  endfacet
  facet normal -0.997859 -0.0654026 0
    outer loop
      vertex 3.52994 67.5432 2
      vertex 3.5 68 22
      vertex 3.5 68 2
    endloop
  endfacet
  facet normal -0.997859 -0.0654026 0
    outer loop
      vertex 3.5 68 22
      vertex 3.52994 67.5432 2
      vertex 3.52994 67.5432 22
    endloop
  endfacet
  facet normal 0.195263 -0.980751 0
    outer loop
      vertex 7.45684 64.5299 2
      vertex 7.90587 64.6193 22
      vertex 7.45684 64.5299 22
    endloop
  endfacet
  facet normal 0.195263 -0.980751 0
    outer loop
      vertex 7.90587 64.6193 22
      vertex 7.45684 64.5299 2
      vertex 7.90587 64.6193 2
    endloop
  endfacet
  facet normal 0.659267 -0.751909 0
    outer loop
      vertex 9.13066 65.2233 2
      vertex 9.47487 65.5251 22
      vertex 9.13066 65.2233 22
    endloop
  endfacet
  facet normal 0.659267 -0.751909 0
    outer loop
      vertex 9.47487 65.5251 22
      vertex 9.13066 65.2233 2
      vertex 9.47487 65.5251 2
    endloop
  endfacet
  facet normal 0.89686 -0.442314 0
    outer loop
      vertex 10.0311 66.25 22
      vertex 10.2336 66.6606 2
      vertex 10.2336 66.6606 22
    endloop
  endfacet
  facet normal 0.89686 -0.442314 0
    outer loop
      vertex 10.2336 66.6606 2
      vertex 10.0311 66.25 22
      vertex 10.0311 66.25 2
    endloop
  endfacet
  facet normal 0.980757 -0.195234 0
    outer loop
      vertex 10.3807 67.0941 22
      vertex 10.4701 67.5432 2
      vertex 10.4701 67.5432 22
    endloop
  endfacet
  facet normal 0.980757 -0.195234 0
    outer loop
      vertex 10.4701 67.5432 2
      vertex 10.3807 67.0941 22
      vertex 10.3807 67.0941 2
    endloop
  endfacet
  facet normal -0.555647 -0.831418 0
    outer loop
      vertex 4.86934 65.2233 2
      vertex 5.25 64.9689 22
      vertex 4.86934 65.2233 22
    endloop
  endfacet
  facet normal -0.555647 -0.831418 -0
    outer loop
      vertex 5.25 64.9689 22
      vertex 4.86934 65.2233 2
      vertex 5.25 64.9689 2
    endloop
  endfacet
  facet normal -0.98079 -0.195066 0
    outer loop
      vertex 3.61926 67.0941 2
      vertex 3.52994 67.5432 22
      vertex 3.52994 67.5432 2
    endloop
  endfacet
  facet normal -0.98079 -0.195066 0
    outer loop
      vertex 3.52994 67.5432 22
      vertex 3.61926 67.0941 2
      vertex 3.61926 67.0941 22
    endloop
  endfacet
  facet normal 0.831485 -0.555547 0
    outer loop
      vertex 9.77674 65.8693 22
      vertex 10.0311 66.25 2
      vertex 10.0311 66.25 22
    endloop
  endfacet
  facet normal 0.831485 -0.555547 0
    outer loop
      vertex 10.0311 66.25 2
      vertex 9.77674 65.8693 22
      vertex 9.77674 65.8693 2
    endloop
  endfacet
  facet normal 0.997865 -0.0653156 0
    outer loop
      vertex 10.4701 67.5432 22
      vertex 10.5 68 2
      vertex 10.5 68 22
    endloop
  endfacet
  facet normal 0.997865 -0.0653156 0
    outer loop
      vertex 10.5 68 2
      vertex 10.4701 67.5432 22
      vertex 10.4701 67.5432 2
    endloop
  endfacet
  facet normal -0.99786 -0.0653917 0
    outer loop
      vertex 7.9 68 4
      vertex 7.8923 68.1175 22
      vertex 7.8923 68.1175 4
    endloop
  endfacet
  facet normal -0.99786 -0.0653917 0
    outer loop
      vertex 7.8923 68.1175 22
      vertex 7.9 68 4
      vertex 7.9 68 22
    endloop
  endfacet
  facet normal 0.99786 -0.0653917 0
    outer loop
      vertex 6.1 68 22
      vertex 6.1077 68.1175 4
      vertex 6.1077 68.1175 22
    endloop
  endfacet
  facet normal 0.99786 -0.0653917 0
    outer loop
      vertex 6.1077 68.1175 4
      vertex 6.1 68 22
      vertex 6.1 68 4
    endloop
  endfacet
  facet normal -0.0654083 -0.997859 0
    outer loop
      vertex 7 68.9 4
      vertex 7.11747 68.8923 22
      vertex 7 68.9 22
    endloop
  endfacet
  facet normal -0.0654083 -0.997859 -0
    outer loop
      vertex 7.11747 68.8923 22
      vertex 7 68.9 4
      vertex 7.11747 68.8923 4
    endloop
  endfacet
  facet normal 0.751808 0.659382 0
    outer loop
      vertex 6.3636 67.3636 22
      vertex 6.28598 67.4521 4
      vertex 6.28598 67.4521 22
    endloop
  endfacet
  facet normal 0.751808 0.659382 0
    outer loop
      vertex 6.28598 67.4521 4
      vertex 6.3636 67.3636 22
      vertex 6.3636 67.3636 4
    endloop
  endfacet
  facet normal -0.659202 -0.751966 0
    outer loop
      vertex 7.54788 68.714 4
      vertex 7.6364 68.6364 22
      vertex 7.54788 68.714 22
    endloop
  endfacet
  facet normal -0.659202 -0.751966 -0
    outer loop
      vertex 7.6364 68.6364 22
      vertex 7.54788 68.714 4
      vertex 7.6364 68.6364 4
    endloop
  endfacet
  facet normal 0.659202 -0.751966 0
    outer loop
      vertex 6.3636 68.6364 4
      vertex 6.45212 68.714 22
      vertex 6.3636 68.6364 22
    endloop
  endfacet
  facet normal 0.659202 -0.751966 0
    outer loop
      vertex 6.45212 68.714 22
      vertex 6.3636 68.6364 4
      vertex 6.45212 68.714 4
    endloop
  endfacet
  facet normal 0.321143 -0.947031 0
    outer loop
      vertex 6.65559 68.8315 4
      vertex 6.76706 68.8693 22
      vertex 6.65559 68.8315 22
    endloop
  endfacet
  facet normal 0.321143 -0.947031 0
    outer loop
      vertex 6.76706 68.8693 22
      vertex 6.65559 68.8315 4
      vertex 6.76706 68.8693 4
    endloop
  endfacet
  facet normal 0.946954 0.32137 0
    outer loop
      vertex 6.16851 67.6556 22
      vertex 6.13067 67.7671 4
      vertex 6.13067 67.7671 22
    endloop
  endfacet
  facet normal 0.946954 0.32137 0
    outer loop
      vertex 6.13067 67.7671 4
      vertex 6.16851 67.6556 22
      vertex 6.16851 67.6556 4
    endloop
  endfacet
  facet normal 0 0 1
    outer loop
      vertex 7.8923 68.1175 4
      vertex 7.8923 67.8825 4
      vertex 7.9 68 4
    endloop
  endfacet
  facet normal 0 0 1
    outer loop
      vertex 7.86933 68.2329 4
      vertex 7.8923 67.8825 4
      vertex 7.8923 68.1175 4
    endloop
  endfacet
  facet normal 0 0 1
    outer loop
      vertex 7.86933 68.2329 4
      vertex 7.86933 67.7671 4
      vertex 7.8923 67.8825 4
    endloop
  endfacet
  facet normal 0 0 1
    outer loop
      vertex 7.83149 68.3444 4
      vertex 7.86933 67.7671 4
      vertex 7.86933 68.2329 4
    endloop
  endfacet
  facet normal 0 0 1
    outer loop
      vertex 7.83149 68.3444 4
      vertex 7.83149 67.6556 4
      vertex 7.86933 67.7671 4
    endloop
  endfacet
  facet normal 0 0 1
    outer loop
      vertex 7.77942 68.45 4
      vertex 7.83149 67.6556 4
      vertex 7.83149 68.3444 4
    endloop
  endfacet
  facet normal 0 0 1
    outer loop
      vertex 7.77942 68.45 4
      vertex 7.77942 67.55 4
      vertex 7.83149 67.6556 4
    endloop
  endfacet
  facet normal 0 0 1
    outer loop
      vertex 7.71402 68.5479 4
      vertex 7.77942 67.55 4
      vertex 7.77942 68.45 4
    endloop
  endfacet
  facet normal 0 0 1
    outer loop
      vertex 7.71402 68.5479 4
      vertex 7.71402 67.4521 4
      vertex 7.77942 67.55 4
    endloop
  endfacet
  facet normal 0 0 1
    outer loop
      vertex 7.6364 68.6364 4
      vertex 7.71402 67.4521 4
      vertex 7.71402 68.5479 4
    endloop
  endfacet
  facet normal 0 0 1
    outer loop
      vertex 7.6364 68.6364 4
      vertex 7.6364 67.3636 4
      vertex 7.71402 67.4521 4
    endloop
  endfacet
  facet normal 0 0 1
    outer loop
      vertex 7.54788 68.714 4
      vertex 7.6364 67.3636 4
      vertex 7.6364 68.6364 4
    endloop
  endfacet
  facet normal 0 0 1
    outer loop
      vertex 7.54788 68.714 4
      vertex 7.54788 67.286 4
      vertex 7.6364 67.3636 4
    endloop
  endfacet
  facet normal 0 0 1
    outer loop
      vertex 7.45 68.7794 4
      vertex 7.54788 67.286 4
      vertex 7.54788 68.714 4
    endloop
  endfacet
  facet normal 0 0 1
    outer loop
      vertex 7.45 68.7794 4
      vertex 7.45 67.2206 4
      vertex 7.54788 67.286 4
    endloop
  endfacet
  facet normal 0 0 1
    outer loop
      vertex 7.34441 68.8315 4
      vertex 7.45 67.2206 4
      vertex 7.45 68.7794 4
    endloop
  endfacet
  facet normal 0 0 1
    outer loop
      vertex 7.34441 68.8315 4
      vertex 7.34441 67.1685 4
      vertex 7.45 67.2206 4
    endloop
  endfacet
  facet normal 0 0 1
    outer loop
      vertex 7.23294 68.8693 4
      vertex 7.34441 67.1685 4
      vertex 7.34441 68.8315 4
    endloop
  endfacet
  facet normal 0 0 1
    outer loop
      vertex 7.23294 68.8693 4
      vertex 7.23294 67.1307 4
      vertex 7.34441 67.1685 4
    endloop
  endfacet
  facet normal 0 0 1
    outer loop
      vertex 7.11747 68.8923 4
      vertex 7.23294 67.1307 4
      vertex 7.23294 68.8693 4
    endloop
  endfacet
  facet normal 0 0 1
    outer loop
      vertex 7.11747 68.8923 4
      vertex 7.11747 67.1077 4
      vertex 7.23294 67.1307 4
    endloop
  endfacet
  facet normal 0 0 1
    outer loop
      vertex 7 68.9 4
      vertex 7.11747 67.1077 4
      vertex 7.11747 68.8923 4
    endloop
  endfacet
  facet normal 0 0 1
    outer loop
      vertex 7 68.9 4
      vertex 7 67.1 4
      vertex 7.11747 67.1077 4
    endloop
  endfacet
  facet normal -0 0 1
    outer loop
      vertex 6.88253 68.8923 4
      vertex 7 67.1 4
      vertex 7 68.9 4
    endloop
  endfacet
  facet normal 0 0 1
    outer loop
      vertex 6.88253 68.8923 4
      vertex 6.88253 67.1077 4
      vertex 7 67.1 4
    endloop
  endfacet
  facet normal -0 0 1
    outer loop
      vertex 6.76706 68.8693 4
      vertex 6.88253 67.1077 4
      vertex 6.88253 68.8923 4
    endloop
  endfacet
  facet normal 0 0 1
    outer loop
      vertex 6.76706 68.8693 4
      vertex 6.76706 67.1307 4
      vertex 6.88253 67.1077 4
    endloop
  endfacet
  facet normal -0 0 1
    outer loop
      vertex 6.65559 68.8315 4
      vertex 6.76706 67.1307 4
      vertex 6.76706 68.8693 4
    endloop
  endfacet
  facet normal 0 0 1
    outer loop
      vertex 6.65559 68.8315 4
      vertex 6.65559 67.1685 4
      vertex 6.76706 67.1307 4
    endloop
  endfacet
  facet normal -0 0 1
    outer loop
      vertex 6.55 68.7794 4
      vertex 6.65559 67.1685 4
      vertex 6.65559 68.8315 4
    endloop
  endfacet
  facet normal 0 0 1
    outer loop
      vertex 6.55 68.7794 4
      vertex 6.55 67.2206 4
      vertex 6.65559 67.1685 4
    endloop
  endfacet
  facet normal -0 0 1
    outer loop
      vertex 6.45212 68.714 4
      vertex 6.55 67.2206 4
      vertex 6.55 68.7794 4
    endloop
  endfacet
  facet normal 0 0 1
    outer loop
      vertex 6.45212 68.714 4
      vertex 6.45212 67.286 4
      vertex 6.55 67.2206 4
    endloop
  endfacet
  facet normal -0 0 1
    outer loop
      vertex 6.3636 68.6364 4
      vertex 6.45212 67.286 4
      vertex 6.45212 68.714 4
    endloop
  endfacet
  facet normal 0 0 1
    outer loop
      vertex 6.3636 68.6364 4
      vertex 6.3636 67.3636 4
      vertex 6.45212 67.286 4
    endloop
  endfacet
  facet normal -0 0 1
    outer loop
      vertex 6.28598 68.5479 4
      vertex 6.3636 67.3636 4
      vertex 6.3636 68.6364 4
    endloop
  endfacet
  facet normal 0 0 1
    outer loop
      vertex 6.28598 68.5479 4
      vertex 6.28598 67.4521 4
      vertex 6.3636 67.3636 4
    endloop
  endfacet
  facet normal -0 0 1
    outer loop
      vertex 6.22058 68.45 4
      vertex 6.28598 67.4521 4
      vertex 6.28598 68.5479 4
    endloop
  endfacet
  facet normal 0 0 1
    outer loop
      vertex 6.22058 68.45 4
      vertex 6.22058 67.55 4
      vertex 6.28598 67.4521 4
    endloop
  endfacet
  facet normal -0 0 1
    outer loop
      vertex 6.16851 68.3444 4
      vertex 6.22058 67.55 4
      vertex 6.22058 68.45 4
    endloop
  endfacet
  facet normal 0 0 1
    outer loop
      vertex 6.16851 68.3444 4
      vertex 6.16851 67.6556 4
      vertex 6.22058 67.55 4
    endloop
  endfacet
  facet normal -0 0 1
    outer loop
      vertex 6.13067 68.2329 4
      vertex 6.16851 67.6556 4
      vertex 6.16851 68.3444 4
    endloop
  endfacet
  facet normal 0 0 1
    outer loop
      vertex 6.13067 68.2329 4
      vertex 6.13067 67.7671 4
      vertex 6.16851 67.6556 4
    endloop
  endfacet
  facet normal -0 0 1
    outer loop
      vertex 6.1077 68.1175 4
      vertex 6.13067 67.7671 4
      vertex 6.13067 68.2329 4
    endloop
  endfacet
  facet normal 0 0 1
    outer loop
      vertex 6.1077 68.1175 4
      vertex 6.1077 67.8825 4
      vertex 6.13067 67.7671 4
    endloop
  endfacet
  facet normal 0 -0 1
    outer loop
      vertex 6.1077 67.8825 4
      vertex 6.1077 68.1175 4
      vertex 6.1 68 4
    endloop
  endfacet
  facet normal -0.896893 -0.442247 0
    outer loop
      vertex 7.83149 68.3444 4
      vertex 7.77942 68.45 22
      vertex 7.77942 68.45 4
    endloop
  endfacet
  facet normal -0.896893 -0.442247 0
    outer loop
      vertex 7.77942 68.45 22
      vertex 7.83149 68.3444 4
      vertex 7.83149 68.3444 22
    endloop
  endfacet
  facet normal -0.831527 -0.555484 0
    outer loop
      vertex 7.77942 68.45 4
      vertex 7.71402 68.5479 22
      vertex 7.71402 68.5479 4
    endloop
  endfacet
  facet normal -0.831527 -0.555484 0
    outer loop
      vertex 7.71402 68.5479 22
      vertex 7.77942 68.45 4
      vertex 7.77942 68.45 22
    endloop
  endfacet
  facet normal -0.442485 -0.896776 0
    outer loop
      vertex 7.34441 68.8315 4
      vertex 7.45 68.7794 22
      vertex 7.34441 68.8315 22
    endloop
  endfacet
  facet normal -0.442485 -0.896776 -0
    outer loop
      vertex 7.45 68.7794 22
      vertex 7.34441 68.8315 4
      vertex 7.45 68.7794 4
    endloop
  endfacet
  facet normal -0.555562 -0.831475 0
    outer loop
      vertex 7.45 68.7794 4
      vertex 7.54788 68.714 22
      vertex 7.45 68.7794 22
    endloop
  endfacet
  facet normal -0.555562 -0.831475 -0
    outer loop
      vertex 7.54788 68.714 22
      vertex 7.45 68.7794 4
      vertex 7.54788 68.714 4
    endloop
  endfacet
  facet normal 0.896893 -0.442247 0
    outer loop
      vertex 6.16851 68.3444 22
      vertex 6.22058 68.45 4
      vertex 6.22058 68.45 22
    endloop
  endfacet
  facet normal 0.896893 -0.442247 0
    outer loop
      vertex 6.22058 68.45 4
      vertex 6.16851 68.3444 22
      vertex 6.16851 68.3444 4
    endloop
  endfacet
  facet normal 0.751808 -0.659382 0
    outer loop
      vertex 6.28598 68.5479 22
      vertex 6.3636 68.6364 4
      vertex 6.3636 68.6364 22
    endloop
  endfacet
  facet normal 0.751808 -0.659382 0
    outer loop
      vertex 6.3636 68.6364 4
      vertex 6.28598 68.5479 22
      vertex 6.28598 68.5479 4
    endloop
  endfacet
  facet normal 0.0654083 -0.997859 0
    outer loop
      vertex 6.88253 68.8923 4
      vertex 7 68.9 22
      vertex 6.88253 68.8923 22
    endloop
  endfacet
  facet normal 0.0654083 -0.997859 0
    outer loop
      vertex 7 68.9 22
      vertex 6.88253 68.8923 4
      vertex 7 68.9 4
    endloop
  endfacet
  facet normal -0.946954 0.32137 0
    outer loop
      vertex 7.83149 67.6556 4
      vertex 7.86933 67.7671 22
      vertex 7.86933 67.7671 4
    endloop
  endfacet
  facet normal -0.946954 0.32137 0
    outer loop
      vertex 7.86933 67.7671 22
      vertex 7.83149 67.6556 4
      vertex 7.83149 67.6556 22
    endloop
  endfacet
  facet normal -0.555562 0.831475 0
    outer loop
      vertex 7.54788 67.286 4
      vertex 7.45 67.2206 22
      vertex 7.54788 67.286 22
    endloop
  endfacet
  facet normal -0.555562 0.831475 0
    outer loop
      vertex 7.45 67.2206 22
      vertex 7.54788 67.286 4
      vertex 7.45 67.2206 4
    endloop
  endfacet
  facet normal 0.659202 0.751966 -0
    outer loop
      vertex 6.45212 67.286 4
      vertex 6.3636 67.3636 22
      vertex 6.45212 67.286 22
    endloop
  endfacet
  facet normal 0.659202 0.751966 0
    outer loop
      vertex 6.3636 67.3636 22
      vertex 6.45212 67.286 4
      vertex 6.3636 67.3636 4
    endloop
  endfacet
  facet normal 0.99786 0.0653917 0
    outer loop
      vertex 6.1077 67.8825 22
      vertex 6.1 68 4
      vertex 6.1 68 22
    endloop
  endfacet
  facet normal 0.99786 0.0653917 0
    outer loop
      vertex 6.1 68 4
      vertex 6.1077 67.8825 22
      vertex 6.1077 67.8825 4
    endloop
  endfacet
  facet normal -0.946954 -0.32137 0
    outer loop
      vertex 7.86933 68.2329 4
      vertex 7.83149 68.3444 22
      vertex 7.83149 68.3444 4
    endloop
  endfacet
  facet normal -0.946954 -0.32137 0
    outer loop
      vertex 7.83149 68.3444 22
      vertex 7.86933 68.2329 4
      vertex 7.86933 68.2329 22
    endloop
  endfacet
  facet normal -0.98076 -0.195217 0
    outer loop
      vertex 7.8923 68.1175 4
      vertex 7.86933 68.2329 22
      vertex 7.86933 68.2329 4
    endloop
  endfacet
  facet normal -0.98076 -0.195217 0
    outer loop
      vertex 7.86933 68.2329 22
      vertex 7.8923 68.1175 4
      vertex 7.8923 68.1175 22
    endloop
  endfacet
  facet normal -0.751808 -0.659382 0
    outer loop
      vertex 7.71402 68.5479 4
      vertex 7.6364 68.6364 22
      vertex 7.6364 68.6364 4
    endloop
  endfacet
  facet normal -0.751808 -0.659382 0
    outer loop
      vertex 7.6364 68.6364 22
      vertex 7.71402 68.5479 4
      vertex 7.71402 68.5479 22
    endloop
  endfacet
  facet normal -0.321143 -0.947031 0
    outer loop
      vertex 7.23294 68.8693 4
      vertex 7.34441 68.8315 22
      vertex 7.23294 68.8693 22
    endloop
  endfacet
  facet normal -0.321143 -0.947031 -0
    outer loop
      vertex 7.34441 68.8315 22
      vertex 7.23294 68.8693 4
      vertex 7.34441 68.8315 4
    endloop
  endfacet
  facet normal -0.195348 -0.980734 0
    outer loop
      vertex 7.11747 68.8923 4
      vertex 7.23294 68.8693 22
      vertex 7.11747 68.8923 22
    endloop
  endfacet
  facet normal -0.195348 -0.980734 -0
    outer loop
      vertex 7.23294 68.8693 22
      vertex 7.11747 68.8923 4
      vertex 7.23294 68.8693 4
    endloop
  endfacet
  facet normal 0.831527 -0.555484 0
    outer loop
      vertex 6.22058 68.45 22
      vertex 6.28598 68.5479 4
      vertex 6.28598 68.5479 22
    endloop
  endfacet
  facet normal 0.831527 -0.555484 0
    outer loop
      vertex 6.28598 68.5479 4
      vertex 6.22058 68.45 22
      vertex 6.22058 68.45 4
    endloop
  endfacet
  facet normal 0.946954 -0.32137 0
    outer loop
      vertex 6.13067 68.2329 22
      vertex 6.16851 68.3444 4
      vertex 6.16851 68.3444 22
    endloop
  endfacet
  facet normal 0.946954 -0.32137 0
    outer loop
      vertex 6.16851 68.3444 4
      vertex 6.13067 68.2329 22
      vertex 6.13067 68.2329 4
    endloop
  endfacet
  facet normal 0.98076 -0.195217 0
    outer loop
      vertex 6.1077 68.1175 22
      vertex 6.13067 68.2329 4
      vertex 6.13067 68.2329 22
    endloop
  endfacet
  facet normal 0.98076 -0.195217 0
    outer loop
      vertex 6.13067 68.2329 4
      vertex 6.1077 68.1175 22
      vertex 6.1077 68.1175 4
    endloop
  endfacet
  facet normal 0.442485 -0.896776 0
    outer loop
      vertex 6.55 68.7794 4
      vertex 6.65559 68.8315 22
      vertex 6.55 68.7794 22
    endloop
  endfacet
  facet normal 0.442485 -0.896776 0
    outer loop
      vertex 6.65559 68.8315 22
      vertex 6.55 68.7794 4
      vertex 6.65559 68.8315 4
    endloop
  endfacet
  facet normal 0.555562 -0.831475 0
    outer loop
      vertex 6.45212 68.714 4
      vertex 6.55 68.7794 22
      vertex 6.45212 68.714 22
    endloop
  endfacet
  facet normal 0.555562 -0.831475 0
    outer loop
      vertex 6.55 68.7794 22
      vertex 6.45212 68.714 4
      vertex 6.55 68.7794 4
    endloop
  endfacet
  facet normal 0.195348 -0.980734 0
    outer loop
      vertex 6.76706 68.8693 4
      vertex 6.88253 68.8923 22
      vertex 6.76706 68.8693 22
    endloop
  endfacet
  facet normal 0.195348 -0.980734 0
    outer loop
      vertex 6.88253 68.8923 22
      vertex 6.76706 68.8693 4
      vertex 6.88253 68.8923 4
    endloop
  endfacet
  facet normal -0.0654083 0.997859 0
    outer loop
      vertex 7.11747 67.1077 4
      vertex 7 67.1 22
      vertex 7.11747 67.1077 22
    endloop
  endfacet
  facet normal -0.0654083 0.997859 0
    outer loop
      vertex 7 67.1 22
      vertex 7.11747 67.1077 4
      vertex 7 67.1 4
    endloop
  endfacet
  facet normal -0.321143 0.947031 0
    outer loop
      vertex 7.34441 67.1685 4
      vertex 7.23294 67.1307 22
      vertex 7.34441 67.1685 22
    endloop
  endfacet
  facet normal -0.321143 0.947031 0
    outer loop
      vertex 7.23294 67.1307 22
      vertex 7.34441 67.1685 4
      vertex 7.23294 67.1307 4
    endloop
  endfacet
  facet normal -0.659202 0.751966 0
    outer loop
      vertex 7.6364 67.3636 4
      vertex 7.54788 67.286 22
      vertex 7.6364 67.3636 22
    endloop
  endfacet
  facet normal -0.659202 0.751966 0
    outer loop
      vertex 7.54788 67.286 22
      vertex 7.6364 67.3636 4
      vertex 7.54788 67.286 4
    endloop
  endfacet
  facet normal -0.831527 0.555484 0
    outer loop
      vertex 7.71402 67.4521 4
      vertex 7.77942 67.55 22
      vertex 7.77942 67.55 4
    endloop
  endfacet
  facet normal -0.831527 0.555484 0
    outer loop
      vertex 7.77942 67.55 22
      vertex 7.71402 67.4521 4
      vertex 7.71402 67.4521 22
    endloop
  endfacet
  facet normal 0.555562 0.831475 -0
    outer loop
      vertex 6.55 67.2206 4
      vertex 6.45212 67.286 22
      vertex 6.55 67.2206 22
    endloop
  endfacet
  facet normal 0.555562 0.831475 0
    outer loop
      vertex 6.45212 67.286 22
      vertex 6.55 67.2206 4
      vertex 6.45212 67.286 4
    endloop
  endfacet
  facet normal 0.321143 0.947031 -0
    outer loop
      vertex 6.76706 67.1307 4
      vertex 6.65559 67.1685 22
      vertex 6.76706 67.1307 22
    endloop
  endfacet
  facet normal 0.321143 0.947031 0
    outer loop
      vertex 6.65559 67.1685 22
      vertex 6.76706 67.1307 4
      vertex 6.65559 67.1685 4
    endloop
  endfacet
  facet normal 0.0654083 0.997859 -0
    outer loop
      vertex 7 67.1 4
      vertex 6.88253 67.1077 22
      vertex 7 67.1 22
    endloop
  endfacet
  facet normal 0.0654083 0.997859 0
    outer loop
      vertex 6.88253 67.1077 22
      vertex 7 67.1 4
      vertex 6.88253 67.1077 4
    endloop
  endfacet
  facet normal 0.896893 0.442247 0
    outer loop
      vertex 6.22058 67.55 22
      vertex 6.16851 67.6556 4
      vertex 6.16851 67.6556 22
    endloop
  endfacet
  facet normal 0.896893 0.442247 0
    outer loop
      vertex 6.16851 67.6556 4
      vertex 6.22058 67.55 22
      vertex 6.22058 67.55 4
    endloop
  endfacet
  facet normal 0.98076 0.195217 0
    outer loop
      vertex 6.13067 67.7671 22
      vertex 6.1077 67.8825 4
      vertex 6.1077 67.8825 22
    endloop
  endfacet
  facet normal 0.98076 0.195217 0
    outer loop
      vertex 6.1077 67.8825 4
      vertex 6.13067 67.7671 22
      vertex 6.13067 67.7671 4
    endloop
  endfacet
  facet normal -0.195348 0.980734 0
    outer loop
      vertex 7.23294 67.1307 4
      vertex 7.11747 67.1077 22
      vertex 7.23294 67.1307 22
    endloop
  endfacet
  facet normal -0.195348 0.980734 0
    outer loop
      vertex 7.11747 67.1077 22
      vertex 7.23294 67.1307 4
      vertex 7.11747 67.1077 4
    endloop
  endfacet
  facet normal -0.442485 0.896776 0
    outer loop
      vertex 7.45 67.2206 4
      vertex 7.34441 67.1685 22
      vertex 7.45 67.2206 22
    endloop
  endfacet
  facet normal -0.442485 0.896776 0
    outer loop
      vertex 7.34441 67.1685 22
      vertex 7.45 67.2206 4
      vertex 7.34441 67.1685 4
    endloop
  endfacet
  facet normal -0.751808 0.659382 0
    outer loop
      vertex 7.6364 67.3636 4
      vertex 7.71402 67.4521 22
      vertex 7.71402 67.4521 4
    endloop
  endfacet
  facet normal -0.751808 0.659382 0
    outer loop
      vertex 7.71402 67.4521 22
      vertex 7.6364 67.3636 4
      vertex 7.6364 67.3636 22
    endloop
  endfacet
  facet normal -0.98076 0.195217 0
    outer loop
      vertex 7.86933 67.7671 4
      vertex 7.8923 67.8825 22
      vertex 7.8923 67.8825 4
    endloop
  endfacet
  facet normal -0.98076 0.195217 0
    outer loop
      vertex 7.8923 67.8825 22
      vertex 7.86933 67.7671 4
      vertex 7.86933 67.7671 22
    endloop
  endfacet
  facet normal -0.896893 0.442247 0
    outer loop
      vertex 7.77942 67.55 4
      vertex 7.83149 67.6556 22
      vertex 7.83149 67.6556 4
    endloop
  endfacet
  facet normal -0.896893 0.442247 0
    outer loop
      vertex 7.83149 67.6556 22
      vertex 7.77942 67.55 4
      vertex 7.77942 67.55 22
    endloop
  endfacet
  facet normal 0.442485 0.896776 -0
    outer loop
      vertex 6.65559 67.1685 4
      vertex 6.55 67.2206 22
      vertex 6.65559 67.1685 22
    endloop
  endfacet
  facet normal 0.442485 0.896776 0
    outer loop
      vertex 6.55 67.2206 22
      vertex 6.65559 67.1685 4
      vertex 6.55 67.2206 4
    endloop
  endfacet
  facet normal 0.195348 0.980734 -0
    outer loop
      vertex 6.88253 67.1077 4
      vertex 6.76706 67.1307 22
      vertex 6.88253 67.1077 22
    endloop
  endfacet
  facet normal 0.195348 0.980734 0
    outer loop
      vertex 6.76706 67.1307 22
      vertex 6.88253 67.1077 4
      vertex 6.76706 67.1307 4
    endloop
  endfacet
  facet normal 0.831527 0.555484 0
    outer loop
      vertex 6.28598 67.4521 22
      vertex 6.22058 67.55 4
      vertex 6.22058 67.55 22
    endloop
  endfacet
  facet normal 0.831527 0.555484 0
    outer loop
      vertex 6.22058 67.55 4
      vertex 6.28598 67.4521 22
      vertex 6.28598 67.4521 4
    endloop
  endfacet
  facet normal -0.99786 0.0653917 0
    outer loop
      vertex 7.8923 67.8825 4
      vertex 7.9 68 22
      vertex 7.9 68 4
    endloop
  endfacet
  facet normal -0.99786 0.0653917 0
    outer loop
      vertex 7.9 68 22
      vertex 7.8923 67.8825 4
      vertex 7.8923 67.8825 22
    endloop
  endfacet
  facet normal 0.99785 0.0655331 0
    outer loop
      vertex 101.5 68 22
      vertex 101.47 68.4568 2
      vertex 101.47 68.4568 22
    endloop
  endfacet
  facet normal 0.99785 0.0655331 0
    outer loop
      vertex 101.47 68.4568 2
      vertex 101.5 68 22
      vertex 101.5 68 2
    endloop
  endfacet
  facet normal -0.997865 0.0653156 0
    outer loop
      vertex 94.5 68 2
      vertex 94.5299 68.4568 22
      vertex 94.5299 68.4568 2
    endloop
  endfacet
  facet normal -0.997865 0.0653156 0
    outer loop
      vertex 94.5299 68.4568 22
      vertex 94.5 68 2
      vertex 94.5 68 22
    endloop
  endfacet
  facet normal 0.0653156 0.997865 -0
    outer loop
      vertex 98.4568 71.4701 2
      vertex 98 71.5 22
      vertex 98.4568 71.4701 22
    endloop
  endfacet
  facet normal 0.0653156 0.997865 0
    outer loop
      vertex 98 71.5 22
      vertex 98.4568 71.4701 2
      vertex 98 71.5 2
    endloop
  endfacet
  facet normal -0.0653156 -0.997865 0
    outer loop
      vertex 97.5432 64.5299 2
      vertex 98 64.5 22
      vertex 97.5432 64.5299 22
    endloop
  endfacet
  facet normal -0.0653156 -0.997865 -0
    outer loop
      vertex 98 64.5 22
      vertex 97.5432 64.5299 2
      vertex 98 64.5 2
    endloop
  endfacet
  facet normal -0.7519 -0.659278 0
    outer loop
      vertex 95.5251 65.5251 2
      vertex 95.2233 65.8693 22
      vertex 95.2233 65.8693 2
    endloop
  endfacet
  facet normal -0.7519 -0.659278 0
    outer loop
      vertex 95.2233 65.8693 22
      vertex 95.5251 65.5251 2
      vertex 95.5251 65.5251 22
    endloop
  endfacet
  facet normal 0.751683 0.659524 0
    outer loop
      vertex 100.777 70.1307 22
      vertex 100.475 70.4749 2
      vertex 100.475 70.4749 22
    endloop
  endfacet
  facet normal 0.751683 0.659524 0
    outer loop
      vertex 100.475 70.4749 2
      vertex 100.777 70.1307 22
      vertex 100.777 70.1307 2
    endloop
  endfacet
  facet normal -0.659278 0.7519 0
    outer loop
      vertex 95.8693 70.7767 2
      vertex 95.5251 70.4749 22
      vertex 95.8693 70.7767 22
    endloop
  endfacet
  facet normal -0.659278 0.7519 0
    outer loop
      vertex 95.5251 70.4749 22
      vertex 95.8693 70.7767 2
      vertex 95.5251 70.4749 2
    endloop
  endfacet
  facet normal -0.321335 0.946966 0
    outer loop
      vertex 97.0941 71.3807 2
      vertex 96.6606 71.2336 22
      vertex 97.0941 71.3807 22
    endloop
  endfacet
  facet normal -0.321335 0.946966 0
    outer loop
      vertex 96.6606 71.2336 22
      vertex 97.0941 71.3807 2
      vertex 96.6606 71.2336 2
    endloop
  endfacet
  facet normal 0.896427 0.443192 0
    outer loop
      vertex 101.234 69.3394 22
      vertex 101.031 69.75 2
      vertex 101.031 69.75 22
    endloop
  endfacet
  facet normal 0.896427 0.443192 0
    outer loop
      vertex 101.031 69.75 2
      vertex 101.234 69.3394 22
      vertex 101.234 69.3394 2
    endloop
  endfacet
  facet normal 0.980924 0.194394 0
    outer loop
      vertex 101.47 68.4568 22
      vertex 101.381 68.9059 2
      vertex 101.381 68.9059 22
    endloop
  endfacet
  facet normal 0.980924 0.194394 0
    outer loop
      vertex 101.381 68.9059 2
      vertex 101.47 68.4568 22
      vertex 101.47 68.4568 2
    endloop
  endfacet
  facet normal 0.831849 0.555003 0
    outer loop
      vertex 101.031 69.75 22
      vertex 100.777 70.1307 2
      vertex 100.777 70.1307 22
    endloop
  endfacet
  facet normal 0.831849 0.555003 0
    outer loop
      vertex 100.777 70.1307 2
      vertex 101.031 69.75 22
      vertex 101.031 69.75 2
    endloop
  endfacet
  facet normal 0.442314 0.89686 -0
    outer loop
      vertex 99.75 71.0311 2
      vertex 99.3394 71.2336 22
      vertex 99.75 71.0311 22
    endloop
  endfacet
  facet normal 0.442314 0.89686 0
    outer loop
      vertex 99.3394 71.2336 22
      vertex 99.75 71.0311 2
      vertex 99.3394 71.2336 2
    endloop
  endfacet
  facet normal 0.321335 0.946966 -0
    outer loop
      vertex 99.3394 71.2336 2
      vertex 98.9059 71.3807 22
      vertex 99.3394 71.2336 22
    endloop
  endfacet
  facet normal 0.321335 0.946966 0
    outer loop
      vertex 98.9059 71.3807 22
      vertex 99.3394 71.2336 2
      vertex 98.9059 71.3807 2
    endloop
  endfacet
  facet normal 0.555305 0.831647 -0
    outer loop
      vertex 100.131 70.7767 2
      vertex 99.75 71.0311 22
      vertex 100.131 70.7767 22
    endloop
  endfacet
  facet normal 0.555305 0.831647 0
    outer loop
      vertex 99.75 71.0311 22
      vertex 100.131 70.7767 2
      vertex 99.75 71.0311 2
    endloop
  endfacet
  facet normal -0.89686 0.442314 0
    outer loop
      vertex 94.7664 69.3394 2
      vertex 94.9689 69.75 22
      vertex 94.9689 69.75 2
    endloop
  endfacet
  facet normal -0.89686 0.442314 0
    outer loop
      vertex 94.9689 69.75 22
      vertex 94.7664 69.3394 2
      vertex 94.7664 69.3394 22
    endloop
  endfacet
  facet normal -0.946966 0.321335 0
    outer loop
      vertex 94.6193 68.9059 2
      vertex 94.7664 69.3394 22
      vertex 94.7664 69.3394 2
    endloop
  endfacet
  facet normal -0.946966 0.321335 0
    outer loop
      vertex 94.7664 69.3394 22
      vertex 94.6193 68.9059 2
      vertex 94.6193 68.9059 22
    endloop
  endfacet
  facet normal -0.442314 0.89686 0
    outer loop
      vertex 96.6606 71.2336 2
      vertex 96.25 71.0311 22
      vertex 96.6606 71.2336 22
    endloop
  endfacet
  facet normal -0.442314 0.89686 0
    outer loop
      vertex 96.25 71.0311 22
      vertex 96.6606 71.2336 2
      vertex 96.25 71.0311 2
    endloop
  endfacet
  facet normal -0.195234 0.980757 0
    outer loop
      vertex 97.5432 71.4701 2
      vertex 97.0941 71.3807 22
      vertex 97.5432 71.4701 22
    endloop
  endfacet
  facet normal -0.195234 0.980757 0
    outer loop
      vertex 97.0941 71.3807 22
      vertex 97.5432 71.4701 2
      vertex 97.0941 71.3807 2
    endloop
  endfacet
  facet normal 0.442314 -0.89686 0
    outer loop
      vertex 99.3394 64.7664 2
      vertex 99.75 64.9689 22
      vertex 99.3394 64.7664 22
    endloop
  endfacet
  facet normal 0.442314 -0.89686 0
    outer loop
      vertex 99.75 64.9689 22
      vertex 99.3394 64.7664 2
      vertex 99.75 64.9689 2
    endloop
  endfacet
  facet normal -0.321335 -0.946966 0
    outer loop
      vertex 96.6606 64.7664 2
      vertex 97.0941 64.6193 22
      vertex 96.6606 64.7664 22
    endloop
  endfacet
  facet normal -0.321335 -0.946966 -0
    outer loop
      vertex 97.0941 64.6193 22
      vertex 96.6606 64.7664 2
      vertex 97.0941 64.6193 2
    endloop
  endfacet
  facet normal -0.89686 -0.442314 0
    outer loop
      vertex 94.9689 66.25 2
      vertex 94.7664 66.6606 22
      vertex 94.7664 66.6606 2
    endloop
  endfacet
  facet normal -0.89686 -0.442314 0
    outer loop
      vertex 94.7664 66.6606 22
      vertex 94.9689 66.25 2
      vertex 94.9689 66.25 22
    endloop
  endfacet
  facet normal 0.947032 0.321139 0
    outer loop
      vertex 101.381 68.9059 22
      vertex 101.234 69.3394 2
      vertex 101.234 69.3394 22
    endloop
  endfacet
  facet normal 0.947032 0.321139 0
    outer loop
      vertex 101.234 69.3394 2
      vertex 101.381 68.9059 22
      vertex 101.381 68.9059 2
    endloop
  endfacet
  facet normal 0.195234 0.980757 -0
    outer loop
      vertex 98.9059 71.3807 2
      vertex 98.4568 71.4701 22
      vertex 98.9059 71.3807 22
    endloop
  endfacet
  facet normal 0.195234 0.980757 0
    outer loop
      vertex 98.4568 71.4701 22
      vertex 98.9059 71.3807 2
      vertex 98.4568 71.4701 2
    endloop
  endfacet
  facet normal 0.659494 0.75171 -0
    outer loop
      vertex 100.475 70.4749 2
      vertex 100.131 70.7767 22
      vertex 100.475 70.4749 22
    endloop
  endfacet
  facet normal 0.659494 0.75171 0
    outer loop
      vertex 100.131 70.7767 22
      vertex 100.475 70.4749 2
      vertex 100.131 70.7767 2
    endloop
  endfacet
  facet normal -0.831445 0.555607 0
    outer loop
      vertex 94.9689 69.75 2
      vertex 95.2233 70.1307 22
      vertex 95.2233 70.1307 2
    endloop
  endfacet
  facet normal -0.831445 0.555607 0
    outer loop
      vertex 95.2233 70.1307 22
      vertex 94.9689 69.75 2
      vertex 94.9689 69.75 22
    endloop
  endfacet
  facet normal -0.7519 0.659278 0
    outer loop
      vertex 95.2233 70.1307 2
      vertex 95.5251 70.4749 22
      vertex 95.5251 70.4749 2
    endloop
  endfacet
  facet normal -0.7519 0.659278 0
    outer loop
      vertex 95.5251 70.4749 22
      vertex 95.2233 70.1307 2
      vertex 95.2233 70.1307 22
    endloop
  endfacet
  facet normal -0.980757 0.195234 0
    outer loop
      vertex 94.5299 68.4568 2
      vertex 94.6193 68.9059 22
      vertex 94.6193 68.9059 2
    endloop
  endfacet
  facet normal -0.980757 0.195234 0
    outer loop
      vertex 94.6193 68.9059 22
      vertex 94.5299 68.4568 2
      vertex 94.5299 68.4568 22
    endloop
  endfacet
  facet normal 0 0 1
    outer loop
      vertex 98.9 68 22
      vertex 101.5 68 22
      vertex 101.47 68.4568 22
    endloop
  endfacet
  facet normal 0 0 1
    outer loop
      vertex 98.8923 68.1175 22
      vertex 101.47 68.4568 22
      vertex 101.381 68.9059 22
    endloop
  endfacet
  facet normal 0 0 1
    outer loop
      vertex 101.5 68 22
      vertex 98.9 68 22
      vertex 101.47 67.5432 22
    endloop
  endfacet
  facet normal 0 0 1
    outer loop
      vertex 98.8693 68.2329 22
      vertex 101.381 68.9059 22
      vertex 101.234 69.3394 22
    endloop
  endfacet
  facet normal -0 0 1
    outer loop
      vertex 98.8923 67.8825 22
      vertex 101.47 67.5432 22
      vertex 98.9 68 22
    endloop
  endfacet
  facet normal 0 0 1
    outer loop
      vertex 98.8315 68.3444 22
      vertex 101.234 69.3394 22
      vertex 101.031 69.75 22
    endloop
  endfacet
  facet normal 0 0 1
    outer loop
      vertex 101.47 67.5432 22
      vertex 98.8923 67.8825 22
      vertex 101.381 67.0941 22
    endloop
  endfacet
  facet normal 0 0 1
    outer loop
      vertex 98.7794 68.45 22
      vertex 101.031 69.75 22
      vertex 100.777 70.1307 22
    endloop
  endfacet
  facet normal -0 0 1
    outer loop
      vertex 98.8693 67.7671 22
      vertex 101.381 67.0941 22
      vertex 98.8923 67.8825 22
    endloop
  endfacet
  facet normal 0 0 1
    outer loop
      vertex 98.714 68.5479 22
      vertex 100.777 70.1307 22
      vertex 100.475 70.4749 22
    endloop
  endfacet
  facet normal 0 0 1
    outer loop
      vertex 101.381 67.0941 22
      vertex 98.8693 67.7671 22
      vertex 101.234 66.6606 22
    endloop
  endfacet
  facet normal 0 0 1
    outer loop
      vertex 98.6364 68.6364 22
      vertex 100.475 70.4749 22
      vertex 100.131 70.7767 22
    endloop
  endfacet
  facet normal -0 0 1
    outer loop
      vertex 98.8315 67.6556 22
      vertex 101.234 66.6606 22
      vertex 98.8693 67.7671 22
    endloop
  endfacet
  facet normal 0 0 1
    outer loop
      vertex 98.5479 68.714 22
      vertex 100.131 70.7767 22
      vertex 99.75 71.0311 22
    endloop
  endfacet
  facet normal 0 0 1
    outer loop
      vertex 101.234 66.6606 22
      vertex 98.8315 67.6556 22
      vertex 101.031 66.25 22
    endloop
  endfacet
  facet normal 0 0 1
    outer loop
      vertex 98.45 68.7794 22
      vertex 99.75 71.0311 22
      vertex 99.3394 71.2336 22
    endloop
  endfacet
  facet normal -0 0 1
    outer loop
      vertex 98.7794 67.55 22
      vertex 101.031 66.25 22
      vertex 98.8315 67.6556 22
    endloop
  endfacet
  facet normal 0 0 1
    outer loop
      vertex 98.3444 68.8315 22
      vertex 99.3394 71.2336 22
      vertex 98.9059 71.3807 22
    endloop
  endfacet
  facet normal 0 0 1
    outer loop
      vertex 101.031 66.25 22
      vertex 98.7794 67.55 22
      vertex 100.777 65.8693 22
    endloop
  endfacet
  facet normal -0 0 1
    outer loop
      vertex 98.714 67.4521 22
      vertex 100.777 65.8693 22
      vertex 98.7794 67.55 22
    endloop
  endfacet
  facet normal 0 0 1
    outer loop
      vertex 101.47 68.4568 22
      vertex 98.8923 68.1175 22
      vertex 98.9 68 22
    endloop
  endfacet
  facet normal 0 0 1
    outer loop
      vertex 101.381 68.9059 22
      vertex 98.8693 68.2329 22
      vertex 98.8923 68.1175 22
    endloop
  endfacet
  facet normal 0 0 1
    outer loop
      vertex 101.234 69.3394 22
      vertex 98.8315 68.3444 22
      vertex 98.8693 68.2329 22
    endloop
  endfacet
  facet normal 0 0 1
    outer loop
      vertex 101.031 69.75 22
      vertex 98.7794 68.45 22
      vertex 98.8315 68.3444 22
    endloop
  endfacet
  facet normal 0 0 1
    outer loop
      vertex 100.777 70.1307 22
      vertex 98.714 68.5479 22
      vertex 98.7794 68.45 22
    endloop
  endfacet
  facet normal 0 0 1
    outer loop
      vertex 100.475 70.4749 22
      vertex 98.6364 68.6364 22
      vertex 98.714 68.5479 22
    endloop
  endfacet
  facet normal 0 0 1
    outer loop
      vertex 100.131 70.7767 22
      vertex 98.5479 68.714 22
      vertex 98.6364 68.6364 22
    endloop
  endfacet
  facet normal 0 0 1
    outer loop
      vertex 98.2329 68.8693 22
      vertex 98.9059 71.3807 22
      vertex 98.4568 71.4701 22
    endloop
  endfacet
  facet normal 0 0 1
    outer loop
      vertex 99.75 71.0311 22
      vertex 98.45 68.7794 22
      vertex 98.5479 68.714 22
    endloop
  endfacet
  facet normal 0 0 1
    outer loop
      vertex 99.3394 71.2336 22
      vertex 98.3444 68.8315 22
      vertex 98.45 68.7794 22
    endloop
  endfacet
  facet normal 0 0 1
    outer loop
      vertex 98.9059 71.3807 22
      vertex 98.2329 68.8693 22
      vertex 98.3444 68.8315 22
    endloop
  endfacet
  facet normal 0 0 1
    outer loop
      vertex 98.4568 71.4701 22
      vertex 98.1175 68.8923 22
      vertex 98.2329 68.8693 22
    endloop
  endfacet
  facet normal 0 0 1
    outer loop
      vertex 98 71.5 22
      vertex 98.1175 68.8923 22
      vertex 98.4568 71.4701 22
    endloop
  endfacet
  facet normal 0 0 1
    outer loop
      vertex 98 71.5 22
      vertex 98 68.9 22
      vertex 98.1175 68.8923 22
    endloop
  endfacet
  facet normal 0 0 1
    outer loop
      vertex 98 71.5 22
      vertex 97.8825 68.8923 22
      vertex 98 68.9 22
    endloop
  endfacet
  facet normal -0 0 1
    outer loop
      vertex 97.5432 71.4701 22
      vertex 97.8825 68.8923 22
      vertex 98 71.5 22
    endloop
  endfacet
  facet normal 0 0 1
    outer loop
      vertex 97.8825 68.8923 22
      vertex 97.5432 71.4701 22
      vertex 97.7671 68.8693 22
    endloop
  endfacet
  facet normal -0 0 1
    outer loop
      vertex 97.0941 71.3807 22
      vertex 97.7671 68.8693 22
      vertex 97.5432 71.4701 22
    endloop
  endfacet
  facet normal 0 0 1
    outer loop
      vertex 97.7671 68.8693 22
      vertex 97.0941 71.3807 22
      vertex 97.6556 68.8315 22
    endloop
  endfacet
  facet normal -0 0 1
    outer loop
      vertex 96.6606 71.2336 22
      vertex 97.6556 68.8315 22
      vertex 97.0941 71.3807 22
    endloop
  endfacet
  facet normal 0 0 1
    outer loop
      vertex 97.6556 68.8315 22
      vertex 96.6606 71.2336 22
      vertex 97.55 68.7794 22
    endloop
  endfacet
  facet normal -0 0 1
    outer loop
      vertex 96.25 71.0311 22
      vertex 97.55 68.7794 22
      vertex 96.6606 71.2336 22
    endloop
  endfacet
  facet normal 0 0 1
    outer loop
      vertex 97.55 68.7794 22
      vertex 96.25 71.0311 22
      vertex 97.4521 68.714 22
    endloop
  endfacet
  facet normal -0 0 1
    outer loop
      vertex 95.8693 70.7767 22
      vertex 97.4521 68.714 22
      vertex 96.25 71.0311 22
    endloop
  endfacet
  facet normal 0 0 1
    outer loop
      vertex 97.4521 68.714 22
      vertex 95.8693 70.7767 22
      vertex 97.3636 68.6364 22
    endloop
  endfacet
  facet normal -0 0 1
    outer loop
      vertex 95.5251 70.4749 22
      vertex 97.3636 68.6364 22
      vertex 95.8693 70.7767 22
    endloop
  endfacet
  facet normal -0 0 1
    outer loop
      vertex 95.2233 70.1307 22
      vertex 97.286 68.5479 22
      vertex 95.5251 70.4749 22
    endloop
  endfacet
  facet normal 0 0 1
    outer loop
      vertex 97.3636 68.6364 22
      vertex 95.5251 70.4749 22
      vertex 97.286 68.5479 22
    endloop
  endfacet
  facet normal 0 0 1
    outer loop
      vertex 100.777 65.8693 22
      vertex 98.714 67.4521 22
      vertex 100.475 65.5251 22
    endloop
  endfacet
  facet normal -0 0 1
    outer loop
      vertex 98.6364 67.3636 22
      vertex 100.475 65.5251 22
      vertex 98.714 67.4521 22
    endloop
  endfacet
  facet normal 0 0 1
    outer loop
      vertex 100.475 65.5251 22
      vertex 98.6364 67.3636 22
      vertex 100.131 65.2233 22
    endloop
  endfacet
  facet normal -0 0 1
    outer loop
      vertex 98.5479 67.286 22
      vertex 100.131 65.2233 22
      vertex 98.6364 67.3636 22
    endloop
  endfacet
  facet normal 0 0 1
    outer loop
      vertex 100.131 65.2233 22
      vertex 98.5479 67.286 22
      vertex 99.75 64.9689 22
    endloop
  endfacet
  facet normal -0 0 1
    outer loop
      vertex 98.45 67.2206 22
      vertex 99.75 64.9689 22
      vertex 98.5479 67.286 22
    endloop
  endfacet
  facet normal 0 0 1
    outer loop
      vertex 99.75 64.9689 22
      vertex 98.45 67.2206 22
      vertex 99.3394 64.7664 22
    endloop
  endfacet
  facet normal -0 0 1
    outer loop
      vertex 98.3444 67.1685 22
      vertex 99.3394 64.7664 22
      vertex 98.45 67.2206 22
    endloop
  endfacet
  facet normal 0 0 1
    outer loop
      vertex 99.3394 64.7664 22
      vertex 98.3444 67.1685 22
      vertex 98.9059 64.6193 22
    endloop
  endfacet
  facet normal -0 0 1
    outer loop
      vertex 98.2329 67.1307 22
      vertex 98.9059 64.6193 22
      vertex 98.3444 67.1685 22
    endloop
  endfacet
  facet normal 0 0 1
    outer loop
      vertex 98.9059 64.6193 22
      vertex 98.2329 67.1307 22
      vertex 98.4568 64.5299 22
    endloop
  endfacet
  facet normal -0 0 1
    outer loop
      vertex 98.1175 67.1077 22
      vertex 98.4568 64.5299 22
      vertex 98.2329 67.1307 22
    endloop
  endfacet
  facet normal -0 0 1
    outer loop
      vertex 98 67.1 22
      vertex 98.4568 64.5299 22
      vertex 98.1175 67.1077 22
    endloop
  endfacet
  facet normal 0 0 1
    outer loop
      vertex 98 67.1 22
      vertex 98 64.5 22
      vertex 98.4568 64.5299 22
    endloop
  endfacet
  facet normal 0 0 1
    outer loop
      vertex 97.8825 67.1077 22
      vertex 98 64.5 22
      vertex 98 67.1 22
    endloop
  endfacet
  facet normal 0 0 1
    outer loop
      vertex 97.5432 64.5299 22
      vertex 97.8825 67.1077 22
      vertex 97.7671 67.1307 22
    endloop
  endfacet
  facet normal 0 0 1
    outer loop
      vertex 97.0941 64.6193 22
      vertex 97.7671 67.1307 22
      vertex 97.6556 67.1685 22
    endloop
  endfacet
  facet normal 0 0 1
    outer loop
      vertex 96.6606 64.7664 22
      vertex 97.6556 67.1685 22
      vertex 97.55 67.2206 22
    endloop
  endfacet
  facet normal 0 0 1
    outer loop
      vertex 97.8825 67.1077 22
      vertex 97.5432 64.5299 22
      vertex 98 64.5 22
    endloop
  endfacet
  facet normal 0 0 1
    outer loop
      vertex 96.25 64.9689 22
      vertex 97.55 67.2206 22
      vertex 97.4521 67.286 22
    endloop
  endfacet
  facet normal 0 0 1
    outer loop
      vertex 95.8693 65.2233 22
      vertex 97.4521 67.286 22
      vertex 97.3636 67.3636 22
    endloop
  endfacet
  facet normal 0 0 1
    outer loop
      vertex 95.5251 65.5251 22
      vertex 97.3636 67.3636 22
      vertex 97.286 67.4521 22
    endloop
  endfacet
  facet normal 0 0 1
    outer loop
      vertex 95.2233 65.8693 22
      vertex 97.286 67.4521 22
      vertex 97.2206 67.55 22
    endloop
  endfacet
  facet normal 0 0 1
    outer loop
      vertex 94.9689 66.25 22
      vertex 97.2206 67.55 22
      vertex 97.1685 67.6556 22
    endloop
  endfacet
  facet normal 0 0 1
    outer loop
      vertex 94.7664 66.6606 22
      vertex 97.1685 67.6556 22
      vertex 97.1307 67.7671 22
    endloop
  endfacet
  facet normal 0 0 1
    outer loop
      vertex 94.6193 67.0941 22
      vertex 97.1307 67.7671 22
      vertex 97.1077 67.8825 22
    endloop
  endfacet
  facet normal 0 0 1
    outer loop
      vertex 97.7671 67.1307 22
      vertex 97.0941 64.6193 22
      vertex 97.5432 64.5299 22
    endloop
  endfacet
  facet normal 0 0 1
    outer loop
      vertex 94.5299 67.5432 22
      vertex 97.1077 67.8825 22
      vertex 97.1 68 22
    endloop
  endfacet
  facet normal 0 0 1
    outer loop
      vertex 97.286 68.5479 22
      vertex 95.2233 70.1307 22
      vertex 97.2206 68.45 22
    endloop
  endfacet
  facet normal -0 0 1
    outer loop
      vertex 94.9689 69.75 22
      vertex 97.2206 68.45 22
      vertex 95.2233 70.1307 22
    endloop
  endfacet
  facet normal 0 0 1
    outer loop
      vertex 97.6556 67.1685 22
      vertex 96.6606 64.7664 22
      vertex 97.0941 64.6193 22
    endloop
  endfacet
  facet normal 0 0 1
    outer loop
      vertex 97.2206 68.45 22
      vertex 94.9689 69.75 22
      vertex 97.1685 68.3444 22
    endloop
  endfacet
  facet normal 0 0 1
    outer loop
      vertex 97.55 67.2206 22
      vertex 96.25 64.9689 22
      vertex 96.6606 64.7664 22
    endloop
  endfacet
  facet normal -0 0 1
    outer loop
      vertex 94.7664 69.3394 22
      vertex 97.1685 68.3444 22
      vertex 94.9689 69.75 22
    endloop
  endfacet
  facet normal 0 0 1
    outer loop
      vertex 97.4521 67.286 22
      vertex 95.8693 65.2233 22
      vertex 96.25 64.9689 22
    endloop
  endfacet
  facet normal 0 0 1
    outer loop
      vertex 97.1685 68.3444 22
      vertex 94.7664 69.3394 22
      vertex 97.1307 68.2329 22
    endloop
  endfacet
  facet normal 0 0 1
    outer loop
      vertex 97.3636 67.3636 22
      vertex 95.5251 65.5251 22
      vertex 95.8693 65.2233 22
    endloop
  endfacet
  facet normal -0 0 1
    outer loop
      vertex 94.6193 68.9059 22
      vertex 97.1307 68.2329 22
      vertex 94.7664 69.3394 22
    endloop
  endfacet
  facet normal 0 0 1
    outer loop
      vertex 97.286 67.4521 22
      vertex 95.2233 65.8693 22
      vertex 95.5251 65.5251 22
    endloop
  endfacet
  facet normal 0 0 1
    outer loop
      vertex 97.1307 68.2329 22
      vertex 94.6193 68.9059 22
      vertex 97.1077 68.1175 22
    endloop
  endfacet
  facet normal 0 0 1
    outer loop
      vertex 97.2206 67.55 22
      vertex 94.9689 66.25 22
      vertex 95.2233 65.8693 22
    endloop
  endfacet
  facet normal -0 0 1
    outer loop
      vertex 94.5299 68.4568 22
      vertex 97.1077 68.1175 22
      vertex 94.6193 68.9059 22
    endloop
  endfacet
  facet normal 0 0 1
    outer loop
      vertex 97.1685 67.6556 22
      vertex 94.7664 66.6606 22
      vertex 94.9689 66.25 22
    endloop
  endfacet
  facet normal 0 0 1
    outer loop
      vertex 97.1077 68.1175 22
      vertex 94.5299 68.4568 22
      vertex 97.1 68 22
    endloop
  endfacet
  facet normal 0 0 1
    outer loop
      vertex 97.1307 67.7671 22
      vertex 94.6193 67.0941 22
      vertex 94.7664 66.6606 22
    endloop
  endfacet
  facet normal 0 0 1
    outer loop
      vertex 94.5 68 22
      vertex 97.1 68 22
      vertex 94.5299 68.4568 22
    endloop
  endfacet
  facet normal 0 0 1
    outer loop
      vertex 97.1077 67.8825 22
      vertex 94.5299 67.5432 22
      vertex 94.6193 67.0941 22
    endloop
  endfacet
  facet normal 0 0 1
    outer loop
      vertex 97.1 68 22
      vertex 94.5 68 22
      vertex 94.5299 67.5432 22
    endloop
  endfacet
  facet normal -0.555607 0.831445 0
    outer loop
      vertex 96.25 71.0311 2
      vertex 95.8693 70.7767 22
      vertex 96.25 71.0311 22
    endloop
  endfacet
  facet normal -0.555607 0.831445 0
    outer loop
      vertex 95.8693 70.7767 22
      vertex 96.25 71.0311 2
      vertex 95.8693 70.7767 2
    endloop
  endfacet
  facet normal -0.0653156 0.997865 0
    outer loop
      vertex 98 71.5 2
      vertex 97.5432 71.4701 22
      vertex 98 71.5 22
    endloop
  endfacet
  facet normal -0.0653156 0.997865 0
    outer loop
      vertex 97.5432 71.4701 22
      vertex 98 71.5 2
      vertex 97.5432 71.4701 2
    endloop
  endfacet
  facet normal 0.0653156 -0.997865 0
    outer loop
      vertex 98 64.5 2
      vertex 98.4568 64.5299 22
      vertex 98 64.5 22
    endloop
  endfacet
  facet normal 0.0653156 -0.997865 0
    outer loop
      vertex 98.4568 64.5299 22
      vertex 98 64.5 2
      vertex 98.4568 64.5299 2
    endloop
  endfacet
  facet normal 0.321335 -0.946966 0
    outer loop
      vertex 98.9059 64.6193 2
      vertex 99.3394 64.7664 22
      vertex 98.9059 64.6193 22
    endloop
  endfacet
  facet normal 0.321335 -0.946966 0
    outer loop
      vertex 99.3394 64.7664 22
      vertex 98.9059 64.6193 2
      vertex 99.3394 64.7664 2
    endloop
  endfacet
  facet normal 0.555305 -0.831647 0
    outer loop
      vertex 99.75 64.9689 2
      vertex 100.131 65.2233 22
      vertex 99.75 64.9689 22
    endloop
  endfacet
  facet normal 0.555305 -0.831647 0
    outer loop
      vertex 100.131 65.2233 22
      vertex 99.75 64.9689 2
      vertex 100.131 65.2233 2
    endloop
  endfacet
  facet normal 0.947032 -0.321139 0
    outer loop
      vertex 101.234 66.6606 22
      vertex 101.381 67.0941 2
      vertex 101.381 67.0941 22
    endloop
  endfacet
  facet normal 0.947032 -0.321139 0
    outer loop
      vertex 101.381 67.0941 2
      vertex 101.234 66.6606 22
      vertex 101.234 66.6606 2
    endloop
  endfacet
  facet normal 0.751683 -0.659524 0
    outer loop
      vertex 100.475 65.5251 22
      vertex 100.777 65.8693 2
      vertex 100.777 65.8693 22
    endloop
  endfacet
  facet normal 0.751683 -0.659524 0
    outer loop
      vertex 100.777 65.8693 2
      vertex 100.475 65.5251 22
      vertex 100.475 65.5251 2
    endloop
  endfacet
  facet normal -0.659278 -0.7519 0
    outer loop
      vertex 95.5251 65.5251 2
      vertex 95.8693 65.2233 22
      vertex 95.5251 65.5251 22
    endloop
  endfacet
  facet normal -0.659278 -0.7519 -0
    outer loop
      vertex 95.8693 65.2233 22
      vertex 95.5251 65.5251 2
      vertex 95.8693 65.2233 2
    endloop
  endfacet
  facet normal -0.442314 -0.89686 0
    outer loop
      vertex 96.25 64.9689 2
      vertex 96.6606 64.7664 22
      vertex 96.25 64.9689 22
    endloop
  endfacet
  facet normal -0.442314 -0.89686 -0
    outer loop
      vertex 96.6606 64.7664 22
      vertex 96.25 64.9689 2
      vertex 96.6606 64.7664 2
    endloop
  endfacet
  facet normal -0.195234 -0.980757 0
    outer loop
      vertex 97.0941 64.6193 2
      vertex 97.5432 64.5299 22
      vertex 97.0941 64.6193 22
    endloop
  endfacet
  facet normal -0.195234 -0.980757 -0
    outer loop
      vertex 97.5432 64.5299 22
      vertex 97.0941 64.6193 2
      vertex 97.5432 64.5299 2
    endloop
  endfacet
  facet normal -0.831445 -0.555607 0
    outer loop
      vertex 95.2233 65.8693 2
      vertex 94.9689 66.25 22
      vertex 94.9689 66.25 2
    endloop
  endfacet
  facet normal -0.831445 -0.555607 0
    outer loop
      vertex 94.9689 66.25 22
      vertex 95.2233 65.8693 2
      vertex 95.2233 65.8693 22
    endloop
  endfacet
  facet normal -0.946966 -0.321335 0
    outer loop
      vertex 94.7664 66.6606 2
      vertex 94.6193 67.0941 22
      vertex 94.6193 67.0941 2
    endloop
  endfacet
  facet normal -0.946966 -0.321335 0
    outer loop
      vertex 94.6193 67.0941 22
      vertex 94.7664 66.6606 2
      vertex 94.7664 66.6606 22
    endloop
  endfacet
  facet normal -0.997865 -0.0653156 0
    outer loop
      vertex 94.5299 67.5432 2
      vertex 94.5 68 22
      vertex 94.5 68 2
    endloop
  endfacet
  facet normal -0.997865 -0.0653156 0
    outer loop
      vertex 94.5 68 22
      vertex 94.5299 67.5432 2
      vertex 94.5299 67.5432 22
    endloop
  endfacet
  facet normal 0.195234 -0.980757 0
    outer loop
      vertex 98.4568 64.5299 2
      vertex 98.9059 64.6193 22
      vertex 98.4568 64.5299 22
    endloop
  endfacet
  facet normal 0.195234 -0.980757 0
    outer loop
      vertex 98.9059 64.6193 22
      vertex 98.4568 64.5299 2
      vertex 98.9059 64.6193 2
    endloop
  endfacet
  facet normal 0.659494 -0.75171 0
    outer loop
      vertex 100.131 65.2233 2
      vertex 100.475 65.5251 22
      vertex 100.131 65.2233 22
    endloop
  endfacet
  facet normal 0.659494 -0.75171 0
    outer loop
      vertex 100.475 65.5251 22
      vertex 100.131 65.2233 2
      vertex 100.475 65.5251 2
    endloop
  endfacet
  facet normal 0.896427 -0.443192 0
    outer loop
      vertex 101.031 66.25 22
      vertex 101.234 66.6606 2
      vertex 101.234 66.6606 22
    endloop
  endfacet
  facet normal 0.896427 -0.443192 0
    outer loop
      vertex 101.234 66.6606 2
      vertex 101.031 66.25 22
      vertex 101.031 66.25 2
    endloop
  endfacet
  facet normal 0.980924 -0.194394 0
    outer loop
      vertex 101.381 67.0941 22
      vertex 101.47 67.5432 2
      vertex 101.47 67.5432 22
    endloop
  endfacet
  facet normal 0.980924 -0.194394 0
    outer loop
      vertex 101.47 67.5432 2
      vertex 101.381 67.0941 22
      vertex 101.381 67.0941 2
    endloop
  endfacet
  facet normal -0.555607 -0.831445 0
    outer loop
      vertex 95.8693 65.2233 2
      vertex 96.25 64.9689 22
      vertex 95.8693 65.2233 22
    endloop
  endfacet
  facet normal -0.555607 -0.831445 -0
    outer loop
      vertex 96.25 64.9689 22
      vertex 95.8693 65.2233 2
      vertex 96.25 64.9689 2
    endloop
  endfacet
  facet normal -0.980757 -0.195234 0
    outer loop
      vertex 94.6193 67.0941 2
      vertex 94.5299 67.5432 22
      vertex 94.5299 67.5432 2
    endloop
  endfacet
  facet normal -0.980757 -0.195234 0
    outer loop
      vertex 94.5299 67.5432 22
      vertex 94.6193 67.0941 2
      vertex 94.6193 67.0941 22
    endloop
  endfacet
  facet normal 0.831849 -0.555003 0
    outer loop
      vertex 100.777 65.8693 22
      vertex 101.031 66.25 2
      vertex 101.031 66.25 22
    endloop
  endfacet
  facet normal 0.831849 -0.555003 0
    outer loop
      vertex 101.031 66.25 2
      vertex 100.777 65.8693 22
      vertex 100.777 65.8693 2
    endloop
  endfacet
  facet normal 0.99785 -0.0655331 0
    outer loop
      vertex 101.47 67.5432 22
      vertex 101.5 68 2
      vertex 101.5 68 22
    endloop
  endfacet
  facet normal 0.99785 -0.0655331 0
    outer loop
      vertex 101.5 68 2
      vertex 101.47 67.5432 22
      vertex 101.47 67.5432 2
    endloop
  endfacet
  facet normal -0.99786 -0.0653917 0
    outer loop
      vertex 98.9 68 4
      vertex 98.8923 68.1175 22
      vertex 98.8923 68.1175 4
    endloop
  endfacet
  facet normal -0.99786 -0.0653917 0
    outer loop
      vertex 98.8923 68.1175 22
      vertex 98.9 68 4
      vertex 98.9 68 22
    endloop
  endfacet
  facet normal 0.99786 -0.0653917 0
    outer loop
      vertex 97.1 68 22
      vertex 97.1077 68.1175 4
      vertex 97.1077 68.1175 22
    endloop
  endfacet
  facet normal 0.99786 -0.0653917 0
    outer loop
      vertex 97.1077 68.1175 4
      vertex 97.1 68 22
      vertex 97.1 68 4
    endloop
  endfacet
  facet normal -0.0653917 -0.99786 0
    outer loop
      vertex 98 68.9 4
      vertex 98.1175 68.8923 22
      vertex 98 68.9 22
    endloop
  endfacet
  facet normal -0.0653917 -0.99786 -0
    outer loop
      vertex 98.1175 68.8923 22
      vertex 98 68.9 4
      vertex 98.1175 68.8923 4
    endloop
  endfacet
  facet normal 0.751892 0.659286 0
    outer loop
      vertex 97.3636 67.3636 22
      vertex 97.286 67.4521 4
      vertex 97.286 67.4521 22
    endloop
  endfacet
  facet normal 0.751892 0.659286 0
    outer loop
      vertex 97.286 67.4521 4
      vertex 97.3636 67.3636 22
      vertex 97.3636 67.3636 4
    endloop
  endfacet
  facet normal -0.659286 -0.751892 0
    outer loop
      vertex 98.5479 68.714 4
      vertex 98.6364 68.6364 22
      vertex 98.5479 68.714 22
    endloop
  endfacet
  facet normal -0.659286 -0.751892 -0
    outer loop
      vertex 98.6364 68.6364 22
      vertex 98.5479 68.714 4
      vertex 98.6364 68.6364 4
    endloop
  endfacet
  facet normal 0.659286 -0.751892 0
    outer loop
      vertex 97.3636 68.6364 4
      vertex 97.4521 68.714 22
      vertex 97.3636 68.6364 22
    endloop
  endfacet
  facet normal 0.659286 -0.751892 0
    outer loop
      vertex 97.4521 68.714 22
      vertex 97.3636 68.6364 4
      vertex 97.4521 68.714 4
    endloop
  endfacet
  facet normal 0.321065 -0.947057 0
    outer loop
      vertex 97.6556 68.8315 4
      vertex 97.7671 68.8693 22
      vertex 97.6556 68.8315 22
    endloop
  endfacet
  facet normal 0.321065 -0.947057 0
    outer loop
      vertex 97.7671 68.8693 22
      vertex 97.6556 68.8315 4
      vertex 97.7671 68.8693 4
    endloop
  endfacet
  facet normal 0.947057 0.321065 0
    outer loop
      vertex 97.1685 67.6556 22
      vertex 97.1307 67.7671 4
      vertex 97.1307 67.7671 22
    endloop
  endfacet
  facet normal 0.947057 0.321065 0
    outer loop
      vertex 97.1307 67.7671 4
      vertex 97.1685 67.6556 22
      vertex 97.1685 67.6556 4
    endloop
  endfacet
  facet normal 0 0 1
    outer loop
      vertex 98.8923 68.1175 4
      vertex 98.8923 67.8825 4
      vertex 98.9 68 4
    endloop
  endfacet
  facet normal 0 0 1
    outer loop
      vertex 98.8693 68.2329 4
      vertex 98.8923 67.8825 4
      vertex 98.8923 68.1175 4
    endloop
  endfacet
  facet normal 0 0 1
    outer loop
      vertex 98.8693 68.2329 4
      vertex 98.8693 67.7671 4
      vertex 98.8923 67.8825 4
    endloop
  endfacet
  facet normal 0 0 1
    outer loop
      vertex 98.8315 68.3444 4
      vertex 98.8693 67.7671 4
      vertex 98.8693 68.2329 4
    endloop
  endfacet
  facet normal 0 0 1
    outer loop
      vertex 98.8315 68.3444 4
      vertex 98.8315 67.6556 4
      vertex 98.8693 67.7671 4
    endloop
  endfacet
  facet normal 0 0 1
    outer loop
      vertex 98.7794 68.45 4
      vertex 98.8315 67.6556 4
      vertex 98.8315 68.3444 4
    endloop
  endfacet
  facet normal 0 0 1
    outer loop
      vertex 98.7794 68.45 4
      vertex 98.7794 67.55 4
      vertex 98.8315 67.6556 4
    endloop
  endfacet
  facet normal 0 0 1
    outer loop
      vertex 98.714 68.5479 4
      vertex 98.7794 67.55 4
      vertex 98.7794 68.45 4
    endloop
  endfacet
  facet normal 0 0 1
    outer loop
      vertex 98.714 68.5479 4
      vertex 98.714 67.4521 4
      vertex 98.7794 67.55 4
    endloop
  endfacet
  facet normal 0 0 1
    outer loop
      vertex 98.6364 68.6364 4
      vertex 98.714 67.4521 4
      vertex 98.714 68.5479 4
    endloop
  endfacet
  facet normal 0 0 1
    outer loop
      vertex 98.6364 68.6364 4
      vertex 98.6364 67.3636 4
      vertex 98.714 67.4521 4
    endloop
  endfacet
  facet normal 0 0 1
    outer loop
      vertex 98.5479 68.714 4
      vertex 98.6364 67.3636 4
      vertex 98.6364 68.6364 4
    endloop
  endfacet
  facet normal 0 0 1
    outer loop
      vertex 98.5479 68.714 4
      vertex 98.5479 67.286 4
      vertex 98.6364 67.3636 4
    endloop
  endfacet
  facet normal 0 0 1
    outer loop
      vertex 98.45 68.7794 4
      vertex 98.5479 67.286 4
      vertex 98.5479 68.714 4
    endloop
  endfacet
  facet normal 0 0 1
    outer loop
      vertex 98.45 68.7794 4
      vertex 98.45 67.2206 4
      vertex 98.5479 67.286 4
    endloop
  endfacet
  facet normal 0 0 1
    outer loop
      vertex 98.3444 68.8315 4
      vertex 98.45 67.2206 4
      vertex 98.45 68.7794 4
    endloop
  endfacet
  facet normal 0 0 1
    outer loop
      vertex 98.3444 68.8315 4
      vertex 98.3444 67.1685 4
      vertex 98.45 67.2206 4
    endloop
  endfacet
  facet normal 0 0 1
    outer loop
      vertex 98.2329 68.8693 4
      vertex 98.3444 67.1685 4
      vertex 98.3444 68.8315 4
    endloop
  endfacet
  facet normal 0 0 1
    outer loop
      vertex 98.2329 68.8693 4
      vertex 98.2329 67.1307 4
      vertex 98.3444 67.1685 4
    endloop
  endfacet
  facet normal 0 0 1
    outer loop
      vertex 98.1175 68.8923 4
      vertex 98.2329 67.1307 4
      vertex 98.2329 68.8693 4
    endloop
  endfacet
  facet normal 0 0 1
    outer loop
      vertex 98.1175 68.8923 4
      vertex 98.1175 67.1077 4
      vertex 98.2329 67.1307 4
    endloop
  endfacet
  facet normal 0 0 1
    outer loop
      vertex 98 68.9 4
      vertex 98.1175 67.1077 4
      vertex 98.1175 68.8923 4
    endloop
  endfacet
  facet normal 0 0 1
    outer loop
      vertex 98 68.9 4
      vertex 98 67.1 4
      vertex 98.1175 67.1077 4
    endloop
  endfacet
  facet normal -0 0 1
    outer loop
      vertex 97.8825 68.8923 4
      vertex 98 67.1 4
      vertex 98 68.9 4
    endloop
  endfacet
  facet normal 0 0 1
    outer loop
      vertex 97.8825 68.8923 4
      vertex 97.8825 67.1077 4
      vertex 98 67.1 4
    endloop
  endfacet
  facet normal -0 0 1
    outer loop
      vertex 97.7671 68.8693 4
      vertex 97.8825 67.1077 4
      vertex 97.8825 68.8923 4
    endloop
  endfacet
  facet normal 0 0 1
    outer loop
      vertex 97.7671 68.8693 4
      vertex 97.7671 67.1307 4
      vertex 97.8825 67.1077 4
    endloop
  endfacet
  facet normal -0 0 1
    outer loop
      vertex 97.6556 68.8315 4
      vertex 97.7671 67.1307 4
      vertex 97.7671 68.8693 4
    endloop
  endfacet
  facet normal 0 0 1
    outer loop
      vertex 97.6556 68.8315 4
      vertex 97.6556 67.1685 4
      vertex 97.7671 67.1307 4
    endloop
  endfacet
  facet normal -0 0 1
    outer loop
      vertex 97.55 68.7794 4
      vertex 97.6556 67.1685 4
      vertex 97.6556 68.8315 4
    endloop
  endfacet
  facet normal 0 0 1
    outer loop
      vertex 97.55 68.7794 4
      vertex 97.55 67.2206 4
      vertex 97.6556 67.1685 4
    endloop
  endfacet
  facet normal -0 0 1
    outer loop
      vertex 97.4521 68.714 4
      vertex 97.55 67.2206 4
      vertex 97.55 68.7794 4
    endloop
  endfacet
  facet normal 0 0 1
    outer loop
      vertex 97.4521 68.714 4
      vertex 97.4521 67.286 4
      vertex 97.55 67.2206 4
    endloop
  endfacet
  facet normal -0 0 1
    outer loop
      vertex 97.3636 68.6364 4
      vertex 97.4521 67.286 4
      vertex 97.4521 68.714 4
    endloop
  endfacet
  facet normal 0 0 1
    outer loop
      vertex 97.3636 68.6364 4
      vertex 97.3636 67.3636 4
      vertex 97.4521 67.286 4
    endloop
  endfacet
  facet normal -0 0 1
    outer loop
      vertex 97.286 68.5479 4
      vertex 97.3636 67.3636 4
      vertex 97.3636 68.6364 4
    endloop
  endfacet
  facet normal 0 0 1
    outer loop
      vertex 97.286 68.5479 4
      vertex 97.286 67.4521 4
      vertex 97.3636 67.3636 4
    endloop
  endfacet
  facet normal -0 0 1
    outer loop
      vertex 97.2206 68.45 4
      vertex 97.286 67.4521 4
      vertex 97.286 68.5479 4
    endloop
  endfacet
  facet normal 0 0 1
    outer loop
      vertex 97.2206 68.45 4
      vertex 97.2206 67.55 4
      vertex 97.286 67.4521 4
    endloop
  endfacet
  facet normal -0 0 1
    outer loop
      vertex 97.1685 68.3444 4
      vertex 97.2206 67.55 4
      vertex 97.2206 68.45 4
    endloop
  endfacet
  facet normal 0 0 1
    outer loop
      vertex 97.1685 68.3444 4
      vertex 97.1685 67.6556 4
      vertex 97.2206 67.55 4
    endloop
  endfacet
  facet normal -0 0 1
    outer loop
      vertex 97.1307 68.2329 4
      vertex 97.1685 67.6556 4
      vertex 97.1685 68.3444 4
    endloop
  endfacet
  facet normal 0 0 1
    outer loop
      vertex 97.1307 68.2329 4
      vertex 97.1307 67.7671 4
      vertex 97.1685 67.6556 4
    endloop
  endfacet
  facet normal -0 0 1
    outer loop
      vertex 97.1077 68.1175 4
      vertex 97.1307 67.7671 4
      vertex 97.1307 68.2329 4
    endloop
  endfacet
  facet normal 0 0 1
    outer loop
      vertex 97.1077 68.1175 4
      vertex 97.1077 67.8825 4
      vertex 97.1307 67.7671 4
    endloop
  endfacet
  facet normal 0 -0 1
    outer loop
      vertex 97.1077 67.8825 4
      vertex 97.1077 68.1175 4
      vertex 97.1 68 4
    endloop
  endfacet
  facet normal -0.896792 -0.442452 0
    outer loop
      vertex 98.8315 68.3444 4
      vertex 98.7794 68.45 22
      vertex 98.7794 68.45 4
    endloop
  endfacet
  facet normal -0.896792 -0.442452 0
    outer loop
      vertex 98.7794 68.45 22
      vertex 98.8315 68.3444 4
      vertex 98.8315 68.3444 22
    endloop
  endfacet
  facet normal -0.831527 -0.555484 0
    outer loop
      vertex 98.7794 68.45 4
      vertex 98.714 68.5479 22
      vertex 98.714 68.5479 4
    endloop
  endfacet
  facet normal -0.831527 -0.555484 0
    outer loop
      vertex 98.714 68.5479 22
      vertex 98.7794 68.45 4
      vertex 98.7794 68.45 22
    endloop
  endfacet
  facet normal -0.442452 -0.896792 0
    outer loop
      vertex 98.3444 68.8315 4
      vertex 98.45 68.7794 22
      vertex 98.3444 68.8315 22
    endloop
  endfacet
  facet normal -0.442452 -0.896792 -0
    outer loop
      vertex 98.45 68.7794 22
      vertex 98.3444 68.8315 4
      vertex 98.45 68.7794 4
    endloop
  endfacet
  facet normal -0.555484 -0.831527 0
    outer loop
      vertex 98.45 68.7794 4
      vertex 98.5479 68.714 22
      vertex 98.45 68.7794 22
    endloop
  endfacet
  facet normal -0.555484 -0.831527 -0
    outer loop
      vertex 98.5479 68.714 22
      vertex 98.45 68.7794 4
      vertex 98.5479 68.714 4
    endloop
  endfacet
  facet normal 0.896792 -0.442452 0
    outer loop
      vertex 97.1685 68.3444 22
      vertex 97.2206 68.45 4
      vertex 97.2206 68.45 22
    endloop
  endfacet
  facet normal 0.896792 -0.442452 0
    outer loop
      vertex 97.2206 68.45 4
      vertex 97.1685 68.3444 22
      vertex 97.1685 68.3444 4
    endloop
  endfacet
  facet normal 0.751892 -0.659286 0
    outer loop
      vertex 97.286 68.5479 22
      vertex 97.3636 68.6364 4
      vertex 97.3636 68.6364 22
    endloop
  endfacet
  facet normal 0.751892 -0.659286 0
    outer loop
      vertex 97.3636 68.6364 4
      vertex 97.286 68.5479 22
      vertex 97.286 68.5479 4
    endloop
  endfacet
  facet normal 0.0653917 -0.99786 0
    outer loop
      vertex 97.8825 68.8923 4
      vertex 98 68.9 22
      vertex 97.8825 68.8923 22
    endloop
  endfacet
  facet normal 0.0653917 -0.99786 0
    outer loop
      vertex 98 68.9 22
      vertex 97.8825 68.8923 4
      vertex 98 68.9 4
    endloop
  endfacet
  facet normal -0.947057 0.321065 0
    outer loop
      vertex 98.8315 67.6556 4
      vertex 98.8693 67.7671 22
      vertex 98.8693 67.7671 4
    endloop
  endfacet
  facet normal -0.947057 0.321065 0
    outer loop
      vertex 98.8693 67.7671 22
      vertex 98.8315 67.6556 4
      vertex 98.8315 67.6556 22
    endloop
  endfacet
  facet normal -0.555484 0.831527 0
    outer loop
      vertex 98.5479 67.286 4
      vertex 98.45 67.2206 22
      vertex 98.5479 67.286 22
    endloop
  endfacet
  facet normal -0.555484 0.831527 0
    outer loop
      vertex 98.45 67.2206 22
      vertex 98.5479 67.286 4
      vertex 98.45 67.2206 4
    endloop
  endfacet
  facet normal 0.659286 0.751892 -0
    outer loop
      vertex 97.4521 67.286 4
      vertex 97.3636 67.3636 22
      vertex 97.4521 67.286 22
    endloop
  endfacet
  facet normal 0.659286 0.751892 0
    outer loop
      vertex 97.3636 67.3636 22
      vertex 97.4521 67.286 4
      vertex 97.3636 67.3636 4
    endloop
  endfacet
  facet normal 0.99786 0.0653917 0
    outer loop
      vertex 97.1077 67.8825 22
      vertex 97.1 68 4
      vertex 97.1 68 22
    endloop
  endfacet
  facet normal 0.99786 0.0653917 0
    outer loop
      vertex 97.1 68 4
      vertex 97.1077 67.8825 22
      vertex 97.1077 67.8825 4
    endloop
  endfacet
  facet normal -0.947057 -0.321065 0
    outer loop
      vertex 98.8693 68.2329 4
      vertex 98.8315 68.3444 22
      vertex 98.8315 68.3444 4
    endloop
  endfacet
  facet normal -0.947057 -0.321065 0
    outer loop
      vertex 98.8315 68.3444 22
      vertex 98.8693 68.2329 4
      vertex 98.8693 68.2329 22
    endloop
  endfacet
  facet normal -0.980711 -0.195462 0
    outer loop
      vertex 98.8923 68.1175 4
      vertex 98.8693 68.2329 22
      vertex 98.8693 68.2329 4
    endloop
  endfacet
  facet normal -0.980711 -0.195462 0
    outer loop
      vertex 98.8693 68.2329 22
      vertex 98.8923 68.1175 4
      vertex 98.8923 68.1175 22
    endloop
  endfacet
  facet normal -0.751892 -0.659286 0
    outer loop
      vertex 98.714 68.5479 4
      vertex 98.6364 68.6364 22
      vertex 98.6364 68.6364 4
    endloop
  endfacet
  facet normal -0.751892 -0.659286 0
    outer loop
      vertex 98.6364 68.6364 22
      vertex 98.714 68.5479 4
      vertex 98.714 68.5479 22
    endloop
  endfacet
  facet normal -0.321065 -0.947057 0
    outer loop
      vertex 98.2329 68.8693 4
      vertex 98.3444 68.8315 22
      vertex 98.2329 68.8693 22
    endloop
  endfacet
  facet normal -0.321065 -0.947057 -0
    outer loop
      vertex 98.3444 68.8315 22
      vertex 98.2329 68.8693 4
      vertex 98.3444 68.8315 4
    endloop
  endfacet
  facet normal -0.195462 -0.980711 0
    outer loop
      vertex 98.1175 68.8923 4
      vertex 98.2329 68.8693 22
      vertex 98.1175 68.8923 22
    endloop
  endfacet
  facet normal -0.195462 -0.980711 -0
    outer loop
      vertex 98.2329 68.8693 22
      vertex 98.1175 68.8923 4
      vertex 98.2329 68.8693 4
    endloop
  endfacet
  facet normal 0.831527 -0.555484 0
    outer loop
      vertex 97.2206 68.45 22
      vertex 97.286 68.5479 4
      vertex 97.286 68.5479 22
    endloop
  endfacet
  facet normal 0.831527 -0.555484 0
    outer loop
      vertex 97.286 68.5479 4
      vertex 97.2206 68.45 22
      vertex 97.2206 68.45 4
    endloop
  endfacet
  facet normal 0.947057 -0.321065 0
    outer loop
      vertex 97.1307 68.2329 22
      vertex 97.1685 68.3444 4
      vertex 97.1685 68.3444 22
    endloop
  endfacet
  facet normal 0.947057 -0.321065 0
    outer loop
      vertex 97.1685 68.3444 4
      vertex 97.1307 68.2329 22
      vertex 97.1307 68.2329 4
    endloop
  endfacet
  facet normal 0.980711 -0.195462 0
    outer loop
      vertex 97.1077 68.1175 22
      vertex 97.1307 68.2329 4
      vertex 97.1307 68.2329 22
    endloop
  endfacet
  facet normal 0.980711 -0.195462 0
    outer loop
      vertex 97.1307 68.2329 4
      vertex 97.1077 68.1175 22
      vertex 97.1077 68.1175 4
    endloop
  endfacet
  facet normal 0.442452 -0.896792 0
    outer loop
      vertex 97.55 68.7794 4
      vertex 97.6556 68.8315 22
      vertex 97.55 68.7794 22
    endloop
  endfacet
  facet normal 0.442452 -0.896792 0
    outer loop
      vertex 97.6556 68.8315 22
      vertex 97.55 68.7794 4
      vertex 97.6556 68.8315 4
    endloop
  endfacet
  facet normal 0.555484 -0.831527 0
    outer loop
      vertex 97.4521 68.714 4
      vertex 97.55 68.7794 22
      vertex 97.4521 68.714 22
    endloop
  endfacet
  facet normal 0.555484 -0.831527 0
    outer loop
      vertex 97.55 68.7794 22
      vertex 97.4521 68.714 4
      vertex 97.55 68.7794 4
    endloop
  endfacet
  facet normal 0.195462 -0.980711 0
    outer loop
      vertex 97.7671 68.8693 4
      vertex 97.8825 68.8923 22
      vertex 97.7671 68.8693 22
    endloop
  endfacet
  facet normal 0.195462 -0.980711 0
    outer loop
      vertex 97.8825 68.8923 22
      vertex 97.7671 68.8693 4
      vertex 97.8825 68.8923 4
    endloop
  endfacet
  facet normal -0.0653917 0.99786 0
    outer loop
      vertex 98.1175 67.1077 4
      vertex 98 67.1 22
      vertex 98.1175 67.1077 22
    endloop
  endfacet
  facet normal -0.0653917 0.99786 0
    outer loop
      vertex 98 67.1 22
      vertex 98.1175 67.1077 4
      vertex 98 67.1 4
    endloop
  endfacet
  facet normal -0.321065 0.947057 0
    outer loop
      vertex 98.3444 67.1685 4
      vertex 98.2329 67.1307 22
      vertex 98.3444 67.1685 22
    endloop
  endfacet
  facet normal -0.321065 0.947057 0
    outer loop
      vertex 98.2329 67.1307 22
      vertex 98.3444 67.1685 4
      vertex 98.2329 67.1307 4
    endloop
  endfacet
  facet normal -0.659286 0.751892 0
    outer loop
      vertex 98.6364 67.3636 4
      vertex 98.5479 67.286 22
      vertex 98.6364 67.3636 22
    endloop
  endfacet
  facet normal -0.659286 0.751892 0
    outer loop
      vertex 98.5479 67.286 22
      vertex 98.6364 67.3636 4
      vertex 98.5479 67.286 4
    endloop
  endfacet
  facet normal -0.831527 0.555484 0
    outer loop
      vertex 98.714 67.4521 4
      vertex 98.7794 67.55 22
      vertex 98.7794 67.55 4
    endloop
  endfacet
  facet normal -0.831527 0.555484 0
    outer loop
      vertex 98.7794 67.55 22
      vertex 98.714 67.4521 4
      vertex 98.714 67.4521 22
    endloop
  endfacet
  facet normal 0.555484 0.831527 -0
    outer loop
      vertex 97.55 67.2206 4
      vertex 97.4521 67.286 22
      vertex 97.55 67.2206 22
    endloop
  endfacet
  facet normal 0.555484 0.831527 0
    outer loop
      vertex 97.4521 67.286 22
      vertex 97.55 67.2206 4
      vertex 97.4521 67.286 4
    endloop
  endfacet
  facet normal 0.321065 0.947057 -0
    outer loop
      vertex 97.7671 67.1307 4
      vertex 97.6556 67.1685 22
      vertex 97.7671 67.1307 22
    endloop
  endfacet
  facet normal 0.321065 0.947057 0
    outer loop
      vertex 97.6556 67.1685 22
      vertex 97.7671 67.1307 4
      vertex 97.6556 67.1685 4
    endloop
  endfacet
  facet normal 0.0653917 0.99786 -0
    outer loop
      vertex 98 67.1 4
      vertex 97.8825 67.1077 22
      vertex 98 67.1 22
    endloop
  endfacet
  facet normal 0.0653917 0.99786 0
    outer loop
      vertex 97.8825 67.1077 22
      vertex 98 67.1 4
      vertex 97.8825 67.1077 4
    endloop
  endfacet
  facet normal 0.896792 0.442452 0
    outer loop
      vertex 97.2206 67.55 22
      vertex 97.1685 67.6556 4
      vertex 97.1685 67.6556 22
    endloop
  endfacet
  facet normal 0.896792 0.442452 0
    outer loop
      vertex 97.1685 67.6556 4
      vertex 97.2206 67.55 22
      vertex 97.2206 67.55 4
    endloop
  endfacet
  facet normal 0.980711 0.195462 0
    outer loop
      vertex 97.1307 67.7671 22
      vertex 97.1077 67.8825 4
      vertex 97.1077 67.8825 22
    endloop
  endfacet
  facet normal 0.980711 0.195462 0
    outer loop
      vertex 97.1077 67.8825 4
      vertex 97.1307 67.7671 22
      vertex 97.1307 67.7671 4
    endloop
  endfacet
  facet normal -0.195462 0.980711 0
    outer loop
      vertex 98.2329 67.1307 4
      vertex 98.1175 67.1077 22
      vertex 98.2329 67.1307 22
    endloop
  endfacet
  facet normal -0.195462 0.980711 0
    outer loop
      vertex 98.1175 67.1077 22
      vertex 98.2329 67.1307 4
      vertex 98.1175 67.1077 4
    endloop
  endfacet
  facet normal -0.442452 0.896792 0
    outer loop
      vertex 98.45 67.2206 4
      vertex 98.3444 67.1685 22
      vertex 98.45 67.2206 22
    endloop
  endfacet
  facet normal -0.442452 0.896792 0
    outer loop
      vertex 98.3444 67.1685 22
      vertex 98.45 67.2206 4
      vertex 98.3444 67.1685 4
    endloop
  endfacet
  facet normal -0.751892 0.659286 0
    outer loop
      vertex 98.6364 67.3636 4
      vertex 98.714 67.4521 22
      vertex 98.714 67.4521 4
    endloop
  endfacet
  facet normal -0.751892 0.659286 0
    outer loop
      vertex 98.714 67.4521 22
      vertex 98.6364 67.3636 4
      vertex 98.6364 67.3636 22
    endloop
  endfacet
  facet normal -0.980711 0.195462 0
    outer loop
      vertex 98.8693 67.7671 4
      vertex 98.8923 67.8825 22
      vertex 98.8923 67.8825 4
    endloop
  endfacet
  facet normal -0.980711 0.195462 0
    outer loop
      vertex 98.8923 67.8825 22
      vertex 98.8693 67.7671 4
      vertex 98.8693 67.7671 22
    endloop
  endfacet
  facet normal -0.896792 0.442452 0
    outer loop
      vertex 98.7794 67.55 4
      vertex 98.8315 67.6556 22
      vertex 98.8315 67.6556 4
    endloop
  endfacet
  facet normal -0.896792 0.442452 0
    outer loop
      vertex 98.8315 67.6556 22
      vertex 98.7794 67.55 4
      vertex 98.7794 67.55 22
    endloop
  endfacet
  facet normal 0.442452 0.896792 -0
    outer loop
      vertex 97.6556 67.1685 4
      vertex 97.55 67.2206 22
      vertex 97.6556 67.1685 22
    endloop
  endfacet
  facet normal 0.442452 0.896792 0
    outer loop
      vertex 97.55 67.2206 22
      vertex 97.6556 67.1685 4
      vertex 97.55 67.2206 4
    endloop
  endfacet
  facet normal 0.195462 0.980711 -0
    outer loop
      vertex 97.8825 67.1077 4
      vertex 97.7671 67.1307 22
      vertex 97.8825 67.1077 22
    endloop
  endfacet
  facet normal 0.195462 0.980711 0
    outer loop
      vertex 97.7671 67.1307 22
      vertex 97.8825 67.1077 4
      vertex 97.7671 67.1307 4
    endloop
  endfacet
  facet normal 0.831527 0.555484 0
    outer loop
      vertex 97.286 67.4521 22
      vertex 97.2206 67.55 4
      vertex 97.2206 67.55 22
    endloop
  endfacet
  facet normal 0.831527 0.555484 0
    outer loop
      vertex 97.2206 67.55 4
      vertex 97.286 67.4521 22
      vertex 97.286 67.4521 4
    endloop
  endfacet
  facet normal -0.99786 0.0653917 0
    outer loop
      vertex 98.8923 67.8825 4
      vertex 98.9 68 22
      vertex 98.9 68 4
    endloop
  endfacet
  facet normal -0.99786 0.0653917 0
    outer loop
      vertex 98.9 68 22
      vertex 98.8923 67.8825 4
      vertex 98.8923 67.8825 22
    endloop
  endfacet
  facet normal 0 0 1
    outer loop
      vertex 61 72 10
      vertex 59.5 70.5 10
      vertex 61 33 10
    endloop
  endfacet
  facet normal 0 0 1
    outer loop
      vertex 61 72 10
      vertex 38.5 70.5 10
      vertex 59.5 70.5 10
    endloop
  endfacet
  facet normal 0 0 1
    outer loop
      vertex 38.5 70.5 10
      vertex 37 72 10
      vertex 38.5 34.5 10
    endloop
  endfacet
  facet normal -0 0 1
    outer loop
      vertex 37 72 10
      vertex 38.5 70.5 10
      vertex 61 72 10
    endloop
  endfacet
  facet normal -0 0 1
    outer loop
      vertex 59.5 34.5 10
      vertex 61 33 10
      vertex 59.5 70.5 10
    endloop
  endfacet
  facet normal 0 0 1
    outer loop
      vertex 53 33 10
      vertex 59.5 34.5 10
      vertex 53 34.5 10
    endloop
  endfacet
  facet normal 0 0 1
    outer loop
      vertex 59.5 34.5 10
      vertex 53 33 10
      vertex 61 33 10
    endloop
  endfacet
  facet normal -0 0 1
    outer loop
      vertex 38.5 34.5 10
      vertex 45 33 10
      vertex 45 34.5 10
    endloop
  endfacet
  facet normal 0 0 1
    outer loop
      vertex 38.5 34.5 10
      vertex 37 33 10
      vertex 45 33 10
    endloop
  endfacet
  facet normal 0 0 1
    outer loop
      vertex 37 33 10
      vertex 38.5 34.5 10
      vertex 37 72 10
    endloop
  endfacet
  facet normal 0 1 -0
    outer loop
      vertex 61 72 2
      vertex 37 72 10
      vertex 61 72 10
    endloop
  endfacet
  facet normal 0 1 0
    outer loop
      vertex 37 72 10
      vertex 61 72 2
      vertex 37 72 2
    endloop
  endfacet
  facet normal -1 0 0
    outer loop
      vertex 37 33 2
      vertex 37 72 10
      vertex 37 72 2
    endloop
  endfacet
  facet normal -1 -0 0
    outer loop
      vertex 37 72 10
      vertex 37 33 2
      vertex 37 33 10
    endloop
  endfacet
  facet normal 0 -1 0
    outer loop
      vertex 37 33 10
      vertex 45 33 6
      vertex 45 33 10
    endloop
  endfacet
  facet normal 0 -1 -0
    outer loop
      vertex 45 33 6
      vertex 37 33 2
      vertex 53 33 6
    endloop
  endfacet
  facet normal 0 -1 0
    outer loop
      vertex 37 33 2
      vertex 45 33 6
      vertex 37 33 10
    endloop
  endfacet
  facet normal 0 -1 0
    outer loop
      vertex 53 33 6
      vertex 61 33 10
      vertex 53 33 10
    endloop
  endfacet
  facet normal 0 -1 0
    outer loop
      vertex 53 33 6
      vertex 61 33 2
      vertex 61 33 10
    endloop
  endfacet
  facet normal 0 -1 0
    outer loop
      vertex 61 33 2
      vertex 53 33 6
      vertex 37 33 2
    endloop
  endfacet
  facet normal 1 -0 0
    outer loop
      vertex 61 33 10
      vertex 61 72 2
      vertex 61 72 10
    endloop
  endfacet
  facet normal 1 0 0
    outer loop
      vertex 61 72 2
      vertex 61 33 10
      vertex 61 33 2
    endloop
  endfacet
  facet normal 1 -0 0
    outer loop
      vertex 38.5 34.5 10
      vertex 38.5 70.5 2
      vertex 38.5 70.5 10
    endloop
  endfacet
  facet normal 1 0 0
    outer loop
      vertex 38.5 70.5 2
      vertex 38.5 34.5 10
      vertex 38.5 34.5 2
    endloop
  endfacet
  facet normal 0 -1 0
    outer loop
      vertex 38.5 70.5 2
      vertex 59.5 70.5 10
      vertex 38.5 70.5 10
    endloop
  endfacet
  facet normal 0 -1 -0
    outer loop
      vertex 59.5 70.5 10
      vertex 38.5 70.5 2
      vertex 59.5 70.5 2
    endloop
  endfacet
  facet normal -1 0 0
    outer loop
      vertex 59.5 34.5 2
      vertex 59.5 70.5 10
      vertex 59.5 70.5 2
    endloop
  endfacet
  facet normal -1 -0 0
    outer loop
      vertex 59.5 70.5 10
      vertex 59.5 34.5 2
      vertex 59.5 34.5 10
    endloop
  endfacet
  facet normal 0 1 0
    outer loop
      vertex 59.5 34.5 10
      vertex 53 34.5 6
      vertex 53 34.5 10
    endloop
  endfacet
  facet normal 0 1 0
    outer loop
      vertex 53 34.5 6
      vertex 59.5 34.5 2
      vertex 45 34.5 6
    endloop
  endfacet
  facet normal 0 1 -0
    outer loop
      vertex 59.5 34.5 2
      vertex 53 34.5 6
      vertex 59.5 34.5 10
    endloop
  endfacet
  facet normal 0 1 -0
    outer loop
      vertex 45 34.5 6
      vertex 38.5 34.5 10
      vertex 45 34.5 10
    endloop
  endfacet
  facet normal 0 1 0
    outer loop
      vertex 45 34.5 6
      vertex 38.5 34.5 2
      vertex 38.5 34.5 10
    endloop
  endfacet
  facet normal 0 1 0
    outer loop
      vertex 38.5 34.5 2
      vertex 45 34.5 6
      vertex 59.5 34.5 2
    endloop
  endfacet
  facet normal 1 -0 0
    outer loop
      vertex 45 33 10
      vertex 45 34.5 6
      vertex 45 34.5 10
    endloop
  endfacet
  facet normal 1 0 0
    outer loop
      vertex 45 34.5 6
      vertex 45 33 10
      vertex 45 33 6
    endloop
  endfacet
  facet normal -1 0 0
    outer loop
      vertex 53 33 6
      vertex 53 34.5 10
      vertex 53 34.5 6
    endloop
  endfacet
  facet normal -1 -0 0
    outer loop
      vertex 53 34.5 10
      vertex 53 33 6
      vertex 53 33 10
    endloop
  endfacet
  facet normal -0 0 1
    outer loop
      vertex 45 34.5 6
      vertex 53 33 6
      vertex 53 34.5 6
    endloop
  endfacet
  facet normal 0 0 1
    outer loop
      vertex 53 33 6
      vertex 45 34.5 6
      vertex 45 33 6
    endloop
  endfacet
  facet normal 0 0 1
    outer loop
      vertex 13.5 32.7 5
      vertex 4.5 31.5 5
      vertex 13.5 31.5 5
    endloop
  endfacet
  facet normal -0 0 1
    outer loop
      vertex 3.3 32.7 5
      vertex 4.5 31.5 5
      vertex 13.5 32.7 5
    endloop
  endfacet
  facet normal 0 0 1
    outer loop
      vertex 3.3 25 5
      vertex 4.5 31.5 5
      vertex 3.3 32.7 5
    endloop
  endfacet
  facet normal 0 0 1
    outer loop
      vertex 4.5 31.5 5
      vertex 3.3 25 5
      vertex 4.5 25 5
    endloop
  endfacet
  facet normal 0 0 1
    outer loop
      vertex 29.7 32.7 5
      vertex 28.5 31.5 5
      vertex 29.7 25 5
    endloop
  endfacet
  facet normal -0 0 1
    outer loop
      vertex 19.5 32.7 5
      vertex 28.5 31.5 5
      vertex 29.7 32.7 5
    endloop
  endfacet
  facet normal 0 0 1
    outer loop
      vertex 28.5 31.5 5
      vertex 19.5 32.7 5
      vertex 19.5 31.5 5
    endloop
  endfacet
  facet normal 0 0 1
    outer loop
      vertex 29.7 25 5
      vertex 28.5 31.5 5
      vertex 28.5 25 5
    endloop
  endfacet
  facet normal 0 0 1
    outer loop
      vertex 28.5 12.5 5
      vertex 29.7 19 5
      vertex 28.5 19 5
    endloop
  endfacet
  facet normal 0 0 1
    outer loop
      vertex 29.7 19 5
      vertex 28.5 12.5 5
      vertex 29.7 11.3 5
    endloop
  endfacet
  facet normal 0 0 1
    outer loop
      vertex 19.5 11.3 5
      vertex 28.5 12.5 5
      vertex 19.5 12.5 5
    endloop
  endfacet
  facet normal 0 0 1
    outer loop
      vertex 28.5 12.5 5
      vertex 19.5 11.3 5
      vertex 29.7 11.3 5
    endloop
  endfacet
  facet normal 0 0 1
    outer loop
      vertex 4.5 19 5
      vertex 3.3 19 5
      vertex 4.5 12.5 5
    endloop
  endfacet
  facet normal -0 0 1
    outer loop
      vertex 4.5 12.5 5
      vertex 13.5 11.3 5
      vertex 13.5 12.5 5
    endloop
  endfacet
  facet normal 0 0 1
    outer loop
      vertex 4.5 12.5 5
      vertex 3.3 11.3 5
      vertex 13.5 11.3 5
    endloop
  endfacet
  facet normal 0 0 1
    outer loop
      vertex 3.3 11.3 5
      vertex 4.5 12.5 5
      vertex 3.3 19 5
    endloop
  endfacet
  facet normal 0 1 -0
    outer loop
      vertex 13.5 32.7 2
      vertex 3.3 32.7 5
      vertex 13.5 32.7 5
    endloop
  endfacet
  facet normal 0 1 0
    outer loop
      vertex 3.3 32.7 5
      vertex 13.5 32.7 2
      vertex 3.3 32.7 2
    endloop
  endfacet
  facet normal 0 1 -0
    outer loop
      vertex 29.7 32.7 2
      vertex 19.5 32.7 5
      vertex 29.7 32.7 5
    endloop
  endfacet
  facet normal 0 1 0
    outer loop
      vertex 19.5 32.7 5
      vertex 29.7 32.7 2
      vertex 19.5 32.7 2
    endloop
  endfacet
  facet normal -1 0 0
    outer loop
      vertex 3.3 25 2
      vertex 3.3 32.7 5
      vertex 3.3 32.7 2
    endloop
  endfacet
  facet normal -1 -0 0
    outer loop
      vertex 3.3 32.7 5
      vertex 3.3 25 2
      vertex 3.3 25 5
    endloop
  endfacet
  facet normal -1 0 0
    outer loop
      vertex 3.3 11.3 2
      vertex 3.3 19 5
      vertex 3.3 19 2
    endloop
  endfacet
  facet normal -1 -0 0
    outer loop
      vertex 3.3 19 5
      vertex 3.3 11.3 2
      vertex 3.3 11.3 5
    endloop
  endfacet
  facet normal 0 -1 0
    outer loop
      vertex 3.3 11.3 2
      vertex 13.5 11.3 5
      vertex 3.3 11.3 5
    endloop
  endfacet
  facet normal 0 -1 -0
    outer loop
      vertex 13.5 11.3 5
      vertex 3.3 11.3 2
      vertex 13.5 11.3 2
    endloop
  endfacet
  facet normal 0 -1 0
    outer loop
      vertex 19.5 11.3 2
      vertex 29.7 11.3 5
      vertex 19.5 11.3 5
    endloop
  endfacet
  facet normal 0 -1 -0
    outer loop
      vertex 29.7 11.3 5
      vertex 19.5 11.3 2
      vertex 29.7 11.3 2
    endloop
  endfacet
  facet normal 1 -0 0
    outer loop
      vertex 29.7 11.3 5
      vertex 29.7 19 2
      vertex 29.7 19 5
    endloop
  endfacet
  facet normal 1 0 0
    outer loop
      vertex 29.7 19 2
      vertex 29.7 11.3 5
      vertex 29.7 11.3 2
    endloop
  endfacet
  facet normal 1 -0 0
    outer loop
      vertex 29.7 25 5
      vertex 29.7 32.7 2
      vertex 29.7 32.7 5
    endloop
  endfacet
  facet normal 1 0 0
    outer loop
      vertex 29.7 32.7 2
      vertex 29.7 25 5
      vertex 29.7 25 2
    endloop
  endfacet
  facet normal 1 -0 0
    outer loop
      vertex 4.5 25 5
      vertex 4.5 31.5 2
      vertex 4.5 31.5 5
    endloop
  endfacet
  facet normal 1 0 0
    outer loop
      vertex 4.5 31.5 2
      vertex 4.5 25 5
      vertex 4.5 25 2
    endloop
  endfacet
  facet normal 1 -0 0
    outer loop
      vertex 4.5 12.5 5
      vertex 4.5 19 2
      vertex 4.5 19 5
    endloop
  endfacet
  facet normal 1 0 0
    outer loop
      vertex 4.5 19 2
      vertex 4.5 12.5 5
      vertex 4.5 12.5 2
    endloop
  endfacet
  facet normal 0 -1 0
    outer loop
      vertex 4.5 31.5 2
      vertex 13.5 31.5 5
      vertex 4.5 31.5 5
    endloop
  endfacet
  facet normal 0 -1 -0
    outer loop
      vertex 13.5 31.5 5
      vertex 4.5 31.5 2
      vertex 13.5 31.5 2
    endloop
  endfacet
  facet normal 0 -1 0
    outer loop
      vertex 19.5 31.5 2
      vertex 28.5 31.5 5
      vertex 19.5 31.5 5
    endloop
  endfacet
  facet normal 0 -1 -0
    outer loop
      vertex 28.5 31.5 5
      vertex 19.5 31.5 2
      vertex 28.5 31.5 2
    endloop
  endfacet
  facet normal -1 0 0
    outer loop
      vertex 28.5 25 2
      vertex 28.5 31.5 5
      vertex 28.5 31.5 2
    endloop
  endfacet
  facet normal -1 -0 0
    outer loop
      vertex 28.5 31.5 5
      vertex 28.5 25 2
      vertex 28.5 25 5
    endloop
  endfacet
  facet normal -1 0 0
    outer loop
      vertex 28.5 12.5 2
      vertex 28.5 19 5
      vertex 28.5 19 2
    endloop
  endfacet
  facet normal -1 -0 0
    outer loop
      vertex 28.5 19 5
      vertex 28.5 12.5 2
      vertex 28.5 12.5 5
    endloop
  endfacet
  facet normal 0 1 -0
    outer loop
      vertex 28.5 12.5 2
      vertex 19.5 12.5 5
      vertex 28.5 12.5 5
    endloop
  endfacet
  facet normal 0 1 0
    outer loop
      vertex 19.5 12.5 5
      vertex 28.5 12.5 2
      vertex 19.5 12.5 2
    endloop
  endfacet
  facet normal 0 1 -0
    outer loop
      vertex 13.5 12.5 2
      vertex 4.5 12.5 5
      vertex 13.5 12.5 5
    endloop
  endfacet
  facet normal 0 1 0
    outer loop
      vertex 4.5 12.5 5
      vertex 13.5 12.5 2
      vertex 4.5 12.5 2
    endloop
  endfacet
  facet normal 1 -0 0
    outer loop
      vertex 13.5 11.3 5
      vertex 13.5 12.5 2
      vertex 13.5 12.5 5
    endloop
  endfacet
  facet normal 1 0 0
    outer loop
      vertex 13.5 12.5 2
      vertex 13.5 11.3 5
      vertex 13.5 11.3 2
    endloop
  endfacet
  facet normal 1 -0 0
    outer loop
      vertex 13.5 31.5 5
      vertex 13.5 32.7 2
      vertex 13.5 32.7 5
    endloop
  endfacet
  facet normal 1 0 0
    outer loop
      vertex 13.5 32.7 2
      vertex 13.5 31.5 5
      vertex 13.5 31.5 2
    endloop
  endfacet
  facet normal -1 0 0
    outer loop
      vertex 19.5 11.3 2
      vertex 19.5 12.5 5
      vertex 19.5 12.5 2
    endloop
  endfacet
  facet normal -1 -0 0
    outer loop
      vertex 19.5 12.5 5
      vertex 19.5 11.3 2
      vertex 19.5 11.3 5
    endloop
  endfacet
  facet normal -1 0 0
    outer loop
      vertex 19.5 31.5 2
      vertex 19.5 32.7 5
      vertex 19.5 32.7 2
    endloop
  endfacet
  facet normal -1 -0 0
    outer loop
      vertex 19.5 32.7 5
      vertex 19.5 31.5 2
      vertex 19.5 31.5 5
    endloop
  endfacet
  facet normal 0 -1 0
    outer loop
      vertex 3.3 25 2
      vertex 4.5 25 5
      vertex 3.3 25 5
    endloop
  endfacet
  facet normal 0 -1 -0
    outer loop
      vertex 4.5 25 5
      vertex 3.3 25 2
      vertex 4.5 25 2
    endloop
  endfacet
  facet normal 0 -1 0
    outer loop
      vertex 28.5 25 2
      vertex 29.7 25 5
      vertex 28.5 25 5
    endloop
  endfacet
  facet normal 0 -1 -0
    outer loop
      vertex 29.7 25 5
      vertex 28.5 25 2
      vertex 29.7 25 2
    endloop
  endfacet
  facet normal 0 1 -0
    outer loop
      vertex 4.5 19 2
      vertex 3.3 19 5
      vertex 4.5 19 5
    endloop
  endfacet
  facet normal 0 1 0
    outer loop
      vertex 3.3 19 5
      vertex 4.5 19 2
      vertex 3.3 19 2
    endloop
  endfacet
  facet normal 0 1 -0
    outer loop
      vertex 29.7 19 2
      vertex 28.5 19 5
      vertex 29.7 19 5
    endloop
  endfacet
  facet normal 0 1 0
    outer loop
      vertex 28.5 19 5
      vertex 29.7 19 2
      vertex 28.5 19 2
    endloop
  endfacet
  facet normal 0 0 1
    outer loop
      vertex 50.25 24.2 5
      vertex 42.5 23 5
      vertex 50.25 23 5
    endloop
  endfacet
  facet normal -0 0 1
    outer loop
      vertex 41.3 24.2 5
      vertex 42.5 23 5
      vertex 50.25 24.2 5
    endloop
  endfacet
  facet normal 0 0 1
    outer loop
      vertex 41.3 17.75 5
      vertex 42.5 23 5
      vertex 41.3 24.2 5
    endloop
  endfacet
  facet normal 0 0 1
    outer loop
      vertex 42.5 23 5
      vertex 41.3 17.75 5
      vertex 42.5 17.75 5
    endloop
  endfacet
  facet normal 0 0 1
    outer loop
      vertex 65.2 24.2 5
      vertex 64 23 5
      vertex 65.2 17.75 5
    endloop
  endfacet
  facet normal -0 0 1
    outer loop
      vertex 56.25 24.2 5
      vertex 64 23 5
      vertex 65.2 24.2 5
    endloop
  endfacet
  facet normal 0 0 1
    outer loop
      vertex 64 23 5
      vertex 56.25 24.2 5
      vertex 56.25 23 5
    endloop
  endfacet
  facet normal 0 0 1
    outer loop
      vertex 65.2 17.75 5
      vertex 64 23 5
      vertex 64 17.75 5
    endloop
  endfacet
  facet normal 0 0 1
    outer loop
      vertex 64 6.5 5
      vertex 65.2 11.75 5
      vertex 64 11.75 5
    endloop
  endfacet
  facet normal 0 0 1
    outer loop
      vertex 65.2 11.75 5
      vertex 64 6.5 5
      vertex 65.2 5.3 5
    endloop
  endfacet
  facet normal 0 0 1
    outer loop
      vertex 56.25 5.3 5
      vertex 64 6.5 5
      vertex 56.25 6.5 5
    endloop
  endfacet
  facet normal 0 0 1
    outer loop
      vertex 64 6.5 5
      vertex 56.25 5.3 5
      vertex 65.2 5.3 5
    endloop
  endfacet
  facet normal 0 0 1
    outer loop
      vertex 42.5 11.75 5
      vertex 41.3 11.75 5
      vertex 42.5 6.5 5
    endloop
  endfacet
  facet normal -0 0 1
    outer loop
      vertex 42.5 6.5 5
      vertex 50.25 5.3 5
      vertex 50.25 6.5 5
    endloop
  endfacet
  facet normal 0 0 1
    outer loop
      vertex 42.5 6.5 5
      vertex 41.3 5.3 5
      vertex 50.25 5.3 5
    endloop
  endfacet
  facet normal 0 0 1
    outer loop
      vertex 41.3 5.3 5
      vertex 42.5 6.5 5
      vertex 41.3 11.75 5
    endloop
  endfacet
  facet normal 0 1 -0
    outer loop
      vertex 50.25 24.2 2
      vertex 41.3 24.2 5
      vertex 50.25 24.2 5
    endloop
  endfacet
  facet normal 0 1 0
    outer loop
      vertex 41.3 24.2 5
      vertex 50.25 24.2 2
      vertex 41.3 24.2 2
    endloop
  endfacet
  facet normal 0 1 -0
    outer loop
      vertex 65.2 24.2 2
      vertex 56.25 24.2 5
      vertex 65.2 24.2 5
    endloop
  endfacet
  facet normal 0 1 0
    outer loop
      vertex 56.25 24.2 5
      vertex 65.2 24.2 2
      vertex 56.25 24.2 2
    endloop
  endfacet
  facet normal -1 0 0
    outer loop
      vertex 41.3 17.75 2
      vertex 41.3 24.2 5
      vertex 41.3 24.2 2
    endloop
  endfacet
  facet normal -1 -0 0
    outer loop
      vertex 41.3 24.2 5
      vertex 41.3 17.75 2
      vertex 41.3 17.75 5
    endloop
  endfacet
  facet normal -1 0 0
    outer loop
      vertex 41.3 5.3 2
      vertex 41.3 11.75 5
      vertex 41.3 11.75 2
    endloop
  endfacet
  facet normal -1 -0 0
    outer loop
      vertex 41.3 11.75 5
      vertex 41.3 5.3 2
      vertex 41.3 5.3 5
    endloop
  endfacet
  facet normal 0 -1 0
    outer loop
      vertex 41.3 5.3 2
      vertex 50.25 5.3 5
      vertex 41.3 5.3 5
    endloop
  endfacet
  facet normal 0 -1 -0
    outer loop
      vertex 50.25 5.3 5
      vertex 41.3 5.3 2
      vertex 50.25 5.3 2
    endloop
  endfacet
  facet normal 0 -1 0
    outer loop
      vertex 56.25 5.3 2
      vertex 65.2 5.3 5
      vertex 56.25 5.3 5
    endloop
  endfacet
  facet normal 0 -1 -0
    outer loop
      vertex 65.2 5.3 5
      vertex 56.25 5.3 2
      vertex 65.2 5.3 2
    endloop
  endfacet
  facet normal 1 -0 0
    outer loop
      vertex 65.2 5.3 5
      vertex 65.2 11.75 2
      vertex 65.2 11.75 5
    endloop
  endfacet
  facet normal 1 0 0
    outer loop
      vertex 65.2 11.75 2
      vertex 65.2 5.3 5
      vertex 65.2 5.3 2
    endloop
  endfacet
  facet normal 1 -0 0
    outer loop
      vertex 65.2 17.75 5
      vertex 65.2 24.2 2
      vertex 65.2 24.2 5
    endloop
  endfacet
  facet normal 1 0 0
    outer loop
      vertex 65.2 24.2 2
      vertex 65.2 17.75 5
      vertex 65.2 17.75 2
    endloop
  endfacet
  facet normal 1 -0 0
    outer loop
      vertex 42.5 17.75 5
      vertex 42.5 23 2
      vertex 42.5 23 5
    endloop
  endfacet
  facet normal 1 0 0
    outer loop
      vertex 42.5 23 2
      vertex 42.5 17.75 5
      vertex 42.5 17.75 2
    endloop
  endfacet
  facet normal 1 -0 0
    outer loop
      vertex 42.5 6.5 5
      vertex 42.5 11.75 2
      vertex 42.5 11.75 5
    endloop
  endfacet
  facet normal 1 0 0
    outer loop
      vertex 42.5 11.75 2
      vertex 42.5 6.5 5
      vertex 42.5 6.5 2
    endloop
  endfacet
  facet normal 0 -1 0
    outer loop
      vertex 42.5 23 2
      vertex 50.25 23 5
      vertex 42.5 23 5
    endloop
  endfacet
  facet normal 0 -1 -0
    outer loop
      vertex 50.25 23 5
      vertex 42.5 23 2
      vertex 50.25 23 2
    endloop
  endfacet
  facet normal 0 -1 0
    outer loop
      vertex 56.25 23 2
      vertex 64 23 5
      vertex 56.25 23 5
    endloop
  endfacet
  facet normal 0 -1 -0
    outer loop
      vertex 64 23 5
      vertex 56.25 23 2
      vertex 64 23 2
    endloop
  endfacet
  facet normal -1 0 0
    outer loop
      vertex 64 17.75 2
      vertex 64 23 5
      vertex 64 23 2
    endloop
  endfacet
  facet normal -1 -0 0
    outer loop
      vertex 64 23 5
      vertex 64 17.75 2
      vertex 64 17.75 5
    endloop
  endfacet
  facet normal -1 0 0
    outer loop
      vertex 64 6.5 2
      vertex 64 11.75 5
      vertex 64 11.75 2
    endloop
  endfacet
  facet normal -1 -0 0
    outer loop
      vertex 64 11.75 5
      vertex 64 6.5 2
      vertex 64 6.5 5
    endloop
  endfacet
  facet normal 0 1 -0
    outer loop
      vertex 64 6.5 2
      vertex 56.25 6.5 5
      vertex 64 6.5 5
    endloop
  endfacet
  facet normal 0 1 0
    outer loop
      vertex 56.25 6.5 5
      vertex 64 6.5 2
      vertex 56.25 6.5 2
    endloop
  endfacet
  facet normal 0 1 -0
    outer loop
      vertex 50.25 6.5 2
      vertex 42.5 6.5 5
      vertex 50.25 6.5 5
    endloop
  endfacet
  facet normal 0 1 0
    outer loop
      vertex 42.5 6.5 5
      vertex 50.25 6.5 2
      vertex 42.5 6.5 2
    endloop
  endfacet
  facet normal 1 -0 0
    outer loop
      vertex 50.25 5.3 5
      vertex 50.25 6.5 2
      vertex 50.25 6.5 5
    endloop
  endfacet
  facet normal 1 0 0
    outer loop
      vertex 50.25 6.5 2
      vertex 50.25 5.3 5
      vertex 50.25 5.3 2
    endloop
  endfacet
  facet normal 1 -0 0
    outer loop
      vertex 50.25 23 5
      vertex 50.25 24.2 2
      vertex 50.25 24.2 5
    endloop
  endfacet
  facet normal 1 0 0
    outer loop
      vertex 50.25 24.2 2
      vertex 50.25 23 5
      vertex 50.25 23 2
    endloop
  endfacet
  facet normal -1 0 0
    outer loop
      vertex 56.25 5.3 2
      vertex 56.25 6.5 5
      vertex 56.25 6.5 2
    endloop
  endfacet
  facet normal -1 -0 0
    outer loop
      vertex 56.25 6.5 5
      vertex 56.25 5.3 2
      vertex 56.25 5.3 5
    endloop
  endfacet
  facet normal -1 0 0
    outer loop
      vertex 56.25 23 2
      vertex 56.25 24.2 5
      vertex 56.25 24.2 2
    endloop
  endfacet
  facet normal -1 -0 0
    outer loop
      vertex 56.25 24.2 5
      vertex 56.25 23 2
      vertex 56.25 23 5
    endloop
  endfacet
  facet normal 0 -1 0
    outer loop
      vertex 41.3 17.75 2
      vertex 42.5 17.75 5
      vertex 41.3 17.75 5
    endloop
  endfacet
  facet normal 0 -1 -0
    outer loop
      vertex 42.5 17.75 5
      vertex 41.3 17.75 2
      vertex 42.5 17.75 2
    endloop
  endfacet
  facet normal 0 -1 0
    outer loop
      vertex 64 17.75 2
      vertex 65.2 17.75 5
      vertex 64 17.75 5
    endloop
  endfacet
  facet normal 0 -1 -0
    outer loop
      vertex 65.2 17.75 5
      vertex 64 17.75 2
      vertex 65.2 17.75 2
    endloop
  endfacet
  facet normal 0 1 -0
    outer loop
      vertex 42.5 11.75 2
      vertex 41.3 11.75 5
      vertex 42.5 11.75 5
    endloop
  endfacet
  facet normal 0 1 0
    outer loop
      vertex 41.3 11.75 5
      vertex 42.5 11.75 2
      vertex 41.3 11.75 2
    endloop
  endfacet
  facet normal 0 1 -0
    outer loop
      vertex 65.2 11.75 2
      vertex 64 11.75 5
      vertex 65.2 11.75 5
    endloop
  endfacet
  facet normal 0 1 0
    outer loop
      vertex 64 11.75 5
      vertex 65.2 11.75 2
      vertex 64 11.75 2
    endloop
  endfacet
  facet normal 0 0 1
    outer loop
      vertex 76.5 26.2 5
      vertex 66.5 25 5
      vertex 76.5 25 5
    endloop
  endfacet
  facet normal -0 0 1
    outer loop
      vertex 65.3 26.2 5
      vertex 66.5 25 5
      vertex 76.5 26.2 5
    endloop
  endfacet
  facet normal 0 0 1
    outer loop
      vertex 65.3 18.25 5
      vertex 66.5 25 5
      vertex 65.3 26.2 5
    endloop
  endfacet
  facet normal 0 0 1
    outer loop
      vertex 66.5 25 5
      vertex 65.3 18.25 5
      vertex 66.5 18.25 5
    endloop
  endfacet
  facet normal 0 0 1
    outer loop
      vertex 93.7 26.2 5
      vertex 92.5 25 5
      vertex 93.7 18.25 5
    endloop
  endfacet
  facet normal -0 0 1
    outer loop
      vertex 82.5 26.2 5
      vertex 92.5 25 5
      vertex 93.7 26.2 5
    endloop
  endfacet
  facet normal 0 0 1
    outer loop
      vertex 92.5 25 5
      vertex 82.5 26.2 5
      vertex 82.5 25 5
    endloop
  endfacet
  facet normal 0 0 1
    outer loop
      vertex 93.7 18.25 5
      vertex 92.5 25 5
      vertex 92.5 18.25 5
    endloop
  endfacet
  facet normal 0 0 1
    outer loop
      vertex 92.5 5.5 5
      vertex 93.7 12.25 5
      vertex 92.5 12.25 5
    endloop
  endfacet
  facet normal 0 0 1
    outer loop
      vertex 93.7 12.25 5
      vertex 92.5 5.5 5
      vertex 93.7 4.3 5
    endloop
  endfacet
  facet normal 0 0 1
    outer loop
      vertex 82.5 4.3 5
      vertex 92.5 5.5 5
      vertex 82.5 5.5 5
    endloop
  endfacet
  facet normal 0 0 1
    outer loop
      vertex 92.5 5.5 5
      vertex 82.5 4.3 5
      vertex 93.7 4.3 5
    endloop
  endfacet
  facet normal 0 0 1
    outer loop
      vertex 66.5 12.25 5
      vertex 65.3 12.25 5
      vertex 66.5 5.5 5
    endloop
  endfacet
  facet normal -0 0 1
    outer loop
      vertex 66.5 5.5 5
      vertex 76.5 4.3 5
      vertex 76.5 5.5 5
    endloop
  endfacet
  facet normal 0 0 1
    outer loop
      vertex 66.5 5.5 5
      vertex 65.3 4.3 5
      vertex 76.5 4.3 5
    endloop
  endfacet
  facet normal 0 0 1
    outer loop
      vertex 65.3 4.3 5
      vertex 66.5 5.5 5
      vertex 65.3 12.25 5
    endloop
  endfacet
  facet normal 0 1 -0
    outer loop
      vertex 76.5 26.2 2
      vertex 65.3 26.2 5
      vertex 76.5 26.2 5
    endloop
  endfacet
  facet normal 0 1 0
    outer loop
      vertex 65.3 26.2 5
      vertex 76.5 26.2 2
      vertex 65.3 26.2 2
    endloop
  endfacet
  facet normal 0 1 -0
    outer loop
      vertex 93.7 26.2 2
      vertex 82.5 26.2 5
      vertex 93.7 26.2 5
    endloop
  endfacet
  facet normal 0 1 0
    outer loop
      vertex 82.5 26.2 5
      vertex 93.7 26.2 2
      vertex 82.5 26.2 2
    endloop
  endfacet
  facet normal -1 0 0
    outer loop
      vertex 65.3 18.25 2
      vertex 65.3 26.2 5
      vertex 65.3 26.2 2
    endloop
  endfacet
  facet normal -1 -0 0
    outer loop
      vertex 65.3 26.2 5
      vertex 65.3 18.25 2
      vertex 65.3 18.25 5
    endloop
  endfacet
  facet normal -1 0 0
    outer loop
      vertex 65.3 4.3 2
      vertex 65.3 12.25 5
      vertex 65.3 12.25 2
    endloop
  endfacet
  facet normal -1 -0 0
    outer loop
      vertex 65.3 12.25 5
      vertex 65.3 4.3 2
      vertex 65.3 4.3 5
    endloop
  endfacet
  facet normal 0 -1 0
    outer loop
      vertex 65.3 4.3 2
      vertex 76.5 4.3 5
      vertex 65.3 4.3 5
    endloop
  endfacet
  facet normal 0 -1 -0
    outer loop
      vertex 76.5 4.3 5
      vertex 65.3 4.3 2
      vertex 76.5 4.3 2
    endloop
  endfacet
  facet normal 0 -1 0
    outer loop
      vertex 82.5 4.3 2
      vertex 93.7 4.3 5
      vertex 82.5 4.3 5
    endloop
  endfacet
  facet normal 0 -1 -0
    outer loop
      vertex 93.7 4.3 5
      vertex 82.5 4.3 2
      vertex 93.7 4.3 2
    endloop
  endfacet
  facet normal 1 -0 0
    outer loop
      vertex 93.7 4.3 5
      vertex 93.7 12.25 2
      vertex 93.7 12.25 5
    endloop
  endfacet
  facet normal 1 0 0
    outer loop
      vertex 93.7 12.25 2
      vertex 93.7 4.3 5
      vertex 93.7 4.3 2
    endloop
  endfacet
  facet normal 1 -0 0
    outer loop
      vertex 93.7 18.25 5
      vertex 93.7 26.2 2
      vertex 93.7 26.2 5
    endloop
  endfacet
  facet normal 1 0 0
    outer loop
      vertex 93.7 26.2 2
      vertex 93.7 18.25 5
      vertex 93.7 18.25 2
    endloop
  endfacet
  facet normal 1 -0 0
    outer loop
      vertex 66.5 18.25 5
      vertex 66.5 25 2
      vertex 66.5 25 5
    endloop
  endfacet
  facet normal 1 0 0
    outer loop
      vertex 66.5 25 2
      vertex 66.5 18.25 5
      vertex 66.5 18.25 2
    endloop
  endfacet
  facet normal 1 -0 0
    outer loop
      vertex 66.5 5.5 5
      vertex 66.5 12.25 2
      vertex 66.5 12.25 5
    endloop
  endfacet
  facet normal 1 0 0
    outer loop
      vertex 66.5 12.25 2
      vertex 66.5 5.5 5
      vertex 66.5 5.5 2
    endloop
  endfacet
  facet normal 0 -1 0
    outer loop
      vertex 66.5 25 2
      vertex 76.5 25 5
      vertex 66.5 25 5
    endloop
  endfacet
  facet normal 0 -1 -0
    outer loop
      vertex 76.5 25 5
      vertex 66.5 25 2
      vertex 76.5 25 2
    endloop
  endfacet
  facet normal 0 -1 0
    outer loop
      vertex 82.5 25 2
      vertex 92.5 25 5
      vertex 82.5 25 5
    endloop
  endfacet
  facet normal 0 -1 -0
    outer loop
      vertex 92.5 25 5
      vertex 82.5 25 2
      vertex 92.5 25 2
    endloop
  endfacet
  facet normal -1 0 0
    outer loop
      vertex 92.5 18.25 2
      vertex 92.5 25 5
      vertex 92.5 25 2
    endloop
  endfacet
  facet normal -1 -0 0
    outer loop
      vertex 92.5 25 5
      vertex 92.5 18.25 2
      vertex 92.5 18.25 5
    endloop
  endfacet
  facet normal -1 0 0
    outer loop
      vertex 92.5 5.5 2
      vertex 92.5 12.25 5
      vertex 92.5 12.25 2
    endloop
  endfacet
  facet normal -1 -0 0
    outer loop
      vertex 92.5 12.25 5
      vertex 92.5 5.5 2
      vertex 92.5 5.5 5
    endloop
  endfacet
  facet normal 0 1 -0
    outer loop
      vertex 92.5 5.5 2
      vertex 82.5 5.5 5
      vertex 92.5 5.5 5
    endloop
  endfacet
  facet normal 0 1 0
    outer loop
      vertex 82.5 5.5 5
      vertex 92.5 5.5 2
      vertex 82.5 5.5 2
    endloop
  endfacet
  facet normal 0 1 -0
    outer loop
      vertex 76.5 5.5 2
      vertex 66.5 5.5 5
      vertex 76.5 5.5 5
    endloop
  endfacet
  facet normal 0 1 0
    outer loop
      vertex 66.5 5.5 5
      vertex 76.5 5.5 2
      vertex 66.5 5.5 2
    endloop
  endfacet
  facet normal 1 -0 0
    outer loop
      vertex 76.5 25 5
      vertex 76.5 26.2 2
      vertex 76.5 26.2 5
    endloop
  endfacet
  facet normal 1 0 0
    outer loop
      vertex 76.5 26.2 2
      vertex 76.5 25 5
      vertex 76.5 25 2
    endloop
  endfacet
  facet normal 1 -0 0
    outer loop
      vertex 76.5 4.3 5
      vertex 76.5 5.5 2
      vertex 76.5 5.5 5
    endloop
  endfacet
  facet normal 1 0 0
    outer loop
      vertex 76.5 5.5 2
      vertex 76.5 4.3 5
      vertex 76.5 4.3 2
    endloop
  endfacet
  facet normal -1 0 0
    outer loop
      vertex 82.5 25 2
      vertex 82.5 26.2 5
      vertex 82.5 26.2 2
    endloop
  endfacet
  facet normal -1 -0 0
    outer loop
      vertex 82.5 26.2 5
      vertex 82.5 25 2
      vertex 82.5 25 5
    endloop
  endfacet
  facet normal -1 0 0
    outer loop
      vertex 82.5 4.3 2
      vertex 82.5 5.5 5
      vertex 82.5 5.5 2
    endloop
  endfacet
  facet normal -1 -0 0
    outer loop
      vertex 82.5 5.5 5
      vertex 82.5 4.3 2
      vertex 82.5 4.3 5
    endloop
  endfacet
  facet normal 0 -1 0
    outer loop
      vertex 65.3 18.25 2
      vertex 66.5 18.25 5
      vertex 65.3 18.25 5
    endloop
  endfacet
  facet normal 0 -1 -0
    outer loop
      vertex 66.5 18.25 5
      vertex 65.3 18.25 2
      vertex 66.5 18.25 2
    endloop
  endfacet
  facet normal 0 -1 0
    outer loop
      vertex 92.5 18.25 2
      vertex 93.7 18.25 5
      vertex 92.5 18.25 5
    endloop
  endfacet
  facet normal 0 -1 -0
    outer loop
      vertex 93.7 18.25 5
      vertex 92.5 18.25 2
      vertex 93.7 18.25 2
    endloop
  endfacet
  facet normal 0 1 -0
    outer loop
      vertex 66.5 12.25 2
      vertex 65.3 12.25 5
      vertex 66.5 12.25 5
    endloop
  endfacet
  facet normal 0 1 0
    outer loop
      vertex 65.3 12.25 5
      vertex 66.5 12.25 2
      vertex 65.3 12.25 2
    endloop
  endfacet
  facet normal 0 1 -0
    outer loop
      vertex 93.7 12.25 2
      vertex 92.5 12.25 5
      vertex 93.7 12.25 5
    endloop
  endfacet
  facet normal 0 1 0
    outer loop
      vertex 92.5 12.25 5
      vertex 93.7 12.25 2
      vertex 92.5 12.25 2
    endloop
  endfacet
  facet normal 0 0 1
    outer loop
      vertex 16.5 63.7 5
      vertex 6.5 62.5 5
      vertex 16.5 62.5 5
    endloop
  endfacet
  facet normal -0 0 1
    outer loop
      vertex 5.3 63.7 5
      vertex 6.5 62.5 5
      vertex 16.5 63.7 5
    endloop
  endfacet
  facet normal 0 0 1
    outer loop
      vertex 5.3 51.5 5
      vertex 6.5 62.5 5
      vertex 5.3 63.7 5
    endloop
  endfacet
  facet normal 0 0 1
    outer loop
      vertex 6.5 62.5 5
      vertex 5.3 51.5 5
      vertex 6.5 51.5 5
    endloop
  endfacet
  facet normal 0 0 1
    outer loop
      vertex 33.7 63.7 5
      vertex 32.5 62.5 5
      vertex 33.7 51.5 5
    endloop
  endfacet
  facet normal -0 0 1
    outer loop
      vertex 22.5 63.7 5
      vertex 32.5 62.5 5
      vertex 33.7 63.7 5
    endloop
  endfacet
  facet normal 0 0 1
    outer loop
      vertex 32.5 62.5 5
      vertex 22.5 63.7 5
      vertex 22.5 62.5 5
    endloop
  endfacet
  facet normal 0 0 1
    outer loop
      vertex 33.7 51.5 5
      vertex 32.5 62.5 5
      vertex 32.5 51.5 5
    endloop
  endfacet
  facet normal 0 0 1
    outer loop
      vertex 32.5 34.5 5
      vertex 33.7 45.5 5
      vertex 32.5 45.5 5
    endloop
  endfacet
  facet normal 0 0 1
    outer loop
      vertex 33.7 45.5 5
      vertex 32.5 34.5 5
      vertex 33.7 33.3 5
    endloop
  endfacet
  facet normal 0 0 1
    outer loop
      vertex 22.5 33.3 5
      vertex 32.5 34.5 5
      vertex 22.5 34.5 5
    endloop
  endfacet
  facet normal 0 0 1
    outer loop
      vertex 32.5 34.5 5
      vertex 22.5 33.3 5
      vertex 33.7 33.3 5
    endloop
  endfacet
  facet normal 0 0 1
    outer loop
      vertex 6.5 45.5 5
      vertex 5.3 45.5 5
      vertex 6.5 34.5 5
    endloop
  endfacet
  facet normal -0 0 1
    outer loop
      vertex 6.5 34.5 5
      vertex 16.5 33.3 5
      vertex 16.5 34.5 5
    endloop
  endfacet
  facet normal 0 0 1
    outer loop
      vertex 6.5 34.5 5
      vertex 5.3 33.3 5
      vertex 16.5 33.3 5
    endloop
  endfacet
  facet normal 0 0 1
    outer loop
      vertex 5.3 33.3 5
      vertex 6.5 34.5 5
      vertex 5.3 45.5 5
    endloop
  endfacet
  facet normal 0 1 -0
    outer loop
      vertex 16.5 63.7 2
      vertex 5.3 63.7 5
      vertex 16.5 63.7 5
    endloop
  endfacet
  facet normal 0 1 0
    outer loop
      vertex 5.3 63.7 5
      vertex 16.5 63.7 2
      vertex 5.3 63.7 2
    endloop
  endfacet
  facet normal 0 1 -0
    outer loop
      vertex 33.7 63.7 2
      vertex 22.5 63.7 5
      vertex 33.7 63.7 5
    endloop
  endfacet
  facet normal 0 1 0
    outer loop
      vertex 22.5 63.7 5
      vertex 33.7 63.7 2
      vertex 22.5 63.7 2
    endloop
  endfacet
  facet normal -1 0 0
    outer loop
      vertex 5.3 51.5 2
      vertex 5.3 63.7 5
      vertex 5.3 63.7 2
    endloop
  endfacet
  facet normal -1 -0 0
    outer loop
      vertex 5.3 63.7 5
      vertex 5.3 51.5 2
      vertex 5.3 51.5 5
    endloop
  endfacet
  facet normal -1 0 0
    outer loop
      vertex 5.3 33.3 2
      vertex 5.3 45.5 5
      vertex 5.3 45.5 2
    endloop
  endfacet
  facet normal -1 -0 0
    outer loop
      vertex 5.3 45.5 5
      vertex 5.3 33.3 2
      vertex 5.3 33.3 5
    endloop
  endfacet
  facet normal 0 -1 0
    outer loop
      vertex 22.5 33.3 2
      vertex 33.7 33.3 5
      vertex 22.5 33.3 5
    endloop
  endfacet
  facet normal 0 -1 -0
    outer loop
      vertex 33.7 33.3 5
      vertex 22.5 33.3 2
      vertex 33.7 33.3 2
    endloop
  endfacet
  facet normal 0 -1 0
    outer loop
      vertex 5.3 33.3 2
      vertex 16.5 33.3 5
      vertex 5.3 33.3 5
    endloop
  endfacet
  facet normal 0 -1 -0
    outer loop
      vertex 16.5 33.3 5
      vertex 5.3 33.3 2
      vertex 16.5 33.3 2
    endloop
  endfacet
  facet normal 1 -0 0
    outer loop
      vertex 33.7 33.3 5
      vertex 33.7 45.5 2
      vertex 33.7 45.5 5
    endloop
  endfacet
  facet normal 1 0 0
    outer loop
      vertex 33.7 45.5 2
      vertex 33.7 33.3 5
      vertex 33.7 33.3 2
    endloop
  endfacet
  facet normal 1 -0 0
    outer loop
      vertex 33.7 51.5 5
      vertex 33.7 63.7 2
      vertex 33.7 63.7 5
    endloop
  endfacet
  facet normal 1 0 0
    outer loop
      vertex 33.7 63.7 2
      vertex 33.7 51.5 5
      vertex 33.7 51.5 2
    endloop
  endfacet
  facet normal 1 -0 0
    outer loop
      vertex 6.5 51.5 5
      vertex 6.5 62.5 2
      vertex 6.5 62.5 5
    endloop
  endfacet
  facet normal 1 0 0
    outer loop
      vertex 6.5 62.5 2
      vertex 6.5 51.5 5
      vertex 6.5 51.5 2
    endloop
  endfacet
  facet normal 1 -0 0
    outer loop
      vertex 6.5 34.5 5
      vertex 6.5 45.5 2
      vertex 6.5 45.5 5
    endloop
  endfacet
  facet normal 1 0 0
    outer loop
      vertex 6.5 45.5 2
      vertex 6.5 34.5 5
      vertex 6.5 34.5 2
    endloop
  endfacet
  facet normal 0 -1 0
    outer loop
      vertex 6.5 62.5 2
      vertex 16.5 62.5 5
      vertex 6.5 62.5 5
    endloop
  endfacet
  facet normal 0 -1 -0
    outer loop
      vertex 16.5 62.5 5
      vertex 6.5 62.5 2
      vertex 16.5 62.5 2
    endloop
  endfacet
  facet normal 0 -1 0
    outer loop
      vertex 22.5 62.5 2
      vertex 32.5 62.5 5
      vertex 22.5 62.5 5
    endloop
  endfacet
  facet normal 0 -1 -0
    outer loop
      vertex 32.5 62.5 5
      vertex 22.5 62.5 2
      vertex 32.5 62.5 2
    endloop
  endfacet
  facet normal -1 0 0
    outer loop
      vertex 32.5 51.5 2
      vertex 32.5 62.5 5
      vertex 32.5 62.5 2
    endloop
  endfacet
  facet normal -1 -0 0
    outer loop
      vertex 32.5 62.5 5
      vertex 32.5 51.5 2
      vertex 32.5 51.5 5
    endloop
  endfacet
  facet normal -1 0 0
    outer loop
      vertex 32.5 34.5 2
      vertex 32.5 45.5 5
      vertex 32.5 45.5 2
    endloop
  endfacet
  facet normal -1 -0 0
    outer loop
      vertex 32.5 45.5 5
      vertex 32.5 34.5 2
      vertex 32.5 34.5 5
    endloop
  endfacet
  facet normal 0 1 -0
    outer loop
      vertex 32.5 34.5 2
      vertex 22.5 34.5 5
      vertex 32.5 34.5 5
    endloop
  endfacet
  facet normal 0 1 0
    outer loop
      vertex 22.5 34.5 5
      vertex 32.5 34.5 2
      vertex 22.5 34.5 2
    endloop
  endfacet
  facet normal 0 1 -0
    outer loop
      vertex 16.5 34.5 2
      vertex 6.5 34.5 5
      vertex 16.5 34.5 5
    endloop
  endfacet
  facet normal 0 1 0
    outer loop
      vertex 6.5 34.5 5
      vertex 16.5 34.5 2
      vertex 6.5 34.5 2
    endloop
  endfacet
  facet normal 1 -0 0
    outer loop
      vertex 16.5 62.5 5
      vertex 16.5 63.7 2
      vertex 16.5 63.7 5
    endloop
  endfacet
  facet normal 1 0 0
    outer loop
      vertex 16.5 63.7 2
      vertex 16.5 62.5 5
      vertex 16.5 62.5 2
    endloop
  endfacet
  facet normal 1 -0 0
    outer loop
      vertex 16.5 33.3 5
      vertex 16.5 34.5 2
      vertex 16.5 34.5 5
    endloop
  endfacet
  facet normal 1 0 0
    outer loop
      vertex 16.5 34.5 2
      vertex 16.5 33.3 5
      vertex 16.5 33.3 2
    endloop
  endfacet
  facet normal -1 0 0
    outer loop
      vertex 22.5 62.5 2
      vertex 22.5 63.7 5
      vertex 22.5 63.7 2
    endloop
  endfacet
  facet normal -1 -0 0
    outer loop
      vertex 22.5 63.7 5
      vertex 22.5 62.5 2
      vertex 22.5 62.5 5
    endloop
  endfacet
  facet normal -1 0 0
    outer loop
      vertex 22.5 33.3 2
      vertex 22.5 34.5 5
      vertex 22.5 34.5 2
    endloop
  endfacet
  facet normal -1 -0 0
    outer loop
      vertex 22.5 34.5 5
      vertex 22.5 33.3 2
      vertex 22.5 33.3 5
    endloop
  endfacet
  facet normal 0 -1 0
    outer loop
      vertex 5.3 51.5 2
      vertex 6.5 51.5 5
      vertex 5.3 51.5 5
    endloop
  endfacet
  facet normal 0 -1 -0
    outer loop
      vertex 6.5 51.5 5
      vertex 5.3 51.5 2
      vertex 6.5 51.5 2
    endloop
  endfacet
  facet normal 0 -1 0
    outer loop
      vertex 32.5 51.5 2
      vertex 33.7 51.5 5
      vertex 32.5 51.5 5
    endloop
  endfacet
  facet normal 0 -1 -0
    outer loop
      vertex 33.7 51.5 5
      vertex 32.5 51.5 2
      vertex 33.7 51.5 2
    endloop
  endfacet
  facet normal 0 1 -0
    outer loop
      vertex 6.5 45.5 2
      vertex 5.3 45.5 5
      vertex 6.5 45.5 5
    endloop
  endfacet
  facet normal 0 1 0
    outer loop
      vertex 5.3 45.5 5
      vertex 6.5 45.5 2
      vertex 5.3 45.5 2
    endloop
  endfacet
  facet normal 0 1 -0
    outer loop
      vertex 33.7 45.5 2
      vertex 32.5 45.5 5
      vertex 33.7 45.5 5
    endloop
  endfacet
  facet normal 0 1 0
    outer loop
      vertex 32.5 45.5 5
      vertex 33.7 45.5 2
      vertex 32.5 45.5 2
    endloop
  endfacet
  facet normal 0 0 1
    outer loop
      vertex 73 71.7 5
      vertex 64.5 70.5 5
      vertex 73 70.5 5
    endloop
  endfacet
  facet normal -0 0 1
    outer loop
      vertex 63.3 71.7 5
      vertex 64.5 70.5 5
      vertex 73 71.7 5
    endloop
  endfacet
  facet normal 0 0 1
    outer loop
      vertex 63.3 62.5 5
      vertex 64.5 70.5 5
      vertex 63.3 71.7 5
    endloop
  endfacet
  facet normal 0 0 1
    outer loop
      vertex 64.5 70.5 5
      vertex 63.3 62.5 5
      vertex 64.5 62.5 5
    endloop
  endfacet
  facet normal 0 0 1
    outer loop
      vertex 88.7 71.7 5
      vertex 87.5 70.5 5
      vertex 88.7 62.5 5
    endloop
  endfacet
  facet normal -0 0 1
    outer loop
      vertex 79 71.7 5
      vertex 87.5 70.5 5
      vertex 88.7 71.7 5
    endloop
  endfacet
  facet normal 0 0 1
    outer loop
      vertex 87.5 70.5 5
      vertex 79 71.7 5
      vertex 79 70.5 5
    endloop
  endfacet
  facet normal 0 0 1
    outer loop
      vertex 88.7 62.5 5
      vertex 87.5 70.5 5
      vertex 87.5 62.5 5
    endloop
  endfacet
  facet normal 0 0 1
    outer loop
      vertex 87.5 48.5 5
      vertex 88.7 56.5 5
      vertex 87.5 56.5 5
    endloop
  endfacet
  facet normal 0 0 1
    outer loop
      vertex 88.7 56.5 5
      vertex 87.5 48.5 5
      vertex 88.7 47.3 5
    endloop
  endfacet
  facet normal 0 0 1
    outer loop
      vertex 87.5 48.5 5
      vertex 86.5 47.3 5
      vertex 88.7 47.3 5
    endloop
  endfacet
  facet normal -0 0 1
    outer loop
      vertex 79 48.5 5
      vertex 86.5 47.3 5
      vertex 87.5 48.5 5
    endloop
  endfacet
  facet normal -0 0 1
    outer loop
      vertex 79 48.2 5
      vertex 86.5 47.3 5
      vertex 79 48.5 5
    endloop
  endfacet
  facet normal 0 0 1
    outer loop
      vertex 86.5 47.3 5
      vertex 79 48.2 5
      vertex 86.5 47 5
    endloop
  endfacet
  facet normal 0 0 1
    outer loop
      vertex 79 48.2 5
      vertex 76.5 47 5
      vertex 86.5 47 5
    endloop
  endfacet
  facet normal -0 0 1
    outer loop
      vertex 75.3 48.2 5
      vertex 76.5 47 5
      vertex 79 48.2 5
    endloop
  endfacet
  facet normal 0 0 1
    outer loop
      vertex 75.3 40.75 5
      vertex 76.5 47 5
      vertex 75.3 48.2 5
    endloop
  endfacet
  facet normal 0 0 1
    outer loop
      vertex 76.5 47 5
      vertex 75.3 40.75 5
      vertex 76.5 40.75 5
    endloop
  endfacet
  facet normal 0 0 1
    outer loop
      vertex 64.5 56.5 5
      vertex 63.3 56.5 5
      vertex 64.5 48.5 5
    endloop
  endfacet
  facet normal -0 0 1
    outer loop
      vertex 64.5 48.5 5
      vertex 73 47.3 5
      vertex 73 48.5 5
    endloop
  endfacet
  facet normal 0 0 1
    outer loop
      vertex 64.5 48.5 5
      vertex 63.3 47.3 5
      vertex 73 47.3 5
    endloop
  endfacet
  facet normal 0 0 1
    outer loop
      vertex 63.3 47.3 5
      vertex 64.5 48.5 5
      vertex 63.3 56.5 5
    endloop
  endfacet
  facet normal 0 1 -0
    outer loop
      vertex 73 71.7 2
      vertex 63.3 71.7 5
      vertex 73 71.7 5
    endloop
  endfacet
  facet normal 0 1 0
    outer loop
      vertex 63.3 71.7 5
      vertex 73 71.7 2
      vertex 63.3 71.7 2
    endloop
  endfacet
  facet normal 0 1 -0
    outer loop
      vertex 88.7 71.7 2
      vertex 79 71.7 5
      vertex 88.7 71.7 5
    endloop
  endfacet
  facet normal 0 1 0
    outer loop
      vertex 79 71.7 5
      vertex 88.7 71.7 2
      vertex 79 71.7 2
    endloop
  endfacet
  facet normal -1 0 0
    outer loop
      vertex 63.3 62.5 2
      vertex 63.3 71.7 5
      vertex 63.3 71.7 2
    endloop
  endfacet
  facet normal -1 -0 0
    outer loop
      vertex 63.3 71.7 5
      vertex 63.3 62.5 2
      vertex 63.3 62.5 5
    endloop
  endfacet
  facet normal -1 0 0
    outer loop
      vertex 63.3 47.3 2
      vertex 63.3 56.5 5
      vertex 63.3 56.5 2
    endloop
  endfacet
  facet normal -1 -0 0
    outer loop
      vertex 63.3 56.5 5
      vertex 63.3 47.3 2
      vertex 63.3 47.3 5
    endloop
  endfacet
  facet normal 0 -1 0
    outer loop
      vertex 63.3 47.3 2
      vertex 73 47.3 5
      vertex 63.3 47.3 5
    endloop
  endfacet
  facet normal 0 -1 -0
    outer loop
      vertex 73 47.3 5
      vertex 63.3 47.3 2
      vertex 73 47.3 2
    endloop
  endfacet
  facet normal 0 -1 0
    outer loop
      vertex 86.5 47.3 2
      vertex 88.7 47.3 5
      vertex 86.5 47.3 5
    endloop
  endfacet
  facet normal 0 -1 -0
    outer loop
      vertex 88.7 47.3 5
      vertex 86.5 47.3 2
      vertex 88.7 47.3 2
    endloop
  endfacet
  facet normal 1 -0 0
    outer loop
      vertex 88.7 47.3 5
      vertex 88.7 56.5 2
      vertex 88.7 56.5 5
    endloop
  endfacet
  facet normal 1 0 0
    outer loop
      vertex 88.7 56.5 2
      vertex 88.7 47.3 5
      vertex 88.7 47.3 2
    endloop
  endfacet
  facet normal 1 -0 0
    outer loop
      vertex 88.7 62.5 5
      vertex 88.7 71.7 2
      vertex 88.7 71.7 5
    endloop
  endfacet
  facet normal 1 0 0
    outer loop
      vertex 88.7 71.7 2
      vertex 88.7 62.5 5
      vertex 88.7 62.5 2
    endloop
  endfacet
  facet normal 1 -0 0
    outer loop
      vertex 64.5 62.5 5
      vertex 64.5 70.5 2
      vertex 64.5 70.5 5
    endloop
  endfacet
  facet normal 1 0 0
    outer loop
      vertex 64.5 70.5 2
      vertex 64.5 62.5 5
      vertex 64.5 62.5 2
    endloop
  endfacet
  facet normal 1 -0 0
    outer loop
      vertex 64.5 48.5 5
      vertex 64.5 56.5 2
      vertex 64.5 56.5 5
    endloop
  endfacet
  facet normal 1 0 0
    outer loop
      vertex 64.5 56.5 2
      vertex 64.5 48.5 5
      vertex 64.5 48.5 2
    endloop
  endfacet
  facet normal 0 -1 0
    outer loop
      vertex 64.5 70.5 2
      vertex 73 70.5 5
      vertex 64.5 70.5 5
    endloop
  endfacet
  facet normal 0 -1 -0
    outer loop
      vertex 73 70.5 5
      vertex 64.5 70.5 2
      vertex 73 70.5 2
    endloop
  endfacet
  facet normal 0 -1 0
    outer loop
      vertex 79 70.5 2
      vertex 87.5 70.5 5
      vertex 79 70.5 5
    endloop
  endfacet
  facet normal 0 -1 -0
    outer loop
      vertex 87.5 70.5 5
      vertex 79 70.5 2
      vertex 87.5 70.5 2
    endloop
  endfacet
  facet normal -1 0 0
    outer loop
      vertex 87.5 62.5 2
      vertex 87.5 70.5 5
      vertex 87.5 70.5 2
    endloop
  endfacet
  facet normal -1 -0 0
    outer loop
      vertex 87.5 70.5 5
      vertex 87.5 62.5 2
      vertex 87.5 62.5 5
    endloop
  endfacet
  facet normal -1 0 0
    outer loop
      vertex 87.5 48.5 2
      vertex 87.5 56.5 5
      vertex 87.5 56.5 2
    endloop
  endfacet
  facet normal -1 -0 0
    outer loop
      vertex 87.5 56.5 5
      vertex 87.5 48.5 2
      vertex 87.5 48.5 5
    endloop
  endfacet
  facet normal 0 1 -0
    outer loop
      vertex 87.5 48.5 2
      vertex 79 48.5 5
      vertex 87.5 48.5 5
    endloop
  endfacet
  facet normal 0 1 0
    outer loop
      vertex 79 48.5 5
      vertex 87.5 48.5 2
      vertex 79 48.5 2
    endloop
  endfacet
  facet normal 0 1 -0
    outer loop
      vertex 73 48.5 2
      vertex 64.5 48.5 5
      vertex 73 48.5 5
    endloop
  endfacet
  facet normal 0 1 0
    outer loop
      vertex 64.5 48.5 5
      vertex 73 48.5 2
      vertex 64.5 48.5 2
    endloop
  endfacet
  facet normal 1 -0 0
    outer loop
      vertex 73 47.3 5
      vertex 73 48.5 2
      vertex 73 48.5 5
    endloop
  endfacet
  facet normal 1 0 0
    outer loop
      vertex 73 48.5 2
      vertex 73 47.3 5
      vertex 73 47.3 2
    endloop
  endfacet
  facet normal 1 -0 0
    outer loop
      vertex 73 70.5 5
      vertex 73 71.7 2
      vertex 73 71.7 5
    endloop
  endfacet
  facet normal 1 0 0
    outer loop
      vertex 73 71.7 2
      vertex 73 70.5 5
      vertex 73 70.5 2
    endloop
  endfacet
  facet normal -1 0 0
    outer loop
      vertex 79 48.2 2
      vertex 79 48.5 5
      vertex 79 48.5 2
    endloop
  endfacet
  facet normal -1 -0 0
    outer loop
      vertex 79 48.5 5
      vertex 79 48.2 2
      vertex 79 48.2 5
    endloop
  endfacet
  facet normal -1 0 0
    outer loop
      vertex 79 70.5 2
      vertex 79 71.7 5
      vertex 79 71.7 2
    endloop
  endfacet
  facet normal -1 -0 0
    outer loop
      vertex 79 71.7 5
      vertex 79 70.5 2
      vertex 79 70.5 5
    endloop
  endfacet
  facet normal 0 -1 0
    outer loop
      vertex 63.3 62.5 2
      vertex 64.5 62.5 5
      vertex 63.3 62.5 5
    endloop
  endfacet
  facet normal 0 -1 -0
    outer loop
      vertex 64.5 62.5 5
      vertex 63.3 62.5 2
      vertex 64.5 62.5 2
    endloop
  endfacet
  facet normal 0 -1 0
    outer loop
      vertex 87.5 62.5 2
      vertex 88.7 62.5 5
      vertex 87.5 62.5 5
    endloop
  endfacet
  facet normal 0 -1 -0
    outer loop
      vertex 88.7 62.5 5
      vertex 87.5 62.5 2
      vertex 88.7 62.5 2
    endloop
  endfacet
  facet normal 0 1 -0
    outer loop
      vertex 64.5 56.5 2
      vertex 63.3 56.5 5
      vertex 64.5 56.5 5
    endloop
  endfacet
  facet normal 0 1 0
    outer loop
      vertex 63.3 56.5 5
      vertex 64.5 56.5 2
      vertex 63.3 56.5 2
    endloop
  endfacet
  facet normal 0 1 -0
    outer loop
      vertex 88.7 56.5 2
      vertex 87.5 56.5 5
      vertex 88.7 56.5 5
    endloop
  endfacet
  facet normal 0 1 0
    outer loop
      vertex 87.5 56.5 5
      vertex 88.7 56.5 2
      vertex 87.5 56.5 2
    endloop
  endfacet
  facet normal -0 0 1
    outer loop
      vertex 92.5 48.2 5
      vertex 102.5 47 5
      vertex 102.5 48.2 5
    endloop
  endfacet
  facet normal 0 0 1
    outer loop
      vertex 102.5 47 5
      vertex 92.5 48.2 5
      vertex 92.5 47 5
    endloop
  endfacet
  facet normal -0 0 1
    outer loop
      vertex 102.5 43.75 5
      vertex 103.7 40.75 5
      vertex 103.7 43.75 5
    endloop
  endfacet
  facet normal 0 0 1
    outer loop
      vertex 103.7 40.75 5
      vertex 102.5 43.75 5
      vertex 102.5 40.75 5
    endloop
  endfacet
  facet normal -0 0 1
    outer loop
      vertex 92.5 28.5 5
      vertex 102.5 27.3 5
      vertex 102.5 28.5 5
    endloop
  endfacet
  facet normal 0 0 1
    outer loop
      vertex 102.5 27.3 5
      vertex 92.5 28.5 5
      vertex 92.5 27.3 5
    endloop
  endfacet
  facet normal -0 0 1
    outer loop
      vertex 102.5 34.75 5
      vertex 103.7 31.75 5
      vertex 103.7 34.75 5
    endloop
  endfacet
  facet normal 0 0 1
    outer loop
      vertex 103.7 31.75 5
      vertex 102.5 34.75 5
      vertex 102.5 31.75 5
    endloop
  endfacet
  facet normal 0 0 1
    outer loop
      vertex 76.5 34.75 5
      vertex 75.3 34.75 5
      vertex 76.5 28.5 5
    endloop
  endfacet
  facet normal -0 0 1
    outer loop
      vertex 76.5 28.5 5
      vertex 86.5 27.3 5
      vertex 86.5 28.5 5
    endloop
  endfacet
  facet normal 0 0 1
    outer loop
      vertex 76.5 28.5 5
      vertex 75.3 27.3 5
      vertex 86.5 27.3 5
    endloop
  endfacet
  facet normal 0 0 1
    outer loop
      vertex 75.3 27.3 5
      vertex 76.5 28.5 5
      vertex 75.3 34.75 5
    endloop
  endfacet
  facet normal 0 1 -0
    outer loop
      vertex 79 48.2 2
      vertex 75.3 48.2 5
      vertex 79 48.2 5
    endloop
  endfacet
  facet normal 0 1 0
    outer loop
      vertex 75.3 48.2 5
      vertex 79 48.2 2
      vertex 75.3 48.2 2
    endloop
  endfacet
  facet normal 0 1 -0
    outer loop
      vertex 102.5 48.2 2
      vertex 92.5 48.2 5
      vertex 102.5 48.2 5
    endloop
  endfacet
  facet normal 0 1 0
    outer loop
      vertex 92.5 48.2 5
      vertex 102.5 48.2 2
      vertex 92.5 48.2 2
    endloop
  endfacet
  facet normal -1 0 0
    outer loop
      vertex 75.3 40.75 2
      vertex 75.3 48.2 5
      vertex 75.3 48.2 2
    endloop
  endfacet
  facet normal -1 -0 0
    outer loop
      vertex 75.3 48.2 5
      vertex 75.3 40.75 2
      vertex 75.3 40.75 5
    endloop
  endfacet
  facet normal -1 0 0
    outer loop
      vertex 75.3 27.3 2
      vertex 75.3 34.75 5
      vertex 75.3 34.75 2
    endloop
  endfacet
  facet normal -1 -0 0
    outer loop
      vertex 75.3 34.75 5
      vertex 75.3 27.3 2
      vertex 75.3 27.3 5
    endloop
  endfacet
  facet normal 0 -1 0
    outer loop
      vertex 75.3 27.3 2
      vertex 86.5 27.3 5
      vertex 75.3 27.3 5
    endloop
  endfacet
  facet normal 0 -1 -0
    outer loop
      vertex 86.5 27.3 5
      vertex 75.3 27.3 2
      vertex 86.5 27.3 2
    endloop
  endfacet
  facet normal 0 -1 0
    outer loop
      vertex 92.5 27.3 2
      vertex 102.5 27.3 5
      vertex 92.5 27.3 5
    endloop
  endfacet
  facet normal 0 -1 -0
    outer loop
      vertex 102.5 27.3 5
      vertex 92.5 27.3 2
      vertex 102.5 27.3 2
    endloop
  endfacet
  facet normal 1 -0 0
    outer loop
      vertex 103.7 31.75 5
      vertex 103.7 34.75 3
      vertex 103.7 34.75 5
    endloop
  endfacet
  facet normal 1 0 0
    outer loop
      vertex 103.7 34.75 3
      vertex 103.7 31.75 5
      vertex 103.7 31.75 3
    endloop
  endfacet
  facet normal 1 -0 0
    outer loop
      vertex 103.7 40.75 5
      vertex 103.7 43.75 3
      vertex 103.7 43.75 5
    endloop
  endfacet
  facet normal 1 0 0
    outer loop
      vertex 103.7 43.75 3
      vertex 103.7 40.75 5
      vertex 103.7 40.75 3
    endloop
  endfacet
  facet normal 1 -0 0
    outer loop
      vertex 76.5 40.75 5
      vertex 76.5 47 2
      vertex 76.5 47 5
    endloop
  endfacet
  facet normal 1 0 0
    outer loop
      vertex 76.5 47 2
      vertex 76.5 40.75 5
      vertex 76.5 40.75 2
    endloop
  endfacet
  facet normal 1 -0 0
    outer loop
      vertex 76.5 28.5 5
      vertex 76.5 34.75 2
      vertex 76.5 34.75 5
    endloop
  endfacet
  facet normal 1 0 0
    outer loop
      vertex 76.5 34.75 2
      vertex 76.5 28.5 5
      vertex 76.5 28.5 2
    endloop
  endfacet
  facet normal 0 -1 0
    outer loop
      vertex 76.5 47 2
      vertex 86.5 47 5
      vertex 76.5 47 5
    endloop
  endfacet
  facet normal 0 -1 -0
    outer loop
      vertex 86.5 47 5
      vertex 76.5 47 2
      vertex 86.5 47 2
    endloop
  endfacet
  facet normal 0 -1 0
    outer loop
      vertex 92.5 47 2
      vertex 102.5 47 5
      vertex 92.5 47 5
    endloop
  endfacet
  facet normal 0 -1 -0
    outer loop
      vertex 102.5 47 5
      vertex 92.5 47 2
      vertex 102.5 47 2
    endloop
  endfacet
  facet normal 0 1 -0
    outer loop
      vertex 102.5 28.5 2
      vertex 92.5 28.5 5
      vertex 102.5 28.5 5
    endloop
  endfacet
  facet normal 0 1 0
    outer loop
      vertex 92.5 28.5 5
      vertex 102.5 28.5 2
      vertex 92.5 28.5 2
    endloop
  endfacet
  facet normal 0 1 -0
    outer loop
      vertex 86.5 28.5 2
      vertex 76.5 28.5 5
      vertex 86.5 28.5 5
    endloop
  endfacet
  facet normal 0 1 0
    outer loop
      vertex 76.5 28.5 5
      vertex 86.5 28.5 2
      vertex 76.5 28.5 2
    endloop
  endfacet
  facet normal 1 -0 0
    outer loop
      vertex 86.5 47 5
      vertex 86.5 47.3 2
      vertex 86.5 47.3 5
    endloop
  endfacet
  facet normal 1 0 0
    outer loop
      vertex 86.5 47.3 2
      vertex 86.5 47 5
      vertex 86.5 47 2
    endloop
  endfacet
  facet normal 1 -0 0
    outer loop
      vertex 86.5 27.3 5
      vertex 86.5 28.5 2
      vertex 86.5 28.5 5
    endloop
  endfacet
  facet normal 1 0 0
    outer loop
      vertex 86.5 28.5 2
      vertex 86.5 27.3 5
      vertex 86.5 27.3 2
    endloop
  endfacet
  facet normal -1 0 0
    outer loop
      vertex 92.5 47 2
      vertex 92.5 48.2 5
      vertex 92.5 48.2 2
    endloop
  endfacet
  facet normal -1 -0 0
    outer loop
      vertex 92.5 48.2 5
      vertex 92.5 47 2
      vertex 92.5 47 5
    endloop
  endfacet
  facet normal -1 0 0
    outer loop
      vertex 92.5 27.3 2
      vertex 92.5 28.5 5
      vertex 92.5 28.5 2
    endloop
  endfacet
  facet normal -1 -0 0
    outer loop
      vertex 92.5 28.5 5
      vertex 92.5 27.3 2
      vertex 92.5 27.3 5
    endloop
  endfacet
  facet normal 0 -1 0
    outer loop
      vertex 75.3 40.75 2
      vertex 76.5 40.75 5
      vertex 75.3 40.75 5
    endloop
  endfacet
  facet normal 0 -1 -0
    outer loop
      vertex 76.5 40.75 5
      vertex 75.3 40.75 2
      vertex 76.5 40.75 2
    endloop
  endfacet
  facet normal 0 -1 0
    outer loop
      vertex 102.5 40.75 3
      vertex 103.7 40.75 5
      vertex 102.5 40.75 5
    endloop
  endfacet
  facet normal 0 -1 -0
    outer loop
      vertex 103.7 40.75 5
      vertex 102.5 40.75 3
      vertex 103.7 40.75 3
    endloop
  endfacet
  facet normal 0 1 -0
    outer loop
      vertex 76.5 34.75 2
      vertex 75.3 34.75 5
      vertex 76.5 34.75 5
    endloop
  endfacet
  facet normal 0 1 0
    outer loop
      vertex 75.3 34.75 5
      vertex 76.5 34.75 2
      vertex 75.3 34.75 2
    endloop
  endfacet
  facet normal 0 1 -0
    outer loop
      vertex 103.7 34.75 3
      vertex 102.5 34.75 5
      vertex 103.7 34.75 5
    endloop
  endfacet
  facet normal 0 1 0
    outer loop
      vertex 102.5 34.75 5
      vertex 103.7 34.75 3
      vertex 102.5 34.75 3
    endloop
  endfacet
endsolid OpenSCAD_Model
